{"CorrPlaca":5,"TensPlaca":18.125,"CorrRede":3.063999891,"TensRede":3.009000063,"ConsDiaPlaca":3694.563232,"ConsMesPlaca":3694.563232,"ConsDiaRede":400.7112427,"ConsMesRede":400.7112427,"Status":"REDE"}