{"CorrPlaca":0.180999994,"TensPlaca":6.751999855,"CorrRede":1.026000023,"TensRede":0,"ConsDiaPlaca":4.142092228,"ConsMesPlaca":4.142092228,"ConsDiaRede":1.670511127,"ConsMesRede":1.670511127,"Status":"REDE"}