{"Corrente":14.48700047,"Tensao":0,"Consumo":1.197687745,"Status":"REDE"}