{"Corrente":2.190999985,"Tensao":0,"Consumo":0.149639666,"Status":"REDE"}