{"CorrPlaca":0.476999998,"TensPlaca":18.06399918,"CorrRede":1.667000055,"TensRede":1.855000019,"ConsDiaPlaca":4358.574219,"ConsMesPlaca":4358.574219,"ConsDiaRede":1699.860718,"ConsMesRede":1699.860718,"Status":"REDE"}