{"CorrPlaca":0.42899999,"TensPlaca":3.198999882,"CorrRede":0.84799999,"TensRede":1.720999956,"ConsDiaPlaca":151.3305664,"ConsMesPlaca":151.3305664,"ConsDiaRede":143.4093781,"ConsMesRede":143.4093781,"Status":"REDE"}