{"CorrPlaca":0.291000009,"TensPlaca":0,"CorrRede":0.314999998,"TensRede":1.074000001,"ConsDiaPlaca":182.0374146,"ConsMesPlaca":182.0374146,"ConsDiaRede":167.574234,"ConsMesRede":167.574234,"Status":"REDE"}