{"CorrPlaca":5,"TensPlaca":25,"CorrRede":1.575000048,"TensRede":0.444999993,"ConsDiaPlaca":11006.9043,"ConsMesPlaca":11006.9043,"ConsDiaRede":334.1677246,"ConsMesRede":334.1677246,"Status":"REDE"}