{"CorrPlaca":0.037,"TensPlaca":6.623000145,"CorrRede":1.003999949,"TensRede":0.224999994,"ConsDiaPlaca":46.35898972,"ConsMesPlaca":46.35898972,"ConsDiaRede":15.47643375,"ConsMesRede":15.47643375,"Status":"REDE"}