{"CorrPlaca":2.285000086,"TensPlaca":18.16200066,"CorrRede":2.880000114,"TensRede":4.511000156,"ConsDiaPlaca":4115.722168,"ConsMesPlaca":4115.722168,"ConsDiaRede":1286.504028,"ConsMesRede":1286.504028,"Status":"REDE"}