{"Corrente":14.57999992,"Tensao":0.405999988,"Consumo":7.040660858,"Status":"REDE"}