{"CorrPlaca":0.52700001,"TensPlaca":18.15600014,"CorrRede":1.666000009,"TensRede":0,"ConsDiaPlaca":612.4581299,"ConsMesPlaca":612.4581299,"ConsDiaRede":197.4990387,"ConsMesRede":197.4990387,"Status":"REDE"}