{"CorrPlaca":5,"TensPlaca":25,"CorrRede":1.830000043,"TensRede":0.25,"ConsDiaPlaca":6883.157715,"ConsMesPlaca":6883.157715,"ConsDiaRede":525.9595947,"ConsMesRede":525.9595947,"Status":"REDE"}