{"Corrente":0.472000003,"Tensao":5.702000141,"Consumo":0.003323912,"Status":"PLACA"}