{"Corrente":0,"Tensao":7.239999771,"Consumo":0.055576172,"Status":"REDE"}