{"CorrPlaca":0,"TensPlaca":0.676999986,"CorrRede":0.400999993,"TensRede":0.115000002,"ConsDiaPlaca":0.017773887,"ConsMesPlaca":0.017773887,"ConsDiaRede":0.92582643,"ConsMesRede":0.92582643,"Status":"REDE"}