{"CorrPlaca":0,"TensPlaca":6.647999763,"CorrRede":0.819000006,"TensRede":0.164000005,"ConsDiaPlaca":87.08555603,"ConsMesPlaca":87.08555603,"ConsDiaRede":42.18519974,"ConsMesRede":42.18519974,"Status":"REDE"}