{"CorrPlaca":5,"TensPlaca":25,"CorrRede":0.614000022,"TensRede":0.377999991,"ConsDiaPlaca":13090.22363,"ConsMesPlaca":13090.22363,"ConsDiaRede":427.1259155,"ConsMesRede":427.1259155,"Status":"REDE"}