{"CorrPlaca":0.670000017,"TensPlaca":3.191999912,"CorrRede":1.039999962,"TensRede":2.539000034,"ConsDiaPlaca":4905.762207,"ConsMesPlaca":4905.762207,"ConsDiaRede":469.6870728,"ConsMesRede":469.6870728,"Status":"REDE"}