{"CorrPlaca":0.067000002,"TensPlaca":6.697000027,"CorrRede":0.936999977,"TensRede":0.256000012,"ConsDiaPlaca":66.99655151,"ConsMesPlaca":66.99655151,"ConsDiaRede":25.79083252,"ConsMesRede":25.79083252,"Status":"REDE"}