{"corrente":1.777999997,"tensao":8.845999718,"consumo":0.43737787}