{"CorrPlaca":0,"TensPlaca":18.06999969,"CorrRede":1.202999949,"TensRede":0,"ConsDiaPlaca":4147.050293,"ConsMesPlaca":4147.050293,"ConsDiaRede":1612.62207,"ConsMesRede":1612.62207,"Status":"REDE"}