{"CorrPlaca":2.051000118,"TensPlaca":18.18600082,"CorrRede":2.868999958,"TensRede":6.903999805,"ConsDiaPlaca":1422.314819,"ConsMesPlaca":1422.314819,"ConsDiaRede":646.5355225,"ConsMesRede":646.5355225,"Status":"REDE"}