{"CorrPlaca":0,"TensPlaca":6.769999981,"CorrRede":0.879000008,"TensRede":0.231000006,"ConsDiaPlaca":81.27293396,"ConsMesPlaca":81.27293396,"ConsDiaRede":31.61709976,"ConsMesRede":31.61709976,"Status":"REDE"}