{"CorrPlaca":0.037,"TensPlaca":0.763000011,"CorrRede":0.546999991,"TensRede":0.744000018,"ConsDiaPlaca":0.037025556,"ConsMesPlaca":0.037025556,"ConsDiaRede":1.227527261,"ConsMesRede":1.227527261,"Status":"REDE"}