{"corrente":0.625,"tensao":2.733999968,"consumo":0.012337956}