{"CorrPlaca":5,"TensPlaca":25,"CorrRede":0.537999988,"TensRede":0.108999997,"ConsDiaPlaca":27951.24023,"ConsMesPlaca":27951.24023,"ConsDiaRede":1135.718018,"ConsMesRede":1135.718018,"Status":"REDE"}