{"CorrPlaca":0.018999999,"TensPlaca":0.713999987,"CorrRede":0.560000002,"TensRede":0.68900001,"ConsDiaPlaca":0.012214167,"ConsMesPlaca":0.012214167,"ConsDiaRede":0.721469223,"ConsMesRede":0.721469223,"Status":"REDE"}