{"corrente":0.497999996,"tensao":0.666000009,"consumo":0.051296793}