{"CorrPlaca":0.174999997,"TensPlaca":18.05800056,"CorrRede":1.42900002,"TensRede":0.737999976,"ConsDiaPlaca":1696.7854,"ConsMesPlaca":1696.7854,"ConsDiaRede":680.1074219,"ConsMesRede":680.1074219,"Status":"REDE"}