{"CorrPlaca":0.092,"TensPlaca":6.709000111,"CorrRede":0.976000011,"TensRede":0.238000005,"ConsDiaPlaca":44.70084381,"ConsMesPlaca":44.70084381,"ConsDiaRede":14.84623146,"ConsMesRede":14.84623146,"Status":"REDE"}