{"Corrente":2.730000019,"Tensao":0,"Consumo":0.099550068,"Status":"REDE"}