{"CorrPlaca":5,"TensPlaca":25,"CorrRede":0.485000014,"TensRede":0,"ConsDiaPlaca":26805.41406,"ConsMesPlaca":26805.41406,"ConsDiaRede":1078.201294,"ConsMesRede":1078.201294,"Status":"REDE"}