{"CorrPlaca":0.349999994,"TensPlaca":18.08300018,"CorrRede":1.488000035,"TensRede":0,"ConsDiaPlaca":1741.590088,"ConsMesPlaca":1741.590088,"ConsDiaRede":538.9697266,"ConsMesRede":538.9697266,"Status":"REDE"}