{"CorrPlaca":0.059,"TensPlaca":6.665999889,"CorrRede":0.922999978,"TensRede":0.188999996,"ConsDiaPlaca":68.47042084,"ConsMesPlaca":68.47042084,"ConsDiaRede":26.54029274,"ConsMesRede":26.54029274,"Status":"REDE"}