{"Corrente":0,"Tensao":0.090999998,"Consumo":0.07707084,"Status":"REDE"}