{"CorrPlaca":2.874000072,"TensPlaca":18.1439991,"CorrRede":3.355999947,"TensRede":6.659999847,"ConsDiaPlaca":2046.092773,"ConsMesPlaca":2046.092773,"ConsDiaRede":637.9555664,"ConsMesRede":637.9555664,"Status":"REDE"}