{"CorrPlaca":0.008,"TensPlaca":18.10700035,"CorrRede":1.274000049,"TensRede":0.335000008,"ConsDiaPlaca":4011.686523,"ConsMesPlaca":4011.686523,"ConsDiaRede":1559.644653,"ConsMesRede":1559.644653,"Status":"REDE"}