{"CorrPlaca":0,"TensPlaca":0,"CorrRede":0.426999986,"TensRede":0.085000001,"ConsDiaPlaca":168.0245667,"ConsMesPlaca":168.0245667,"ConsDiaRede":10.77167511,"ConsMesRede":10.77167511,"Status":"REDE"}