{"CorrPlaca":2.572000027,"TensPlaca":18.09499931,"CorrRede":3.203000069,"TensRede":8.246999741,"ConsDiaPlaca":1310.981934,"ConsMesPlaca":1310.981934,"ConsDiaRede":531.5819092,"ConsMesRede":531.5819092,"Status":"REDE"}