{"CorrPlaca":0.792999983,"TensPlaca":3.118999958,"CorrRede":1.113999963,"TensRede":2.832000017,"ConsDiaPlaca":165.337265,"ConsMesPlaca":165.337265,"ConsDiaRede":154.452713,"ConsMesRede":154.452713,"Status":"REDE"}