{"CorrPlaca":0,"TensPlaca":6.763999939,"CorrRede":0.781000018,"TensRede":0.201000005,"ConsDiaPlaca":1.587435603,"ConsMesPlaca":1.587435603,"ConsDiaRede":20.48953629,"ConsMesRede":20.48953629,"Status":"REDE"}