{"CorrPlaca":1.271999955,"TensPlaca":18.10099983,"CorrRede":2.312000036,"TensRede":4.420000076,"ConsDiaPlaca":1217.656006,"ConsMesPlaca":1217.656006,"ConsDiaRede":544.6236572,"ConsMesRede":544.6236572,"Status":"REDE"}