{"Corrente":0,"Tensao":0.970000029,"Consumo":0.07707084,"Status":"REDE"}