{"CorrPlaca":2.677000046,"TensPlaca":18.06999969,"CorrRede":3.279999971,"TensRede":7.380000114,"ConsDiaPlaca":4221.237305,"ConsMesPlaca":4221.237305,"ConsDiaRede":1320.356445,"ConsMesRede":1320.356445,"Status":"REDE"}