{"CorrPlaca":0,"TensPlaca":0,"CorrRede":0.609000027,"TensRede":0.067000002,"ConsDiaPlaca":1.587435603,"ConsMesPlaca":1.587435603,"ConsDiaRede":187.7220764,"ConsMesRede":187.7220764,"Status":"REDE"}