{"CorrPlaca":0.026000001,"TensPlaca":18.10099983,"CorrRede":1.340999961,"TensRede":0.25,"ConsDiaPlaca":983.147644,"ConsMesPlaca":983.147644,"ConsDiaRede":399.9318542,"ConsMesRede":399.9318542,"Status":"REDE"}