{"CorrPlaca":0,"TensPlaca":6.892000198,"CorrRede":0.773999989,"TensRede":0.201000005,"ConsDiaPlaca":1.587435603,"ConsMesPlaca":1.587435603,"ConsDiaRede":20.59937096,"ConsMesRede":20.59937096,"Status":"REDE"}