{"CorrPlaca":0,"TensPlaca":0,"CorrRede":0.644999981,"TensRede":6.715000153,"ConsDiaPlaca":1.587435603,"ConsMesPlaca":1.587435603,"ConsDiaRede":161.1987457,"ConsMesRede":161.1987457,"Status":"REDE"}