{"CorrPlaca":0.054000001,"TensPlaca":6.677999973,"CorrRede":0.879999995,"TensRede":0.774999976,"ConsDiaPlaca":0.639795542,"ConsMesPlaca":0.639795542,"ConsDiaRede":1.056686878,"ConsMesRede":1.056686878,"Status":"REDE"}