{"CorrPlaca":2.305000067,"TensPlaca":18.09499931,"CorrRede":2.984999895,"TensRede":7.593999863,"ConsDiaPlaca":4134.474609,"ConsMesPlaca":4134.474609,"ConsDiaRede":1606.744751,"ConsMesRede":1606.744751,"Status":"REDE"}