{"CorrPlaca":5,"TensPlaca":25,"CorrRede":1.442000031,"TensRede":3.924999952,"ConsDiaPlaca":28472.07031,"ConsMesPlaca":28472.07031,"ConsDiaRede":1160.567871,"ConsMesRede":1160.567871,"Status":"REDE"}