{"CorrPlaca":0.101000004,"TensPlaca":6.556000233,"CorrRede":0.97299999,"TensRede":0.213,"ConsDiaPlaca":31.7670002,"ConsMesPlaca":31.7670002,"ConsDiaRede":10.16763878,"ConsMesRede":10.16763878,"Status":"REDE"}