{"CorrPlaca":0.108999997,"TensPlaca":6.757999897,"CorrRede":1.001000047,"TensRede":0.757000029,"ConsDiaPlaca":10.28742599,"ConsMesPlaca":10.28742599,"ConsDiaRede":3.848872423,"ConsMesRede":3.848872423,"Status":"REDE"}