{"CorrPlaca":2.207999945,"TensPlaca":18.04000092,"CorrRede":2.91899991,"TensRede":7.130000114,"ConsDiaPlaca":4833.189941,"ConsMesPlaca":4833.189941,"ConsDiaRede":1894.996948,"ConsMesRede":1894.996948,"Status":"REDE"}