{"Corrente":-1.562000036,"Tensao":6.232999802,"Consumo":0.285009325,"Status":"REDE"}