{"CorrPlaca":5,"TensPlaca":25,"CorrRede":1.42900002,"TensRede":0.054000001,"ConsDiaPlaca":20208.23438,"ConsMesPlaca":20208.23438,"ConsDiaRede":772.4257202,"ConsMesRede":772.4257202,"Status":"REDE"}