{"Corrente":0,"Tensao":0.268000007,"Consumo":0.07707084,"Status":"REDE"}