{"CorrPlaca":0.012,"TensPlaca":18.16799927,"CorrRede":1.340999961,"TensRede":0.409000009,"ConsDiaPlaca":370.2524719,"ConsMesPlaca":370.2524719,"ConsDiaRede":143.1315765,"ConsMesRede":143.1315765,"Status":"REDE"}