{"CorrPlaca":2.246000051,"TensPlaca":25,"CorrRede":3.525000095,"TensRede":3.25999999,"ConsDiaPlaca":480.835968,"ConsMesPlaca":480.835968,"ConsDiaRede":197.9620667,"ConsMesRede":197.9620667,"Status":"REDE"}