{"CorrPlaca":5,"TensPlaca":25,"CorrRede":0.760999978,"TensRede":0,"ConsDiaPlaca":13611.05371,"ConsMesPlaca":13611.05371,"ConsDiaRede":467.6448364,"ConsMesRede":467.6448364,"Status":"REDE"}