{"corrente":0.663999975,"tensao":0,"consumo":0.00478192}