{"CorrPlaca":3.710999966,"TensPlaca":18.06999969,"CorrRede":3.749000072,"TensRede":8.906999588,"ConsDiaPlaca":1125.242554,"ConsMesPlaca":1125.242554,"ConsDiaRede":495.8507385,"ConsMesRede":495.8507385,"Status":"REDE"}