{"CorrPlaca":0.144999996,"TensPlaca":2.947999954,"CorrRede":0.50999999,"TensRede":0.531000018,"ConsDiaPlaca":4909.759766,"ConsMesPlaca":4909.759766,"ConsDiaRede":472.605072,"ConsMesRede":472.605072,"Status":"REDE"}