{"Corrente":0.469000012,"Tensao":0,"Consumo":0.000573213,"Status":"REDE"}