{"CorrPlaca":0.147,"TensPlaca":6.677999973,"CorrRede":1.034999967,"TensRede":0.335000008,"ConsDiaPlaca":3.50869298,"ConsMesPlaca":3.50869298,"ConsDiaRede":1.574507833,"ConsMesRede":1.574507833,"Status":"REDE"}