{"CorrPlaca":0.294,"TensPlaca":18.07600021,"CorrRede":1.44599998,"TensRede":0,"ConsDiaPlaca":3039.340576,"ConsMesPlaca":3039.340576,"ConsDiaRede":937.8474121,"ConsMesRede":937.8474121,"Status":"REDE"}