{"Corrente":14.20800018,"Tensao":8.666000366,"Consumo":0.195497811,"Status":"PLACA"}