{"Corrente":3.602999926,"Tensao":0,"Consumo":0.057277199,"Status":"REDE"}