{"CorrPlaca":0,"TensPlaca":0,"CorrRede":0.605000019,"TensRede":0.067000002,"ConsDiaPlaca":1.587435603,"ConsMesPlaca":1.587435603,"ConsDiaRede":186.8370209,"ConsMesRede":186.8370209,"Status":"REDE"}