{"CorrPlaca":0,"TensPlaca":0,"CorrRede":0.609000027,"TensRede":0.108999997,"ConsDiaPlaca":1.587435603,"ConsMesPlaca":1.587435603,"ConsDiaRede":187.7521057,"ConsMesRede":187.7521057,"Status":"REDE"}