{"CorrPlaca":1.488999963,"TensPlaca":18.07600021,"CorrRede":2.233999968,"TensRede":1.659999967,"ConsDiaPlaca":3805.777588,"ConsMesPlaca":3805.777588,"ConsDiaRede":1483.831909,"ConsMesRede":1483.831909,"Status":"REDE"}