{"CorrPlaca":5,"TensPlaca":25,"CorrRede":0.605000019,"TensRede":0.389999986,"ConsDiaPlaca":2465.279297,"ConsMesPlaca":2465.279297,"ConsDiaRede":120.0318451,"ConsMesRede":120.0318451,"Status":"REDE"}