{"CorrPlaca":0.02,"TensPlaca":6.482999802,"CorrRede":0.813000023,"TensRede":0.134000003,"ConsDiaPlaca":86.60545349,"ConsMesPlaca":86.60545349,"ConsDiaRede":40.86318588,"ConsMesRede":40.86318588,"Status":"REDE"}