{"CorrPlaca":0,"TensPlaca":25,"CorrRede":1.978000045,"TensRede":2.24000001,"ConsDiaPlaca":13586.93066,"ConsMesPlaca":13586.93066,"ConsDiaRede":582.592041,"ConsMesRede":582.592041,"Status":"REDE"}