{"CorrPlaca":0,"TensPlaca":6.544000149,"CorrRede":0.851000011,"TensRede":0.188999996,"ConsDiaPlaca":81.05878448,"ConsMesPlaca":81.05878448,"ConsDiaRede":31.27849007,"ConsMesRede":31.27849007,"Status":"REDE"}