{"CorrPlaca":5,"TensPlaca":18.06999969,"CorrRede":2.548000097,"TensRede":0.908999979,"ConsDiaPlaca":3795.036865,"ConsMesPlaca":3795.036865,"ConsDiaRede":402.3035583,"ConsMesRede":402.3035583,"Status":"REDE"}