{"Corrente":2.242000103,"Tensao":0,"Consumo":0.149639666,"Status":"REDE"}