{"CorrPlaca":5,"TensPlaca":25,"CorrRede":1.807999969,"TensRede":0.347000003,"ConsDiaPlaca":6359.121094,"ConsMesPlaca":6359.121094,"ConsDiaRede":498.522583,"ConsMesRede":498.522583,"Status":"REDE"}