{"CorrPlaca":0.42899999,"TensPlaca":18.0890007,"CorrRede":1.621000051,"TensRede":0.524999976,"ConsDiaPlaca":2431.76123,"ConsMesPlaca":2431.76123,"ConsDiaRede":760.5908203,"ConsMesRede":760.5908203,"Status":"REDE"}