{"CorrPlaca":0.135000005,"TensPlaca":6.721000195,"CorrRede":1.008999944,"TensRede":0.365999997,"ConsDiaPlaca":2.018573284,"ConsMesPlaca":2.018573284,"ConsDiaRede":1.066940069,"ConsMesRede":1.066940069,"Status":"REDE"}