{"CorrPlaca":5,"TensPlaca":18.11300087,"CorrRede":1.644999981,"TensRede":1.48300004,"ConsDiaPlaca":12592.26465,"ConsMesPlaca":12592.26465,"ConsDiaRede":540.9276123,"ConsMesRede":540.9276123,"Status":"REDE"}