{"CorrPlaca":0.075000003,"TensPlaca":18.15600014,"CorrRede":1.347000003,"TensRede":0.40200001,"ConsDiaPlaca":1313.730957,"ConsMesPlaca":1313.730957,"ConsDiaRede":531.7323608,"ConsMesRede":531.7323608,"Status":"REDE"}