{"Corrente":14.2869997,"Tensao":0.389999986,"Consumo":4.30388546,"Status":"REDE"}