{"CorrPlaca":5,"TensPlaca":25,"CorrRede":2.476999998,"TensRede":6.244999886,"ConsDiaPlaca":28819.28906,"ConsMesPlaca":28819.28906,"ConsDiaRede":1178.422485,"ConsMesRede":1178.422485,"Status":"REDE"}