{"CorrPlaca":5,"TensPlaca":25,"CorrRede":2.34100008,"TensRede":6.995999813,"ConsDiaPlaca":24583.20508,"ConsMesPlaca":24583.20508,"ConsDiaRede":1000.346313,"ConsMesRede":1000.346313,"Status":"REDE"}