{"Corrente":0.409999996,"Tensao":0,"Consumo":0.053693287,"Status":"REDE"}