{"CorrPlaca":0,"TensPlaca":0,"CorrRede":0.416999996,"TensRede":0.041999999,"ConsDiaPlaca":168.0245667,"ConsMesPlaca":168.0245667,"ConsDiaRede":10.68392658,"ConsMesRede":10.68392658,"Status":"REDE"}