{"CorrPlaca":0.740999997,"TensPlaca":18.10700035,"CorrRede":1.718999982,"TensRede":0,"ConsDiaPlaca":4716.396973,"ConsMesPlaca":4716.396973,"ConsDiaRede":1842.870361,"ConsMesRede":1842.870361,"Status":"REDE"}