{"CorrPlaca":5,"TensPlaca":25,"CorrRede":1.898000002,"TensRede":2.71600008,"ConsDiaPlaca":34513.75391,"ConsMesPlaca":34513.75391,"ConsDiaRede":1400.835815,"ConsMesRede":1400.835815,"Status":"REDE"}