{"Corrente":14.89900017,"Tensao":0,"Consumo":0.792368889,"Status":"REDE"}