{"CorrPlaca":5,"TensPlaca":18.00300026,"CorrRede":2.362999916,"TensRede":0.293000013,"ConsDiaPlaca":3619.220459,"ConsMesPlaca":3619.220459,"ConsDiaRede":394.9715576,"ConsMesRede":394.9715576,"Status":"REDE"}