{"Corrente":0.239999995,"Tensao":25,"Consumo":0.041691668,"Status":"REDE"}