{"CorrPlaca":0.382999986,"TensPlaca":18.06399918,"CorrRede":1.52699995,"TensRede":0,"ConsDiaPlaca":1562.660034,"ConsMesPlaca":1562.660034,"ConsDiaRede":484.4987488,"ConsMesRede":484.4987488,"Status":"REDE"}