{"CorrPlaca":5,"TensPlaca":25,"CorrRede":0.749000013,"TensRede":0,"ConsDiaPlaca":15659.65234,"ConsMesPlaca":15659.65234,"ConsDiaRede":538.329895,"ConsMesRede":538.329895,"Status":"REDE"}