{"Corrente":14.56499958,"Tensao":2.635999918,"Consumo":6.088134766,"Status":"REDE"}