{"CorrPlaca":0,"TensPlaca":18.07600021,"CorrRede":1.169999957,"TensRede":0,"ConsDiaPlaca":4532.409668,"ConsMesPlaca":4532.409668,"ConsDiaRede":1766.720581,"ConsMesRede":1766.720581,"Status":"REDE"}