{"CorrPlaca":5,"TensPlaca":15.82400036,"CorrRede":1.271999955,"TensRede":0,"ConsDiaPlaca":5975.112793,"ConsMesPlaca":5975.112793,"ConsDiaRede":488.7629395,"ConsMesRede":488.7629395,"Status":"REDE"}