{"CorrPlaca":0.801999986,"TensPlaca":18.05200005,"CorrRede":2.056999922,"TensRede":3.028000116,"ConsDiaPlaca":933.3444824,"ConsMesPlaca":933.3444824,"ConsDiaRede":415.8383484,"ConsMesRede":415.8383484,"Status":"REDE"}