{"CorrPlaca":0.119999997,"TensPlaca":6.738999844,"CorrRede":0.958000004,"TensRede":0.188999996,"ConsDiaPlaca":15.5887394,"ConsMesPlaca":15.5887394,"ConsDiaRede":5.624845982,"ConsMesRede":5.624845982,"Status":"REDE"}