{"CorrPlaca":0,"TensPlaca":25,"CorrRede":1.84800005,"TensRede":0.694999993,"ConsDiaPlaca":13597.06152,"ConsMesPlaca":13597.06152,"ConsDiaRede":596.878479,"ConsMesRede":596.878479,"Status":"REDE"}