{"CorrPlaca":5,"TensPlaca":25,"CorrRede":2.006999969,"TensRede":3.118999958,"ConsDiaPlaca":31701.2168,"ConsMesPlaca":31701.2168,"ConsDiaRede":1310.643921,"ConsMesRede":1310.643921,"Status":"REDE"}