{"Corrente":14.06200027,"Tensao":14.3380003,"Consumo":0.113692597,"Status":"PLACA"}