{"CorrPlaca":0.02,"TensPlaca":6.721000195,"CorrRede":0.875,"TensRede":0.201000005,"ConsDiaPlaca":82.62820435,"ConsMesPlaca":82.62820435,"ConsDiaRede":33.14077377,"ConsMesRede":33.14077377,"Status":"REDE"}