{"CorrPlaca":0.504000008,"TensPlaca":18.05200005,"CorrRede":1.554999948,"TensRede":0,"ConsDiaPlaca":4895.800781,"ConsMesPlaca":4895.800781,"ConsDiaRede":1923.498901,"ConsMesRede":1923.498901,"Status":"REDE"}