{"CorrPlaca":0,"TensPlaca":0,"CorrRede":0.654999971,"TensRede":6.738999844,"ConsDiaPlaca":1.587435603,"ConsMesPlaca":1.587435603,"ConsDiaRede":45.17753983,"ConsMesRede":45.17753983,"Status":"REDE"}