{"CorrPlaca":0,"TensPlaca":0,"CorrRede":0.623000026,"TensRede":0.041999999,"ConsDiaPlaca":1.587435603,"ConsMesPlaca":1.587435603,"ConsDiaRede":186.9520721,"ConsMesRede":186.9520721,"Status":"REDE"}