{"CorrPlaca":0.25999999,"TensPlaca":6.971000195,"CorrRede":1.057999969,"TensRede":0.493999988,"ConsDiaPlaca":5.735251427,"ConsMesPlaca":5.735251427,"ConsDiaRede":2.466424465,"ConsMesRede":2.466424465,"Status":"REDE"}