{"CorrPlaca":5,"TensPlaca":2.086999893,"CorrRede":0.797999978,"TensRede":1.269000053,"ConsDiaPlaca":6833.643066,"ConsMesPlaca":6833.643066,"ConsDiaRede":525.6646118,"ConsMesRede":525.6646118,"Status":"REDE"}