{"CorrPlaca":2.210999966,"TensPlaca":18.07600021,"CorrRede":2.84100008,"TensRede":4.059000015,"ConsDiaPlaca":3584.293213,"ConsMesPlaca":3584.293213,"ConsDiaRede":1118.084961,"ConsMesRede":1118.084961,"Status":"REDE"}