{"CorrPlaca":5,"TensPlaca":25,"CorrRede":0.493999988,"TensRede":0,"ConsDiaPlaca":14826.32422,"ConsMesPlaca":14826.32422,"ConsDiaRede":496.865387,"ConsMesRede":496.865387,"Status":"REDE"}