{"CorrPlaca":5,"TensPlaca":25,"CorrRede":0.526000023,"TensRede":0,"ConsDiaPlaca":31840.10352,"ConsMesPlaca":31840.10352,"ConsDiaRede":1315.531616,"ConsMesRede":1315.531616,"Status":"REDE"}