{"CorrPlaca":0.671999991,"TensPlaca":18.05800056,"CorrRede":1.738000035,"TensRede":0,"ConsDiaPlaca":885.5375977,"ConsMesPlaca":885.5375977,"ConsDiaRede":392.9884949,"ConsMesRede":392.9884949,"Status":"REDE"}