{"CorrPlaca":1.514999986,"TensPlaca":18.10700035,"CorrRede":2.242000103,"TensRede":1.269000053,"ConsDiaPlaca":3223.553467,"ConsMesPlaca":3223.553467,"ConsDiaRede":996.4484253,"ConsMesRede":996.4484253,"Status":"REDE"}