{"CorrPlaca":2.825000048,"TensPlaca":18.10099983,"CorrRede":3.437000036,"TensRede":7.453999996,"ConsDiaPlaca":451.7944031,"ConsMesPlaca":451.7944031,"ConsDiaRede":146.1503448,"ConsMesRede":146.1503448,"Status":"REDE"}