{"CorrPlaca":5,"TensPlaca":18.10099983,"CorrRede":1.092000008,"TensRede":0,"ConsDiaPlaca":12818.38184,"ConsMesPlaca":12818.38184,"ConsDiaRede":541.3414307,"ConsMesRede":541.3414307,"Status":"REDE"}