{"CorrPlaca":0,"TensPlaca":0.592000008,"CorrRede":0.412999988,"TensRede":0,"ConsDiaPlaca":0.004695833,"ConsMesPlaca":0.004695833,"ConsDiaRede":0.449856699,"ConsMesRede":0.449856699,"Status":"REDE"}