{"CorrPlaca":5,"TensPlaca":25,"CorrRede":2.483999968,"TensRede":7.710000038,"ConsDiaPlaca":1111.11145,"ConsMesPlaca":1111.11145,"ConsDiaRede":62.34426498,"ConsMesRede":62.34426498,"Status":"REDE"}