{"CorrPlaca":0.949000001,"TensPlaca":18.01499939,"CorrRede":1.894000053,"TensRede":0,"ConsDiaPlaca":3002.129639,"ConsMesPlaca":3002.129639,"ConsDiaRede":928.6053467,"ConsMesRede":928.6053467,"Status":"REDE"}