{"CorrPlaca":0.167999998,"TensPlaca":6.709000111,"CorrRede":1.018000007,"TensRede":0.389999986,"ConsDiaPlaca":0.565593302,"ConsMesPlaca":0.565593302,"ConsDiaRede":0.553754449,"ConsMesRede":0.553754449,"Status":"REDE"}