{"CorrPlaca":0,"TensPlaca":6.544000149,"CorrRede":0.787999988,"TensRede":0.097000003,"ConsDiaPlaca":87.64958191,"ConsMesPlaca":87.64958191,"ConsDiaRede":43.86000061,"ConsMesRede":43.86000061,"Status":"REDE"}