{"CorrPlaca":5,"TensPlaca":25,"CorrRede":2.585999966,"TensRede":4.334000111,"ConsDiaPlaca":10694.40625,"ConsMesPlaca":10694.40625,"ConsDiaRede":325.7716675,"ConsMesRede":325.7716675,"Status":"REDE"}