{"CorrPlaca":0,"TensPlaca":0,"CorrRede":0.670000017,"TensRede":6.738999844,"ConsDiaPlaca":1.587435603,"ConsMesPlaca":1.587435603,"ConsDiaRede":128.5399017,"ConsMesRede":128.5399017,"Status":"REDE"}