{"CorrPlaca":0.722000003,"TensPlaca":18.14999962,"CorrRede":1.66900003,"TensRede":0,"ConsDiaPlaca":2586.643799,"ConsMesPlaca":2586.643799,"ConsDiaRede":1025.340454,"ConsMesRede":1025.340454,"Status":"REDE"}