{"Corrente":0.416000009,"Tensao":1.741000056,"Consumo":0.002813442,"Status":"REDE"}