{"Corrente":0.448000014,"Tensao":5.646999836,"Consumo":0.018012863,"Status":"PLACA"}