{"CorrPlaca":2.180000067,"TensPlaca":18.23500061,"CorrRede":2.776000023,"TensRede":4.413000107,"ConsDiaPlaca":1928.619019,"ConsMesPlaca":1928.619019,"ConsDiaRede":878.1347046,"ConsMesRede":878.1347046,"Status":"REDE"}