{"CorrPlaca":2.427999973,"TensPlaca":25,"CorrRede":3.812999964,"TensRede":3.772000074,"ConsDiaPlaca":1067.787231,"ConsMesPlaca":1067.787231,"ConsDiaRede":291.954834,"ConsMesRede":291.954834,"Status":"REDE"}