{"CorrPlaca":5,"TensPlaca":25,"CorrRede":2.559000015,"TensRede":6.348999977,"ConsDiaPlaca":2708.334961,"ConsMesPlaca":2708.334961,"ConsDiaRede":127.6207428,"ConsMesRede":127.6207428,"Status":"REDE"}