{"CorrPlaca":5,"TensPlaca":25,"CorrRede":2.453999996,"TensRede":7.039000034,"ConsDiaPlaca":14930.49023,"ConsMesPlaca":14930.49023,"ConsDiaRede":509.9516907,"ConsMesRede":509.9516907,"Status":"REDE"}