{"CorrPlaca":5,"TensPlaca":25,"CorrRede":0.859000027,"TensRede":1.330000043,"ConsDiaPlaca":24548.48438,"ConsMesPlaca":24548.48438,"ConsDiaRede":995.7969971,"ConsMesRede":995.7969971,"Status":"REDE"}