{"CorrPlaca":5,"TensPlaca":25,"CorrRede":2.539999962,"TensRede":6.842999935,"ConsDiaPlaca":23367.93555,"ConsMesPlaca":23367.93555,"ConsDiaRede":918.5996094,"ConsMesRede":918.5996094,"Status":"REDE"}