{"Corrente":0.513999999,"Tensao":1.871000051,"Consumo":0.005563721,"Status":"REDE"}