{"CorrPlaca":0.057999998,"TensPlaca":6.544000149,"CorrRede":0.958000004,"TensRede":0.293000013,"ConsDiaPlaca":57.71074677,"ConsMesPlaca":57.71074677,"ConsDiaRede":20.99071312,"ConsMesRede":20.99071312,"Status":"REDE"}