{"CorrPlaca":0.791000009,"TensPlaca":18.11300087,"CorrRede":1.797999978,"TensRede":0,"ConsDiaPlaca":167.3271637,"ConsMesPlaca":167.3271637,"ConsDiaRede":59.08701706,"ConsMesRede":59.08701706,"Status":"REDE"}