{"CorrPlaca":2.877000093,"TensPlaca":18.20499992,"CorrRede":3.401000023,"TensRede":7.576000214,"ConsDiaPlaca":1658.036377,"ConsMesPlaca":1658.036377,"ConsDiaRede":514.3912354,"ConsMesRede":514.3912354,"Status":"REDE"}