{"CorrPlaca":5,"TensPlaca":25,"CorrRede":2.125999928,"TensRede":2.599999905,"ConsDiaPlaca":5208.32959,"ConsMesPlaca":5208.32959,"ConsDiaRede":181.0935211,"ConsMesRede":181.0935211,"Status":"REDE"}