{"CorrPlaca":3.105999947,"TensPlaca":18.17399979,"CorrRede":3.497999907,"TensRede":8.461000443,"ConsDiaPlaca":1891.011963,"ConsMesPlaca":1891.011963,"ConsDiaRede":861.6734619,"ConsMesRede":861.6734619,"Status":"REDE"}