{"CorrPlaca":0.546999991,"TensPlaca":7.099999905,"CorrRede":1.263000011,"TensRede":1.256999969,"ConsDiaPlaca":2.841380358,"ConsMesPlaca":2.841380358,"ConsDiaRede":1.335818172,"ConsMesRede":1.335818172,"Status":"REDE"}