{"CorrPlaca":5,"TensPlaca":25,"CorrRede":1.476999998,"TensRede":0.256000012,"ConsDiaPlaca":22187.38867,"ConsMesPlaca":22187.38867,"ConsDiaRede":858.3325806,"ConsMesRede":858.3325806,"Status":"REDE"}