{"CorrPlaca":5,"TensPlaca":25,"CorrRede":0.507000029,"TensRede":0,"ConsDiaPlaca":25937.36328,"ConsMesPlaca":25937.36328,"ConsDiaRede":1037.04126,"ConsMesRede":1037.04126,"Status":"REDE"}