{"CorrPlaca":0,"TensPlaca":0.781000018,"CorrRede":0.409999996,"TensRede":0,"ConsDiaPlaca":0.004216944,"ConsMesPlaca":0.004216944,"ConsDiaRede":0.32858941,"ConsMesRede":0.32858941,"Status":"REDE"}