{"CorrPlaca":0.057,"TensPlaca":3.191999912,"CorrRede":0.472000003,"TensRede":0,"ConsDiaPlaca":123.9423447,"ConsMesPlaca":123.9423447,"ConsDiaRede":120.5325012,"ConsMesRede":120.5325012,"Status":"REDE"}