{"CorrPlaca":2.670000076,"TensPlaca":18.07600021,"CorrRede":3.200000048,"TensRede":6.630000114,"ConsDiaPlaca":258.2590332,"ConsMesPlaca":258.2590332,"ConsDiaRede":117.610878,"ConsMesRede":117.610878,"Status":"REDE"}