{"CorrPlaca":2.638000011,"TensPlaca":18.13100052,"CorrRede":3.282999992,"TensRede":8.394000053,"ConsDiaPlaca":578.0145874,"ConsMesPlaca":578.0145874,"ConsDiaRede":239.4255066,"ConsMesRede":239.4255066,"Status":"REDE"}