{"CorrPlaca":0.879000008,"TensPlaca":18.10099983,"CorrRede":1.835999966,"TensRede":0,"ConsDiaPlaca":940.2885742,"ConsMesPlaca":940.2885742,"ConsDiaRede":291.5031738,"ConsMesRede":291.5031738,"Status":"REDE"}