{"CorrPlaca":1.671000004,"TensPlaca":18.16200066,"CorrRede":2.644999981,"TensRede":5.506000042,"ConsDiaPlaca":342.1745605,"ConsMesPlaca":342.1745605,"ConsDiaRede":157.6512299,"ConsMesRede":157.6512299,"Status":"REDE"}