{"CorrPlaca":5,"TensPlaca":25,"CorrRede":0.991999984,"TensRede":0,"ConsDiaPlaca":26388.75,"ConsMesPlaca":26388.75,"ConsDiaRede":1052.36731,"ConsMesRede":1052.36731,"Status":"REDE"}