{"CorrPlaca":5,"TensPlaca":25,"CorrRede":2.444999933,"TensRede":5.787000179,"ConsDiaPlaca":24062.37695,"ConsMesPlaca":24062.37695,"ConsDiaRede":965.3153687,"ConsMesRede":965.3153687,"Status":"REDE"}