{"CorrPlaca":0,"TensPlaca":3.217000008,"CorrRede":0.449000001,"TensRede":0.103,"ConsDiaPlaca":143.0141296,"ConsMesPlaca":143.0141296,"ConsDiaRede":137.1032867,"ConsMesRede":137.1032867,"Status":"REDE"}