{"Corrente":0,"Tensao":0.085000001,"Consumo":0.07707084,"Status":"REDE"}