{"CorrPlaca":0.02,"TensPlaca":6.684000015,"CorrRede":0.924000025,"TensRede":0.103,"ConsDiaPlaca":69.79704285,"ConsMesPlaca":69.79704285,"ConsDiaRede":27.16213608,"ConsMesRede":27.16213608,"Status":"REDE"}