{"CorrPlaca":0.708000004,"TensPlaca":4.676000118,"CorrRede":1.166000009,"TensRede":0,"ConsDiaPlaca":99.04402924,"ConsMesPlaca":99.04402924,"ConsDiaRede":87.19423676,"ConsMesRede":87.19423676,"Status":"REDE"}