{"Corrente":14.6239996,"Tensao":13.03600025,"Consumo":6.920677662,"Status":"PLACA"}