{"CorrPlaca":0.064000003,"TensPlaca":6.671999931,"CorrRede":0.976000011,"TensRede":0.170000002,"ConsDiaPlaca":58.68592834,"ConsMesPlaca":58.68592834,"ConsDiaRede":21.52671623,"ConsMesRede":21.52671623,"Status":"REDE"}