{"CorrPlaca":0.054000001,"TensPlaca":6.586999893,"CorrRede":0.86500001,"TensRede":0.145999998,"ConsDiaPlaca":80.39392853,"ConsMesPlaca":80.39392853,"ConsDiaRede":30.81184196,"ConsMesRede":30.81184196,"Status":"REDE"}