{"CorrPlaca":0.409999996,"TensPlaca":18.10099983,"CorrRede":1.587000012,"TensRede":0,"ConsDiaPlaca":1207.116089,"ConsMesPlaca":1207.116089,"ConsDiaRede":379.1134033,"ConsMesRede":379.1134033,"Status":"REDE"}