{"CorrPlaca":5,"TensPlaca":25,"CorrRede":0.652999997,"TensRede":0,"ConsDiaPlaca":24270.70703,"ConsMesPlaca":24270.70703,"ConsDiaRede":975.1069336,"ConsMesRede":975.1069336,"Status":"REDE"}