{"CorrPlaca":1.315999985,"TensPlaca":18.18000031,"CorrRede":2.339999914,"TensRede":4.590000153,"ConsDiaPlaca":834.9931641,"ConsMesPlaca":834.9931641,"ConsDiaRede":339.2330627,"ConsMesRede":339.2330627,"Status":"REDE"}