{"corrente":0.672999978,"tensao":0,"consumo":0.0090743}