{"CorrPlaca":0,"TensPlaca":0,"CorrRede":0.616999984,"TensRede":0.097000003,"ConsDiaPlaca":1.587435603,"ConsMesPlaca":1.587435603,"ConsDiaRede":186.9303894,"ConsMesRede":186.9303894,"Status":"REDE"}