{"CorrPlaca":5,"TensPlaca":1.99000001,"CorrRede":0.640999973,"TensRede":0,"ConsDiaPlaca":13079.75488,"ConsMesPlaca":13079.75488,"ConsDiaRede":567.2697754,"ConsMesRede":567.2697754,"Status":"REDE"}