{"CorrPlaca":0.008,"TensPlaca":6.721000195,"CorrRede":0.839999974,"TensRede":0.041999999,"ConsDiaPlaca":84.95557404,"ConsMesPlaca":84.95557404,"ConsDiaRede":36.94466782,"ConsMesRede":36.94466782,"Status":"REDE"}