{"CorrPlaca":0.007,"TensPlaca":0.652999997,"CorrRede":0.524999976,"TensRede":0.75,"ConsDiaPlaca":0.03231889,"ConsMesPlaca":0.03231889,"ConsDiaRede":0.807545483,"ConsMesRede":0.807545483,"Status":"REDE"}