{"CorrPlaca":0,"TensPlaca":6.677999973,"CorrRede":0.781000018,"TensRede":0.134000003,"ConsDiaPlaca":1.533571362,"ConsMesPlaca":1.533571362,"ConsDiaRede":14.4268446,"ConsMesRede":14.4268446,"Status":"REDE"}