{"CorrPlaca":0,"TensPlaca":6.556000233,"CorrRede":0.836000025,"TensRede":0.097000003,"ConsDiaPlaca":85.33860779,"ConsMesPlaca":85.33860779,"ConsDiaRede":38.28768158,"ConsMesRede":38.28768158,"Status":"REDE"}