{"CorrPlaca":0,"TensPlaca":0,"CorrRede":0.598999977,"TensRede":0,"ConsDiaPlaca":1.587435603,"ConsMesPlaca":1.587435603,"ConsDiaRede":22.1837883,"ConsMesRede":22.1837883,"Status":"REDE"}