{"CorrPlaca":0.550000012,"TensPlaca":3.191999912,"CorrRede":0.870999992,"TensRede":0.781000018,"ConsDiaPlaca":177.7289734,"ConsMesPlaca":177.7289734,"ConsDiaRede":164.1231842,"ConsMesRede":164.1231842,"Status":"REDE"}