{"CorrPlaca":0,"TensPlaca":18.08300018,"CorrRede":1.23300004,"TensRede":0.151999995,"ConsDiaPlaca":3881.959229,"ConsMesPlaca":3881.959229,"ConsDiaRede":1510.936523,"ConsMesRede":1510.936523,"Status":"REDE"}