{"CorrPlaca":0.057999998,"TensPlaca":0.676999986,"CorrRede":0.55400002,"TensRede":0.902999997,"ConsDiaPlaca":0.010907222,"ConsMesPlaca":0.010907222,"ConsDiaRede":0.399541646,"ConsMesRede":0.399541646,"Status":"REDE"}