{"CorrPlaca":0.957000017,"TensPlaca":3.22300005,"CorrRede":1.172000051,"TensRede":2.520999908,"ConsDiaPlaca":148.0006409,"ConsMesPlaca":148.0006409,"ConsDiaRede":141.7192383,"ConsMesRede":141.7192383,"Status":"REDE"}