{"Corrente":0,"Tensao":0.731999993,"Consumo":0.07707084,"Status":"REDE"}