{"CorrPlaca":0.045000002,"TensPlaca":6.684000015,"CorrRede":0.879000008,"TensRede":0.256000012,"ConsDiaPlaca":81.59210968,"ConsMesPlaca":81.59210968,"ConsDiaRede":32.11551666,"ConsMesRede":32.11551666,"Status":"REDE"}