{"CorrPlaca":0.116999999,"TensPlaca":6.684000015,"CorrRede":0.887000024,"TensRede":0.201000005,"ConsDiaPlaca":71.5776825,"ConsMesPlaca":71.5776825,"ConsDiaRede":27.73391342,"ConsMesRede":27.73391342,"Status":"REDE"}