{"CorrPlaca":0.014,"TensPlaca":6.727000237,"CorrRede":0.874000013,"TensRede":0,"ConsDiaPlaca":81.1104126,"ConsMesPlaca":81.1104126,"ConsDiaRede":31.43642998,"ConsMesRede":31.43642998,"Status":"REDE"}