{"CorrPlaca":2.006000042,"TensPlaca":18.06999969,"CorrRede":2.760999918,"TensRede":6.556000233,"ConsDiaPlaca":2323.963135,"ConsMesPlaca":2323.963135,"ConsDiaRede":914.1373291,"ConsMesRede":914.1373291,"Status":"REDE"}