{"CorrPlaca":2.480999947,"TensPlaca":18.11899948,"CorrRede":3.069000006,"TensRede":4.565999985,"ConsDiaPlaca":996.8278809,"ConsMesPlaca":996.8278809,"ConsDiaRede":312.269104,"ConsMesRede":312.269104,"Status":"REDE"}