{"CorrPlaca":0.702000022,"TensPlaca":2.051000118,"CorrRede":0.565999985,"TensRede":0,"ConsDiaPlaca":50.15559006,"ConsMesPlaca":50.15559006,"ConsDiaRede":42.60666656,"ConsMesRede":42.60666656,"Status":"REDE"}