{"CorrPlaca":5,"TensPlaca":25,"CorrRede":2.424000025,"TensRede":7.063000202,"ConsDiaPlaca":26944.30273,"ConsMesPlaca":26944.30273,"ConsDiaRede":1088.374023,"ConsMesRede":1088.374023,"Status":"REDE"}