{"Corrente":2.109999895,"Tensao":0,"Consumo":0.070479967,"Status":"REDE"}