{"Corrente":14.20400047,"Tensao":0,"Consumo":1.197687745,"Status":"REDE"}