{"CorrPlaca":0.079999998,"TensPlaca":6.671999931,"CorrRede":0.989000022,"TensRede":0.293000013,"ConsDiaPlaca":52.93006134,"ConsMesPlaca":52.93006134,"ConsDiaRede":18.57354164,"ConsMesRede":18.57354164,"Status":"REDE"}