{"CorrPlaca":0,"TensPlaca":3.710999966,"CorrRede":0.936999977,"TensRede":2.979000092,"ConsDiaPlaca":116.909935,"ConsMesPlaca":116.909935,"ConsDiaRede":103.4697037,"ConsMesRede":103.4697037,"Status":"REDE"}