{"Corrente":14.49699974,"Tensao":0.25999999,"Consumo":1.14997232,"Status":"REDE"}