{"CorrPlaca":0,"TensPlaca":0,"CorrRede":0.644999981,"TensRede":6.684000015,"ConsDiaPlaca":1.587435603,"ConsMesPlaca":1.587435603,"ConsDiaRede":77.88974762,"ConsMesRede":77.88974762,"Status":"REDE"}