{"CorrPlaca":0,"TensPlaca":6.653999805,"CorrRede":0.787,"TensRede":0.280000001,"ConsDiaPlaca":1.533571362,"ConsMesPlaca":1.533571362,"ConsDiaRede":15.66790867,"ConsMesRede":15.66790867,"Status":"REDE"}