{"CorrPlaca":0.196999997,"TensPlaca":18.21100044,"CorrRede":1.360000014,"TensRede":0,"ConsDiaPlaca":1535.267212,"ConsMesPlaca":1535.267212,"ConsDiaRede":696.2973633,"ConsMesRede":696.2973633,"Status":"REDE"}