{"CorrPlaca":2.852999926,"TensPlaca":18.07600021,"CorrRede":3.359999895,"TensRede":8.437000275,"ConsDiaPlaca":4011.64624,"ConsMesPlaca":4011.64624,"ConsDiaRede":1559.526123,"ConsMesRede":1559.526123,"Status":"REDE"}