{"CorrPlaca":5,"TensPlaca":25,"CorrRede":2.355999947,"TensRede":3.869999886,"ConsDiaPlaca":22395.7207,"ConsMesPlaca":22395.7207,"ConsDiaRede":866.4499512,"ConsMesRede":866.4499512,"Status":"REDE"}