{"CorrPlaca":0.013,"TensPlaca":6.709000111,"CorrRede":0.851000011,"TensRede":0.177000001,"ConsDiaPlaca":83.75263977,"ConsMesPlaca":83.75263977,"ConsDiaRede":34.79065323,"ConsMesRede":34.79065323,"Status":"REDE"}