{"CorrPlaca":0,"TensPlaca":0,"CorrRede":0.592999995,"TensRede":0.035999998,"ConsDiaPlaca":1.587435603,"ConsMesPlaca":1.587435603,"ConsDiaRede":188.7957001,"ConsMesRede":188.7957001,"Status":"REDE"}