{"CorrPlaca":0.449000001,"TensPlaca":18.07600021,"CorrRede":1.562000036,"TensRede":0,"ConsDiaPlaca":1844.340942,"ConsMesPlaca":1844.340942,"ConsDiaRede":567.1071777,"ConsMesRede":567.1071777,"Status":"REDE"}