{"Corrente":1.281999946,"Tensao":6.085999966,"Consumo":0.007438047,"Status":"PLACA"}