{"CorrPlaca":1.485000014,"TensPlaca":18.06999969,"CorrRede":2.46600008,"TensRede":4.296999931,"ConsDiaPlaca":2287.193115,"ConsMesPlaca":2287.193115,"ConsDiaRede":714.7099609,"ConsMesRede":714.7099609,"Status":"REDE"}