{"CorrPlaca":0.683000028,"TensPlaca":6.208000183,"CorrRede":1.503999949,"TensRede":3.907000065,"ConsDiaPlaca":57.54728699,"ConsMesPlaca":57.54728699,"ConsDiaRede":50.04453659,"ConsMesRede":50.04453659,"Status":"REDE"}