{"CorrPlaca":0,"TensPlaca":6.738999844,"CorrRede":0.763000011,"TensRede":0.207000002,"ConsDiaPlaca":1.587435603,"ConsMesPlaca":1.587435603,"ConsDiaRede":20.75524521,"ConsMesRede":20.75524521,"Status":"REDE"}