{"CorrPlaca":1.422000051,"TensPlaca":18.13699913,"CorrRede":2.487999916,"TensRede":4.382999897,"ConsDiaPlaca":821.3987427,"ConsMesPlaca":821.3987427,"ConsDiaRede":365.9677124,"ConsMesRede":365.9677124,"Status":"REDE"}