{"CorrPlaca":0.505999982,"TensPlaca":18.0890007,"CorrRede":1.618999958,"TensRede":1.177999973,"ConsDiaPlaca":56.5881691,"ConsMesPlaca":56.5881691,"ConsDiaRede":29.32129288,"ConsMesRede":29.32129288,"Status":"REDE"}