{"CorrPlaca":0.338,"TensPlaca":18.06999969,"CorrRede":1.623000026,"TensRede":1.537999988,"ConsDiaPlaca":1786.895508,"ConsMesPlaca":1786.895508,"ConsDiaRede":806.0238037,"ConsMesRede":806.0238037,"Status":"REDE"}