{"Corrente":0,"Tensao":6.361000061,"Consumo":0.003398867,"Status":"REDE"}