{"CorrPlaca":0.360000014,"TensPlaca":18.16200066,"CorrRede":1.476999998,"TensRede":0,"ConsDiaPlaca":4560.855957,"ConsMesPlaca":4560.855957,"ConsDiaRede":1424.405029,"ConsMesRede":1424.405029,"Status":"REDE"}