{"CorrPlaca":0.057999998,"TensPlaca":6.709000111,"CorrRede":0.94599998,"TensRede":0.273999989,"ConsDiaPlaca":66.87191772,"ConsMesPlaca":66.87191772,"ConsDiaRede":25.7242012,"ConsMesRede":25.7242012,"Status":"REDE"}