{"CorrPlaca":0,"TensPlaca":0.792999983,"CorrRede":0.455000013,"TensRede":0.615999997,"ConsDiaPlaca":0,"ConsMesPlaca":0,"ConsDiaRede":1.040914655,"ConsMesRede":1.040914655,"Status":"REDE"}