{"CorrPlaca":0.012,"TensPlaca":6.653999805,"CorrRede":0.838,"TensRede":0.177000001,"ConsDiaPlaca":85.97519684,"ConsMesPlaca":85.97519684,"ConsDiaRede":39.33304596,"ConsMesRede":39.33304596,"Status":"REDE"}