{"CorrPlaca":0,"TensPlaca":6.677999973,"CorrRede":0.824999988,"TensRede":0.012,"ConsDiaPlaca":86.64099121,"ConsMesPlaca":86.64099121,"ConsDiaRede":41.05475235,"ConsMesRede":41.05475235,"Status":"REDE"}