{"CorrPlaca":2.40199995,"TensPlaca":18.07600021,"CorrRede":3.069999933,"TensRede":7.782999992,"ConsDiaPlaca":4822.125488,"ConsMesPlaca":4822.125488,"ConsDiaRede":1889.215698,"ConsMesRede":1889.215698,"Status":"REDE"}