{"corrente":0.291000009,"tensao":2.246000051,"consumo":1.313375235}