{"corrente":0.731999993,"tensao":0.666000009,"consumo":0.057560891}