{"Corrente":1.113000035,"Tensao":16.64900017,"Consumo":0.011552259,"Status":"PLACA"}