{"CorrPlaca":0.125,"TensPlaca":18.07600021,"CorrRede":1.406999946,"TensRede":0.621999979,"ConsDiaPlaca":1642.316895,"ConsMesPlaca":1642.316895,"ConsDiaRede":664.942688,"ConsMesRede":664.942688,"Status":"REDE"}