{"CorrPlaca":1.289000034,"TensPlaca":18.04599953,"CorrRede":2.140000105,"TensRede":0.108999997,"ConsDiaPlaca":923.6868896,"ConsMesPlaca":923.6868896,"ConsDiaRede":285.8282471,"ConsMesRede":285.8282471,"Status":"REDE"}