{"CorrPlaca":0,"TensPlaca":3.22300005,"CorrRede":0.40200001,"TensRede":0,"ConsDiaPlaca":123.9423447,"ConsMesPlaca":123.9423447,"ConsDiaRede":120.5325012,"ConsMesRede":120.5325012,"Status":"REDE"}