{"CorrPlaca":0.449000001,"TensPlaca":18.11899948,"CorrRede":1.682000041,"TensRede":1.049999952,"ConsDiaPlaca":4706.393066,"ConsMesPlaca":4706.393066,"ConsDiaRede":1463.452637,"ConsMesRede":1463.452637,"Status":"REDE"}