{"CorrPlaca":5,"TensPlaca":25,"CorrRede":1.654000044,"TensRede":1.495000005,"ConsDiaPlaca":34791.54297,"ConsMesPlaca":34791.54297,"ConsDiaRede":1405.507446,"ConsMesRede":1405.507446,"Status":"REDE"}