{"CorrPlaca":1.335999966,"TensPlaca":6.868000031,"CorrRede":1.536999941,"TensRede":3.321000099,"ConsDiaPlaca":4.43280077,"ConsMesPlaca":4.43280077,"ConsDiaRede":2.341417551,"ConsMesRede":2.341417551,"Status":"REDE"}