{"CorrPlaca":0.012,"TensPlaca":6.684000015,"CorrRede":0.818000019,"TensRede":0.213,"ConsDiaPlaca":85.57184601,"ConsMesPlaca":85.57184601,"ConsDiaRede":38.6178627,"ConsMesRede":38.6178627,"Status":"REDE"}