{"Corrente":15.90299988,"Tensao":0.405999988,"Consumo":0.60385251,"Status":"REDE"}