{"CorrPlaca":5,"TensPlaca":25,"CorrRede":0.56099999,"TensRede":0,"ConsDiaPlaca":10416.62988,"ConsMesPlaca":10416.62988,"ConsDiaRede":308.5528564,"ConsMesRede":308.5528564,"Status":"REDE"}