{"CorrPlaca":0,"TensPlaca":6.642000198,"CorrRede":0.75,"TensRede":0.201000005,"ConsDiaPlaca":1.587435603,"ConsMesPlaca":1.587435603,"ConsDiaRede":20.1028862,"ConsMesRede":20.1028862,"Status":"REDE"}