{"CorrPlaca":0.583999991,"TensPlaca":18.16200066,"CorrRede":1.776000023,"TensRede":1.89199996,"ConsDiaPlaca":1238.958008,"ConsMesPlaca":1238.958008,"ConsDiaRede":554.2181396,"ConsMesRede":554.2181396,"Status":"REDE"}