{"CorrPlaca":0.962000012,"TensPlaca":25,"CorrRede":2.71600008,"TensRede":0,"ConsDiaPlaca":856.7942505,"ConsMesPlaca":856.7942505,"ConsDiaRede":258.1140442,"ConsMesRede":258.1140442,"Status":"REDE"}