{"CorrPlaca":0.130999997,"TensPlaca":6.677999973,"CorrRede":0.99000001,"TensRede":0.194999993,"ConsDiaPlaca":16.48150826,"ConsMesPlaca":16.48150826,"ConsDiaRede":5.908377171,"ConsMesRede":5.908377171,"Status":"REDE"}