{"CorrPlaca":1.578999996,"TensPlaca":18.11300087,"CorrRede":2.296000004,"TensRede":1.465000033,"ConsDiaPlaca":27.72369957,"ConsMesPlaca":27.72369957,"ConsDiaRede":4.28096056,"ConsMesRede":4.28096056,"Status":"REDE"}