{"CorrPlaca":0,"TensPlaca":6.550000191,"CorrRede":0.839999974,"TensRede":0.505999982,"ConsDiaPlaca":1.522501469,"ConsMesPlaca":1.522501469,"ConsDiaRede":4.198985577,"ConsMesRede":4.198985577,"Status":"REDE"}