{"CorrPlaca":0,"TensPlaca":0,"CorrRede":0.643999994,"TensRede":6.538000107,"ConsDiaPlaca":1.587435603,"ConsMesPlaca":1.587435603,"ConsDiaRede":120.0247269,"ConsMesRede":120.0247269,"Status":"REDE"}