{"Corrente":14.58899975,"Tensao":24.21699905,"Consumo":2.34307003,"Status":"PLACA"}