{"CorrPlaca":0,"TensPlaca":0,"CorrRede":0.598999977,"TensRede":0.097000003,"ConsDiaPlaca":1.587435603,"ConsMesPlaca":1.587435603,"ConsDiaRede":188.3096924,"ConsMesRede":188.3096924,"Status":"REDE"}