{"CorrPlaca":2.786999941,"TensPlaca":18.06399918,"CorrRede":3.346999884,"TensRede":7.422999859,"ConsDiaPlaca":3317.371582,"ConsMesPlaca":3317.371582,"ConsDiaRede":1027.608521,"ConsMesRede":1027.608521,"Status":"REDE"}