{"CorrPlaca":1.300999999,"TensPlaca":18.21100044,"CorrRede":2.078000069,"TensRede":0.94599998,"ConsDiaPlaca":3846.210693,"ConsMesPlaca":3846.210693,"ConsDiaRede":1494.667236,"ConsMesRede":1494.667236,"Status":"REDE"}