{"CorrPlaca":0.741999984,"TensPlaca":18.05800056,"CorrRede":1.738000035,"TensRede":0,"ConsDiaPlaca":4162.894043,"ConsMesPlaca":4162.894043,"ConsDiaRede":1296.807495,"ConsMesRede":1296.807495,"Status":"REDE"}