{"CorrPlaca":5,"TensPlaca":0,"CorrRede":0.349999994,"TensRede":0.024,"ConsDiaPlaca":6734.087891,"ConsMesPlaca":6734.087891,"ConsDiaRede":513.6871948,"ConsMesRede":513.6871948,"Status":"REDE"}