{"CorrPlaca":5,"TensPlaca":25,"CorrRede":1.692999959,"TensRede":1.659999967,"ConsDiaPlaca":33853.99609,"ConsMesPlaca":33853.99609,"ConsDiaRede":1392.232544,"ConsMesRede":1392.232544,"Status":"REDE"}