{"CorrPlaca":2.736999989,"TensPlaca":18.11300087,"CorrRede":3.246999979,"TensRede":6.861999989,"ConsDiaPlaca":564.7285767,"ConsMesPlaca":564.7285767,"ConsDiaRede":231.7706451,"ConsMesRede":231.7706451,"Status":"REDE"}