{"CorrPlaca":5,"TensPlaca":25,"CorrRede":0.52700001,"TensRede":0,"ConsDiaPlaca":28680.40234,"ConsMesPlaca":28680.40234,"ConsDiaRede":1171.785645,"ConsMesRede":1171.785645,"Status":"REDE"}