{"CorrPlaca":5,"TensPlaca":25,"CorrRede":0.643999994,"TensRede":0,"ConsDiaPlaca":32152.60156,"ConsMesPlaca":32152.60156,"ConsDiaRede":1327.094604,"ConsMesRede":1327.094604,"Status":"REDE"}