{"CorrPlaca":0,"TensPlaca":3.217000008,"CorrRede":0.252000004,"TensRede":0,"ConsDiaPlaca":163.3058624,"ConsMesPlaca":163.3058624,"ConsDiaRede":152.9606628,"ConsMesRede":152.9606628,"Status":"REDE"}