{"CorrPlaca":3.562000036,"TensPlaca":25,"CorrRede":2.519999981,"TensRede":5.262000084,"ConsDiaPlaca":16108.34082,"ConsMesPlaca":16108.34082,"ConsDiaRede":612.9622803,"ConsMesRede":612.9622803,"Status":"REDE"}