{"CorrPlaca":5,"TensPlaca":25,"CorrRede":2.002000093,"TensRede":0,"ConsDiaPlaca":12604.11621,"ConsMesPlaca":12604.11621,"ConsDiaRede":396.1284485,"ConsMesRede":396.1284485,"Status":"REDE"}