{"CorrPlaca":0,"TensPlaca":0,"CorrRede":0.586000025,"TensRede":0.097000003,"ConsDiaPlaca":1.587435603,"ConsMesPlaca":1.587435603,"ConsDiaRede":18.01387215,"ConsMesRede":18.01387215,"Status":"REDE"}