{"Corrente":0,"Tensao":0.067000002,"Consumo":0.07707084,"Status":"REDE"}