{"CorrPlaca":0.030999999,"TensPlaca":6.665999889,"CorrRede":0.856999993,"TensRede":0.158000007,"ConsDiaPlaca":84.19606018,"ConsMesPlaca":84.19606018,"ConsDiaRede":35.85752106,"ConsMesRede":35.85752106,"Status":"REDE"}