{"CorrPlaca":2.619999886,"TensPlaca":18.05800056,"CorrRede":3.184999943,"TensRede":5.047999859,"ConsDiaPlaca":475.3745422,"ConsMesPlaca":475.3745422,"ConsDiaRede":153.3855896,"ConsMesRede":153.3855896,"Status":"REDE"}