{"CorrPlaca":2.683000088,"TensPlaca":18.11300087,"CorrRede":3.239000082,"TensRede":8.241000175,"ConsDiaPlaca":3650.156982,"ConsMesPlaca":3650.156982,"ConsDiaRede":1426.378418,"ConsMesRede":1426.378418,"Status":"REDE"}