{"CorrPlaca":0.349000007,"TensPlaca":0,"CorrRede":0.643999994,"TensRede":0.915000021,"ConsDiaPlaca":4909.9375,"ConsMesPlaca":4909.9375,"ConsDiaRede":473.7827454,"ConsMesRede":473.7827454,"Status":"REDE"}