{"CorrPlaca":5,"TensPlaca":25,"CorrRede":2.252000093,"TensRede":4.43200016,"ConsDiaPlaca":32742.87695,"ConsMesPlaca":32742.87695,"ConsDiaRede":1346.616211,"ConsMesRede":1346.616211,"Status":"REDE"}