{"CorrPlaca":2.89199996,"TensPlaca":18.11300087,"CorrRede":3.515000105,"TensRede":8.723999977,"ConsDiaPlaca":524.9997559,"ConsMesPlaca":524.9997559,"ConsDiaRede":242.1223297,"ConsMesRede":242.1223297,"Status":"REDE"}