{"CorrPlaca":0.136000007,"TensPlaca":6.709000111,"CorrRede":1.008999944,"TensRede":0.182999998,"ConsDiaPlaca":35.78693008,"ConsMesPlaca":35.78693008,"ConsDiaRede":11.49381638,"ConsMesRede":11.49381638,"Status":"REDE"}