{"CorrPlaca":1.238999963,"TensPlaca":18.05800056,"CorrRede":2.084000111,"TensRede":0.683000028,"ConsDiaPlaca":1245.172974,"ConsMesPlaca":1245.172974,"ConsDiaRede":554.6135254,"ConsMesRede":554.6135254,"Status":"REDE"}