{"CorrPlaca":5,"TensPlaca":0,"CorrRede":0.25,"TensRede":0,"ConsDiaPlaca":6734.087891,"ConsMesPlaca":6734.087891,"ConsDiaRede":521.6915283,"ConsMesRede":521.6915283,"Status":"REDE"}