{"CorrPlaca":0.078000002,"TensPlaca":6.506999969,"CorrRede":0.865999997,"TensRede":0.158000007,"ConsDiaPlaca":78.07053375,"ConsMesPlaca":78.07053375,"ConsDiaRede":29.42811012,"ConsMesRede":29.42811012,"Status":"REDE"}