{"CorrPlaca":5,"TensPlaca":25,"CorrRede":0.52700001,"TensRede":0.017999999,"ConsDiaPlaca":23020.7168,"ConsMesPlaca":23020.7168,"ConsDiaRede":899.4451904,"ConsMesRede":899.4451904,"Status":"REDE"}