{"CorrPlaca":1.322999954,"TensPlaca":18.09499931,"CorrRede":2.375999928,"TensRede":4.78000021,"ConsDiaPlaca":656.6761475,"ConsMesPlaca":656.6761475,"ConsDiaRede":271.0949707,"ConsMesRede":271.0949707,"Status":"REDE"}