{"CorrPlaca":0,"TensPlaca":18.10700035,"CorrRede":1.289000034,"TensRede":0.041999999,"ConsDiaPlaca":1517.506836,"ConsMesPlaca":1517.506836,"ConsDiaRede":687.2084351,"ConsMesRede":687.2084351,"Status":"REDE"}