{"CorrPlaca":5,"TensPlaca":25,"CorrRede":2.483999968,"TensRede":7.21600008,"ConsDiaPlaca":13368,"ConsMesPlaca":13368,"ConsDiaRede":453.3338623,"ConsMesRede":453.3338623,"Status":"REDE"}