{"CorrPlaca":0.02,"TensPlaca":6.659999847,"CorrRede":0.801999986,"TensRede":0.103,"ConsDiaPlaca":87.81695557,"ConsMesPlaca":87.81695557,"ConsDiaRede":44.33794403,"ConsMesRede":44.33794403,"Status":"REDE"}