{"CorrPlaca":1.896000028,"TensPlaca":18.125,"CorrRede":2.707999945,"TensRede":5.493999958,"ConsDiaPlaca":2695.979492,"ConsMesPlaca":2695.979492,"ConsDiaRede":831.199707,"ConsMesRede":831.199707,"Status":"REDE"}