{"Corrente":2.688999891,"Tensao":7.032000065,"Consumo":0.005252514,"Status":"PLACA"}