{"Corrente":0.291000009,"Tensao":25,"Consumo":0.040025003,"Status":"REDE"}