{"Corrente":0.423000008,"Tensao":0,"Consumo":0.006886377,"Status":"REDE"}