{"CorrPlaca":0.086000003,"TensPlaca":18.10099983,"CorrRede":1.245000005,"TensRede":0,"ConsDiaPlaca":3039.805176,"ConsMesPlaca":3039.805176,"ConsDiaRede":1203.943481,"ConsMesRede":1203.943481,"Status":"REDE"}