{"Corrente":14.56499958,"Tensao":0,"Consumo":1.197687745,"Status":"REDE"}