{"CorrPlaca":2.713000059,"TensPlaca":18.07600021,"CorrRede":3.27699995,"TensRede":7.484000206,"ConsDiaPlaca":3196.327637,"ConsMesPlaca":3196.327637,"ConsDiaRede":991.50354,"ConsMesRede":991.50354,"Status":"REDE"}