{"CorrPlaca":0,"TensPlaca":0.615999997,"CorrRede":0.509000003,"TensRede":0.456999987,"ConsDiaPlaca":0,"ConsMesPlaca":0,"ConsDiaRede":0.303424716,"ConsMesRede":0.303424716,"Status":"REDE"}