{"Corrente":14.72099972,"Tensao":0.519999981,"Consumo":1.457006335,"Status":"REDE"}