{"CorrPlaca":5,"TensPlaca":3.118999958,"CorrRede":0.89200002,"TensRede":0.024,"ConsDiaPlaca":4923.405273,"ConsMesPlaca":4923.405273,"ConsDiaRede":475.2340393,"ConsMesRede":475.2340393,"Status":"REDE"}