{"CorrPlaca":0,"TensPlaca":0.81099999,"CorrRede":0.43900001,"TensRede":0,"ConsDiaPlaca":0.004695833,"ConsMesPlaca":0.004695833,"ConsDiaRede":0.514995635,"ConsMesRede":0.514995635,"Status":"REDE"}