{"CorrPlaca":2.480999947,"TensPlaca":18.18000031,"CorrRede":3.084000111,"TensRede":5.622000217,"ConsDiaPlaca":4649.120117,"ConsMesPlaca":4649.120117,"ConsDiaRede":1450.551147,"ConsMesRede":1450.551147,"Status":"REDE"}