{"CorrPlaca":5,"TensPlaca":3.204999924,"CorrRede":1.230999947,"TensRede":3.601000071,"ConsDiaPlaca":6663.891113,"ConsMesPlaca":6663.891113,"ConsDiaRede":508.1660767,"ConsMesRede":508.1660767,"Status":"REDE"}