{"CorrPlaca":5,"TensPlaca":3.22300005,"CorrRede":0.515999973,"TensRede":0,"ConsDiaPlaca":4976.321777,"ConsMesPlaca":4976.321777,"ConsDiaRede":476.4379272,"ConsMesRede":476.4379272,"Status":"REDE"}