{"CorrPlaca":0.699000001,"TensPlaca":0,"CorrRede":0.050999999,"TensRede":0,"ConsDiaPlaca":92.41684723,"ConsMesPlaca":92.41684723,"ConsDiaRede":81.93019867,"ConsMesRede":81.93019867,"Status":"REDE"}