{"CorrPlaca":0.081,"TensPlaca":6.598999977,"CorrRede":0.981999993,"TensRede":0.207000002,"ConsDiaPlaca":37.38030624,"ConsMesPlaca":37.38030624,"ConsDiaRede":12.00367546,"ConsMesRede":12.00367546,"Status":"REDE"}