{"CorrPlaca":0.456999987,"TensPlaca":3.198999882,"CorrRede":0.86500001,"TensRede":1.848999977,"ConsDiaPlaca":162.5697479,"ConsMesPlaca":162.5697479,"ConsDiaRede":152.4220428,"ConsMesRede":152.4220428,"Status":"REDE"}