{"CorrPlaca":0.126000002,"TensPlaca":3.217000008,"CorrRede":0.537999988,"TensRede":0,"ConsDiaPlaca":138.7053528,"ConsMesPlaca":138.7053528,"ConsDiaRede":133.5596313,"ConsMesRede":133.5596313,"Status":"REDE"}