{"CorrPlaca":0.111000001,"TensPlaca":18.06999969,"CorrRede":1.350000024,"TensRede":0.652999997,"ConsDiaPlaca":4107.47998,"ConsMesPlaca":4107.47998,"ConsDiaRede":1596.010864,"ConsMesRede":1596.010864,"Status":"REDE"}