{"CorrPlaca":0.683000028,"TensPlaca":3.924999952,"CorrRede":0,"TensRede":1.940999985,"ConsDiaPlaca":35329.41406,"ConsMesPlaca":35329.41406,"ConsDiaRede":1445.487305,"ConsMesRede":1445.487305,"Status":"REDE"}