{"CorrPlaca":0,"TensPlaca":6.653999805,"CorrRede":0.787,"TensRede":0.224999994,"ConsDiaPlaca":1.533571362,"ConsMesPlaca":1.533571362,"ConsDiaRede":13.92855549,"ConsMesRede":13.92855549,"Status":"REDE"}