{"CorrPlaca":5,"TensPlaca":25,"CorrRede":3.585999966,"TensRede":2.27699995,"ConsDiaPlaca":2736.010498,"ConsMesPlaca":2736.010498,"ConsDiaRede":364.0006104,"ConsMesRede":364.0006104,"Status":"REDE"}