{"CorrPlaca":0,"TensPlaca":18.07600021,"CorrRede":1.184000015,"TensRede":0,"ConsDiaPlaca":1734.11084,"ConsMesPlaca":1734.11084,"ConsDiaRede":780.4627686,"ConsMesRede":780.4627686,"Status":"REDE"}