{"CorrPlaca":0.111000001,"TensPlaca":6.738999844,"CorrRede":0.998000026,"TensRede":0.293000013,"ConsDiaPlaca":44.34862137,"ConsMesPlaca":44.34862137,"ConsDiaRede":14.706357,"ConsMesRede":14.706357,"Status":"REDE"}