{"CorrPlaca":0,"TensPlaca":18.05200005,"CorrRede":1.174999952,"TensRede":0,"ConsDiaPlaca":4058.272461,"ConsMesPlaca":4058.272461,"ConsDiaRede":1577.390503,"ConsMesRede":1577.390503,"Status":"REDE"}