{"CorrPlaca":5,"TensPlaca":25,"CorrRede":3.411999941,"TensRede":0.842000008,"ConsDiaPlaca":1833.232056,"ConsMesPlaca":1833.232056,"ConsDiaRede":350.9446106,"ConsMesRede":350.9446106,"Status":"REDE"}