{"CorrPlaca":5,"TensPlaca":25,"CorrRede":1.184000015,"TensRede":1.562000036,"ConsDiaPlaca":35173.50781,"ConsMesPlaca":35173.50781,"ConsDiaRede":1414.28479,"ConsMesRede":1414.28479,"Status":"REDE"}