{"CorrPlaca":0.090000004,"TensPlaca":18.06999969,"CorrRede":1.340999961,"TensRede":0.456999987,"ConsDiaPlaca":4085.93042,"ConsMesPlaca":4085.93042,"ConsDiaRede":1591.381104,"ConsMesRede":1591.381104,"Status":"REDE"}