{"CorrPlaca":1.205000043,"TensPlaca":18.0340004,"CorrRede":2.255000114,"TensRede":3.753999949,"ConsDiaPlaca":4875.273926,"ConsMesPlaca":4875.273926,"ConsDiaRede":1513.119141,"ConsMesRede":1513.119141,"Status":"REDE"}