{"CorrPlaca":0,"TensPlaca":6.738999844,"CorrRede":0.781000018,"TensRede":0.231000006,"ConsDiaPlaca":1.587435603,"ConsMesPlaca":1.587435603,"ConsDiaRede":19.06801033,"ConsMesRede":19.06801033,"Status":"REDE"}