{"Corrente":179.7960052,"Tensao":24.98200035,"Consumo":7.488843441,"Status":"PLACA"}