{"CorrPlaca":0.064999998,"TensPlaca":6.653999805,"CorrRede":1.014999986,"TensRede":0,"ConsDiaPlaca":45.29096222,"ConsMesPlaca":45.29096222,"ConsDiaRede":14.97833729,"ConsMesRede":14.97833729,"Status":"REDE"}