{"CorrPlaca":5,"TensPlaca":18.13100052,"CorrRede":1.648000002,"TensRede":1.38499999,"ConsDiaPlaca":9574.196289,"ConsMesPlaca":9574.196289,"ConsDiaRede":533.7752075,"ConsMesRede":533.7752075,"Status":"REDE"}