{"CorrPlaca":5,"TensPlaca":25,"CorrRede":1.797999978,"TensRede":1.947000027,"ConsDiaPlaca":20763.78516,"ConsMesPlaca":20763.78516,"ConsDiaRede":801.9970703,"ConsMesRede":801.9970703,"Status":"REDE"}