{"CorrPlaca":5,"TensPlaca":25,"CorrRede":1.343000054,"TensRede":0,"ConsDiaPlaca":33263.70703,"ConsMesPlaca":33263.70703,"ConsDiaRede":1372.129028,"ConsMesRede":1372.129028,"Status":"REDE"}