{"CorrPlaca":0.064999998,"TensPlaca":6.677999973,"CorrRede":0.95599997,"TensRede":0.140000001,"ConsDiaPlaca":57.29917526,"ConsMesPlaca":57.29917526,"ConsDiaRede":20.76135635,"ConsMesRede":20.76135635,"Status":"REDE"}