{"CorrPlaca":0.944999993,"TensPlaca":18.0890007,"CorrRede":1.871000051,"TensRede":0,"ConsDiaPlaca":715.1473999,"ConsMesPlaca":715.1473999,"ConsDiaRede":282.2337036,"ConsMesRede":282.2337036,"Status":"REDE"}