{"CorrPlaca":0.995999992,"TensPlaca":18.11300087,"CorrRede":1.930999994,"TensRede":0.164000005,"ConsDiaPlaca":1480.598145,"ConsMesPlaca":1480.598145,"ConsDiaRede":666.0470581,"ConsMesRede":666.0470581,"Status":"REDE"}