{"CorrPlaca":1.705000043,"TensPlaca":25,"CorrRede":3.040999889,"TensRede":0.213,"ConsDiaPlaca":560.3637695,"ConsMesPlaca":560.3637695,"ConsDiaRede":209.0227203,"ConsMesRede":209.0227203,"Status":"REDE"}