{"CorrPlaca":1.393000007,"TensPlaca":25,"CorrRede":3.260999918,"TensRede":1.128999949,"ConsDiaPlaca":337.155426,"ConsMesPlaca":337.155426,"ConsDiaRede":183.3425446,"ConsMesRede":183.3425446,"Status":"REDE"}