{"corrente":0,"tensao":0.505999982,"consumo":0.377425104}