{"CorrPlaca":0,"TensPlaca":0.853999972,"CorrRede":0.549000025,"TensRede":1.787999988,"ConsDiaPlaca":0,"ConsMesPlaca":0,"ConsDiaRede":0.272670001,"ConsMesRede":0.272670001,"Status":"REDE"}