{"CorrPlaca":0.07,"TensPlaca":6.665999889,"CorrRede":0.934000015,"TensRede":0.207000002,"ConsDiaPlaca":67.42735291,"ConsMesPlaca":67.42735291,"ConsDiaRede":25.99657249,"ConsMesRede":25.99657249,"Status":"REDE"}