{"CorrPlaca":0,"TensPlaca":3.191999912,"CorrRede":0.456999987,"TensRede":0.293000013,"ConsDiaPlaca":144.6012115,"ConsMesPlaca":144.6012115,"ConsDiaRede":138.3801117,"ConsMesRede":138.3801117,"Status":"REDE"}