{"CorrPlaca":2.053999901,"TensPlaca":18.11300087,"CorrRede":2.681999922,"TensRede":4.010000229,"ConsDiaPlaca":3469.137695,"ConsMesPlaca":3469.137695,"ConsDiaRede":1359.089355,"ConsMesRede":1359.089355,"Status":"REDE"}