{"CorrPlaca":0,"TensPlaca":0,"CorrRede":0.643999994,"TensRede":6.659999847,"ConsDiaPlaca":1.587435603,"ConsMesPlaca":1.587435603,"ConsDiaRede":122.4363251,"ConsMesRede":122.4363251,"Status":"REDE"}