{"CorrPlaca":0.061999999,"TensPlaca":6.727000237,"CorrRede":0.976000011,"TensRede":0.164000005,"ConsDiaPlaca":50.22591019,"ConsMesPlaca":50.22591019,"ConsDiaRede":17.25317383,"ConsMesRede":17.25317383,"Status":"REDE"}