{"corrente":-0.015,"tensao":0.652999997,"consumo":-0.000027208}