{"CorrPlaca":0,"TensPlaca":3.118999958,"CorrRede":0.469999999,"TensRede":0.360000014,"ConsDiaPlaca":135.9647827,"ConsMesPlaca":135.9647827,"ConsDiaRede":131.3912354,"ConsMesRede":131.3912354,"Status":"REDE"}