{"CorrPlaca":2.542999983,"TensPlaca":18.0890007,"CorrRede":3.211999893,"TensRede":8.107000351,"ConsDiaPlaca":1145.827515,"ConsMesPlaca":1145.827515,"ConsDiaRede":506.3357239,"ConsMesRede":506.3357239,"Status":"REDE"}