{"Corrente":0.574999988,"Tensao":6.836999893,"Consumo":0.022929607,"Status":"PLACA"}