{"CorrPlaca":0.727999985,"TensPlaca":3.454999924,"CorrRede":0.940999985,"TensRede":3.167999983,"ConsDiaPlaca":59.34458923,"ConsMesPlaca":59.34458923,"ConsDiaRede":52.48682404,"ConsMesRede":52.48682404,"Status":"REDE"}