{"CorrPlaca":5,"TensPlaca":1.648000002,"CorrRede":0.703000009,"TensRede":0.085000001,"ConsDiaPlaca":6841.17041,"ConsMesPlaca":6841.17041,"ConsDiaRede":525.7520752,"ConsMesRede":525.7520752,"Status":"REDE"}