{"CorrPlaca":0.071999997,"TensPlaca":6.623000145,"CorrRede":0.958000004,"TensRede":0.194999993,"ConsDiaPlaca":27.81987572,"ConsMesPlaca":27.81987572,"ConsDiaRede":8.773021698,"ConsMesRede":8.773021698,"Status":"REDE"}