{"CorrPlaca":2.559999943,"TensPlaca":18.06999969,"CorrRede":3.108999968,"TensRede":5.695000172,"ConsDiaPlaca":3465.719971,"ConsMesPlaca":3465.719971,"ConsDiaRede":1087.015869,"ConsMesRede":1087.015869,"Status":"REDE"}