{"CorrPlaca":0.386999995,"TensPlaca":18.13100052,"CorrRede":1.59800005,"TensRede":0.671000004,"ConsDiaPlaca":4153.25,"ConsMesPlaca":4153.25,"ConsDiaRede":1296.807495,"ConsMesRede":1296.807495,"Status":"REDE"}