{"CorrPlaca":0,"TensPlaca":0,"CorrRede":0.643999994,"TensRede":0.207000002,"ConsDiaPlaca":1.587435603,"ConsMesPlaca":1.587435603,"ConsDiaRede":17.27480125,"ConsMesRede":17.27480125,"Status":"REDE"}