{"CorrPlaca":5,"TensPlaca":25,"CorrRede":2.357000113,"TensRede":4.119999886,"ConsDiaPlaca":5590.271484,"ConsMesPlaca":5590.271484,"ConsDiaRede":194.4174957,"ConsMesRede":194.4174957,"Status":"REDE"}