{"Corrente":0.018999999,"Tensao":0,"Consumo":0.053693287,"Status":"REDE"}