{"CorrPlaca":2.897000074,"TensPlaca":18.06999969,"CorrRede":3.407000065,"TensRede":8.204999924,"ConsDiaPlaca":3037.232178,"ConsMesPlaca":3037.232178,"ConsDiaRede":1203.910889,"ConsMesRede":1203.910889,"Status":"REDE"}