{"CorrPlaca":5,"TensPlaca":25,"CorrRede":2.390000105,"TensRede":2.753000021,"ConsDiaPlaca":11701.34375,"ConsMesPlaca":11701.34375,"ConsDiaRede":357.2165527,"ConsMesRede":357.2165527,"Status":"REDE"}