{"CorrPlaca":0.143999994,"TensPlaca":6.738999844,"CorrRede":0.90200001,"TensRede":0.140000001,"ConsDiaPlaca":75.24835205,"ConsMesPlaca":75.24835205,"ConsDiaRede":28.72162437,"ConsMesRede":28.72162437,"Status":"REDE"}