{"CorrPlaca":1.050999999,"TensPlaca":25,"CorrRede":1.802000046,"TensRede":0.298999995,"ConsDiaPlaca":13272.04492,"ConsMesPlaca":13272.04492,"ConsDiaRede":568.7089844,"ConsMesRede":568.7089844,"Status":"REDE"}