{"Corrente":16.39699936,"Tensao":3.74000001,"Consumo":0.607597351,"Status":"REDE"}