{"CorrPlaca":0.495000005,"TensPlaca":18.16799927,"CorrRede":1.641000032,"TensRede":0,"ConsDiaPlaca":276.6721802,"ConsMesPlaca":276.6721802,"ConsDiaRede":89.79278564,"ConsMesRede":89.79278564,"Status":"REDE"}