{"CorrPlaca":0,"TensPlaca":0,"CorrRede":0.620000005,"TensRede":0.085000001,"ConsDiaPlaca":1.587435603,"ConsMesPlaca":1.587435603,"ConsDiaRede":187.8109741,"ConsMesRede":187.8109741,"Status":"REDE"}