{"CorrPlaca":0,"TensPlaca":0.781000018,"CorrRede":0.444000006,"TensRede":0.006,"ConsDiaPlaca":0.013378889,"ConsMesPlaca":0.013378889,"ConsDiaRede":0.859474421,"ConsMesRede":0.859474421,"Status":"REDE"}