{"CorrPlaca":5,"TensPlaca":25,"CorrRede":0.555000007,"TensRede":0.128000006,"ConsDiaPlaca":17291.58594,"ConsMesPlaca":17291.58594,"ConsDiaRede":613.6796875,"ConsMesRede":613.6796875,"Status":"REDE"}