{"CorrPlaca":0.059,"TensPlaca":18.11300087,"CorrRede":1.279000044,"TensRede":0,"ConsDiaPlaca":1285.649902,"ConsMesPlaca":1285.649902,"ConsDiaRede":574.4541016,"ConsMesRede":574.4541016,"Status":"REDE"}