{"CorrPlaca":5,"TensPlaca":25,"CorrRede":2.194000006,"TensRede":3.809000015,"ConsDiaPlaca":14340.21582,"ConsMesPlaca":14340.21582,"ConsDiaRede":481.8499756,"ConsMesRede":481.8499756,"Status":"REDE"}