{"CorrPlaca":5,"TensPlaca":25,"CorrRede":0.592999995,"TensRede":0.231000006,"ConsDiaPlaca":29965.11523,"ConsMesPlaca":29965.11523,"ConsDiaRede":1239.078613,"ConsMesRede":1239.078613,"Status":"REDE"}