{"Corrente":14.56499958,"Tensao":27.17900085,"Consumo":4.193637848,"Status":"PLACA"}