{"CorrPlaca":0,"TensPlaca":6.642000198,"CorrRede":0.805000007,"TensRede":0.268000007,"ConsDiaPlaca":87.85235596,"ConsMesPlaca":87.85235596,"ConsDiaRede":44.44316483,"ConsMesRede":44.44316483,"Status":"REDE"}