{"CorrPlaca":0,"TensPlaca":6.544000149,"CorrRede":0.799000025,"TensRede":0.134000003,"ConsDiaPlaca":86.17098999,"ConsMesPlaca":86.17098999,"ConsDiaRede":39.73784637,"ConsMesRede":39.73784637,"Status":"REDE"}