{"corrente":1.32099998,"tensao":7.65500021,"consumo":1.439068437}