{"CorrPlaca":0.057999998,"TensPlaca":6.677999973,"CorrRede":0.99000001,"TensRede":0.238000005,"ConsDiaPlaca":59.22296524,"ConsMesPlaca":59.22296524,"ConsDiaRede":21.79117584,"ConsMesRede":21.79117584,"Status":"REDE"}