{"CorrPlaca":0.574999988,"TensPlaca":18.06999969,"CorrRede":1.616999984,"TensRede":0,"ConsDiaPlaca":2242.41748,"ConsMesPlaca":2242.41748,"ConsDiaRede":701.5582886,"ConsMesRede":701.5582886,"Status":"REDE"}