{"Corrente":14.44299984,"Tensao":0.683000028,"Consumo":4.302337646,"Status":"REDE"}