{"CorrPlaca":0.514999986,"TensPlaca":17.93600082,"CorrRede":1.559999943,"TensRede":0,"ConsDiaPlaca":1525.345093,"ConsMesPlaca":1525.345093,"ConsDiaRede":616.7843018,"ConsMesRede":616.7843018,"Status":"REDE"}