{"CorrPlaca":0,"TensPlaca":3.118999958,"CorrRede":0.25999999,"TensRede":0,"ConsDiaPlaca":161.7339172,"ConsMesPlaca":161.7339172,"ConsDiaRede":151.8214874,"ConsMesRede":151.8214874,"Status":"REDE"}