{"CorrPlaca":0.405999988,"TensPlaca":18.15600014,"CorrRede":1.56400001,"TensRede":0,"ConsDiaPlaca":1239.117432,"ConsMesPlaca":1239.117432,"ConsDiaRede":391.1682739,"ConsMesRede":391.1682739,"Status":"REDE"}