{"CorrPlaca":0.048,"TensPlaca":3.118999958,"CorrRede":0.577000022,"TensRede":0.293000013,"ConsDiaPlaca":161.7755127,"ConsMesPlaca":161.7755127,"ConsDiaRede":151.868454,"ConsMesRede":151.868454,"Status":"REDE"}