{"Corrente":0,"Tensao":2.721999884,"Consumo":8.655833881e-6,"Status":"REDE"}