{"Corrente":0.252999991,"Tensao":5.781000137,"Consumo":0.054099564,"Status":"REDE"}