{"CorrPlaca":5,"TensPlaca":25,"CorrRede":2.059000015,"TensRede":6.361000061,"ConsDiaPlaca":22256.83203,"ConsMesPlaca":22256.83203,"ConsDiaRede":861.9707031,"ConsMesRede":861.9707031,"Status":"REDE"}