{"corrente":1.095000029,"tensao":6.196000099,"consumo":1.048139453}