{"CorrPlaca":2.190000057,"TensPlaca":18.06999969,"CorrRede":2.832999945,"TensRede":3.118999958,"ConsDiaPlaca":867.4667358,"ConsMesPlaca":867.4667358,"ConsDiaRede":272.0056458,"ConsMesRede":272.0056458,"Status":"REDE"}