{"CorrPlaca":0.330000013,"TensPlaca":3.118999958,"CorrRede":0.704999983,"TensRede":0.201000005,"ConsDiaPlaca":136.9105835,"ConsMesPlaca":136.9105835,"ConsDiaRede":131.5844574,"ConsMesRede":131.5844574,"Status":"REDE"}