{"CorrPlaca":5,"TensPlaca":25,"CorrRede":2.342999935,"TensRede":2.838000059,"ConsDiaPlaca":5555.549316,"ConsMesPlaca":5555.549316,"ConsDiaRede":191.720047,"ConsMesRede":191.720047,"Status":"REDE"}