{"CorrPlaca":0,"TensPlaca":0,"CorrRede":0.593999982,"TensRede":0,"ConsDiaPlaca":1.587435603,"ConsMesPlaca":1.587435603,"ConsDiaRede":187.0127106,"ConsMesRede":187.0127106,"Status":"REDE"}