{"CorrPlaca":5,"TensPlaca":25,"CorrRede":0.81400001,"TensRede":0,"ConsDiaPlaca":30277.61328,"ConsMesPlaca":30277.61328,"ConsDiaRede":1254.348755,"ConsMesRede":1254.348755,"Status":"REDE"}