{"CorrPlaca":5,"TensPlaca":25,"CorrRede":0.488999993,"TensRede":0,"ConsDiaPlaca":21354.06055,"ConsMesPlaca":21354.06055,"ConsDiaRede":812.8081055,"ConsMesRede":812.8081055,"Status":"REDE"}