{"CorrPlaca":0.059,"TensPlaca":6.709000111,"CorrRede":0.941999972,"TensRede":0.164000005,"ConsDiaPlaca":65.48427582,"ConsMesPlaca":65.48427582,"ConsDiaRede":24.99386787,"ConsMesRede":24.99386787,"Status":"REDE"}