{"CorrPlaca":5,"TensPlaca":3.118999958,"CorrRede":1,"TensRede":1.965000033,"ConsDiaPlaca":4958.467773,"ConsMesPlaca":4958.467773,"ConsDiaRede":476.405426,"ConsMesRede":476.405426,"Status":"REDE"}