{"Corrente":5,"Tensao":3.967999935,"Consumo":0.053112503,"Status":"REDE"}