{"CorrPlaca":0.824000001,"TensPlaca":18.10099983,"CorrRede":1.970999956,"TensRede":1.335999966,"ConsDiaPlaca":239.0737,"ConsMesPlaca":239.0737,"ConsDiaRede":84.42102051,"ConsMesRede":84.42102051,"Status":"REDE"}