{"CorrPlaca":0,"TensPlaca":0,"CorrRede":0.643999994,"TensRede":6.732999802,"ConsDiaPlaca":1.587435603,"ConsMesPlaca":1.587435603,"ConsDiaRede":147.8575592,"ConsMesRede":147.8575592,"Status":"REDE"}