{"Corrente":0.460999995,"Tensao":0,"Consumo":0.057277199,"Status":"REDE"}