{"CorrPlaca":0,"TensPlaca":6.574999809,"CorrRede":0.814999998,"TensRede":0.43900001,"ConsDiaPlaca":1.522501469,"ConsMesPlaca":1.522501469,"ConsDiaRede":5.12183094,"ConsMesRede":5.12183094,"Status":"REDE"}