{"Corrente":3.572999954,"Tensao":28.12299919,"Consumo":0.198576123,"Status":"PLACA"}