{"CorrPlaca":2.246000051,"TensPlaca":18.1989994,"CorrRede":2.880000114,"TensRede":4.107999802,"ConsDiaPlaca":4033.071533,"ConsMesPlaca":4033.071533,"ConsDiaRede":1259.0625,"ConsMesRede":1259.0625,"Status":"REDE"}