{"corrente":0.712000012,"tensao":0.666000009,"consumo":0.085638352}