{"Corrente":-3.332999945,"Tensao":0,"Consumo":0.59558028,"Status":"REDE"}