{"CorrPlaca":0.057999998,"TensPlaca":6.665999889,"CorrRede":0.941999972,"TensRede":0.170000002,"ConsDiaPlaca":64.72135162,"ConsMesPlaca":64.72135162,"ConsDiaRede":24.64533997,"ConsMesRede":24.64533997,"Status":"REDE"}