{"CorrPlaca":1.741000056,"TensPlaca":18.06999969,"CorrRede":2.487999916,"TensRede":1.593000054,"ConsDiaPlaca":787.7581787,"ConsMesPlaca":787.7581787,"ConsDiaRede":249.5970612,"ConsMesRede":249.5970612,"Status":"REDE"}