{"CorrPlaca":0.057999998,"TensPlaca":6.715000153,"CorrRede":0.959999979,"TensRede":0.207000002,"ConsDiaPlaca":63.47291565,"ConsMesPlaca":63.47291565,"ConsDiaRede":23.9690094,"ConsMesRede":23.9690094,"Status":"REDE"}