{"CorrPlaca":3.776000023,"TensPlaca":3.198999882,"CorrRede":3.538000107,"TensRede":11.0369997,"ConsDiaPlaca":4899.962891,"ConsMesPlaca":4899.962891,"ConsDiaRede":461.7851563,"ConsMesRede":461.7851563,"Status":"REDE"}