{"CorrPlaca":2.359999895,"TensPlaca":18.05800056,"CorrRede":2.950999975,"TensRede":5.25,"ConsDiaPlaca":4032.474365,"ConsMesPlaca":4032.474365,"ConsDiaRede":1565.734131,"ConsMesRede":1565.734131,"Status":"REDE"}