{"CorrPlaca":0.289999992,"TensPlaca":18.11300087,"CorrRede":1.49000001,"TensRede":0.090999998,"ConsDiaPlaca":3500.595947,"ConsMesPlaca":3500.595947,"ConsDiaRede":1098.071899,"ConsMesRede":1098.071899,"Status":"REDE"}