{"CorrPlaca":0.977999985,"TensPlaca":18.06999969,"CorrRede":1.835000038,"TensRede":0.097000003,"ConsDiaPlaca":3268.091064,"ConsMesPlaca":3268.091064,"ConsDiaRede":1281.455933,"ConsMesRede":1281.455933,"Status":"REDE"}