{"CorrPlaca":5,"TensPlaca":25,"CorrRede":1.072999954,"TensRede":0,"ConsDiaPlaca":11388.8457,"ConsMesPlaca":11388.8457,"ConsDiaRede":348.3877563,"ConsMesRede":348.3877563,"Status":"REDE"}