{"CorrPlaca":3.124000072,"TensPlaca":18.06999969,"CorrRede":3.65199995,"TensRede":9.303999901,"ConsDiaPlaca":1385.255005,"ConsMesPlaca":1385.255005,"ConsDiaRede":625.5460815,"ConsMesRede":625.5460815,"Status":"REDE"}