{"Corrente":14.57499981,"Tensao":0,"Consumo":1.197687745,"Status":"REDE"}