{"Corrente":0.324000001,"Tensao":6.244999886,"Consumo":0.016594175,"Status":"REDE"}