{"CorrPlaca":0,"TensPlaca":6.690999985,"CorrRede":0.765999973,"TensRede":0.256000012,"ConsDiaPlaca":1.533571362,"ConsMesPlaca":1.533571362,"ConsDiaRede":13.74154663,"ConsMesRede":13.74154663,"Status":"REDE"}