{"CorrPlaca":0,"TensPlaca":6.738999844,"CorrRede":0.788999975,"TensRede":0.305000007,"ConsDiaPlaca":1.533571362,"ConsMesPlaca":1.533571362,"ConsDiaRede":12.40494823,"ConsMesRede":12.40494823,"Status":"REDE"}