{"CorrPlaca":0.474000007,"TensPlaca":18.08300018,"CorrRede":1.626000047,"TensRede":1.177999973,"ConsDiaPlaca":60.02568817,"ConsMesPlaca":60.02568817,"ConsDiaRede":29.85335541,"ConsMesRede":29.85335541,"Status":"REDE"}