{"CorrPlaca":0,"TensPlaca":0.75,"CorrRede":0.515999973,"TensRede":0.293000013,"ConsDiaPlaca":0.006763611,"ConsMesPlaca":0.006763611,"ConsDiaRede":0.898258924,"ConsMesRede":0.898258924,"Status":"REDE"}