{"CorrPlaca":0.059,"TensPlaca":6.684000015,"CorrRede":0.967999995,"TensRede":0.335000008,"ConsDiaPlaca":54.68896484,"ConsMesPlaca":54.68896484,"ConsDiaRede":19.3846035,"ConsMesRede":19.3846035,"Status":"REDE"}