{"Corrente":2.845000029,"Tensao":0,"Consumo":0.099550068,"Status":"REDE"}