{"CorrPlaca":2.167000055,"TensPlaca":18.10700035,"CorrRede":2.792999983,"TensRede":4.584000111,"ConsDiaPlaca":2184.672363,"ConsMesPlaca":2184.672363,"ConsDiaRede":872.7793579,"ConsMesRede":872.7793579,"Status":"REDE"}