{"CorrPlaca":0.684000015,"TensPlaca":17.98500061,"CorrRede":1.684000015,"TensRede":0,"ConsDiaPlaca":503.6106262,"ConsMesPlaca":503.6106262,"ConsDiaRede":232.5360107,"ConsMesRede":232.5360107,"Status":"REDE"}