{"CorrPlaca":0.910000026,"TensPlaca":18.08300018,"CorrRede":1.855000019,"TensRede":0,"ConsDiaPlaca":4232.511719,"ConsMesPlaca":4232.511719,"ConsDiaRede":1321.363892,"ConsMesRede":1321.363892,"Status":"REDE"}