{"CorrPlaca":5,"TensPlaca":25,"CorrRede":1.657999992,"TensRede":4.505000114,"ConsDiaPlaca":33159.53906,"ConsMesPlaca":33159.53906,"ConsDiaRede":1370.96582,"ConsMesRede":1370.96582,"Status":"REDE"}