{"CorrPlaca":1.942999959,"TensPlaca":18.16799927,"CorrRede":2.61500001,"TensRede":2.210000038,"ConsDiaPlaca":717.5045166,"ConsMesPlaca":717.5045166,"ConsDiaRede":231.8543549,"ConsMesRede":231.8543549,"Status":"REDE"}