{"Corrente":14.53100014,"Tensao":0,"Consumo":1.197687745,"Status":"REDE"}