{"CorrPlaca":0,"TensPlaca":18.11300087,"CorrRede":1.166000009,"TensRede":0,"ConsDiaPlaca":3517.548828,"ConsMesPlaca":3517.548828,"ConsDiaRede":1373.987915,"ConsMesRede":1373.987915,"Status":"REDE"}