{"CorrPlaca":0.279000014,"TensPlaca":18.10700035,"CorrRede":1.422999978,"TensRede":0,"ConsDiaPlaca":4608.25293,"ConsMesPlaca":4608.25293,"ConsDiaRede":1436.575806,"ConsMesRede":1436.575806,"Status":"REDE"}