{"Corrente":14.92099953,"Tensao":24.78000069,"Consumo":1.10179472,"Status":"PLACA"}