{"CorrPlaca":0,"TensPlaca":6.538000107,"CorrRede":0.806999981,"TensRede":0.145999998,"ConsDiaPlaca":85.2513504,"ConsMesPlaca":85.2513504,"ConsDiaRede":37.97108459,"ConsMesRede":37.97108459,"Status":"REDE"}