{"CorrPlaca":0,"TensPlaca":6.738999844,"CorrRede":0.801999986,"TensRede":0.182999998,"ConsDiaPlaca":87.77623749,"ConsMesPlaca":87.77623749,"ConsDiaRede":44.22307587,"ConsMesRede":44.22307587,"Status":"REDE"}