{"CorrPlaca":0.545000017,"TensPlaca":18.13100052,"CorrRede":1.620000005,"TensRede":0,"ConsDiaPlaca":14.38437366,"ConsMesPlaca":14.38437366,"ConsDiaRede":1.849936128,"ConsMesRede":1.849936128,"Status":"REDE"}