{"CorrPlaca":0,"TensPlaca":0,"CorrRede":0.572000027,"TensRede":0,"ConsDiaPlaca":1.587435603,"ConsMesPlaca":1.587435603,"ConsDiaRede":21.62564659,"ConsMesRede":21.62564659,"Status":"REDE"}