{"CorrPlaca":2.187999964,"TensPlaca":18.06999969,"CorrRede":2.948999882,"TensRede":6.500999928,"ConsDiaPlaca":4762.907715,"ConsMesPlaca":4762.907715,"ConsDiaRede":1481.937378,"ConsMesRede":1481.937378,"Status":"REDE"}