{"CorrPlaca":0.200000003,"TensPlaca":18.0340004,"CorrRede":1.455000043,"TensRede":0.029999999,"ConsDiaPlaca":4369.630859,"ConsMesPlaca":4369.630859,"ConsDiaRede":1363.667847,"ConsMesRede":1363.667847,"Status":"REDE"}