{"CorrPlaca":0.015,"TensPlaca":6.677999973,"CorrRede":0.824999988,"TensRede":0.194999993,"ConsDiaPlaca":86.29821777,"ConsMesPlaca":86.29821777,"ConsDiaRede":40.06985855,"ConsMesRede":40.06985855,"Status":"REDE"}