{"CorrPlaca":5,"TensPlaca":25,"CorrRede":2.177000046,"TensRede":3.009000063,"ConsDiaPlaca":590.277832,"ConsMesPlaca":590.277832,"ConsDiaRede":22.02912331,"ConsMesRede":22.02912331,"Status":"REDE"}