{"Corrente":15.32299995,"Tensao":4.113999844,"Consumo":0.484301716,"Status":"REDE"}