{"CorrPlaca":0.090000004,"TensPlaca":6.665999889,"CorrRede":0.995999992,"TensRede":0.244000003,"ConsDiaPlaca":52.2973175,"ConsMesPlaca":52.2973175,"ConsDiaRede":18.22495651,"ConsMesRede":18.22495651,"Status":"REDE"}