{"CorrPlaca":0,"TensPlaca":0.792999983,"CorrRede":0.421999991,"TensRede":0.090999998,"ConsDiaPlaca":0,"ConsMesPlaca":0,"ConsDiaRede":0.196237221,"ConsMesRede":0.196237221,"Status":"REDE"}