{"CorrPlaca":5,"TensPlaca":25,"CorrRede":0.495999992,"TensRede":0,"ConsDiaPlaca":27465.13281,"ConsMesPlaca":27465.13281,"ConsDiaRede":1111.538574,"ConsMesRede":1111.538574,"Status":"REDE"}