{"Corrente":14.85000038,"Tensao":0,"Consumo":0.792368889,"Status":"REDE"}