{"CorrPlaca":0,"TensPlaca":6.738999844,"CorrRede":0.763000011,"TensRede":0.238000005,"ConsDiaPlaca":1.587435603,"ConsMesPlaca":1.587435603,"ConsDiaRede":20.92263031,"ConsMesRede":20.92263031,"Status":"REDE"}