{"CorrPlaca":5,"TensPlaca":0,"CorrRede":0.660000026,"TensRede":0.976000011,"ConsDiaPlaca":6236.48877,"ConsMesPlaca":6236.48877,"ConsDiaRede":493.5993042,"ConsMesRede":493.5993042,"Status":"REDE"}