{"CorrPlaca":0.187999994,"TensPlaca":18.05200005,"CorrRede":1.404000044,"TensRede":0,"ConsDiaPlaca":3467.514648,"ConsMesPlaca":3467.514648,"ConsDiaRede":1087.015869,"ConsMesRede":1087.015869,"Status":"REDE"}