{"CorrPlaca":0.279000014,"TensPlaca":18.13699913,"CorrRede":1.458999991,"TensRede":0,"ConsDiaPlaca":2591.003662,"ConsMesPlaca":2591.003662,"ConsDiaRede":800.9580078,"ConsMesRede":800.9580078,"Status":"REDE"}