{"corrente":0.771000028,"tensao":0.666000009,"consumo":0.077187546}