{"CorrPlaca":0.528999984,"TensPlaca":3.191999912,"CorrRede":0.917999983,"TensRede":2.075000048,"ConsDiaPlaca":119.8693695,"ConsMesPlaca":119.8693695,"ConsDiaRede":116.557373,"ConsMesRede":116.557373,"Status":"REDE"}