{"corrente":0,"tensao":0.079000004,"consumo":0.384720773}