{"CorrPlaca":0.074000001,"TensPlaca":6.738999844,"CorrRede":0.879000008,"TensRede":0.103,"ConsDiaPlaca":73.50996399,"ConsMesPlaca":73.50996399,"ConsDiaRede":28.21177673,"ConsMesRede":28.21177673,"Status":"REDE"}