{"CorrPlaca":0,"TensPlaca":3.112999916,"CorrRede":0.370999992,"TensRede":0,"ConsDiaPlaca":158.9107513,"ConsMesPlaca":158.9107513,"ConsDiaRede":149.0744171,"ConsMesRede":149.0744171,"Status":"REDE"}