{"CorrPlaca":0.026000001,"TensPlaca":0.555000007,"CorrRede":0.561999977,"TensRede":0.84799999,"ConsDiaPlaca":0.017773887,"ConsMesPlaca":0.017773887,"ConsDiaRede":0.880379736,"ConsMesRede":0.880379736,"Status":"REDE"}