{"CorrPlaca":5,"TensPlaca":25,"CorrRede":2,"TensRede":3.118999958,"ConsDiaPlaca":33402.59375,"ConsMesPlaca":33402.59375,"ConsDiaRede":1384.405396,"ConsMesRede":1384.405396,"Status":"REDE"}