{"CorrPlaca":0.885999978,"TensPlaca":18.22299957,"CorrRede":1.850999951,"TensRede":0,"ConsDiaPlaca":4526.826172,"ConsMesPlaca":4526.826172,"ConsDiaRede":1413.78833,"ConsMesRede":1413.78833,"Status":"REDE"}