{"Corrente":2.927999973,"Tensao":7.130000114,"Consumo":0.050199386,"Status":"PLACA"}