{"CorrPlaca":0.057999998,"TensPlaca":6.709000111,"CorrRede":0.893000007,"TensRede":0.201000005,"ConsDiaPlaca":80.94676208,"ConsMesPlaca":80.94676208,"ConsDiaRede":31.14153099,"ConsMesRede":31.14153099,"Status":"REDE"}