{"CorrPlaca":0.500999987,"TensPlaca":3.210999966,"CorrRede":0.853999972,"TensRede":0.818000019,"ConsDiaPlaca":156.9667358,"ConsMesPlaca":156.9667358,"ConsDiaRede":147.3170929,"ConsMesRede":147.3170929,"Status":"REDE"}