{"Corrente":14.45300007,"Tensao":1.529000044,"Consumo":6.841870785,"Status":"REDE"}