{"CorrPlaca":0.136999995,"TensPlaca":18.07600021,"CorrRede":1.427999973,"TensRede":0.006,"ConsDiaPlaca":4821.879883,"ConsMesPlaca":4821.879883,"ConsDiaRede":1499.35791,"ConsMesRede":1499.35791,"Status":"REDE"}