{"CorrPlaca":0,"TensPlaca":18.06999969,"CorrRede":1.179999948,"TensRede":0,"ConsDiaPlaca":1525.345093,"ConsMesPlaca":1525.345093,"ConsDiaRede":616.7843018,"ConsMesRede":616.7843018,"Status":"REDE"}