{"Corrente":0,"Tensao":1.269000053,"Consumo":0.00001544,"Status":"REDE"}