{"Corrente":0.344999999,"Tensao":0,"Consumo":0.006886377,"Status":"REDE"}