{"Corrente":16.90200043,"Tensao":4.27699995,"Consumo":0.185086265,"Status":"REDE"}