{"CorrPlaca":2.482000113,"TensPlaca":18.06399918,"CorrRede":3.122999907,"TensRede":7.045000076,"ConsDiaPlaca":3878.279053,"ConsMesPlaca":3878.279053,"ConsDiaRede":1208.003052,"ConsMesRede":1208.003052,"Status":"REDE"}