{"CorrPlaca":1.125,"TensPlaca":18.10099983,"CorrRede":2.217999935,"TensRede":3.479000092,"ConsDiaPlaca":2808.824463,"ConsMesPlaca":2808.824463,"ConsDiaRede":871.5105591,"ConsMesRede":871.5105591,"Status":"REDE"}