{"Corrente":2.230000019,"Tensao":0,"Consumo":0.149639666,"Status":"REDE"}