{"CorrPlaca":0.067000002,"TensPlaca":6.738999844,"CorrRede":0.963,"TensRede":0.256000012,"ConsDiaPlaca":60.58017731,"ConsMesPlaca":60.58017731,"ConsDiaRede":22.44125748,"ConsMesRede":22.44125748,"Status":"REDE"}