{"CorrPlaca":5,"TensPlaca":18.06999969,"CorrRede":3.084000111,"TensRede":3.028000116,"ConsDiaPlaca":3066.428467,"ConsMesPlaca":3066.428467,"ConsDiaRede":377.2810059,"ConsMesRede":377.2810059,"Status":"REDE"}