{"CorrPlaca":2.506999969,"TensPlaca":18.09499931,"CorrRede":3.167000055,"TensRede":7.245999813,"ConsDiaPlaca":4539.426758,"ConsMesPlaca":4539.426758,"ConsDiaRede":1420.162842,"ConsMesRede":1420.162842,"Status":"REDE"}