{"Corrente":0,"Tensao":0.94599998,"Consumo":8.655833881e-6,"Status":"REDE"}