{"CorrPlaca":0.209999993,"TensPlaca":18.10099983,"CorrRede":1.465999961,"TensRede":0.182999998,"ConsDiaPlaca":5079.271484,"ConsMesPlaca":5079.271484,"ConsDiaRede":1585.062134,"ConsMesRede":1585.062134,"Status":"REDE"}