{"CorrPlaca":5,"TensPlaca":25,"CorrRede":2.493000031,"TensRede":6.214000225,"ConsDiaPlaca":17916.58203,"ConsMesPlaca":17916.58203,"ConsDiaRede":653.6982422,"ConsMesRede":653.6982422,"Status":"REDE"}