{"CorrPlaca":0.27700001,"TensPlaca":18.16200066,"CorrRede":1.527999997,"TensRede":1.184000015,"ConsDiaPlaca":4585.602051,"ConsMesPlaca":4585.602051,"ConsDiaRede":1784.055054,"ConsMesRede":1784.055054,"Status":"REDE"}