{"CorrPlaca":5,"TensPlaca":25,"CorrRede":2.150000095,"TensRede":3.417999983,"ConsDiaPlaca":16909.64453,"ConsMesPlaca":16909.64453,"ConsDiaRede":599.8995361,"ConsMesRede":599.8995361,"Status":"REDE"}