{"CorrPlaca":0.312999994,"TensPlaca":18.16200066,"CorrRede":1.457000017,"TensRede":0,"ConsDiaPlaca":5200.530762,"ConsMesPlaca":5200.530762,"ConsDiaRede":1635.394165,"ConsMesRede":1635.394165,"Status":"REDE"}