{"CorrPlaca":0,"TensPlaca":6.709000111,"CorrRede":0.754999995,"TensRede":0.029999999,"ConsDiaPlaca":1.587435603,"ConsMesPlaca":1.587435603,"ConsDiaRede":22.54424286,"ConsMesRede":22.54424286,"Status":"REDE"}