{"CorrPlaca":5,"TensPlaca":25,"CorrRede":2.230000019,"TensRede":4.455999851,"ConsDiaPlaca":31041.49805,"ConsMesPlaca":31041.49805,"ConsDiaRede":1286.646118,"ConsMesRede":1286.646118,"Status":"REDE"}