{"CorrPlaca":0.90200001,"TensPlaca":18.08300018,"CorrRede":1.873999953,"TensRede":0,"ConsDiaPlaca":4582.843262,"ConsMesPlaca":4582.843262,"ConsDiaRede":1428.183228,"ConsMesRede":1428.183228,"Status":"REDE"}