{"CorrPlaca":0.078000002,"TensPlaca":6.659999847,"CorrRede":1.013000011,"TensRede":0.293000013,"ConsDiaPlaca":51.0677681,"ConsMesPlaca":51.0677681,"ConsDiaRede":17.69569206,"ConsMesRede":17.69569206,"Status":"REDE"}