{"CorrPlaca":0.035,"TensPlaca":6.721000195,"CorrRede":0.887000024,"TensRede":0.103,"ConsDiaPlaca":81.05878448,"ConsMesPlaca":81.05878448,"ConsDiaRede":31.23381233,"ConsMesRede":31.23381233,"Status":"REDE"}