{"CorrPlaca":2.792000055,"TensPlaca":18.16200066,"CorrRede":3.339999914,"TensRede":7.428999901,"ConsDiaPlaca":2139.177002,"ConsMesPlaca":2139.177002,"ConsDiaRede":667.5728149,"ConsMesRede":667.5728149,"Status":"REDE"}