{"CorrPlaca":0.057999998,"TensPlaca":6.721000195,"CorrRede":0.981999993,"TensRede":0.115000002,"ConsDiaPlaca":60.09622574,"ConsMesPlaca":60.09622574,"ConsDiaRede":22.15513992,"ConsMesRede":22.15513992,"Status":"REDE"}