{"CorrPlaca":5,"TensPlaca":25,"CorrRede":1.58099997,"TensRede":0.5,"ConsDiaPlaca":11944.39844,"ConsMesPlaca":11944.39844,"ConsDiaRede":361.494812,"ConsMesRede":361.494812,"Status":"REDE"}