{"CorrPlaca":5,"TensPlaca":18.07600021,"CorrRede":2.611000061,"TensRede":0.610000014,"ConsDiaPlaca":3242.425781,"ConsMesPlaca":3242.425781,"ConsDiaRede":382.4435425,"ConsMesRede":382.4435425,"Status":"REDE"}