{"CorrPlaca":2.969000101,"TensPlaca":18.06999969,"CorrRede":3.417999983,"TensRede":6.684000015,"ConsDiaPlaca":1254.020142,"ConsMesPlaca":1254.020142,"ConsDiaRede":397.5143738,"ConsMesRede":397.5143738,"Status":"REDE"}