{"CorrPlaca":0.238000005,"TensPlaca":18.09499931,"CorrRede":1.406000018,"TensRede":0,"ConsDiaPlaca":3929.654785,"ConsMesPlaca":3929.654785,"ConsDiaRede":1224.144409,"ConsMesRede":1224.144409,"Status":"REDE"}