{"CorrPlaca":0.128999993,"TensPlaca":18.10099983,"CorrRede":1.386999965,"TensRede":0.59799999,"ConsDiaPlaca":2279.091797,"ConsMesPlaca":2279.091797,"ConsDiaRede":902.3248901,"ConsMesRede":902.3248901,"Status":"REDE"}