{"CorrPlaca":0.722000003,"TensPlaca":3.913000107,"CorrRede":1.003999949,"TensRede":1.465000033,"ConsDiaPlaca":64.10958099,"ConsMesPlaca":64.10958099,"ConsDiaRede":55.56480789,"ConsMesRede":55.56480789,"Status":"REDE"}