{"CorrPlaca":0.246999994,"TensPlaca":3.118999958,"CorrRede":0.623000026,"TensRede":0,"ConsDiaPlaca":127.2923584,"ConsMesPlaca":127.2923584,"ConsDiaRede":123.8034363,"ConsMesRede":123.8034363,"Status":"REDE"}