{"CorrPlaca":0.703000009,"TensPlaca":6.965000153,"CorrRede":1.682999969,"TensRede":5.316999912,"ConsDiaPlaca":16.80634499,"ConsMesPlaca":16.80634499,"ConsDiaRede":12.85585117,"ConsMesRede":12.85585117,"Status":"REDE"}