{"Corrente":0,"Tensao":7.063000202,"Consumo":0.057277199,"Status":"REDE"}