{"CorrPlaca":5,"TensPlaca":3.210999966,"CorrRede":0.379999995,"TensRede":0,"ConsDiaPlaca":6646.10498,"ConsMesPlaca":6646.10498,"ConsDiaRede":505.9943542,"ConsMesRede":505.9943542,"Status":"REDE"}