{"CorrPlaca":5,"TensPlaca":25,"CorrRede":0.736000001,"TensRede":0.75,"ConsDiaPlaca":21805.44531,"ConsMesPlaca":21805.44531,"ConsDiaRede":849.8066406,"ConsMesRede":849.8066406,"Status":"REDE"}