{"CorrPlaca":1.177999973,"TensPlaca":18.06999969,"CorrRede":2.246000051,"TensRede":4.309999943,"ConsDiaPlaca":1292.29187,"ConsMesPlaca":1292.29187,"ConsDiaRede":524.0097656,"ConsMesRede":524.0097656,"Status":"REDE"}