{"CorrPlaca":5,"TensPlaca":25,"CorrRede":1.223999977,"TensRede":2.637000084,"ConsDiaPlaca":18888.79883,"ConsMesPlaca":18888.79883,"ConsDiaRede":712.7967529,"ConsMesRede":712.7967529,"Status":"REDE"}