{"CorrPlaca":2.318000078,"TensPlaca":18.06999969,"CorrRede":2.927000046,"TensRede":4.809999943,"ConsDiaPlaca":1270.901978,"ConsMesPlaca":1270.901978,"ConsDiaRede":514.083313,"ConsMesRede":514.083313,"Status":"REDE"}