{"Corrente":14.52099991,"Tensao":24.21699905,"Consumo":3.425894022,"Status":"PLACA"}