{"Corrente":0.170000002,"Tensao":5.775000095,"Consumo":0.005270754,"Status":"REDE"}