{"CorrPlaca":1.764000058,"TensPlaca":18.15600014,"CorrRede":2.703000069,"TensRede":4.541999817,"ConsDiaPlaca":704.7693481,"ConsMesPlaca":704.7693481,"ConsDiaRede":229.995575,"ConsMesRede":229.995575,"Status":"REDE"}