{"CorrPlaca":0.688000023,"TensPlaca":2.338000059,"CorrRede":0.726000011,"TensRede":2.08100009,"ConsDiaPlaca":71.78357697,"ConsMesPlaca":71.78357697,"ConsDiaRede":64.01544952,"ConsMesRede":64.01544952,"Status":"REDE"}