{"corrente":0.750999987,"tensao":4.105000019,"consumo":0.127367079}