{"CorrPlaca":5,"TensPlaca":25,"CorrRede":1.764000058,"TensRede":5.127999783,"ConsDiaPlaca":12916.61426,"ConsMesPlaca":12916.61426,"ConsDiaRede":422.2674866,"ConsMesRede":422.2674866,"Status":"REDE"}