{"CorrPlaca":0,"TensPlaca":0.781000018,"CorrRede":0.545000017,"TensRede":0.409000009,"ConsDiaPlaca":0,"ConsMesPlaca":0,"ConsDiaRede":0.258155286,"ConsMesRede":0.258155286,"Status":"REDE"}