{"corrente":1.011000037,"tensao":2.441999912,"consumo":0.067674726}