{"CorrPlaca":5,"TensPlaca":0,"CorrRede":0.828999996,"TensRede":0,"ConsDiaPlaca":6288.974121,"ConsMesPlaca":6288.974121,"ConsDiaRede":497.2772217,"ConsMesRede":497.2772217,"Status":"REDE"}