{"CorrPlaca":0,"TensPlaca":0.781000018,"CorrRede":0.462000012,"TensRede":0.054000001,"ConsDiaPlaca":0.012214167,"ConsMesPlaca":0.012214167,"ConsDiaRede":0.728399217,"ConsMesRede":0.728399217,"Status":"REDE"}