{"CorrPlaca":0.693000019,"TensPlaca":2.344000101,"CorrRede":0.703000009,"TensRede":0.213,"ConsDiaPlaca":112.6358414,"ConsMesPlaca":112.6358414,"ConsDiaRede":97.17163849,"ConsMesRede":97.17163849,"Status":"REDE"}