{"CorrPlaca":0.064999998,"TensPlaca":6.684000015,"CorrRede":0.977999985,"TensRede":0.261999995,"ConsDiaPlaca":55.53780365,"ConsMesPlaca":55.53780365,"ConsDiaRede":19.79849052,"ConsMesRede":19.79849052,"Status":"REDE"}