{"CorrPlaca":0.013,"TensPlaca":6.538000107,"CorrRede":0.859000027,"TensRede":0.140000001,"ConsDiaPlaca":81.08238983,"ConsMesPlaca":81.08238983,"ConsDiaRede":31.31189728,"ConsMesRede":31.31189728,"Status":"REDE"}