{"Corrente":0,"Tensao":0.995000005,"Consumo":8.655833881e-6,"Status":"REDE"}