{"CorrPlaca":0.013,"TensPlaca":6.677999973,"CorrRede":0.885999978,"TensRede":0,"ConsDiaPlaca":79.44659424,"ConsMesPlaca":79.44659424,"ConsDiaRede":30.10342598,"ConsMesRede":30.10342598,"Status":"REDE"}