{"CorrPlaca":5,"TensPlaca":25,"CorrRede":2.328000069,"TensRede":5.024000168,"ConsDiaPlaca":27777.63086,"ConsMesPlaca":27777.63086,"ConsDiaRede":1132.935303,"ConsMesRede":1132.935303,"Status":"REDE"}