{"CorrPlaca":0.207000002,"TensPlaca":3.101000071,"CorrRede":0.686999977,"TensRede":1.116999984,"ConsDiaPlaca":135.3993378,"ConsMesPlaca":135.3993378,"ConsDiaRede":131.1472931,"ConsMesRede":131.1472931,"Status":"REDE"}