{"CorrPlaca":0.569999993,"TensPlaca":18.04000092,"CorrRede":1.675999999,"TensRede":0,"ConsDiaPlaca":220.2277222,"ConsMesPlaca":220.2277222,"ConsDiaRede":68.53876495,"ConsMesRede":68.53876495,"Status":"REDE"}