{"CorrPlaca":5,"TensPlaca":25,"CorrRede":2.180999994,"TensRede":4.181000233,"ConsDiaPlaca":29166.50977,"ConsMesPlaca":29166.50977,"ConsDiaRede":1192.611206,"ConsMesRede":1192.611206,"Status":"REDE"}