{"CorrPlaca":1.646999955,"TensPlaca":25,"CorrRede":3.414999962,"TensRede":2.727999926,"ConsDiaPlaca":602.5928955,"ConsMesPlaca":602.5928955,"ConsDiaRede":219.738327,"ConsMesRede":219.738327,"Status":"REDE"}