{"CorrPlaca":2.22300005,"TensPlaca":18.10099983,"CorrRede":2.960000038,"TensRede":7.374000072,"ConsDiaPlaca":2861.700684,"ConsMesPlaca":2861.700684,"ConsDiaRede":1132.238281,"ConsMesRede":1132.238281,"Status":"REDE"}