{"Corrente":0,"Tensao":1.166000009,"Consumo":8.655833881e-6,"Status":"REDE"}