{"CorrPlaca":2.665999889,"TensPlaca":18.19199944,"CorrRede":3.255000114,"TensRede":7.184999943,"ConsDiaPlaca":5002.912598,"ConsMesPlaca":5002.912598,"ConsDiaRede":1556.604736,"ConsMesRede":1556.604736,"Status":"REDE"}