{"CorrPlaca":0,"TensPlaca":0.787,"CorrRede":0.531000018,"TensRede":0.531000018,"ConsDiaPlaca":0,"ConsMesPlaca":0,"ConsDiaRede":1.075374961,"ConsMesRede":1.075374961,"Status":"REDE"}