{"CorrPlaca":0,"TensPlaca":0,"CorrRede":0.583999991,"TensRede":0,"ConsDiaPlaca":1.587435603,"ConsMesPlaca":1.587435603,"ConsDiaRede":188.4693604,"ConsMesRede":188.4693604,"Status":"REDE"}