{"CorrPlaca":0,"TensPlaca":25,"CorrRede":1.661000013,"TensRede":0,"ConsDiaPlaca":13586.93066,"ConsMesPlaca":13586.93066,"ConsDiaRede":585.0054321,"ConsMesRede":585.0054321,"Status":"REDE"}