{"corrente":0.119999997,"tensao":1.274999976,"consumo":0.198622882}