{"CorrPlaca":0,"TensPlaca":0.68900001,"CorrRede":0.467999995,"TensRede":0.389999986,"ConsDiaPlaca":0.017773887,"ConsMesPlaca":0.017773887,"ConsDiaRede":0.976526439,"ConsMesRede":0.976526439,"Status":"REDE"}