{"CorrPlaca":5,"TensPlaca":25,"CorrRede":0.879999995,"TensRede":1.335999966,"ConsDiaPlaca":15242.98828,"ConsMesPlaca":15242.98828,"ConsDiaRede":525.0595093,"ConsMesRede":525.0595093,"Status":"REDE"}