{"CorrPlaca":1.348999977,"TensPlaca":25,"CorrRede":3.078999996,"TensRede":0,"ConsDiaPlaca":205.9054871,"ConsMesPlaca":205.9054871,"ConsDiaRede":170.5098114,"ConsMesRede":170.5098114,"Status":"REDE"}