{"CorrPlaca":3.599999905,"TensPlaca":25,"CorrRede":1.08099997,"TensRede":0.488000005,"ConsDiaPlaca":30088.61914,"ConsMesPlaca":30088.61914,"ConsDiaRede":771.567749,"ConsMesRede":771.567749,"Status":"REDE"}