{"CorrPlaca":0,"TensPlaca":0,"CorrRede":0.644999981,"TensRede":6.738999844,"ConsDiaPlaca":1.587435603,"ConsMesPlaca":1.587435603,"ConsDiaRede":54.87407303,"ConsMesRede":54.87407303,"Status":"REDE"}