{"CorrPlaca":0.316000015,"TensPlaca":18.07600021,"CorrRede":1.465000033,"TensRede":0,"ConsDiaPlaca":2414.471924,"ConsMesPlaca":2414.471924,"ConsDiaRede":755.5110474,"ConsMesRede":755.5110474,"Status":"REDE"}