{"CorrPlaca":0,"TensPlaca":6.727000237,"CorrRede":0.781000018,"TensRede":0.201000005,"ConsDiaPlaca":1.587435603,"ConsMesPlaca":1.587435603,"ConsDiaRede":18.37332916,"ConsMesRede":18.37332916,"Status":"REDE"}