{"CorrPlaca":0.061000001,"TensPlaca":0.781000018,"CorrRede":0.536000013,"TensRede":0.726000011,"ConsDiaPlaca":0.045552503,"ConsMesPlaca":0.045552503,"ConsDiaRede":0.915638804,"ConsMesRede":0.915638804,"Status":"REDE"}