{"CorrPlaca":3.184000015,"TensPlaca":18.16799927,"CorrRede":3.688999891,"TensRede":9.37100029,"ConsDiaPlaca":1085.297729,"ConsMesPlaca":1085.297729,"ConsDiaRede":480.6705627,"ConsMesRede":480.6705627,"Status":"REDE"}