{"Corrente":14.61900043,"Tensao":0,"Consumo":1.197687745,"Status":"REDE"}