{"CorrPlaca":0.028000001,"TensPlaca":0.787,"CorrRede":0.550000012,"TensRede":1.019000053,"ConsDiaPlaca":0.013765556,"ConsMesPlaca":0.013765556,"ConsDiaRede":0.747997582,"ConsMesRede":0.747997582,"Status":"REDE"}