{"CorrPlaca":0,"TensPlaca":0,"CorrRede":0.605000019,"TensRede":0.061000001,"ConsDiaPlaca":1.587435603,"ConsMesPlaca":1.587435603,"ConsDiaRede":188.2700653,"ConsMesRede":188.2700653,"Status":"REDE"}