{"CorrPlaca":5,"TensPlaca":25,"CorrRede":1.812999964,"TensRede":2.887000084,"ConsDiaPlaca":15972.15039,"ConsMesPlaca":15972.15039,"ConsDiaRede":558.4789429,"ConsMesRede":558.4789429,"Status":"REDE"}