{"CorrPlaca":1.603000045,"TensPlaca":18.11300087,"CorrRede":2.318000078,"TensRede":2.019999981,"ConsDiaPlaca":2036.417114,"ConsMesPlaca":2036.417114,"ConsDiaRede":815.8034668,"ConsMesRede":815.8034668,"Status":"REDE"}