{"CorrPlaca":5,"TensPlaca":3.118999958,"CorrRede":0.862999976,"TensRede":0.505999982,"ConsDiaPlaca":6245.305664,"ConsMesPlaca":6245.305664,"ConsDiaRede":494.4830933,"ConsMesRede":494.4830933,"Status":"REDE"}