{"CorrPlaca":0.028000001,"TensPlaca":18.06999969,"CorrRede":1.302000046,"TensRede":0.377999991,"ConsDiaPlaca":4908.394043,"ConsMesPlaca":4908.394043,"ConsDiaRede":1929.920288,"ConsMesRede":1929.920288,"Status":"REDE"}