{"CorrPlaca":1.720999956,"TensPlaca":18.10700035,"CorrRede":2.687999964,"TensRede":4.438000202,"ConsDiaPlaca":500.9157104,"ConsMesPlaca":500.9157104,"ConsDiaRede":157.9936523,"ConsMesRede":157.9936523,"Status":"REDE"}