{"CorrPlaca":1.48300004,"TensPlaca":18.09499931,"CorrRede":2.447999954,"TensRede":5.097000122,"ConsDiaPlaca":527.6746216,"ConsMesPlaca":527.6746216,"ConsDiaRede":216.7161255,"ConsMesRede":216.7161255,"Status":"REDE"}