{"CorrPlaca":0.018999999,"TensPlaca":0.818000019,"CorrRede":0.577000022,"TensRede":0.683000028,"ConsDiaPlaca":0.009997778,"ConsMesPlaca":0.009997778,"ConsDiaRede":0.582698584,"ConsMesRede":0.582698584,"Status":"REDE"}