{"CorrPlaca":0.338,"TensPlaca":18.05800056,"CorrRede":1.539999962,"TensRede":1.330000043,"ConsDiaPlaca":2248.304932,"ConsMesPlaca":2248.304932,"ConsDiaRede":893.4389038,"ConsMesRede":893.4389038,"Status":"REDE"}