{"corrente":5,"tensao":4.401000023,"consumo":0.182172716}