{"corrente":0.103,"tensao":3.992000103,"consumo":0.380571932}