{"CorrPlaca":0.666000009,"TensPlaca":18.1439991,"CorrRede":1.840000033,"TensRede":2.618999958,"ConsDiaPlaca":3599.382324,"ConsMesPlaca":3599.382324,"ConsDiaRede":1404.001953,"ConsMesRede":1404.001953,"Status":"REDE"}