{"CorrPlaca":0,"TensPlaca":3.22300005,"CorrRede":0.476000011,"TensRede":0,"ConsDiaPlaca":4893.563477,"ConsMesPlaca":4893.563477,"ConsDiaRede":444.3549805,"ConsMesRede":444.3549805,"Status":"REDE"}