{"CorrPlaca":5,"TensPlaca":18.13100052,"CorrRede":0.973999977,"TensRede":0,"ConsDiaPlaca":12567.1084,"ConsMesPlaca":12567.1084,"ConsDiaRede":540.25,"ConsMesRede":540.25,"Status":"REDE"}