{"CorrPlaca":0.649999976,"TensPlaca":18.13699913,"CorrRede":1.64199996,"TensRede":0,"ConsDiaPlaca":2711.129395,"ConsMesPlaca":2711.129395,"ConsDiaRede":1074.256836,"ConsMesRede":1074.256836,"Status":"REDE"}