{"CorrPlaca":3.655999899,"TensPlaca":25,"CorrRede":0.996999979,"TensRede":0.897000015,"ConsDiaPlaca":16548.25781,"ConsMesPlaca":16548.25781,"ConsDiaRede":641.4216309,"ConsMesRede":641.4216309,"Status":"REDE"}