{"CorrPlaca":5,"TensPlaca":25,"CorrRede":0.430999994,"TensRede":0,"ConsDiaPlaca":5486.105469,"ConsMesPlaca":5486.105469,"ConsDiaRede":184.8648682,"ConsMesRede":184.8648682,"Status":"REDE"}