{"CorrPlaca":0,"TensPlaca":0,"CorrRede":0.605000019,"TensRede":0.006,"ConsDiaPlaca":1.587435603,"ConsMesPlaca":1.587435603,"ConsDiaRede":188.1284943,"ConsMesRede":188.1284943,"Status":"REDE"}