{"CorrPlaca":0,"TensPlaca":3.210999966,"CorrRede":0,"TensRede":0,"ConsDiaPlaca":4893.563477,"ConsMesPlaca":4893.563477,"ConsDiaRede":444.3549805,"ConsMesRede":444.3549805,"Status":"REDE"}