{"corrente":0.653999984,"tensao":0,"consumo":0.850360632}