{"CorrPlaca":0,"TensPlaca":6.721000195,"CorrRede":0.808000028,"TensRede":0.145999998,"ConsDiaPlaca":86.80936432,"ConsMesPlaca":86.80936432,"ConsDiaRede":41.45937347,"ConsMesRede":41.45937347,"Status":"REDE"}