{"Corrente":175.503006,"Tensao":5.794000149,"Consumo":1.17470479,"Status":"PLACA"}