{"CorrPlaca":0.133000001,"TensPlaca":6.647999763,"CorrRede":1.003000021,"TensRede":0.335000008,"ConsDiaPlaca":13.61339283,"ConsMesPlaca":13.61339283,"ConsDiaRede":5.009410858,"ConsMesRede":5.009410858,"Status":"REDE"}