{"CorrPlaca":1.697999954,"TensPlaca":18.14999962,"CorrRede":2.421000004,"TensRede":2.483999968,"ConsDiaPlaca":4290.243164,"ConsMesPlaca":4290.243164,"ConsDiaRede":1669.424316,"ConsMesRede":1669.424316,"Status":"REDE"}