{"CorrPlaca":0.046999998,"TensPlaca":6.703000069,"CorrRede":0.967999995,"TensRede":0,"ConsDiaPlaca":62.4040947,"ConsMesPlaca":62.4040947,"ConsDiaRede":23.3730278,"ConsMesRede":23.3730278,"Status":"REDE"}