{"CorrPlaca":0.012,"TensPlaca":6.617000103,"CorrRede":0.819999993,"TensRede":0.128000006,"ConsDiaPlaca":87.04656219,"ConsMesPlaca":87.04656219,"ConsDiaRede":41.98047256,"ConsMesRede":41.98047256,"Status":"REDE"}