{"CorrPlaca":0,"TensPlaca":18.0890007,"CorrRede":1.294999957,"TensRede":0,"ConsDiaPlaca":1614.342041,"ConsMesPlaca":1614.342041,"ConsDiaRede":733.1217651,"ConsMesRede":733.1217651,"Status":"REDE"}