{"CorrPlaca":5,"TensPlaca":25,"CorrRede":2.615999937,"TensRede":7.361999989,"ConsDiaPlaca":19479.07227,"ConsMesPlaca":19479.07227,"ConsDiaRede":748.2350464,"ConsMesRede":748.2350464,"Status":"REDE"}