{"CorrPlaca":1.503999949,"TensPlaca":18.13699913,"CorrRede":2.246000051,"TensRede":0.726000011,"ConsDiaPlaca":2169.181396,"ConsMesPlaca":2169.181396,"ConsDiaRede":677.0873413,"ConsMesRede":677.0873413,"Status":"REDE"}