{"CorrPlaca":0.393999994,"TensPlaca":3.118999958,"CorrRede":0.684000015,"TensRede":0.164000005,"ConsDiaPlaca":4878.518555,"ConsMesPlaca":4878.518555,"ConsDiaRede":425.6631165,"ConsMesRede":425.6631165,"Status":"REDE"}