{"CorrPlaca":5,"TensPlaca":25,"CorrRede":0.451999992,"TensRede":0,"ConsDiaPlaca":11354.12402,"ConsMesPlaca":11354.12402,"ConsDiaRede":348.3877563,"ConsMesRede":348.3877563,"Status":"REDE"}