{"CorrPlaca":0.444999993,"TensPlaca":18.26600075,"CorrRede":1.521000028,"TensRede":0,"ConsDiaPlaca":2563.275146,"ConsMesPlaca":2563.275146,"ConsDiaRede":795.4016724,"ConsMesRede":795.4016724,"Status":"REDE"}