{"CorrPlaca":0.497999996,"TensPlaca":18.09499931,"CorrRede":1.667000055,"TensRede":0.634000003,"ConsDiaPlaca":2412.885254,"ConsMesPlaca":2412.885254,"ConsDiaRede":755.5110474,"ConsMesRede":755.5110474,"Status":"REDE"}