{"CorrPlaca":3.493999958,"TensPlaca":25,"CorrRede":1.018000007,"TensRede":0.757000029,"ConsDiaPlaca":30428.83984,"ConsMesPlaca":30428.83984,"ConsDiaRede":787.1677856,"ConsMesRede":787.1677856,"Status":"REDE"}