{"CorrPlaca":1.248999953,"TensPlaca":18.11300087,"CorrRede":2.125999928,"TensRede":0.115000002,"ConsDiaPlaca":856.4741821,"ConsMesPlaca":856.4741821,"ConsDiaRede":269.551178,"ConsMesRede":269.551178,"Status":"REDE"}