{"CorrPlaca":1.192000031,"TensPlaca":18.16799927,"CorrRede":2.292999983,"TensRede":2.904999971,"ConsDiaPlaca":1122.2323,"ConsMesPlaca":1122.2323,"ConsDiaRede":353.874939,"ConsMesRede":353.874939,"Status":"REDE"}