{"CorrPlaca":5,"TensPlaca":3.118999958,"CorrRede":0.769999981,"TensRede":1.305999994,"ConsDiaPlaca":6712.122559,"ConsMesPlaca":6712.122559,"ConsDiaRede":511.2609253,"ConsMesRede":511.2609253,"Status":"REDE"}