{"CorrPlaca":5,"TensPlaca":25,"CorrRede":0.568000019,"TensRede":0,"ConsDiaPlaca":15347.1543,"ConsMesPlaca":15347.1543,"ConsDiaRede":528.1777344,"ConsMesRede":528.1777344,"Status":"REDE"}