{"CorrPlaca":1.639000058,"TensPlaca":18.06999969,"CorrRede":2.539000034,"TensRede":5.731999874,"ConsDiaPlaca":3417.289063,"ConsMesPlaca":3417.289063,"ConsDiaRede":1339.32373,"ConsMesRede":1339.32373,"Status":"REDE"}