{"CorrPlaca":0,"TensPlaca":6.721000195,"CorrRede":0.809000015,"TensRede":0.488000005,"ConsDiaPlaca":1.539162278,"ConsMesPlaca":1.539162278,"ConsDiaRede":16.65232849,"ConsMesRede":16.65232849,"Status":"REDE"}