{"Corrente":0.662999988,"Tensao":6.152999878,"Consumo":0.001148617,"Status":"PLACA"}