{"Corrente":2.252000093,"Tensao":0,"Consumo":0.070479967,"Status":"REDE"}