{"Corrente":14.14999962,"Tensao":0.048,"Consumo":3.545209885,"Status":"REDE"}