{"CorrPlaca":0.234999999,"TensPlaca":18.0890007,"CorrRede":1.465999961,"TensRede":0.145999998,"ConsDiaPlaca":3828.380859,"ConsMesPlaca":3828.380859,"ConsDiaRede":1190.87854,"ConsMesRede":1190.87854,"Status":"REDE"}