{"CorrPlaca":0,"TensPlaca":0,"CorrRede":0.643999994,"TensRede":6.732999802,"ConsDiaPlaca":1.587435603,"ConsMesPlaca":1.587435603,"ConsDiaRede":164.8149567,"ConsMesRede":164.8149567,"Status":"REDE"}