{"CorrPlaca":5,"TensPlaca":25,"CorrRede":0.619000018,"TensRede":0.389999986,"ConsDiaPlaca":32499.82227,"ConsMesPlaca":32499.82227,"ConsDiaRede":1331.935913,"ConsMesRede":1331.935913,"Status":"REDE"}