{"CorrPlaca":0.874000013,"TensPlaca":18.0890007,"CorrRede":1.799999952,"TensRede":0,"ConsDiaPlaca":3486.703613,"ConsMesPlaca":3486.703613,"ConsDiaRede":1091.847046,"ConsMesRede":1091.847046,"Status":"REDE"}