{"CorrPlaca":0.028000001,"TensPlaca":6.684000015,"CorrRede":0.852999985,"TensRede":0.261999995,"ConsDiaPlaca":84.45604706,"ConsMesPlaca":84.45604706,"ConsDiaRede":36.31199265,"ConsMesRede":36.31199265,"Status":"REDE"}