{"CorrPlaca":5,"TensPlaca":25,"CorrRede":2.411000013,"TensRede":5.512000084,"ConsDiaPlaca":23645.71289,"ConsMesPlaca":23645.71289,"ConsDiaRede":934.4471436,"ConsMesRede":934.4471436,"Status":"REDE"}