{"CorrPlaca":0.654999971,"TensPlaca":18.125,"CorrRede":1.921000004,"TensRede":2.002000093,"ConsDiaPlaca":510.4489746,"ConsMesPlaca":510.4489746,"ConsDiaRede":233.6043091,"ConsMesRede":233.6043091,"Status":"REDE"}