{"CorrPlaca":0.136999995,"TensPlaca":6.586999893,"CorrRede":0.996999979,"TensRede":0.293000013,"ConsDiaPlaca":14.25926685,"ConsMesPlaca":14.25926685,"ConsDiaRede":5.233879566,"ConsMesRede":5.233879566,"Status":"REDE"}