{"CorrPlaca":0,"TensPlaca":6.659999847,"CorrRede":0.81400001,"TensRede":0.298999995,"ConsDiaPlaca":1.533571362,"ConsMesPlaca":1.533571362,"ConsDiaRede":6.58014679,"ConsMesRede":6.58014679,"Status":"REDE"}