{"CorrPlaca":5,"TensPlaca":25,"CorrRede":2.078000069,"TensRede":6.519999981,"ConsDiaPlaca":14548.54785,"ConsMesPlaca":14548.54785,"ConsDiaRede":491.6327209,"ConsMesRede":491.6327209,"Status":"REDE"}