{"CorrPlaca":5,"TensPlaca":25,"CorrRede":0.493999988,"TensRede":0,"ConsDiaPlaca":28854.01172,"ConsMesPlaca":28854.01172,"ConsDiaRede":1178.422485,"ConsMesRede":1178.422485,"Status":"REDE"}