{"Corrente":2.497999907,"Tensao":5.763000011,"Consumo":0.069263361,"Status":"PLACA"}