{"CorrPlaca":1.055999994,"TensPlaca":25,"CorrRede":2.977999926,"TensRede":0.628000021,"ConsDiaPlaca":795.6067505,"ConsMesPlaca":795.6067505,"ConsDiaRede":248.8466187,"ConsMesRede":248.8466187,"Status":"REDE"}