{"CorrPlaca":5,"TensPlaca":25,"CorrRede":1.735999942,"TensRede":5.293000221,"ConsDiaPlaca":24166.54297,"ConsMesPlaca":24166.54297,"ConsDiaRede":972.2139893,"ConsMesRede":972.2139893,"Status":"REDE"}