{"CorrPlaca":0.002,"TensPlaca":6.709000111,"CorrRede":0.860000014,"TensRede":0.145999998,"ConsDiaPlaca":83.61482239,"ConsMesPlaca":83.61482239,"ConsDiaRede":34.5070343,"ConsMesRede":34.5070343,"Status":"REDE"}