{"CorrPlaca":0.606000006,"TensPlaca":18.16799927,"CorrRede":1.789000034,"TensRede":2.52699995,"ConsDiaPlaca":2520.372314,"ConsMesPlaca":2520.372314,"ConsDiaRede":1001.411743,"ConsMesRede":1001.411743,"Status":"REDE"}