{"CorrPlaca":0,"TensPlaca":6.727000237,"CorrRede":0.760999978,"TensRede":0.134000003,"ConsDiaPlaca":1.533571362,"ConsMesPlaca":1.533571362,"ConsDiaRede":13.36203384,"ConsMesRede":13.36203384,"Status":"REDE"}