{"CorrPlaca":0,"TensPlaca":0,"CorrRede":0.619000018,"TensRede":0,"ConsDiaPlaca":1.587435603,"ConsMesPlaca":1.587435603,"ConsDiaRede":188.5939941,"ConsMesRede":188.5939941,"Status":"REDE"}