{"Corrente":0.479999989,"Tensao":0,"Consumo":0.000573213,"Status":"REDE"}