{"CorrPlaca":0.312999994,"TensPlaca":18.0890007,"CorrRede":1.526000023,"TensRede":0.182999998,"ConsDiaPlaca":2622.922119,"ConsMesPlaca":2622.922119,"ConsDiaRede":807.7313843,"ConsMesRede":807.7313843,"Status":"REDE"}