{"CorrPlaca":1.996999979,"TensPlaca":18.125,"CorrRede":2.65899992,"TensRede":3.217000008,"ConsDiaPlaca":3768.902344,"ConsMesPlaca":3768.902344,"ConsDiaRede":1172.118164,"ConsMesRede":1172.118164,"Status":"REDE"}