{"CorrPlaca":5,"TensPlaca":25,"CorrRede":0.469999999,"TensRede":0,"ConsDiaPlaca":1145.83374,"ConsMesPlaca":1145.83374,"ConsDiaRede":62.34426498,"ConsMesRede":62.34426498,"Status":"REDE"}