{"CorrPlaca":0,"TensPlaca":0,"CorrRede":0.611000001,"TensRede":0.041999999,"ConsDiaPlaca":1.587435603,"ConsMesPlaca":1.587435603,"ConsDiaRede":187.4543762,"ConsMesRede":187.4543762,"Status":"REDE"}