{"CorrPlaca":1.542000055,"TensPlaca":18.0340004,"CorrRede":2.296999931,"TensRede":1.934999943,"ConsDiaPlaca":4375.708984,"ConsMesPlaca":4375.708984,"ConsDiaRede":1701.483276,"ConsMesRede":1701.483276,"Status":"REDE"}