{"CorrPlaca":0,"TensPlaca":0.549000025,"CorrRede":0.368000001,"TensRede":0.201000005,"ConsDiaPlaca":0.014104721,"ConsMesPlaca":0.014104721,"ConsDiaRede":0.765548944,"ConsMesRede":0.765548944,"Status":"REDE"}