{"Corrente":15.5340004,"Tensao":0,"Consumo":0.792368889,"Status":"REDE"}