{"CorrPlaca":0.164000005,"TensPlaca":6.745999813,"CorrRede":0.977999985,"TensRede":0.151999995,"ConsDiaPlaca":20.6108036,"ConsMesPlaca":20.6108036,"ConsDiaRede":7.106740952,"ConsMesRede":7.106740952,"Status":"REDE"}