{"CorrPlaca":0,"TensPlaca":0,"CorrRede":0.583999991,"TensRede":0.024,"ConsDiaPlaca":1.587435603,"ConsMesPlaca":1.587435603,"ConsDiaRede":21.26938438,"ConsMesRede":21.26938438,"Status":"REDE"}