{"CorrPlaca":0,"TensPlaca":0,"CorrRede":0.423000008,"TensRede":0.097000003,"ConsDiaPlaca":168.0245667,"ConsMesPlaca":168.0245667,"ConsDiaRede":10.67906189,"ConsMesRede":10.67906189,"Status":"REDE"}