{"Corrente":14.99699974,"Tensao":0,"Consumo":0.146355033,"Status":"REDE"}