{"CorrPlaca":0,"TensPlaca":6.630000114,"CorrRede":0.818000019,"TensRede":0.097000003,"ConsDiaPlaca":87.64395142,"ConsMesPlaca":87.64395142,"ConsDiaRede":43.61569214,"ConsMesRede":43.61569214,"Status":"REDE"}