{"Corrente":0,"Tensao":0.683000028,"Consumo":8.655833881e-6,"Status":"REDE"}