{"CorrPlaca":0.108000003,"TensPlaca":6.586999893,"CorrRede":0.985000014,"TensRede":0.218999997,"ConsDiaPlaca":24.45947456,"ConsMesPlaca":24.45947456,"ConsDiaRede":7.887122631,"ConsMesRede":7.887122631,"Status":"REDE"}