{"CorrPlaca":0,"TensPlaca":6.653999805,"CorrRede":0.77700001,"TensRede":0,"ConsDiaPlaca":1.533571362,"ConsMesPlaca":1.533571362,"ConsDiaRede":14.05194283,"ConsMesRede":14.05194283,"Status":"REDE"}