{"CorrPlaca":0,"TensPlaca":0.5,"CorrRede":0.367000014,"TensRede":0.231000006,"ConsDiaPlaca":0.013066111,"ConsMesPlaca":0.013066111,"ConsDiaRede":0.536974967,"ConsMesRede":0.536974967,"Status":"REDE"}