{"CorrPlaca":0.643999994,"TensPlaca":18.10700035,"CorrRede":1.641000032,"TensRede":0,"ConsDiaPlaca":2759.8396,"ConsMesPlaca":2759.8396,"ConsDiaRede":1090.486572,"ConsMesRede":1090.486572,"Status":"REDE"}