{"Corrente":3.621000051,"Tensao":0,"Consumo":0.057277199,"Status":"REDE"}