{"CorrPlaca":0.252999991,"TensPlaca":18.08300018,"CorrRede":1.444000006,"TensRede":0.879000008,"ConsDiaPlaca":3847.481445,"ConsMesPlaca":3847.481445,"ConsDiaRede":1495.019897,"ConsMesRede":1495.019897,"Status":"REDE"}