{"CorrPlaca":2.374000072,"TensPlaca":18.06399918,"CorrRede":2.924000025,"TensRede":5.360000134,"ConsDiaPlaca":3343.73999,"ConsMesPlaca":3343.73999,"ConsDiaRede":1308.698242,"ConsMesRede":1308.698242,"Status":"REDE"}