{"CorrPlaca":5,"TensPlaca":25,"CorrRede":0.465000004,"TensRede":0,"ConsDiaPlaca":12951.33594,"ConsMesPlaca":12951.33594,"ConsDiaRede":422.2674866,"ConsMesRede":422.2674866,"Status":"REDE"}