{"CorrPlaca":3.207000017,"TensPlaca":18.10099983,"CorrRede":3.565000057,"TensRede":7.71600008,"ConsDiaPlaca":124.6427612,"ConsMesPlaca":124.6427612,"ConsDiaRede":33.50696945,"ConsMesRede":33.50696945,"Status":"REDE"}