{"CorrPlaca":5,"TensPlaca":25,"CorrRede":3.345999956,"TensRede":0.671000004,"ConsDiaPlaca":1867.954224,"ConsMesPlaca":1867.954224,"ConsDiaRede":351.5682678,"ConsMesRede":351.5682678,"Status":"REDE"}