{"CorrPlaca":0,"TensPlaca":6.709000111,"CorrRede":0.777999997,"TensRede":0.194999993,"ConsDiaPlaca":1.587435603,"ConsMesPlaca":1.587435603,"ConsDiaRede":19.1101532,"ConsMesRede":19.1101532,"Status":"REDE"}