{"corrente":0.722000003,"tensao":0,"consumo":0.0090743}