{"CorrPlaca":2.362999916,"TensPlaca":18.11300087,"CorrRede":3.066999912,"TensRede":7.637000084,"ConsDiaPlaca":2480.526855,"ConsMesPlaca":2480.526855,"ConsDiaRede":986.338623,"ConsMesRede":986.338623,"Status":"REDE"}