{"CorrPlaca":0.456,"TensPlaca":18.09499931,"CorrRede":1.54400003,"TensRede":0,"ConsDiaPlaca":3045.467285,"ConsMesPlaca":3045.467285,"ConsDiaRede":937.8474121,"ConsMesRede":937.8474121,"Status":"REDE"}