{"CorrPlaca":0.012,"TensPlaca":6.642000198,"CorrRede":0.836000025,"TensRede":0.224999994,"ConsDiaPlaca":86.66313171,"ConsMesPlaca":86.66313171,"ConsDiaRede":41.1874733,"ConsMesRede":41.1874733,"Status":"REDE"}