{"CorrPlaca":0.717000008,"TensPlaca":0.389999986,"CorrRede":0.307999998,"TensRede":0.389999986,"ConsDiaPlaca":69.46481323,"ConsMesPlaca":69.46481323,"ConsDiaRede":60.94589615,"ConsMesRede":60.94589615,"Status":"REDE"}