{"corrente":0,"tensao":1.036999941,"consumo":0.077996299}