{"CorrPlaca":0,"TensPlaca":18.18000031,"CorrRede":1.161000013,"TensRede":0,"ConsDiaPlaca":1426.743164,"ConsMesPlaca":1426.743164,"ConsDiaRede":573.5593262,"ConsMesRede":573.5593262,"Status":"REDE"}