{"CorrPlaca":0.030999999,"TensPlaca":6.605000019,"CorrRede":0.995999992,"TensRede":0,"ConsDiaPlaca":53.13203812,"ConsMesPlaca":53.13203812,"ConsDiaRede":18.62825775,"ConsMesRede":18.62825775,"Status":"REDE"}