{"Corrente":5,"Tensao":2.77699995,"Consumo":0.034163892,"Status":"REDE"}