{"CorrPlaca":2.638999939,"TensPlaca":18.08300018,"CorrRede":3.124000072,"TensRede":6.642000198,"ConsDiaPlaca":2724.385254,"ConsMesPlaca":2724.385254,"ConsDiaRede":1080.02063,"ConsMesRede":1080.02063,"Status":"REDE"}