{"CorrPlaca":0.368999988,"TensPlaca":18.08300018,"CorrRede":1.608999968,"TensRede":1.213999987,"ConsDiaPlaca":983.0168457,"ConsMesPlaca":983.0168457,"ConsDiaRede":399.8387146,"ConsMesRede":399.8387146,"Status":"REDE"}