{"Corrente":14.14999962,"Tensao":27.61899948,"Consumo":3.905854464,"Status":"PLACA"}