{"CorrPlaca":5,"TensPlaca":0,"CorrRede":0.442999989,"TensRede":0.389999986,"ConsDiaPlaca":6734.087891,"ConsMesPlaca":6734.087891,"ConsDiaRede":513.5999146,"ConsMesRede":513.5999146,"Status":"REDE"}