{"CorrPlaca":0.057,"TensPlaca":6.550000191,"CorrRede":0.957000017,"TensRede":0.207000002,"ConsDiaPlaca":59.58049393,"ConsMesPlaca":59.58049393,"ConsDiaRede":22.0003643,"ConsMesRede":22.0003643,"Status":"REDE"}