{"Corrente":2.734999895,"Tensao":7.074999809,"Consumo":0.022006962,"Status":"PLACA"}