{"CorrPlaca":0,"TensPlaca":0,"CorrRede":0.593999982,"TensRede":0.061000001,"ConsDiaPlaca":1.587435603,"ConsMesPlaca":1.587435603,"ConsDiaRede":17.38552856,"ConsMesRede":17.38552856,"Status":"REDE"}