{"CorrPlaca":5,"TensPlaca":25,"CorrRede":2.378999949,"TensRede":5.206999779,"ConsDiaPlaca":24687.37109,"ConsMesPlaca":24687.37109,"ConsDiaRede":1008.368042,"ConsMesRede":1008.368042,"Status":"REDE"}