{"CorrPlaca":5,"TensPlaca":25,"CorrRede":0.460999995,"TensRede":0,"ConsDiaPlaca":9965.244141,"ConsMesPlaca":9965.244141,"ConsDiaRede":288.0949097,"ConsMesRede":288.0949097,"Status":"REDE"}