{"CorrPlaca":0,"TensPlaca":18.0890007,"CorrRede":1.218000054,"TensRede":0,"ConsDiaPlaca":779.2492676,"ConsMesPlaca":779.2492676,"ConsDiaRede":309.059967,"ConsMesRede":309.059967,"Status":"REDE"}