{"CorrPlaca":0,"TensPlaca":18.0890007,"CorrRede":1.172000051,"TensRede":0,"ConsDiaPlaca":301.403595,"ConsMesPlaca":301.403595,"ConsDiaRede":108.3450165,"ConsMesRede":108.3450165,"Status":"REDE"}