{"Corrente":0.42899999,"Tensao":1.414999962,"Consumo":0.006712415,"Status":"REDE"}