{"CorrPlaca":0,"TensPlaca":6.738999844,"CorrRede":0.80400002,"TensRede":0.140000001,"ConsDiaPlaca":1.533571362,"ConsMesPlaca":1.533571362,"ConsDiaRede":11.3365984,"ConsMesRede":11.3365984,"Status":"REDE"}