{"CorrPlaca":0.389999986,"TensPlaca":18.06399918,"CorrRede":1.605000019,"TensRede":1.593000054,"ConsDiaPlaca":2616.572754,"ConsMesPlaca":2616.572754,"ConsDiaRede":1033.913818,"ConsMesRede":1033.913818,"Status":"REDE"}