{"CorrPlaca":0,"TensPlaca":0,"CorrRede":0.654999971,"TensRede":6.732999802,"ConsDiaPlaca":1.587435603,"ConsMesPlaca":1.587435603,"ConsDiaRede":80.3203125,"ConsMesRede":80.3203125,"Status":"REDE"}