{"Corrente":176.6869965,"Tensao":0.210999995,"Consumo":1.49439013,"Status":"REDE"}