{"CorrPlaca":1.218000054,"TensPlaca":18.06999969,"CorrRede":2.051000118,"TensRede":0.328999996,"ConsDiaPlaca":3736.616943,"ConsMesPlaca":3736.616943,"ConsDiaRede":1165.10498,"ConsMesRede":1165.10498,"Status":"REDE"}