{"Corrente":15.35499954,"Tensao":0,"Consumo":0.146355033,"Status":"REDE"}