{"CorrPlaca":0,"TensPlaca":3.210999966,"CorrRede":0.428000003,"TensRede":0.097000003,"ConsDiaPlaca":4909.9375,"ConsMesPlaca":4909.9375,"ConsDiaRede":474.3466492,"ConsMesRede":474.3466492,"Status":"REDE"}