{"CorrPlaca":1.19599998,"TensPlaca":18.10099983,"CorrRede":2.210000038,"TensRede":4.328000069,"ConsDiaPlaca":2647.464355,"ConsMesPlaca":2647.464355,"ConsDiaRede":1047.172974,"ConsMesRede":1047.172974,"Status":"REDE"}