{"CorrPlaca":5,"TensPlaca":25,"CorrRede":2.131000042,"TensRede":6.605000019,"ConsDiaPlaca":31076.2207,"ConsMesPlaca":31076.2207,"ConsDiaRede":1290.555908,"ConsMesRede":1290.555908,"Status":"REDE"}