{"CorrPlaca":0.174999997,"TensPlaca":18.10099983,"CorrRede":1.381999969,"TensRede":0,"ConsDiaPlaca":3972.362793,"ConsMesPlaca":3972.362793,"ConsDiaRede":1237.889038,"ConsMesRede":1237.889038,"Status":"REDE"}