{"Corrente":174.7619934,"Tensao":1.838999987,"Consumo":18.20215225,"Status":"REDE"}