{"CorrPlaca":0.030999999,"TensPlaca":6.715000153,"CorrRede":0.861999989,"TensRede":0.079000004,"ConsDiaPlaca":81.27293396,"ConsMesPlaca":81.27293396,"ConsDiaRede":31.56069756,"ConsMesRede":31.56069756,"Status":"REDE"}