{"Corrente":0,"Tensao":4.173999786,"Consumo":0.195497811,"Status":"REDE"}