{"CorrPlaca":5,"TensPlaca":25,"CorrRede":2.092000008,"TensRede":6.379000187,"ConsDiaPlaca":32777.59766,"ConsMesPlaca":32777.59766,"ConsDiaRede":1350.32312,"ConsMesRede":1350.32312,"Status":"REDE"}