{"CorrPlaca":3.00999999,"TensPlaca":3.118999958,"CorrRede":2.792999983,"TensRede":6.526000023,"ConsDiaPlaca":4891.943848,"ConsMesPlaca":4891.943848,"ConsDiaRede":442.4604492,"ConsMesRede":442.4604492,"Status":"REDE"}