{"CorrPlaca":0,"TensPlaca":0,"CorrRede":0.621999979,"TensRede":0.061000001,"ConsDiaPlaca":1.587435603,"ConsMesPlaca":1.587435603,"ConsDiaRede":187.9521179,"ConsMesRede":187.9521179,"Status":"REDE"}