{"CorrPlaca":0.503000021,"TensPlaca":18.07600021,"CorrRede":1.547000051,"TensRede":0,"ConsDiaPlaca":3728.393799,"ConsMesPlaca":3728.393799,"ConsDiaRede":1164.91272,"ConsMesRede":1164.91272,"Status":"REDE"}