{"CorrPlaca":1.059000015,"TensPlaca":18.08300018,"CorrRede":1.911999941,"TensRede":0.158000007,"ConsDiaPlaca":1374.797974,"ConsMesPlaca":1374.797974,"ConsDiaRede":549.9243774,"ConsMesRede":549.9243774,"Status":"REDE"}