{"CorrPlaca":0.097000003,"TensPlaca":6.636000156,"CorrRede":0.971000016,"TensRede":0.164000005,"ConsDiaPlaca":46.53779221,"ConsMesPlaca":46.53779221,"ConsDiaRede":15.52066803,"ConsMesRede":15.52066803,"Status":"REDE"}