{"CorrPlaca":0.052000001,"TensPlaca":6.721000195,"CorrRede":0.889999986,"TensRede":0.256000012,"ConsDiaPlaca":79.00775146,"ConsMesPlaca":79.00775146,"ConsDiaRede":29.87420464,"ConsMesRede":29.87420464,"Status":"REDE"}