{"Corrente":14.61400032,"Tensao":0,"Consumo":1.197687745,"Status":"REDE"}