{"CorrPlaca":5,"TensPlaca":18.0890007,"CorrRede":1.371000051,"TensRede":0,"ConsDiaPlaca":9876.036133,"ConsMesPlaca":9876.036133,"ConsDiaRede":534.991333,"ConsMesRede":534.991333,"Status":"REDE"}