{"CorrPlaca":2.105999947,"TensPlaca":18.0890007,"CorrRede":2.930000067,"TensRede":6.940999985,"ConsDiaPlaca":799.9276123,"ConsMesPlaca":799.9276123,"ConsDiaRede":319.9186707,"ConsMesRede":319.9186707,"Status":"REDE"}