{"corrente":2.460000038,"tensao":0.592000008,"consumo":0.004045333}