{"CorrPlaca":0,"TensPlaca":0,"CorrRede":0.683000028,"TensRede":6.721000195,"ConsDiaPlaca":1.587435603,"ConsMesPlaca":1.587435603,"ConsDiaRede":50.08606339,"ConsMesRede":50.08606339,"Status":"REDE"}