{"CorrPlaca":1.15199995,"TensPlaca":25,"CorrRede":3.105000019,"TensRede":0.824000001,"ConsDiaPlaca":259.4541016,"ConsMesPlaca":259.4541016,"ConsDiaRede":176.6986084,"ConsMesRede":176.6986084,"Status":"REDE"}