{"CorrPlaca":0.317999989,"TensPlaca":18.07600021,"CorrRede":1.582000017,"TensRede":1.458999991,"ConsDiaPlaca":1820.818604,"ConsMesPlaca":1820.818604,"ConsDiaRede":822.6119385,"ConsMesRede":822.6119385,"Status":"REDE"}