{"CorrPlaca":2.25,"TensPlaca":18.10700035,"CorrRede":2.969000101,"TensRede":7.428999901,"ConsDiaPlaca":3960.999756,"ConsMesPlaca":3960.999756,"ConsDiaRede":1540.807861,"ConsMesRede":1540.807861,"Status":"REDE"}