{"Corrente":2.344000101,"Tensao":6.953000069,"Consumo":0.096622072,"Status":"PLACA"}