{"CorrPlaca":0.054000001,"TensPlaca":6.738999844,"CorrRede":0.95599997,"TensRede":0.293000013,"ConsDiaPlaca":63.57400131,"ConsMesPlaca":63.57400131,"ConsDiaRede":24.04681778,"ConsMesRede":24.04681778,"Status":"REDE"}