{"CorrPlaca":5,"TensPlaca":25,"CorrRede":2.237999916,"TensRede":6.892000198,"ConsDiaPlaca":23055.4375,"ConsMesPlaca":23055.4375,"ConsDiaRede":903.7296753,"ConsMesRede":903.7296753,"Status":"REDE"}