{"CorrPlaca":0,"TensPlaca":0,"CorrRede":0.566999972,"TensRede":0,"ConsDiaPlaca":1.587435603,"ConsMesPlaca":1.587435603,"ConsDiaRede":188.3928833,"ConsMesRede":188.3928833,"Status":"REDE"}