{"CorrPlaca":0,"TensPlaca":0,"CorrRede":0.621999979,"TensRede":0.035999998,"ConsDiaPlaca":1.587435603,"ConsMesPlaca":1.587435603,"ConsDiaRede":188.8112183,"ConsMesRede":188.8112183,"Status":"REDE"}