{"CorrPlaca":0,"TensPlaca":6.544000149,"CorrRede":0.799000025,"TensRede":0.115000002,"ConsDiaPlaca":85.48065186,"ConsMesPlaca":85.48065186,"ConsDiaRede":38.45674515,"ConsMesRede":38.45674515,"Status":"REDE"}