{"CorrPlaca":0,"TensPlaca":0.610000014,"CorrRede":0.449999988,"TensRede":0.182999998,"ConsDiaPlaca":0.004555834,"ConsMesPlaca":0.004555834,"ConsDiaRede":0.375264198,"ConsMesRede":0.375264198,"Status":"REDE"}