{"CorrPlaca":3.532999992,"TensPlaca":25,"CorrRede":1.983999968,"TensRede":0,"ConsDiaPlaca":16034.71582,"ConsMesPlaca":16034.71582,"ConsDiaRede":607.666748,"ConsMesRede":607.666748,"Status":"REDE"}