{"CorrPlaca":0,"TensPlaca":0.702000022,"CorrRede":0.449000001,"TensRede":0,"ConsDiaPlaca":0.023467777,"ConsMesPlaca":0.023467777,"ConsDiaRede":0.882675827,"ConsMesRede":0.882675827,"Status":"REDE"}