{"CorrPlaca":5,"TensPlaca":18.01499939,"CorrRede":0.963,"TensRede":0,"ConsDiaPlaca":12768.05176,"ConsMesPlaca":12768.05176,"ConsDiaRede":541.3414307,"ConsMesRede":541.3414307,"Status":"REDE"}