{"CorrPlaca":0,"TensPlaca":0,"CorrRede":0.248999998,"TensRede":0.029999999,"ConsDiaPlaca":182.0374146,"ConsMesPlaca":182.0374146,"ConsDiaRede":170.429245,"ConsMesRede":170.429245,"Status":"REDE"}