{"CorrPlaca":0.925000012,"TensPlaca":18.08300018,"CorrRede":1.819000006,"TensRede":0.097000003,"ConsDiaPlaca":2246.609619,"ConsMesPlaca":2246.609619,"ConsDiaRede":892.8699341,"ConsMesRede":892.8699341,"Status":"REDE"}