{"CorrPlaca":0.377999991,"TensPlaca":18.07600021,"CorrRede":1.644000053,"TensRede":1.074000001,"ConsDiaPlaca":833.0310669,"ConsMesPlaca":833.0310669,"ConsDiaRede":368.6804199,"ConsMesRede":368.6804199,"Status":"REDE"}