{"CorrPlaca":0.806999981,"TensPlaca":3.186000109,"CorrRede":1.092000008,"TensRede":2.460000038,"ConsDiaPlaca":4886.137207,"ConsMesPlaca":4886.137207,"ConsDiaRede":431.582489,"ConsMesRede":431.582489,"Status":"REDE"}