{"CorrPlaca":5,"TensPlaca":25,"CorrRede":0.746999979,"TensRede":0.726000011,"ConsDiaPlaca":33715.10156,"ConsMesPlaca":33715.10156,"ConsDiaRede":1388.870239,"ConsMesRede":1388.870239,"Status":"REDE"}