{"CorrPlaca":0.013,"TensPlaca":6.738999844,"CorrRede":0.856999993,"TensRede":0.238000005,"ConsDiaPlaca":83.88555145,"ConsMesPlaca":83.88555145,"ConsDiaRede":35.03859329,"ConsMesRede":35.03859329,"Status":"REDE"}