{"CorrPlaca":0.800000012,"TensPlaca":18.01499939,"CorrRede":1.774000049,"TensRede":0,"ConsDiaPlaca":1696.475098,"ConsMesPlaca":1696.475098,"ConsDiaRede":762.9609375,"ConsMesRede":762.9609375,"Status":"REDE"}