{"CorrPlaca":5,"TensPlaca":25,"CorrRede":1.843999982,"TensRede":5.548999786,"ConsDiaPlaca":27430.41016,"ConsMesPlaca":27430.41016,"ConsDiaRede":1111.538574,"ConsMesRede":1111.538574,"Status":"REDE"}