{"CorrPlaca":1.297000051,"TensPlaca":18.02799988,"CorrRede":2.401000023,"TensRede":4.267000198,"ConsDiaPlaca":429.1949158,"ConsMesPlaca":429.1949158,"ConsDiaRede":202.6229248,"ConsMesRede":202.6229248,"Status":"REDE"}