{"CorrPlaca":0,"TensPlaca":18.06999969,"CorrRede":1.230999947,"TensRede":0,"ConsDiaPlaca":1153.472534,"ConsMesPlaca":1153.472534,"ConsDiaRede":477.9642944,"ConsMesRede":477.9642944,"Status":"REDE"}