{"CorrPlaca":0.620000005,"TensPlaca":18.0340004,"CorrRede":1.661000013,"TensRede":0,"ConsDiaPlaca":5462.126465,"ConsMesPlaca":5462.126465,"ConsDiaRede":1720.209839,"ConsMesRede":1720.209839,"Status":"REDE"}