{"CorrPlaca":0.002,"TensPlaca":6.532000065,"CorrRede":0.799000025,"TensRede":0.041999999,"ConsDiaPlaca":87.34972382,"ConsMesPlaca":87.34972382,"ConsDiaRede":43.10173035,"ConsMesRede":43.10173035,"Status":"REDE"}