{"CorrPlaca":0.003,"TensPlaca":6.709000111,"CorrRede":0.834999979,"TensRede":0.389999986,"ConsDiaPlaca":1.539162278,"ConsMesPlaca":1.539162278,"ConsDiaRede":16.35816193,"ConsMesRede":16.35816193,"Status":"REDE"}