{"CorrPlaca":0,"TensPlaca":0,"CorrRede":0.586000025,"TensRede":0.072999999,"ConsDiaPlaca":1.587435603,"ConsMesPlaca":1.587435603,"ConsDiaRede":22.08815384,"ConsMesRede":22.08815384,"Status":"REDE"}