{"CorrPlaca":5,"TensPlaca":0,"CorrRede":1.031000018,"TensRede":2.637000084,"ConsDiaPlaca":6734.087891,"ConsMesPlaca":6734.087891,"ConsDiaRede":522.7017212,"ConsMesRede":522.7017212,"Status":"REDE"}