{"CorrPlaca":1.738000035,"TensPlaca":18.05200005,"CorrRede":2.575999975,"TensRede":5.866000175,"ConsDiaPlaca":4356.180664,"ConsMesPlaca":4356.180664,"ConsDiaRede":1699.001709,"ConsMesRede":1699.001709,"Status":"REDE"}