{"CorrPlaca":0.078000002,"TensPlaca":3.191999912,"CorrRede":0.583999991,"TensRede":0.481999993,"ConsDiaPlaca":127.3615189,"ConsMesPlaca":127.3615189,"ConsDiaRede":123.8816223,"ConsMesRede":123.8816223,"Status":"REDE"}