{"CorrPlaca":0.184,"TensPlaca":18.06999969,"CorrRede":1.398000002,"TensRede":0,"ConsDiaPlaca":4428.251953,"ConsMesPlaca":4428.251953,"ConsDiaRede":1385.236328,"ConsMesRede":1385.236328,"Status":"REDE"}