{"Corrente":0.409999996,"Tensao":0,"Consumo":0.014868441,"Status":"REDE"}