{"CorrPlaca":0.114,"TensPlaca":6.653999805,"CorrRede":0.971000016,"TensRede":0.293000013,"ConsDiaPlaca":53.34275055,"ConsMesPlaca":53.34275055,"ConsDiaRede":18.70728683,"ConsMesRede":18.70728683,"Status":"REDE"}