{"CorrPlaca":2.552999973,"TensPlaca":18.11300087,"CorrRede":3.188999891,"TensRede":7.130000114,"ConsDiaPlaca":4194.611816,"ConsMesPlaca":4194.611816,"ConsDiaRede":1308.574463,"ConsMesRede":1308.574463,"Status":"REDE"}