{"Corrente":14.37800026,"Tensao":0,"Consumo":0.792368889,"Status":"REDE"}