{"Corrente":14.75500011,"Tensao":3.694000006,"Consumo":5.743649483,"Status":"REDE"}