{"CorrPlaca":0.057,"TensPlaca":6.703000069,"CorrRede":0.957000017,"TensRede":0.293000013,"ConsDiaPlaca":65.0846405,"ConsMesPlaca":65.0846405,"ConsDiaRede":24.8721981,"ConsMesRede":24.8721981,"Status":"REDE"}