{"Corrente":172.6159973,"Tensao":5.955999851,"Consumo":24.49921036,"Status":"PLACA"}