{"Corrente":16.12000084,"Tensao":0,"Consumo":0.146355033,"Status":"REDE"}