{"CorrPlaca":0,"TensPlaca":3.210999966,"CorrRede":0.231000006,"TensRede":0,"ConsDiaPlaca":151.3305664,"ConsMesPlaca":151.3305664,"ConsDiaRede":143.4093781,"ConsMesRede":143.4093781,"Status":"REDE"}