{"Corrente":0,"Tensao":5.731999874,"Consumo":0.018012863,"Status":"REDE"}