{"CorrPlaca":0,"TensPlaca":18.06999969,"CorrRede":1.213999987,"TensRede":0,"ConsDiaPlaca":1339.443848,"ConsMesPlaca":1339.443848,"ConsDiaRede":604.0803833,"ConsMesRede":604.0803833,"Status":"REDE"}