{"CorrPlaca":0,"TensPlaca":6.538000107,"CorrRede":0.764999986,"TensRede":0.188999996,"ConsDiaPlaca":1.533571362,"ConsMesPlaca":1.533571362,"ConsDiaRede":14.46700668,"ConsMesRede":14.46700668,"Status":"REDE"}