{"CorrPlaca":1.226999998,"TensPlaca":18.16799927,"CorrRede":2.030999899,"TensRede":0.177000001,"ConsDiaPlaca":2630.779541,"ConsMesPlaca":2630.779541,"ConsDiaRede":807.8884888,"ConsMesRede":807.8884888,"Status":"REDE"}