{"CorrPlaca":0,"TensPlaca":6.697000027,"CorrRede":0.726000011,"TensRede":0.108999997,"ConsDiaPlaca":1.539162278,"ConsMesPlaca":1.539162278,"ConsDiaRede":16.67431068,"ConsMesRede":16.67431068,"Status":"REDE"}