{"CorrPlaca":0.564999998,"TensPlaca":18.10099983,"CorrRede":1.787999988,"TensRede":0.360000014,"ConsDiaPlaca":478.2153625,"ConsMesPlaca":478.2153625,"ConsDiaRede":153.5643921,"ConsMesRede":153.5643921,"Status":"REDE"}