{"CorrPlaca":0,"TensPlaca":6.659999847,"CorrRede":0.847000003,"TensRede":0.115000002,"ConsDiaPlaca":83.46065521,"ConsMesPlaca":83.46065521,"ConsDiaRede":34.2530365,"ConsMesRede":34.2530365,"Status":"REDE"}