{"CorrPlaca":5,"TensPlaca":25,"CorrRede":0.698000014,"TensRede":0,"ConsDiaPlaca":14166.60645,"ConsMesPlaca":14166.60645,"ConsDiaRede":476.4004822,"ConsMesRede":476.4004822,"Status":"REDE"}