{"CorrPlaca":0.703999996,"TensPlaca":0,"CorrRede":0.138999999,"TensRede":0,"ConsDiaPlaca":105.6444321,"ConsMesPlaca":105.6444321,"ConsDiaRede":91.99578094,"ConsMesRede":91.99578094,"Status":"REDE"}