{"CorrPlaca":0.697000027,"TensPlaca":0,"CorrRede":0.064999998,"TensRede":0,"ConsDiaPlaca":102.6837921,"ConsMesPlaca":102.6837921,"ConsDiaRede":89.32280731,"ConsMesRede":89.32280731,"Status":"REDE"}