{"Corrente":0,"Tensao":5.842000008,"Consumo":0.005270754,"Status":"REDE"}