{"CorrPlaca":0.059,"TensPlaca":6.677999973,"CorrRede":0.908999979,"TensRede":0.213,"ConsDiaPlaca":79.25485992,"ConsMesPlaca":79.25485992,"ConsDiaRede":29.99028015,"ConsMesRede":29.99028015,"Status":"REDE"}