{"CorrPlaca":0,"TensPlaca":6.703000069,"CorrRede":0.787,"TensRede":0.224999994,"ConsDiaPlaca":1.533571362,"ConsMesPlaca":1.533571362,"ConsDiaRede":15.44973087,"ConsMesRede":15.44973087,"Status":"REDE"}