{"CorrPlaca":0.725000024,"TensPlaca":17.96699905,"CorrRede":1.649000049,"TensRede":0,"ConsDiaPlaca":2651.08252,"ConsMesPlaca":2651.08252,"ConsDiaRede":1047.172974,"ConsMesRede":1047.172974,"Status":"REDE"}