{"CorrPlaca":5,"TensPlaca":0,"CorrRede":0.809000015,"TensRede":0.377999991,"ConsDiaPlaca":6734.087891,"ConsMesPlaca":6734.087891,"ConsDiaRede":513.6848145,"ConsMesRede":513.6848145,"Status":"REDE"}