{"CorrPlaca":0.072999999,"TensPlaca":6.544000149,"CorrRede":0.950999975,"TensRede":0.201000005,"ConsDiaPlaca":54.579422,"ConsMesPlaca":54.579422,"ConsDiaRede":19.29452515,"ConsMesRede":19.29452515,"Status":"REDE"}