{"CorrPlaca":0.272000015,"TensPlaca":18.14999962,"CorrRede":1.373999953,"TensRede":0,"ConsDiaPlaca":4702.405762,"ConsMesPlaca":4702.405762,"ConsDiaRede":1837.646729,"ConsMesRede":1837.646729,"Status":"REDE"}