{"CorrPlaca":5,"TensPlaca":25,"CorrRede":0.52700001,"TensRede":0,"ConsDiaPlaca":19166.57422,"ConsMesPlaca":19166.57422,"ConsDiaRede":728.3024292,"ConsMesRede":728.3024292,"Status":"REDE"}