{"CorrPlaca":3.73300004,"TensPlaca":25,"CorrRede":1.54400003,"TensRede":0,"ConsDiaPlaca":15749.53418,"ConsMesPlaca":15749.53418,"ConsDiaRede":598.9838257,"ConsMesRede":598.9838257,"Status":"REDE"}