{"CorrPlaca":0,"TensPlaca":18.17399979,"CorrRede":1.223999977,"TensRede":0,"ConsDiaPlaca":1369.574219,"ConsMesPlaca":1369.574219,"ConsDiaRede":616.107666,"ConsMesRede":616.107666,"Status":"REDE"}