{"CorrPlaca":0,"TensPlaca":0.81099999,"CorrRede":0.537999988,"TensRede":2.08100009,"ConsDiaPlaca":0,"ConsMesPlaca":0,"ConsDiaRede":0.31099391,"ConsMesRede":0.31099391,"Status":"REDE"}