{"CorrPlaca":0.078000002,"TensPlaca":6.684000015,"CorrRede":0.998000026,"TensRede":0.268000007,"ConsDiaPlaca":54.2576561,"ConsMesPlaca":54.2576561,"ConsDiaRede":19.1655941,"ConsMesRede":19.1655941,"Status":"REDE"}