{"CorrPlaca":0.004,"TensPlaca":6.684000015,"CorrRede":0.889999986,"TensRede":0.261999995,"ConsDiaPlaca":81.59954071,"ConsMesPlaca":81.59954071,"ConsDiaRede":32.18029022,"ConsMesRede":32.18029022,"Status":"REDE"}