{"CorrPlaca":0.370999992,"TensPlaca":18.10700035,"CorrRede":1.578999996,"TensRede":1.44599998,"ConsDiaPlaca":1819.72522,"ConsMesPlaca":1819.72522,"ConsDiaRede":725.230957,"ConsMesRede":725.230957,"Status":"REDE"}