{"CorrPlaca":0.174999997,"TensPlaca":17.99099922,"CorrRede":1.282999992,"TensRede":0,"ConsDiaPlaca":1932.665283,"ConsMesPlaca":1932.665283,"ConsDiaRede":777.6107788,"ConsMesRede":777.6107788,"Status":"REDE"}