{"CorrPlaca":0.211999997,"TensPlaca":18.11300087,"CorrRede":1.447999954,"TensRede":0.097000003,"ConsDiaPlaca":3546.469971,"ConsMesPlaca":3546.469971,"ConsDiaRede":1105.894165,"ConsMesRede":1105.894165,"Status":"REDE"}