{"CorrPlaca":0,"TensPlaca":0,"CorrRede":0.615999997,"TensRede":0.072999999,"ConsDiaPlaca":1.587435603,"ConsMesPlaca":1.587435603,"ConsDiaRede":187.3363953,"ConsMesRede":187.3363953,"Status":"REDE"}