{"CorrPlaca":0.012,"TensPlaca":6.697000027,"CorrRede":0.879000008,"TensRede":0.207000002,"ConsDiaPlaca":81.40529633,"ConsMesPlaca":81.40529633,"ConsDiaRede":31.85889626,"ConsMesRede":31.85889626,"Status":"REDE"}