{"CorrPlaca":0,"TensPlaca":0,"CorrRede":0.65200001,"TensRede":6.659999847,"ConsDiaPlaca":1.587435603,"ConsMesPlaca":1.587435603,"ConsDiaRede":185.4251709,"ConsMesRede":185.4251709,"Status":"REDE"}