{"CorrPlaca":5,"TensPlaca":4.290999889,"CorrRede":1.105999947,"TensRede":1.269000053,"ConsDiaPlaca":13085.71484,"ConsMesPlaca":13085.71484,"ConsDiaRede":567.6596069,"ConsMesRede":567.6596069,"Status":"REDE"}