{"Corrente":-0.104000002,"Tensao":10.56200027,"Consumo":0.31834814,"Status":"REDE"}