{"CorrPlaca":2.904000044,"TensPlaca":18.0890007,"CorrRede":3.404999971,"TensRede":8.211000443,"ConsDiaPlaca":3387.024658,"ConsMesPlaca":3387.024658,"ConsDiaRede":1327.567017,"ConsMesRede":1327.567017,"Status":"REDE"}