{"Corrente":0,"Tensao":0.293000013,"Consumo":0.00001544,"Status":"REDE"}