{"CorrPlaca":0.368999988,"TensPlaca":18.08300018,"CorrRede":1.549000025,"TensRede":0,"ConsDiaPlaca":4839.031738,"ConsMesPlaca":4839.031738,"ConsDiaRede":1500.451172,"ConsMesRede":1500.451172,"Status":"REDE"}