{"corrente":-0.022,"tensao":0.683000028,"consumo":-0.000090822}