{"CorrPlaca":5,"TensPlaca":18.16200066,"CorrRede":1.013000011,"TensRede":0,"ConsDiaPlaca":12366.30859,"ConsMesPlaca":12366.30859,"ConsDiaRede":539.4249878,"ConsMesRede":539.4249878,"Status":"REDE"}