{"CorrPlaca":0.432000011,"TensPlaca":18.17399979,"CorrRede":1.644000053,"TensRede":1.019000053,"ConsDiaPlaca":5063.241699,"ConsMesPlaca":5063.241699,"ConsDiaRede":1581.388672,"ConsMesRede":1581.388672,"Status":"REDE"}