{"CorrPlaca":2.260999918,"TensPlaca":18.0890007,"CorrRede":2.851999998,"TensRede":4.107999802,"ConsDiaPlaca":2671.767578,"ConsMesPlaca":2671.767578,"ConsDiaRede":820.4179077,"ConsMesRede":820.4179077,"Status":"REDE"}