{"CorrPlaca":5,"TensPlaca":25,"CorrRede":2.096999884,"TensRede":3.644000053,"ConsDiaPlaca":28124.84961,"ConsMesPlaca":28124.84961,"ConsDiaRede":1149.376953,"ConsMesRede":1149.376953,"Status":"REDE"}