{"corrente":0.52700001,"tensao":0,"consumo":0.011674017}