{"CorrPlaca":0.236000001,"TensPlaca":18.05200005,"CorrRede":1.493000031,"TensRede":0.853999972,"ConsDiaPlaca":1712.149292,"ConsMesPlaca":1712.149292,"ConsDiaRede":768.0367432,"ConsMesRede":768.0367432,"Status":"REDE"}