{"CorrPlaca":5,"TensPlaca":25,"CorrRede":2.441999912,"TensRede":7.032000065,"ConsDiaPlaca":16492.98047,"ConsMesPlaca":16492.98047,"ConsDiaRede":583.4465332,"ConsMesRede":583.4465332,"Status":"REDE"}