{"Corrente":0.462000012,"Tensao":0,"Consumo":0.004195239,"Status":"REDE"}