{"CorrPlaca":5,"TensPlaca":25,"CorrRede":1.840000033,"TensRede":1.861999989,"ConsDiaPlaca":14479.10352,"ConsMesPlaca":14479.10352,"ConsDiaRede":487.8276062,"ConsMesRede":487.8276062,"Status":"REDE"}