{"CorrPlaca":0,"TensPlaca":0.787,"CorrRede":0.577000022,"TensRede":0.683000028,"ConsDiaPlaca":0.002766667,"ConsMesPlaca":0.002766667,"ConsDiaRede":0.999089181,"ConsMesRede":0.999089181,"Status":"REDE"}