{"CorrPlaca":0,"TensPlaca":0.671000004,"CorrRede":0.393000007,"TensRede":0.035999998,"ConsDiaPlaca":0,"ConsMesPlaca":0,"ConsDiaRede":0.245462224,"ConsMesRede":0.245462224,"Status":"REDE"}