{"CorrPlaca":0.654999971,"TensPlaca":3.118999958,"CorrRede":0.957000017,"TensRede":1.159000039,"ConsDiaPlaca":149.0385742,"ConsMesPlaca":149.0385742,"ConsDiaRede":142.2380524,"ConsMesRede":142.2380524,"Status":"REDE"}