{"CorrPlaca":5,"TensPlaca":18.05800056,"CorrRede":1.136999965,"TensRede":0,"ConsDiaPlaca":8568.618164,"ConsMesPlaca":8568.618164,"ConsDiaRede":529.671875,"ConsMesRede":529.671875,"Status":"REDE"}