{"corrente":2.707999945,"tensao":4.853000164,"consumo":0.083458662}