{"CorrPlaca":5,"TensPlaca":0,"CorrRede":0.781000018,"TensRede":0,"ConsDiaPlaca":6734.087891,"ConsMesPlaca":6734.087891,"ConsDiaRede":522.9978027,"ConsMesRede":522.9978027,"Status":"REDE"}