{"Corrente":0.384000003,"Tensao":1.366999984,"Consumo":0.003785992,"Status":"REDE"}