{"CorrPlaca":2.688999891,"TensPlaca":18.11300087,"CorrRede":3.244999886,"TensRede":8.369000435,"ConsDiaPlaca":2359.881836,"ConsMesPlaca":2359.881836,"ConsDiaRede":931.5223389,"ConsMesRede":931.5223389,"Status":"REDE"}