{"CorrPlaca":0.085000001,"TensPlaca":6.574999809,"CorrRede":0.967999995,"TensRede":0.201000005,"ConsDiaPlaca":53.79403305,"ConsMesPlaca":53.79403305,"ConsDiaRede":18.92541885,"ConsMesRede":18.92541885,"Status":"REDE"}