{"CorrPlaca":0,"TensPlaca":6.721000195,"CorrRede":0.828999996,"TensRede":0.097000003,"ConsDiaPlaca":86.77402496,"ConsMesPlaca":86.77402496,"ConsDiaRede":41.38180923,"ConsMesRede":41.38180923,"Status":"REDE"}