{"Corrente":14.54100037,"Tensao":1.707999945,"Consumo":4.312041283,"Status":"REDE"}