{"CorrPlaca":5,"TensPlaca":25,"CorrRede":1.154999971,"TensRede":2.344000101,"ConsDiaPlaca":22048.5,"ConsMesPlaca":22048.5,"ConsDiaRede":855.8530273,"ConsMesRede":855.8530273,"Status":"REDE"}