{"Corrente":0.331999987,"Tensao":0,"Consumo":0.053693287,"Status":"REDE"}