{"CorrPlaca":0.017999999,"TensPlaca":0.836000025,"CorrRede":0.601000011,"TensRede":2.08100009,"ConsDiaPlaca":0.00418,"ConsMesPlaca":0.00418,"ConsDiaRede":0.347411364,"ConsMesRede":0.347411364,"Status":"REDE"}