{"CorrPlaca":0,"TensPlaca":0.799000025,"CorrRede":0.523000002,"TensRede":0.781000018,"ConsDiaPlaca":0,"ConsMesPlaca":0,"ConsDiaRede":0.581541359,"ConsMesRede":0.581541359,"Status":"REDE"}