{"CorrPlaca":0.081,"TensPlaca":6.794000149,"CorrRede":0.984000027,"TensRede":0.323000014,"ConsDiaPlaca":56.35118484,"ConsMesPlaca":56.35118484,"ConsDiaRede":20.26685715,"ConsMesRede":20.26685715,"Status":"REDE"}