{"CorrPlaca":5,"TensPlaca":18.06999969,"CorrRede":3.092000008,"TensRede":2.631000042,"ConsDiaPlaca":3518.787109,"ConsMesPlaca":3518.787109,"ConsDiaRede":393.1513977,"ConsMesRede":393.1513977,"Status":"REDE"}