{"CorrPlaca":0.01,"TensPlaca":18.06999969,"CorrRede":1.230999947,"TensRede":0,"ConsDiaPlaca":710.3989868,"ConsMesPlaca":710.3989868,"ConsDiaRede":282.2337036,"ConsMesRede":282.2337036,"Status":"REDE"}