{"CorrPlaca":0.708999991,"TensPlaca":0,"CorrRede":0.086000003,"TensRede":0,"ConsDiaPlaca":55.92601013,"ConsMesPlaca":55.92601013,"ConsDiaRede":48.32043457,"ConsMesRede":48.32043457,"Status":"REDE"}