{"CorrPlaca":5,"TensPlaca":25,"CorrRede":0.726000011,"TensRede":0,"ConsDiaPlaca":34409.57813,"ConsMesPlaca":34409.57813,"ConsDiaRede":1398.499878,"ConsMesRede":1398.499878,"Status":"REDE"}