{"CorrPlaca":2.263999939,"TensPlaca":18.06999969,"CorrRede":2.88499999,"TensRede":4.962999821,"ConsDiaPlaca":1164.836548,"ConsMesPlaca":1164.836548,"ConsDiaRede":481.9415588,"ConsMesRede":481.9415588,"Status":"REDE"}