{"CorrPlaca":0,"TensPlaca":0,"CorrRede":0.586000025,"TensRede":0.134000003,"ConsDiaPlaca":1.587435603,"ConsMesPlaca":1.587435603,"ConsDiaRede":21.65329933,"ConsMesRede":21.65329933,"Status":"REDE"}