{"CorrPlaca":2.378999949,"TensPlaca":18.17399979,"CorrRede":2.986999989,"TensRede":4.657999992,"ConsDiaPlaca":2181.191406,"ConsMesPlaca":2181.191406,"ConsDiaRede":680.9522095,"ConsMesRede":680.9522095,"Status":"REDE"}