{"CorrPlaca":0.675000012,"TensPlaca":2.447999954,"CorrRede":0.681999981,"TensRede":0.542999983,"ConsDiaPlaca":18.99032974,"ConsMesPlaca":18.99032974,"ConsDiaRede":14.30337238,"ConsMesRede":14.30337238,"Status":"REDE"}