{"CorrPlaca":0.981999993,"TensPlaca":18.10700035,"CorrRede":1.932000041,"TensRede":0,"ConsDiaPlaca":1665.354736,"ConsMesPlaca":1665.354736,"ConsDiaRede":514.5905151,"ConsMesRede":514.5905151,"Status":"REDE"}