{"CorrPlaca":2.285000086,"TensPlaca":25,"CorrRede":3.736999989,"TensRede":3.118999958,"ConsDiaPlaca":1324.078735,"ConsMesPlaca":1324.078735,"ConsDiaRede":324.8376465,"ConsMesRede":324.8376465,"Status":"REDE"}