{"CorrPlaca":0,"TensPlaca":0.75,"CorrRede":0.435000002,"TensRede":0.432999998,"ConsDiaPlaca":0.000201667,"ConsMesPlaca":0.000201667,"ConsDiaRede":0.799548984,"ConsMesRede":0.799548984,"Status":"REDE"}