{"CorrPlaca":0.103,"TensPlaca":6.715000153,"CorrRede":0.989000022,"TensRede":0.218999997,"ConsDiaPlaca":15.36410522,"ConsMesPlaca":15.36410522,"ConsDiaRede":5.574551105,"ConsMesRede":5.574551105,"Status":"REDE"}