{"corrente":0.760999978,"tensao":0,"consumo":0.011674017}