{"CorrPlaca":0.023,"TensPlaca":6.671999931,"CorrRede":0.873000026,"TensRede":0.207000002,"ConsDiaPlaca":81.81459045,"ConsMesPlaca":81.81459045,"ConsDiaRede":32.36646271,"ConsMesRede":32.36646271,"Status":"REDE"}