{"CorrPlaca":0.015,"TensPlaca":6.556000233,"CorrRede":0.847000003,"TensRede":0.188999996,"ConsDiaPlaca":82.84181976,"ConsMesPlaca":82.84181976,"ConsDiaRede":33.3504982,"ConsMesRede":33.3504982,"Status":"REDE"}