{"CorrPlaca":0,"TensPlaca":0,"CorrRede":0.52700001,"TensRede":0,"ConsDiaPlaca":1.587435603,"ConsMesPlaca":1.587435603,"ConsDiaRede":17.11862564,"ConsMesRede":17.11862564,"Status":"REDE"}