{"CorrPlaca":3.480999947,"TensPlaca":25,"CorrRede":0.980000019,"TensRede":0.56099999,"ConsDiaPlaca":21228.81836,"ConsMesPlaca":21228.81836,"ConsDiaRede":726.097229,"ConsMesRede":726.097229,"Status":"REDE"}