{"CorrPlaca":2.039000034,"TensPlaca":18.15600014,"CorrRede":2.812999964,"TensRede":6.721000195,"ConsDiaPlaca":4868.164551,"ConsMesPlaca":4868.164551,"ConsDiaRede":1913.157227,"ConsMesRede":1913.157227,"Status":"REDE"}