{"CorrPlaca":0,"TensPlaca":0,"CorrRede":0.586000025,"TensRede":0.061000001,"ConsDiaPlaca":1.587435603,"ConsMesPlaca":1.587435603,"ConsDiaRede":187.1113892,"ConsMesRede":187.1113892,"Status":"REDE"}