{"CorrPlaca":0,"TensPlaca":3.198999882,"CorrRede":0.275000006,"TensRede":0,"ConsDiaPlaca":178.7357941,"ConsMesPlaca":178.7357941,"ConsDiaRede":165.0285797,"ConsMesRede":165.0285797,"Status":"REDE"}