{"CorrPlaca":2.775000095,"TensPlaca":18.11300087,"CorrRede":3.339999914,"TensRede":8.61400032,"ConsDiaPlaca":1475.037354,"ConsMesPlaca":1475.037354,"ConsDiaRede":598.9098511,"ConsMesRede":598.9098511,"Status":"REDE"}