{"CorrPlaca":0.578999996,"TensPlaca":18.06999969,"CorrRede":1.807000041,"TensRede":0.694999993,"ConsDiaPlaca":1403.237305,"ConsMesPlaca":1403.237305,"ConsDiaRede":446.7984314,"ConsMesRede":446.7984314,"Status":"REDE"}