{"CorrPlaca":2.051000118,"TensPlaca":18.04000092,"CorrRede":2.813999891,"TensRede":6.80700016,"ConsDiaPlaca":1508.852661,"ConsMesPlaca":1508.852661,"ConsDiaRede":615.1096802,"ConsMesRede":615.1096802,"Status":"REDE"}