{"corrente":0,"tensao":0.84799999,"consumo":0.379429787}