{"CorrPlaca":0.398000002,"TensPlaca":4.590000153,"CorrRede":3.782000065,"TensRede":25,"ConsDiaPlaca":35325.42578,"ConsMesPlaca":35325.42578,"ConsDiaRede":1442.744385,"ConsMesRede":1442.744385,"Status":"REDE"}