{"CorrPlaca":1.598999977,"TensPlaca":18.14999962,"CorrRede":2.548000097,"TensRede":5.525000095,"ConsDiaPlaca":1232.482178,"ConsMesPlaca":1232.482178,"ConsDiaRede":501.7803955,"ConsMesRede":501.7803955,"Status":"REDE"}