{"Corrente":0,"Tensao":6.079999924,"Consumo":0.005270754,"Status":"REDE"}