{"CorrPlaca":5,"TensPlaca":18.15600014,"CorrRede":2.464999914,"TensRede":0.524999976,"ConsDiaPlaca":3569.127197,"ConsMesPlaca":3569.127197,"ConsDiaRede":394.2119751,"ConsMesRede":394.2119751,"Status":"REDE"}