{"CorrPlaca":5,"TensPlaca":25,"CorrRede":0.791000009,"TensRede":0,"ConsDiaPlaca":10347.18555,"ConsMesPlaca":10347.18555,"ConsDiaRede":308.5528564,"ConsMesRede":308.5528564,"Status":"REDE"}