{"CorrPlaca":5,"TensPlaca":25,"CorrRede":0.515999973,"TensRede":0,"ConsDiaPlaca":23749.87891,"ConsMesPlaca":23749.87891,"ConsDiaRede":943.0147705,"ConsMesRede":943.0147705,"Status":"REDE"}