{"CorrPlaca":1.577999949,"TensPlaca":18.05200005,"CorrRede":2.482000113,"TensRede":5.433000088,"ConsDiaPlaca":3533.033203,"ConsMesPlaca":3533.033203,"ConsDiaRede":1378.821045,"ConsMesRede":1378.821045,"Status":"REDE"}