{"CorrPlaca":0.02,"TensPlaca":6.709000111,"CorrRede":0.819999993,"TensRede":0.188999996,"ConsDiaPlaca":87.2157135,"ConsMesPlaca":87.2157135,"ConsDiaRede":42.62188339,"ConsMesRede":42.62188339,"Status":"REDE"}