{"CorrPlaca":0,"TensPlaca":0.640999973,"CorrRede":0.481999993,"TensRede":0.531000018,"ConsDiaPlaca":0,"ConsMesPlaca":0,"ConsDiaRede":0.670481682,"ConsMesRede":0.670481682,"Status":"REDE"}