{"Corrente":19.84900093,"Tensao":3.747999907,"Consumo":0.366481692,"Status":"REDE"}