{"CorrPlaca":0,"TensPlaca":0,"CorrRede":0.654999971,"TensRede":6.697000027,"ConsDiaPlaca":1.587435603,"ConsMesPlaca":1.587435603,"ConsDiaRede":46.39601898,"ConsMesRede":46.39601898,"Status":"REDE"}