{"CorrPlaca":0.050999999,"TensPlaca":6.671999931,"CorrRede":0.91900003,"TensRede":0.280000001,"ConsDiaPlaca":68.24791718,"ConsMesPlaca":68.24791718,"ConsDiaRede":26.4333992,"ConsMesRede":26.4333992,"Status":"REDE"}