{"CorrPlaca":0.841000021,"TensPlaca":18.08300018,"CorrRede":1.815999985,"TensRede":0,"ConsDiaPlaca":1588.037598,"ConsMesPlaca":1588.037598,"ConsDiaRede":491.5986938,"ConsMesRede":491.5986938,"Status":"REDE"}