{"Corrente":-3.332999945,"Tensao":1.904000044,"Consumo":0.19681333,"Status":"REDE"}