{"Corrente":14.26200008,"Tensao":0.878000021,"Consumo":2.766889334,"Status":"REDE"}