{"Corrente":13.87300014,"Tensao":0,"Consumo":0.792368889,"Status":"REDE"}