{"Corrente":0.472000003,"Tensao":0,"Consumo":0.000573213,"Status":"REDE"}