{"CorrPlaca":2.167000055,"TensPlaca":18.17399979,"CorrRede":2.97300005,"TensRede":6.488999844,"ConsDiaPlaca":5014.977539,"ConsMesPlaca":5014.977539,"ConsDiaRede":1562.003174,"ConsMesRede":1562.003174,"Status":"REDE"}