{"CorrPlaca":5,"TensPlaca":25,"CorrRede":1.309999943,"TensRede":0,"ConsDiaPlaca":30069.28125,"ConsMesPlaca":30069.28125,"ConsDiaRede":1243.276245,"ConsMesRede":1243.276245,"Status":"REDE"}