{"CorrPlaca":0.252000004,"TensPlaca":18.05200005,"CorrRede":1.184000015,"TensRede":0,"ConsDiaPlaca":485.4471741,"ConsMesPlaca":485.4471741,"ConsDiaRede":202.2053528,"ConsMesRede":202.2053528,"Status":"REDE"}