{"CorrPlaca":0.014,"TensPlaca":6.561999798,"CorrRede":0.903999984,"TensRede":0.164000005,"ConsDiaPlaca":68.49594116,"ConsMesPlaca":68.49594116,"ConsDiaRede":26.5814743,"ConsMesRede":26.5814743,"Status":"REDE"}