{"CorrPlaca":2.765000105,"TensPlaca":18.11300087,"CorrRede":3.299999952,"TensRede":8.260000229,"ConsDiaPlaca":4605.333496,"ConsMesPlaca":4605.333496,"ConsDiaRede":1794.277222,"ConsMesRede":1794.277222,"Status":"REDE"}