{"CorrPlaca":5,"TensPlaca":18.125,"CorrRede":1.610000014,"TensRede":1.006999969,"ConsDiaPlaca":12139.56543,"ConsMesPlaca":12139.56543,"ConsDiaRede":537.7628174,"ConsMesRede":537.7628174,"Status":"REDE"}