{"CorrPlaca":1.210000038,"TensPlaca":18.24099922,"CorrRede":2.316999912,"TensRede":2.374000072,"ConsDiaPlaca":274.5507202,"ConsMesPlaca":274.5507202,"ConsDiaRede":96.13864899,"ConsMesRede":96.13864899,"Status":"REDE"}