{"Corrente":14.45300007,"Tensao":14.45199966,"Consumo":4.907080173,"Status":"PLACA"}