{"CorrPlaca":0.885999978,"TensPlaca":3.204999924,"CorrRede":1.172000051,"TensRede":2.746999979,"ConsDiaPlaca":174.9079742,"ConsMesPlaca":174.9079742,"ConsDiaRede":162.1099243,"ConsMesRede":162.1099243,"Status":"REDE"}