{"CorrPlaca":0.018999999,"TensPlaca":18.10099983,"CorrRede":1.325999975,"TensRede":0,"ConsDiaPlaca":923.3920288,"ConsMesPlaca":923.3920288,"ConsDiaRede":413.084137,"ConsMesRede":413.084137,"Status":"REDE"}