{"CorrPlaca":0.119999997,"TensPlaca":6.671999931,"CorrRede":0.99000001,"TensRede":0.293000013,"ConsDiaPlaca":10.68796921,"ConsMesPlaca":10.68796921,"ConsDiaRede":4.000478268,"ConsMesRede":4.000478268,"Status":"REDE"}