{"Corrente":15.95499992,"Tensao":1.414999962,"Consumo":0.601851463,"Status":"REDE"}