{"CorrPlaca":0.623000026,"TensPlaca":18.0890007,"CorrRede":1.672000051,"TensRede":0,"ConsDiaPlaca":4883.750977,"ConsMesPlaca":4883.750977,"ConsDiaRede":1514.268677,"ConsMesRede":1514.268677,"Status":"REDE"}