{"CorrPlaca":0.938000023,"TensPlaca":18.13699913,"CorrRede":2.019999981,"TensRede":3.516000032,"ConsDiaPlaca":3354.554932,"ConsMesPlaca":3354.554932,"ConsDiaRede":1310.671143,"ConsMesRede":1310.671143,"Status":"REDE"}