{"corrente":-5.001999855,"tensao":0,"consumo":0.103743449}