{"CorrPlaca":2.813999891,"TensPlaca":18.09499931,"CorrRede":3.345999956,"TensRede":7.532999992,"ConsDiaPlaca":2644.923828,"ConsMesPlaca":2644.923828,"ConsDiaRede":814.8900146,"ConsMesRede":814.8900146,"Status":"REDE"}