{"CorrPlaca":5,"TensPlaca":25,"CorrRede":1.383000016,"TensRede":2.312999964,"ConsDiaPlaca":208.3333282,"ConsMesPlaca":208.3333282,"ConsDiaRede":8.565312386,"ConsMesRede":8.565312386,"Status":"REDE"}