{"CorrPlaca":5,"TensPlaca":25,"CorrRede":0.802999973,"TensRede":0,"ConsDiaPlaca":2361.112549,"ConsMesPlaca":2361.112549,"ConsDiaRede":119.966301,"ConsMesRede":119.966301,"Status":"REDE"}