{"CorrPlaca":0,"TensPlaca":0.628000021,"CorrRede":0.407000005,"TensRede":0,"ConsDiaPlaca":0.03231889,"ConsMesPlaca":0.03231889,"ConsDiaRede":0.807545483,"ConsMesRede":0.807545483,"Status":"REDE"}