{"CorrPlaca":0.097000003,"TensPlaca":6.721000195,"CorrRede":0.91900003,"TensRede":0.201000005,"ConsDiaPlaca":70.14756775,"ConsMesPlaca":70.14756775,"ConsDiaRede":27.24988747,"ConsMesRede":27.24988747,"Status":"REDE"}