{"CorrPlaca":0.708999991,"TensPlaca":18.10099983,"CorrRede":1.720000029,"TensRede":0,"ConsDiaPlaca":2403.782227,"ConsMesPlaca":2403.782227,"ConsDiaRede":755.1525879,"ConsMesRede":755.1525879,"Status":"REDE"}