{"CorrPlaca":0,"TensPlaca":6.636000156,"CorrRede":0.782999992,"TensRede":0.201000005,"ConsDiaPlaca":1.587435603,"ConsMesPlaca":1.587435603,"ConsDiaRede":19.15386963,"ConsMesRede":19.15386963,"Status":"REDE"}