{"CorrPlaca":0.683000028,"TensPlaca":1.506999969,"CorrRede":0.449000001,"TensRede":0,"ConsDiaPlaca":54.30458069,"ConsMesPlaca":54.30458069,"ConsDiaRede":46.61362076,"ConsMesRede":46.61362076,"Status":"REDE"}