{"CorrPlaca":0.075999998,"TensPlaca":6.630000114,"CorrRede":0.95599997,"TensRede":0.164000005,"ConsDiaPlaca":61.68909836,"ConsMesPlaca":61.68909836,"ConsDiaRede":23.02737808,"ConsMesRede":23.02737808,"Status":"REDE"}