{"CorrPlaca":0,"TensPlaca":0,"CorrRede":0.565999985,"TensRede":0.041999999,"ConsDiaPlaca":1.587435603,"ConsMesPlaca":1.587435603,"ConsDiaRede":17.40437508,"ConsMesRede":17.40437508,"Status":"REDE"}