{"CorrPlaca":5,"TensPlaca":25,"CorrRede":1.967000008,"TensRede":2.857000113,"ConsDiaPlaca":24027.6543,"ConsMesPlaca":24027.6543,"ConsDiaRede":961.3850708,"ConsMesRede":961.3850708,"Status":"REDE"}