{"CorrPlaca":0,"TensPlaca":18.05200005,"CorrRede":1.22300005,"TensRede":0,"ConsDiaPlaca":1218.281738,"ConsMesPlaca":1218.281738,"ConsDiaRede":497.4801025,"ConsMesRede":497.4801025,"Status":"REDE"}