{"CorrPlaca":0.01,"TensPlaca":6.738999844,"CorrRede":0.852999985,"TensRede":0.244000003,"ConsDiaPlaca":84.6842041,"ConsMesPlaca":84.6842041,"ConsDiaRede":36.59199905,"ConsMesRede":36.59199905,"Status":"REDE"}