{"Corrente":170.3950043,"Tensao":1.513000011,"Consumo":15.22669601,"Status":"REDE"}