{"CorrPlaca":3.066999912,"TensPlaca":18.06999969,"CorrRede":3.420000076,"TensRede":9.156999588,"ConsDiaPlaca":113.9270096,"ConsMesPlaca":113.9270096,"ConsDiaRede":55.21498489,"ConsMesRede":55.21498489,"Status":"REDE"}