{"CorrPlaca":5,"TensPlaca":25,"CorrRede":1.087000012,"TensRede":0,"ConsDiaPlaca":34583.19922,"ConsMesPlaca":34583.19922,"ConsDiaRede":1400.835815,"ConsMesRede":1400.835815,"Status":"REDE"}