{"CorrPlaca":1.641000032,"TensPlaca":18.07600021,"CorrRede":2.349999905,"TensRede":2.056999922,"ConsDiaPlaca":3498.015137,"ConsMesPlaca":3498.015137,"ConsDiaRede":1368.491211,"ConsMesRede":1368.491211,"Status":"REDE"}