{"CorrPlaca":5,"TensPlaca":25,"CorrRede":1.764000058,"TensRede":2.361999989,"ConsDiaPlaca":5798.603516,"ConsMesPlaca":5798.603516,"ConsDiaRede":198.2819977,"ConsMesRede":198.2819977,"Status":"REDE"}