{"Corrente":0,"Tensao":0.921000004,"Consumo":8.655833881e-6,"Status":"REDE"}