{"Corrente":2.744999886,"Tensao":0,"Consumo":0.099550068,"Status":"REDE"}