{"CorrPlaca":0.85799998,"TensPlaca":18.07600021,"CorrRede":1.79400003,"TensRede":0,"ConsDiaPlaca":2874.900635,"ConsMesPlaca":2874.900635,"ConsDiaRede":895.3661499,"ConsMesRede":895.3661499,"Status":"REDE"}