{"CorrPlaca":2.661000013,"TensPlaca":18.04599953,"CorrRede":3.316999912,"TensRede":8.69299984,"ConsDiaPlaca":1656.382446,"ConsMesPlaca":1656.382446,"ConsDiaRede":750.4575806,"ConsMesRede":750.4575806,"Status":"REDE"}