{"CorrPlaca":1.843000054,"TensPlaca":18.1439991,"CorrRede":2.515000105,"TensRede":3.253000021,"ConsDiaPlaca":223.5014343,"ConsMesPlaca":223.5014343,"ConsDiaRede":101.6884995,"ConsMesRede":101.6884995,"Status":"REDE"}