{"CorrPlaca":0.442999989,"TensPlaca":18.1439991,"CorrRede":1.600000024,"TensRede":0,"ConsDiaPlaca":1002.091309,"ConsMesPlaca":1002.091309,"ConsDiaRede":312.5619812,"ConsMesRede":312.5619812,"Status":"REDE"}