{"corrente":0.672999978,"tensao":0.610000014,"consumo":0.0090743}