{"CorrPlaca":0,"TensPlaca":6.727000237,"CorrRede":0.836000025,"TensRede":0.164000005,"ConsDiaPlaca":85.15044403,"ConsMesPlaca":85.15044403,"ConsDiaRede":37.80533981,"ConsMesRede":37.80533981,"Status":"REDE"}