{"Corrente":183.0529938,"Tensao":25.95899963,"Consumo":8.808808327,"Status":"PLACA"}