{"CorrPlaca":0,"TensPlaca":6.677999973,"CorrRede":0.802999973,"TensRede":0.128000006,"ConsDiaPlaca":87.17843628,"ConsMesPlaca":87.17843628,"ConsDiaRede":42.53954697,"ConsMesRede":42.53954697,"Status":"REDE"}