{"CorrPlaca":2.371000051,"TensPlaca":18.0340004,"CorrRede":3.052000046,"TensRede":6.830999851,"ConsDiaPlaca":3452.870361,"ConsMesPlaca":3452.870361,"ConsDiaRede":1082.097656,"ConsMesRede":1082.097656,"Status":"REDE"}