{"CorrPlaca":0,"TensPlaca":18.19199944,"CorrRede":1.182999969,"TensRede":0,"ConsDiaPlaca":2693.994385,"ConsMesPlaca":2693.994385,"ConsDiaRede":1067.40686,"ConsMesRede":1067.40686,"Status":"REDE"}