{"Corrente":2.282999992,"Tensao":6.995999813,"Consumo":0.139644474,"Status":"PLACA"}