{"CorrPlaca":0.244000003,"TensPlaca":18.14999962,"CorrRede":1.406000018,"TensRede":0,"ConsDiaPlaca":4728.915527,"ConsMesPlaca":4728.915527,"ConsDiaRede":1469.279785,"ConsMesRede":1469.279785,"Status":"REDE"}