{"CorrPlaca":5,"TensPlaca":25,"CorrRede":2.365999937,"TensRede":7.136000156,"ConsDiaPlaca":23784.59961,"ConsMesPlaca":23784.59961,"ConsDiaRede":947.7047119,"ConsMesRede":947.7047119,"Status":"REDE"}