{"Corrente":14.17399979,"Tensao":0.569000006,"Consumo":5.278296947,"Status":"REDE"}