{"CorrPlaca":0,"TensPlaca":18.01499939,"CorrRede":1.230000019,"TensRede":0.238000005,"ConsDiaPlaca":4020.148682,"ConsMesPlaca":4020.148682,"ConsDiaRede":1561.430664,"ConsMesRede":1561.430664,"Status":"REDE"}