{"CorrPlaca":3.105000019,"TensPlaca":18.0890007,"CorrRede":3.627000093,"TensRede":9.187999725,"ConsDiaPlaca":1875.331909,"ConsMesPlaca":1875.331909,"ConsDiaRede":853.4522095,"ConsMesRede":853.4522095,"Status":"REDE"}