{"CorrPlaca":2.887000084,"TensPlaca":18.09499931,"CorrRede":3.315000057,"TensRede":7.545000076,"ConsDiaPlaca":2793.08252,"ConsMesPlaca":2793.08252,"ConsDiaRede":1105.814575,"ConsMesRede":1105.814575,"Status":"REDE"}