{"corrente":0.800000012,"tensao":0.666000009,"consumo":0.101021089}