{"CorrPlaca":0,"TensPlaca":0.781000018,"CorrRede":0.469999999,"TensRede":0.115000002,"ConsDiaPlaca":0,"ConsMesPlaca":0,"ConsDiaRede":0.450956404,"ConsMesRede":0.450956404,"Status":"REDE"}