{"CorrPlaca":0,"TensPlaca":3.210999966,"CorrRede":0.455000013,"TensRede":0.261999995,"ConsDiaPlaca":166.7702332,"ConsMesPlaca":166.7702332,"ConsDiaRede":155.3871307,"ConsMesRede":155.3871307,"Status":"REDE"}