{"Corrente":2.70600009,"Tensao":0,"Consumo":0.099550068,"Status":"REDE"}