{"CorrPlaca":0.018999999,"TensPlaca":6.727000237,"CorrRede":0.99000001,"TensRede":0,"ConsDiaPlaca":55.64420319,"ConsMesPlaca":55.64420319,"ConsDiaRede":19.83358383,"ConsMesRede":19.83358383,"Status":"REDE"}