{"Corrente":0.493999988,"Tensao":1.480999947,"Consumo":0.001628215,"Status":"REDE"}