{"CorrPlaca":0.018999999,"TensPlaca":6.544000149,"CorrRede":0.846000016,"TensRede":0.128000006,"ConsDiaPlaca":82.99518585,"ConsMesPlaca":82.99518585,"ConsDiaRede":33.43441391,"ConsMesRede":33.43441391,"Status":"REDE"}