{"CorrPlaca":0,"TensPlaca":6.684000015,"CorrRede":0.760999978,"TensRede":0.128000006,"ConsDiaPlaca":1.587435603,"ConsMesPlaca":1.587435603,"ConsDiaRede":21.02612686,"ConsMesRede":21.02612686,"Status":"REDE"}