{"CorrPlaca":0.51700002,"TensPlaca":18.10099983,"CorrRede":1.54400003,"TensRede":0,"ConsDiaPlaca":3664.318115,"ConsMesPlaca":3664.318115,"ConsDiaRede":1431.149414,"ConsMesRede":1431.149414,"Status":"REDE"}