{"Corrente":-3.332999945,"Tensao":0,"Consumo":0.093959838,"Status":"REDE"}