{"CorrPlaca":5,"TensPlaca":25,"CorrRede":1.271000028,"TensRede":2.825999975,"ConsDiaPlaca":29895.67188,"ConsMesPlaca":29895.67188,"ConsDiaRede":1234.296143,"ConsMesRede":1234.296143,"Status":"REDE"}