{"CorrPlaca":0.097999997,"TensPlaca":6.598999977,"CorrRede":1.019999981,"TensRede":0.377999991,"ConsDiaPlaca":43.21471786,"ConsMesPlaca":43.21471786,"ConsDiaRede":14.21870613,"ConsMesRede":14.21870613,"Status":"REDE"}