{"CorrPlaca":0,"TensPlaca":25,"CorrRede":1.501000047,"TensRede":0,"ConsDiaPlaca":16009.85547,"ConsMesPlaca":16009.85547,"ConsDiaRede":607.3168945,"ConsMesRede":607.3168945,"Status":"REDE"}