{"CorrPlaca":5,"TensPlaca":25,"CorrRede":0.813000023,"TensRede":1.128999949,"ConsDiaPlaca":18124.91406,"ConsMesPlaca":18124.91406,"ConsDiaRede":668.7414551,"ConsMesRede":668.7414551,"Status":"REDE"}