{"Corrente":2.394999981,"Tensao":25.8939991,"Consumo":0.09059339,"Status":"PLACA"}