{"CorrPlaca":5,"TensPlaca":25,"CorrRede":0.82099998,"TensRede":0,"ConsDiaPlaca":18992.96484,"ConsMesPlaca":18992.96484,"ConsDiaRede":720.7271729,"ConsMesRede":720.7271729,"Status":"REDE"}