{"CorrPlaca":2.582000017,"TensPlaca":18.06999969,"CorrRede":3.117000103,"TensRede":6.446000099,"ConsDiaPlaca":1974.425293,"ConsMesPlaca":1974.425293,"ConsDiaRede":788.6020508,"ConsMesRede":788.6020508,"Status":"REDE"}