{"CorrPlaca":1.095999956,"TensPlaca":18.0890007,"CorrRede":2.184999943,"TensRede":3.394000053,"ConsDiaPlaca":4168.400879,"ConsMesPlaca":4168.400879,"ConsDiaRede":1298.867554,"ConsMesRede":1298.867554,"Status":"REDE"}