{"CorrPlaca":5,"TensPlaca":25,"CorrRede":2.661000013,"TensRede":7.30700016,"ConsDiaPlaca":11076.34766,"ConsMesPlaca":11076.34766,"ConsDiaRede":344.9116821,"ConsMesRede":344.9116821,"Status":"REDE"}