{"CorrPlaca":0,"TensPlaca":6.684000015,"CorrRede":0.875999987,"TensRede":0.140000001,"ConsDiaPlaca":81.08238983,"ConsMesPlaca":81.08238983,"ConsDiaRede":31.34596252,"ConsMesRede":31.34596252,"Status":"REDE"}