{"CorrPlaca":0,"TensPlaca":0.683000028,"CorrRede":0.411000013,"TensRede":0.054000001,"ConsDiaPlaca":0.005104722,"ConsMesPlaca":0.005104722,"ConsDiaRede":0.540984452,"ConsMesRede":0.540984452,"Status":"REDE"}