{"CorrPlaca":5,"TensPlaca":25,"CorrRede":0.995999992,"TensRede":1.825000048,"ConsDiaPlaca":28923.45508,"ConsMesPlaca":28923.45508,"ConsDiaRede":1178.927368,"ConsMesRede":1178.927368,"Status":"REDE"}