{"CorrPlaca":5,"TensPlaca":25,"CorrRede":0.731000006,"TensRede":0.737999976,"ConsDiaPlaca":13229.1123,"ConsMesPlaca":13229.1123,"ConsDiaRede":435.5758972,"ConsMesRede":435.5758972,"Status":"REDE"}