{"CorrPlaca":0.194000006,"TensPlaca":18.0340004,"CorrRede":1.406999946,"TensRede":0,"ConsDiaPlaca":3064.446533,"ConsMesPlaca":3064.446533,"ConsDiaRede":942.9926147,"ConsMesRede":942.9926147,"Status":"REDE"}