{"CorrPlaca":0,"TensPlaca":3.191999912,"CorrRede":0.391000003,"TensRede":0,"ConsDiaPlaca":136.6246643,"ConsMesPlaca":136.6246643,"ConsDiaRede":131.5450897,"ConsMesRede":131.5450897,"Status":"REDE"}