{"CorrPlaca":5,"TensPlaca":25,"CorrRede":0.950999975,"TensRede":1.659999967,"ConsDiaPlaca":20173.51172,"ConsMesPlaca":20173.51172,"ConsDiaRede":772.4042969,"ConsMesRede":772.4042969,"Status":"REDE"}