{"CorrPlaca":0,"TensPlaca":0,"CorrRede":0.643999994,"TensRede":6.671999931,"ConsDiaPlaca":1.587435603,"ConsMesPlaca":1.587435603,"ConsDiaRede":159.995636,"ConsMesRede":159.995636,"Status":"REDE"}