{"CorrPlaca":0.635999978,"TensPlaca":18.04000092,"CorrRede":1.835000038,"TensRede":2.344000101,"ConsDiaPlaca":1220.84314,"ConsMesPlaca":1220.84314,"ConsDiaRede":545.8184814,"ConsMesRede":545.8184814,"Status":"REDE"}