{"corrente":1.736999989,"tensao":9.284999847,"consumo":0.136195108}