{"CorrPlaca":0,"TensPlaca":6.532000065,"CorrRede":0.769999981,"TensRede":0.298999995,"ConsDiaPlaca":1.533571362,"ConsMesPlaca":1.533571362,"ConsDiaRede":11.14053917,"ConsMesRede":11.14053917,"Status":"REDE"}