{"Corrente":14.30599976,"Tensao":23.68000031,"Consumo":2.437171698,"Status":"PLACA"}