{"CorrPlaca":0,"TensPlaca":0.603999972,"CorrRede":0.456,"TensRede":0.293000013,"ConsDiaPlaca":0.008335277,"ConsMesPlaca":0.008335277,"ConsDiaRede":0.369702518,"ConsMesRede":0.369702518,"Status":"REDE"}