{"CorrPlaca":0,"TensPlaca":6.671999931,"CorrRede":0.825999975,"TensRede":0.177000001,"ConsDiaPlaca":85.98818207,"ConsMesPlaca":85.98818207,"ConsDiaRede":39.41710281,"ConsMesRede":39.41710281,"Status":"REDE"}