{"CorrPlaca":0,"TensPlaca":0,"CorrRede":0.42899999,"TensRede":0.017999999,"ConsDiaPlaca":168.0245667,"ConsMesPlaca":168.0245667,"ConsDiaRede":10.72609806,"ConsMesRede":10.72609806,"Status":"REDE"}