{"CorrPlaca":0,"TensPlaca":0,"CorrRede":0.592999995,"TensRede":0.079000004,"ConsDiaPlaca":1.587435603,"ConsMesPlaca":1.587435603,"ConsDiaRede":21.75062752,"ConsMesRede":21.75062752,"Status":"REDE"}