{"CorrPlaca":2.957000017,"TensPlaca":18.06999969,"CorrRede":3.460000038,"TensRede":7.532999992,"ConsDiaPlaca":1732.719971,"ConsMesPlaca":1732.719971,"ConsDiaRede":538.9697266,"ConsMesRede":538.9697266,"Status":"REDE"}