{"Corrente":14.60900021,"Tensao":9.602000237,"Consumo":1.638198256,"Status":"PLACA"}