{"CorrPlaca":0,"TensPlaca":18.11300087,"CorrRede":1.18599999,"TensRede":0,"ConsDiaPlaca":3713.548096,"ConsMesPlaca":3713.548096,"ConsDiaRede":1452.009644,"ConsMesRede":1452.009644,"Status":"REDE"}