{"CorrPlaca":0.136000007,"TensPlaca":6.684000015,"CorrRede":1.034000039,"TensRede":1.54400003,"ConsDiaPlaca":0.252506673,"ConsMesPlaca":0.252506673,"ConsDiaRede":0.443471104,"ConsMesRede":0.443471104,"Status":"REDE"}