{"CorrPlaca":0,"TensPlaca":0,"CorrRede":0.598999977,"TensRede":0.122000001,"ConsDiaPlaca":1.587435603,"ConsMesPlaca":1.587435603,"ConsDiaRede":21.26549149,"ConsMesRede":21.26549149,"Status":"REDE"}