{"CorrPlaca":5,"TensPlaca":25,"CorrRede":2.23300004,"TensRede":7.051000118,"ConsDiaPlaca":17222.14258,"ConsMesPlaca":17222.14258,"ConsDiaRede":613.6599121,"ConsMesRede":613.6599121,"Status":"REDE"}