{"CorrPlaca":0.338999987,"TensPlaca":7.001999855,"CorrRede":1.085000038,"TensRede":0.578999996,"ConsDiaPlaca":6.937261105,"ConsMesPlaca":6.937261105,"ConsDiaRede":2.816508055,"ConsMesRede":2.816508055,"Status":"REDE"}