{"CorrPlaca":0.090000004,"TensPlaca":6.556000233,"CorrRede":0.980000019,"TensRede":0.201000005,"ConsDiaPlaca":45.17082214,"ConsMesPlaca":45.17082214,"ConsDiaRede":14.97833729,"ConsMesRede":14.97833729,"Status":"REDE"}