{"CorrPlaca":0.68599999,"TensPlaca":6.348999977,"CorrRede":1.542999983,"TensRede":3.937000036,"ConsDiaPlaca":44.17206573,"ConsMesPlaca":44.17206573,"ConsDiaRede":37.41223526,"ConsMesRede":37.41223526,"Status":"REDE"}