{"CorrPlaca":0.709999979,"TensPlaca":6.561999798,"CorrRede":1.57099998,"TensRede":5.072999954,"ConsDiaPlaca":15.44623566,"ConsMesPlaca":15.44623566,"ConsDiaRede":10.37015438,"ConsMesRede":10.37015438,"Status":"REDE"}