{"CorrPlaca":2.917999983,"TensPlaca":18.05200005,"CorrRede":3.387000084,"TensRede":8.61400032,"ConsDiaPlaca":2438.992188,"ConsMesPlaca":2438.992188,"ConsDiaRede":969.5429077,"ConsMesRede":969.5429077,"Status":"REDE"}