{"CorrPlaca":3.516000032,"TensPlaca":25,"CorrRede":0.763000011,"TensRede":0,"ConsDiaPlaca":30015.50781,"ConsMesPlaca":30015.50781,"ConsDiaRede":767.1715088,"ConsMesRede":767.1715088,"Status":"REDE"}