{"CorrPlaca":0,"TensPlaca":0,"CorrRede":0.59799999,"TensRede":0.090999998,"ConsDiaPlaca":1.587435603,"ConsMesPlaca":1.587435603,"ConsDiaRede":17.18947983,"ConsMesRede":17.18947983,"Status":"REDE"}