{"CorrPlaca":0.195999995,"TensPlaca":18.06999969,"CorrRede":1.351999998,"TensRede":0,"ConsDiaPlaca":4834.173828,"ConsMesPlaca":4834.173828,"ConsDiaRede":1894.996948,"ConsMesRede":1894.996948,"Status":"REDE"}