{"CorrPlaca":0.061000001,"TensPlaca":6.544000149,"CorrRede":0.984000027,"TensRede":0.25,"ConsDiaPlaca":42.44956207,"ConsMesPlaca":42.44956207,"ConsDiaRede":13.78149033,"ConsMesRede":13.78149033,"Status":"REDE"}