{"CorrPlaca":1.011999965,"TensPlaca":18.10099983,"CorrRede":1.924999952,"TensRede":0,"ConsDiaPlaca":3036.58374,"ConsMesPlaca":3036.58374,"ConsDiaRede":937.8377075,"ConsMesRede":937.8377075,"Status":"REDE"}