{"CorrPlaca":0.039000001,"TensPlaca":18.06999969,"CorrRede":1.213000059,"TensRede":0,"ConsDiaPlaca":4244.967285,"ConsMesPlaca":4244.967285,"ConsDiaRede":1658.061646,"ConsMesRede":1658.061646,"Status":"REDE"}