{"CorrPlaca":0,"TensPlaca":0,"CorrRede":0.647000015,"TensRede":6.623000145,"ConsDiaPlaca":1.587435603,"ConsMesPlaca":1.587435603,"ConsDiaRede":180.5450134,"ConsMesRede":180.5450134,"Status":"REDE"}