{"CorrPlaca":0.601000011,"TensPlaca":18.06999969,"CorrRede":1.779999971,"TensRede":1.506999969,"ConsDiaPlaca":3681.490234,"ConsMesPlaca":3681.490234,"ConsDiaRede":1155.576782,"ConsMesRede":1155.576782,"Status":"REDE"}