{"CorrPlaca":0.097999997,"TensPlaca":6.721000195,"CorrRede":1.003999949,"TensRede":0.298999995,"ConsDiaPlaca":28.6128788,"ConsMesPlaca":28.6128788,"ConsDiaRede":9.091779709,"ConsMesRede":9.091779709,"Status":"REDE"}