{"CorrPlaca":5,"TensPlaca":18.06999969,"CorrRede":2.285000086,"TensRede":0.006,"ConsDiaPlaca":3769.939453,"ConsMesPlaca":3769.939453,"ConsDiaRede":401.6601868,"ConsMesRede":401.6601868,"Status":"REDE"}