{"CorrPlaca":0,"TensPlaca":0.763000011,"CorrRede":0.569999993,"TensRede":0.566999972,"ConsDiaPlaca":0.002766667,"ConsMesPlaca":0.002766667,"ConsDiaRede":0.836605549,"ConsMesRede":0.836605549,"Status":"REDE"}