{"CorrPlaca":0.560000002,"TensPlaca":18.11300087,"CorrRede":1.666000009,"TensRede":0,"ConsDiaPlaca":399.9830627,"ConsMesPlaca":399.9830627,"ConsDiaRede":125.5959549,"ConsMesRede":125.5959549,"Status":"REDE"}