{"CorrPlaca":0,"TensPlaca":0,"CorrRede":0.592000008,"TensRede":0,"ConsDiaPlaca":1.587435603,"ConsMesPlaca":1.587435603,"ConsDiaRede":188.4205017,"ConsMesRede":188.4205017,"Status":"REDE"}