{"CorrPlaca":0.039000001,"TensPlaca":6.697000027,"CorrRede":0.908999979,"TensRede":0.218999997,"ConsDiaPlaca":69.50898743,"ConsMesPlaca":69.50898743,"ConsDiaRede":27.02584457,"ConsMesRede":27.02584457,"Status":"REDE"}