{"CorrPlaca":5,"TensPlaca":25,"CorrRede":1.868999958,"TensRede":1.970999956,"ConsDiaPlaca":972.2225342,"ConsMesPlaca":972.2225342,"ConsDiaRede":55.09449768,"ConsMesRede":55.09449768,"Status":"REDE"}