{"CorrPlaca":1.111999989,"TensPlaca":18.11300087,"CorrRede":1.952000022,"TensRede":0.298999995,"ConsDiaPlaca":1514.44751,"ConsMesPlaca":1514.44751,"ConsDiaRede":615.2717896,"ConsMesRede":615.2717896,"Status":"REDE"}