{"CorrPlaca":5,"TensPlaca":25,"CorrRede":0.537,"TensRede":0.017999999,"ConsDiaPlaca":25242.92383,"ConsMesPlaca":25242.92383,"ConsDiaRede":1027.675415,"ConsMesRede":1027.675415,"Status":"REDE"}