{"CorrPlaca":0,"TensPlaca":0,"CorrRede":0.620999992,"TensRede":0,"ConsDiaPlaca":1.587435603,"ConsMesPlaca":1.587435603,"ConsDiaRede":187.8700867,"ConsMesRede":187.8700867,"Status":"REDE"}