{"CorrPlaca":0.663999975,"TensPlaca":18.06999969,"CorrRede":1.672999978,"TensRede":0,"ConsDiaPlaca":4467.120117,"ConsMesPlaca":4467.120117,"ConsDiaRede":1393.875366,"ConsMesRede":1393.875366,"Status":"REDE"}