{"CorrPlaca":0,"TensPlaca":6.732999802,"CorrRede":0.802999973,"TensRede":0.158000007,"ConsDiaPlaca":88.00974274,"ConsMesPlaca":88.00974274,"ConsDiaRede":44.79056168,"ConsMesRede":44.79056168,"Status":"REDE"}