{"CorrPlaca":0,"TensPlaca":0,"CorrRede":0.615999997,"TensRede":0,"ConsDiaPlaca":1.587435603,"ConsMesPlaca":1.587435603,"ConsDiaRede":187.121582,"ConsMesRede":187.121582,"Status":"REDE"}