{"CorrPlaca":2.898000002,"TensPlaca":18.07600021,"CorrRede":3.359999895,"TensRede":6.738999844,"ConsDiaPlaca":2691.600342,"ConsMesPlaca":2691.600342,"ConsDiaRede":1066.569336,"ConsMesRede":1066.569336,"Status":"REDE"}