{"CorrPlaca":1.638000011,"TensPlaca":18.07600021,"CorrRede":2.555000067,"TensRede":4.980999947,"ConsDiaPlaca":5118.873047,"ConsMesPlaca":5118.873047,"ConsDiaRede":1600.766724,"ConsMesRede":1600.766724,"Status":"REDE"}