{"CorrPlaca":0.711000025,"TensPlaca":1.042999983,"CorrRede":0.467999995,"TensRede":0.652999997,"ConsDiaPlaca":88.81515503,"ConsMesPlaca":88.81515503,"ConsDiaRede":78.20222473,"ConsMesRede":78.20222473,"Status":"REDE"}