{"CorrPlaca":5,"TensPlaca":25,"CorrRede":0.917999983,"TensRede":1.495000005,"ConsDiaPlaca":23923.48828,"ConsMesPlaca":23923.48828,"ConsDiaRede":955.5507202,"ConsMesRede":955.5507202,"Status":"REDE"}