{"CorrPlaca":0,"TensPlaca":0,"CorrRede":0.595000029,"TensRede":0.072999999,"ConsDiaPlaca":1.587435603,"ConsMesPlaca":1.587435603,"ConsDiaRede":21.46359825,"ConsMesRede":21.46359825,"Status":"REDE"}