{"corrente":0.760999978,"tensao":3.357000113,"consumo":0.007096325}