{"Corrente":14.14000034,"Tensao":5.842000008,"Consumo":7.039016724,"Status":"PLACA"}