{"CorrPlaca":0.564999998,"TensPlaca":18.16799927,"CorrRede":1.756999969,"TensRede":2.246000051,"ConsDiaPlaca":2958.261475,"ConsMesPlaca":2958.261475,"ConsDiaRede":1171.918457,"ConsMesRede":1171.918457,"Status":"REDE"}