{"Corrente":0.526000023,"Tensao":0,"Consumo":0.057277199,"Status":"REDE"}