{"Corrente":14.78499985,"Tensao":0,"Consumo":0.792368889,"Status":"REDE"}