{"CorrPlaca":0.136999995,"TensPlaca":6.738999844,"CorrRede":1.003000021,"TensRede":0.305000007,"ConsDiaPlaca":23.11466789,"ConsMesPlaca":23.11466789,"ConsDiaRede":7.576272488,"ConsMesRede":7.576272488,"Status":"REDE"}