{"CorrPlaca":2.604000092,"TensPlaca":18.06399918,"CorrRede":3.308000088,"TensRede":7.893000126,"ConsDiaPlaca":203.550415,"ConsMesPlaca":203.550415,"ConsDiaRede":76.18444061,"ConsMesRede":76.18444061,"Status":"REDE"}