{"CorrPlaca":0.647000015,"TensPlaca":18.05800056,"CorrRede":1.652999997,"TensRede":0,"ConsDiaPlaca":46.12670135,"ConsMesPlaca":46.12670135,"ConsDiaRede":7.756009579,"ConsMesRede":7.756009579,"Status":"REDE"}