{"CorrPlaca":3.493999958,"TensPlaca":25,"CorrRede":2.210999966,"TensRede":5.366000175,"ConsDiaPlaca":30234.58398,"ConsMesPlaca":30234.58398,"ConsDiaRede":781.0892944,"ConsMesRede":781.0892944,"Status":"REDE"}