{"CorrPlaca":0.560000002,"TensPlaca":18.08300018,"CorrRede":1.639000058,"TensRede":0,"ConsDiaPlaca":4522.34082,"ConsMesPlaca":4522.34082,"ConsDiaRede":1413.78833,"ConsMesRede":1413.78833,"Status":"REDE"}