{"CorrPlaca":5,"TensPlaca":25,"CorrRede":0.658999979,"TensRede":0.476000011,"ConsDiaPlaca":27916.51758,"ConsMesPlaca":27916.51758,"ConsDiaRede":1135.701782,"ConsMesRede":1135.701782,"Status":"REDE"}