{"CorrPlaca":0.432000011,"TensPlaca":18.00300026,"CorrRede":1.414999962,"TensRede":0,"ConsDiaPlaca":148.6879425,"ConsMesPlaca":148.6879425,"ConsDiaRede":69.17630768,"ConsMesRede":69.17630768,"Status":"REDE"}