{"CorrPlaca":0,"TensPlaca":6.677999973,"CorrRede":0.808000028,"TensRede":0.244000003,"ConsDiaPlaca":87.64395142,"ConsMesPlaca":87.64395142,"ConsDiaRede":43.76700211,"ConsMesRede":43.76700211,"Status":"REDE"}