{"CorrPlaca":5,"TensPlaca":25,"CorrRede":1.261000037,"TensRede":1.996000051,"ConsDiaPlaca":13541.61035,"ConsMesPlaca":13541.61035,"ConsDiaRede":466.8491516,"ConsMesRede":466.8491516,"Status":"REDE"}