{"Corrente":2.867000103,"Tensao":7.099999905,"Consumo":0.016631927,"Status":"PLACA"}