{"CorrPlaca":5,"TensPlaca":25,"CorrRede":1.842000008,"TensRede":1.958999991,"ConsDiaPlaca":1493.056274,"ConsMesPlaca":1493.056274,"ConsDiaRede":89.92273712,"ConsMesRede":89.92273712,"Status":"REDE"}