{"CorrPlaca":0.449999988,"TensPlaca":18.13100052,"CorrRede":1.511999965,"TensRede":0,"ConsDiaPlaca":2647.189941,"ConsMesPlaca":2647.189941,"ConsDiaRede":814.8900146,"ConsMesRede":814.8900146,"Status":"REDE"}