{"CorrPlaca":5,"TensPlaca":25,"CorrRede":0.495999992,"TensRede":0,"ConsDiaPlaca":31145.66406,"ConsMesPlaca":31145.66406,"ConsDiaRede":1293.089844,"ConsMesRede":1293.089844,"Status":"REDE"}