{"CorrPlaca":0.842999995,"TensPlaca":3.191999912,"CorrRede":1.09800005,"TensRede":2.130000114,"ConsDiaPlaca":141.5516205,"ConsMesPlaca":141.5516205,"ConsDiaRede":135.6738434,"ConsMesRede":135.6738434,"Status":"REDE"}