{"CorrPlaca":0.009,"TensPlaca":6.677999973,"CorrRede":0.82099998,"TensRede":0.231000006,"ConsDiaPlaca":85.30332184,"ConsMesPlaca":85.30332184,"ConsDiaRede":38.11797333,"ConsMesRede":38.11797333,"Status":"REDE"}