{"CorrPlaca":0,"TensPlaca":6.757999897,"CorrRede":0.782999992,"TensRede":0.128000006,"ConsDiaPlaca":1.587435603,"ConsMesPlaca":1.587435603,"ConsDiaRede":18.83978653,"ConsMesRede":18.83978653,"Status":"REDE"}