{"Corrente":0.584999979,"Tensao":1.317999959,"Consumo":0.00510911,"Status":"REDE"}