{"CorrPlaca":0.662999988,"TensPlaca":18.16200066,"CorrRede":1.873999953,"TensRede":1.049999952,"ConsDiaPlaca":1139.316406,"ConsMesPlaca":1139.316406,"ConsDiaRede":355.2594299,"ConsMesRede":355.2594299,"Status":"REDE"}