{"Corrente":0,"Tensao":6.244999886,"Consumo":0.003398867,"Status":"REDE"}