{"CorrPlaca":1.315000057,"TensPlaca":25,"CorrRede":2.931999922,"TensRede":0,"ConsDiaPlaca":327.4818115,"ConsMesPlaca":327.4818115,"ConsDiaRede":182.3198547,"ConsMesRede":182.3198547,"Status":"REDE"}