{"CorrPlaca":0.015,"TensPlaca":6.671999931,"CorrRede":0.801999986,"TensRede":0.103,"ConsDiaPlaca":87.96134949,"ConsMesPlaca":87.96134949,"ConsDiaRede":44.64011002,"ConsMesRede":44.64011002,"Status":"REDE"}