{"CorrPlaca":2.473999977,"TensPlaca":18.15600014,"CorrRede":3.028000116,"TensRede":5.769000053,"ConsDiaPlaca":2346.352295,"ConsMesPlaca":2346.352295,"ConsDiaRede":923.9785767,"ConsMesRede":923.9785767,"Status":"REDE"}