{"CorrPlaca":0.045000002,"TensPlaca":6.697000027,"CorrRede":0.882000029,"TensRede":0.293000013,"ConsDiaPlaca":81.68325043,"ConsMesPlaca":81.68325043,"ConsDiaRede":32.2520752,"ConsMesRede":32.2520752,"Status":"REDE"}