{"CorrPlaca":1.190999985,"TensPlaca":18.0890007,"CorrRede":2.207000017,"TensRede":4.334000111,"ConsDiaPlaca":3296.765381,"ConsMesPlaca":3296.765381,"ConsDiaRede":1295.170654,"ConsMesRede":1295.170654,"Status":"REDE"}