{"Corrente":0.389999986,"Tensao":1.317999959,"Consumo":0.000861769,"Status":"REDE"}