{"CorrPlaca":1.970000029,"TensPlaca":18.05800056,"CorrRede":2.664000034,"TensRede":5.677000046,"ConsDiaPlaca":3786.131836,"ConsMesPlaca":3786.131836,"ConsDiaRede":1480.167969,"ConsMesRede":1480.167969,"Status":"REDE"}