{"CorrPlaca":1.702999949,"TensPlaca":18.04599953,"CorrRede":2.598999977,"TensRede":4.883999825,"ConsDiaPlaca":2252.134033,"ConsMesPlaca":2252.134033,"ConsDiaRede":705.0842896,"ConsMesRede":705.0842896,"Status":"REDE"}