{"CorrPlaca":0.074000001,"TensPlaca":6.671999931,"CorrRede":0.964999974,"TensRede":0.194999993,"ConsDiaPlaca":64.23942566,"ConsMesPlaca":64.23942566,"ConsDiaRede":24.40837669,"ConsMesRede":24.40837669,"Status":"REDE"}