{"CorrPlaca":1.434000015,"TensPlaca":18.17399979,"CorrRede":2.438999891,"TensRede":5.212999821,"ConsDiaPlaca":1259.266846,"ConsMesPlaca":1259.266846,"ConsDiaRede":510.1724854,"ConsMesRede":510.1724854,"Status":"REDE"}