{"CorrPlaca":5,"TensPlaca":25,"CorrRede":1.485000014,"TensRede":0.432999998,"ConsDiaPlaca":26284.58398,"ConsMesPlaca":26284.58398,"ConsDiaRede":1047.556274,"ConsMesRede":1047.556274,"Status":"REDE"}