{"CorrPlaca":0.305999994,"TensPlaca":18.07600021,"CorrRede":1.414999962,"TensRede":0,"ConsDiaPlaca":1670.253052,"ConsMesPlaca":1670.253052,"ConsDiaRede":757.4926147,"ConsMesRede":757.4926147,"Status":"REDE"}