{"CorrPlaca":0,"TensPlaca":6.544000149,"CorrRede":0.779999971,"TensRede":0.134000003,"ConsDiaPlaca":1.533571362,"ConsMesPlaca":1.533571362,"ConsDiaRede":11.72971344,"ConsMesRede":11.72971344,"Status":"REDE"}