{"corrente":0.791000009,"tensao":0.666000009,"consumo":0.019809801}