{"CorrPlaca":0,"TensPlaca":25,"CorrRede":1.873999953,"TensRede":0.915000021,"ConsDiaPlaca":13586.93066,"ConsMesPlaca":13586.93066,"ConsDiaRede":583.0683594,"ConsMesRede":583.0683594,"Status":"REDE"}