{"Corrente":14.24800014,"Tensao":21.98800087,"Consumo":6.750364304,"Status":"PLACA"}