{"CorrPlaca":0.42899999,"TensPlaca":18.11899948,"CorrRede":1.618999958,"TensRede":1.531999946,"ConsDiaPlaca":1607.151855,"ConsMesPlaca":1607.151855,"ConsDiaRede":652.3012085,"ConsMesRede":652.3012085,"Status":"REDE"}