{"CorrPlaca":0.059,"TensPlaca":6.690999985,"CorrRede":0.958000004,"TensRede":0.293000013,"ConsDiaPlaca":62.87804031,"ConsMesPlaca":62.87804031,"ConsDiaRede":23.72074509,"ConsMesRede":23.72074509,"Status":"REDE"}