{"CorrPlaca":0,"TensPlaca":0.799000025,"CorrRede":0.467999995,"TensRede":0.578999996,"ConsDiaPlaca":0,"ConsMesPlaca":0,"ConsDiaRede":0.759133041,"ConsMesRede":0.759133041,"Status":"REDE"}