{"CorrPlaca":0.847000003,"TensPlaca":18.0890007,"CorrRede":1.804999948,"TensRede":0,"ConsDiaPlaca":4843.287598,"ConsMesPlaca":4843.287598,"ConsDiaRede":1500.451172,"ConsMesRede":1500.451172,"Status":"REDE"}