{"CorrPlaca":0.039000001,"TensPlaca":6.642000198,"CorrRede":0.865999997,"TensRede":0.298999995,"ConsDiaPlaca":84.03102112,"ConsMesPlaca":84.03102112,"ConsDiaRede":35.4053421,"ConsMesRede":35.4053421,"Status":"REDE"}