{"CorrPlaca":0.136000007,"TensPlaca":18.01499939,"CorrRede":1.412999988,"TensRede":0.628000021,"ConsDiaPlaca":1245.076538,"ConsMesPlaca":1245.076538,"ConsDiaRede":506.6190186,"ConsMesRede":506.6190186,"Status":"REDE"}