{"CorrPlaca":0.718999982,"TensPlaca":0.774999976,"CorrRede":0.349999994,"TensRede":0,"ConsDiaPlaca":109.8988953,"ConsMesPlaca":109.8988953,"ConsDiaRede":95.11206055,"ConsMesRede":95.11206055,"Status":"REDE"}