{"CorrPlaca":0.317999989,"TensPlaca":18.13699913,"CorrRede":1.523000002,"TensRede":0.041999999,"ConsDiaPlaca":2290.047363,"ConsMesPlaca":2290.047363,"ConsDiaRede":714.7276611,"ConsMesRede":714.7276611,"Status":"REDE"}