{"CorrPlaca":0,"TensPlaca":0,"CorrRede":0.588,"TensRede":0.035999998,"ConsDiaPlaca":1.587435603,"ConsMesPlaca":1.587435603,"ConsDiaRede":21.691082,"ConsMesRede":21.691082,"Status":"REDE"}