{"Corrente":14.31099987,"Tensao":27.34199905,"Consumo":1.148925304,"Status":"PLACA"}