{"CorrPlaca":0.119999997,"TensPlaca":6.709000111,"CorrRede":0.996999979,"TensRede":0.31099999,"ConsDiaPlaca":7.328780651,"ConsMesPlaca":7.328780651,"ConsDiaRede":2.719362497,"ConsMesRede":2.719362497,"Status":"REDE"}