{"CorrPlaca":5,"TensPlaca":25,"CorrRede":0.708999991,"TensRede":0.726000011,"ConsDiaPlaca":29444.28516,"ConsMesPlaca":29444.28516,"ConsDiaRede":1211.289551,"ConsMesRede":1211.289551,"Status":"REDE"}