{"CorrPlaca":1.896000028,"TensPlaca":18.06399918,"CorrRede":2.681999922,"TensRede":6.403999805,"ConsDiaPlaca":3661.718506,"ConsMesPlaca":3661.718506,"ConsDiaRede":1431.149414,"ConsMesRede":1431.149414,"Status":"REDE"}