{"CorrPlaca":5,"TensPlaca":0.628000021,"CorrRede":0.660000026,"TensRede":0.244000003,"ConsDiaPlaca":6884.029297,"ConsMesPlaca":6884.029297,"ConsDiaRede":526.1834106,"ConsMesRede":526.1834106,"Status":"REDE"}