{"CorrPlaca":0.003,"TensPlaca":18.21100044,"CorrRede":1.266000032,"TensRede":0.177000001,"ConsDiaPlaca":4309.108398,"ConsMesPlaca":4309.108398,"ConsDiaRede":1678.275391,"ConsMesRede":1678.275391,"Status":"REDE"}