{"CorrPlaca":0.233999997,"TensPlaca":18.10099983,"CorrRede":1.447999954,"TensRede":0,"ConsDiaPlaca":2686.433838,"ConsMesPlaca":2686.433838,"ConsDiaRede":827.0670166,"ConsMesRede":827.0670166,"Status":"REDE"}