{"CorrPlaca":1.896999955,"TensPlaca":18.05800056,"CorrRede":2.61500001,"TensRede":2.996999979,"ConsDiaPlaca":903.5308228,"ConsMesPlaca":903.5308228,"ConsDiaRede":366.1815796,"ConsMesRede":366.1815796,"Status":"REDE"}