{"CorrPlaca":0.018999999,"TensPlaca":18.0890007,"CorrRede":1.228999972,"TensRede":0,"ConsDiaPlaca":1800.02063,"ConsMesPlaca":1800.02063,"ConsDiaRede":812.9769287,"ConsMesRede":812.9769287,"Status":"REDE"}