{"CorrPlaca":0,"TensPlaca":0.829999983,"CorrRede":0.423000008,"TensRede":0.56099999,"ConsDiaPlaca":0.014104721,"ConsMesPlaca":0.014104721,"ConsDiaRede":1.048837066,"ConsMesRede":1.048837066,"Status":"REDE"}