{"CorrPlaca":0,"TensPlaca":0.702000022,"CorrRede":0.433999985,"TensRede":0.451000005,"ConsDiaPlaca":0.015044723,"ConsMesPlaca":0.015044723,"ConsDiaRede":0.698247731,"ConsMesRede":0.698247731,"Status":"REDE"}