{"CorrPlaca":0.233999997,"TensPlaca":18.14999962,"CorrRede":1.480999947,"TensRede":0,"ConsDiaPlaca":2243.597168,"ConsMesPlaca":2243.597168,"ConsDiaRede":701.5582886,"ConsMesRede":701.5582886,"Status":"REDE"}