{"Corrente":14.67700005,"Tensao":0,"Consumo":1.197687745,"Status":"REDE"}