{"CorrPlaca":1.503000021,"TensPlaca":18.00900078,"CorrRede":2.499000072,"TensRede":4.883999825,"ConsDiaPlaca":4062.440918,"ConsMesPlaca":4062.440918,"ConsDiaRede":1268.9375,"ConsMesRede":1268.9375,"Status":"REDE"}