{"CorrPlaca":0.661000013,"TensPlaca":18.13100052,"CorrRede":1.628000021,"TensRede":0,"ConsDiaPlaca":4719.726074,"ConsMesPlaca":4719.726074,"ConsDiaRede":1842.870361,"ConsMesRede":1842.870361,"Status":"REDE"}