{"CorrPlaca":5,"TensPlaca":25,"CorrRede":2.345999956,"TensRede":4.614999771,"ConsDiaPlaca":12499.9502,"ConsMesPlaca":12499.9502,"ConsDiaRede":392.8457642,"ConsMesRede":392.8457642,"Status":"REDE"}