{"CorrPlaca":0.086000003,"TensPlaca":6.738999844,"CorrRede":0.964999974,"TensRede":0.335000008,"ConsDiaPlaca":62.60770798,"ConsMesPlaca":62.60770798,"ConsDiaRede":23.50696945,"ConsMesRede":23.50696945,"Status":"REDE"}