{"Corrente":14.18400002,"Tensao":1.041000009,"Consumo":4.461383343,"Status":"REDE"}