{"CorrPlaca":0,"TensPlaca":18.125,"CorrRede":1.230000019,"TensRede":0,"ConsDiaPlaca":2515.320068,"ConsMesPlaca":2515.320068,"ConsDiaRede":1000.156006,"ConsMesRede":1000.156006,"Status":"REDE"}