{"corrente":0.672999978,"tensao":0.666000009,"consumo":0.029920051}