{"CorrPlaca":0.097000003,"TensPlaca":6.684000015,"CorrRede":0.915000021,"TensRede":0.188999996,"ConsDiaPlaca":68.67603302,"ConsMesPlaca":68.67603302,"ConsDiaRede":26.62951088,"ConsMesRede":26.62951088,"Status":"REDE"}