{"CorrPlaca":5,"TensPlaca":25,"CorrRede":0.694999993,"TensRede":0,"ConsDiaPlaca":26840.13672,"ConsMesPlaca":26840.13672,"ConsDiaRede":1078.201294,"ConsMesRede":1078.201294,"Status":"REDE"}