{"CorrPlaca":2.858999968,"TensPlaca":18.05200005,"CorrRede":3.332000017,"TensRede":7.502999783,"ConsDiaPlaca":2024.893433,"ConsMesPlaca":2024.893433,"ConsDiaRede":813.1617432,"ConsMesRede":813.1617432,"Status":"REDE"}