{"CorrPlaca":2.128000021,"TensPlaca":18.20499992,"CorrRede":2.937999964,"TensRede":7.222000122,"ConsDiaPlaca":1339.443848,"ConsMesPlaca":1339.443848,"ConsDiaRede":604.0803833,"ConsMesRede":604.0803833,"Status":"REDE"}