{"CorrPlaca":0,"TensPlaca":3.217000008,"CorrRede":0.448000014,"TensRede":0,"ConsDiaPlaca":4910.316406,"ConsMesPlaca":4910.316406,"ConsDiaRede":474.7240601,"ConsMesRede":474.7240601,"Status":"REDE"}