{"CorrPlaca":0.643999994,"TensPlaca":18.08300018,"CorrRede":1.792999983,"TensRede":2.434999943,"ConsDiaPlaca":1572.664917,"ConsMesPlaca":1572.664917,"ConsDiaRede":635.5701294,"ConsMesRede":635.5701294,"Status":"REDE"}