{"CorrPlaca":0.037,"TensPlaca":6.738999844,"CorrRede":0.876999974,"TensRede":0.231000006,"ConsDiaPlaca":81.17967987,"ConsMesPlaca":81.17967987,"ConsDiaRede":31.49270248,"ConsMesRede":31.49270248,"Status":"REDE"}