{"CorrPlaca":2.130000114,"TensPlaca":25,"CorrRede":3.53399992,"TensRede":2.289000034,"ConsDiaPlaca":1290.280273,"ConsMesPlaca":1290.280273,"ConsDiaRede":320.4638977,"ConsMesRede":320.4638977,"Status":"REDE"}