{"Corrente":14.58399963,"Tensao":27.34199905,"Consumo":3.655975342,"Status":"PLACA"}