{"CorrPlaca":1.246000051,"TensPlaca":18.06399918,"CorrRede":2.075999975,"TensRede":0.244000003,"ConsDiaPlaca":2653.442139,"ConsMesPlaca":2653.442139,"ConsDiaRede":815.0307007,"ConsMesRede":815.0307007,"Status":"REDE"}