{"CorrPlaca":5,"TensPlaca":25,"CorrRede":0.995999992,"TensRede":0,"ConsDiaPlaca":30833.16602,"ConsMesPlaca":30833.16602,"ConsDiaRede":1275.64978,"ConsMesRede":1275.64978,"Status":"REDE"}