{"CorrPlaca":0.404000014,"TensPlaca":6.995999813,"CorrRede":1.131000042,"TensRede":0.676999986,"ConsDiaPlaca":8.639651299,"ConsMesPlaca":8.639651299,"ConsDiaRede":3.320001364,"ConsMesRede":3.320001364,"Status":"REDE"}