{"CorrPlaca":0.527999997,"TensPlaca":18.11300087,"CorrRede":1.718999982,"TensRede":0.726000011,"ConsDiaPlaca":1922.193359,"ConsMesPlaca":1922.193359,"ConsDiaRede":591.7542725,"ConsMesRede":591.7542725,"Status":"REDE"}