{"CorrPlaca":5,"TensPlaca":25,"CorrRede":0.683000028,"TensRede":0.640999973,"ConsDiaPlaca":31492.88477,"ConsMesPlaca":31492.88477,"ConsDiaRede":1303.759155,"ConsMesRede":1303.759155,"Status":"REDE"}