{"Corrente":0.472000003,"Tensao":0.389999986,"Consumo":0.000100569,"Status":"REDE"}