{"CorrPlaca":5,"TensPlaca":0,"CorrRede":0.737999976,"TensRede":0.586000025,"ConsDiaPlaca":6236.48877,"ConsMesPlaca":6236.48877,"ConsDiaRede":493.2897949,"ConsMesRede":493.2897949,"Status":"REDE"}