{"Corrente":14.85000038,"Tensao":0,"Consumo":0.146355033,"Status":"REDE"}