{"Corrente":0.305000007,"Tensao":12.23900032,"Consumo":0.48010686,"Status":"REDE"}