{"CorrPlaca":0.213,"TensPlaca":18.13100052,"CorrRede":1.383999944,"TensRede":0,"ConsDiaPlaca":3505.741699,"ConsMesPlaca":3505.741699,"ConsDiaRede":1098.327637,"ConsMesRede":1098.327637,"Status":"REDE"}