{"Corrente":14.38399982,"Tensao":0.519999981,"Consumo":5.952094078,"Status":"REDE"}