{"CorrPlaca":2.382999897,"TensPlaca":18.13100052,"CorrRede":3.157999992,"TensRede":7.77699995,"ConsDiaPlaca":727.2902222,"ConsMesPlaca":727.2902222,"ConsDiaRede":289.0558777,"ConsMesRede":289.0558777,"Status":"REDE"}