{"CorrPlaca":1.797000051,"TensPlaca":18.18000031,"CorrRede":2.755000114,"TensRede":6.085999966,"ConsDiaPlaca":661.4398804,"ConsMesPlaca":661.4398804,"ConsDiaRede":298.3686829,"ConsMesRede":298.3686829,"Status":"REDE"}