{"Corrente":14.99499989,"Tensao":26.12299919,"Consumo":0.781422973,"Status":"PLACA"}