{"CorrPlaca":0,"TensPlaca":0.781000018,"CorrRede":0.565999985,"TensRede":0.621999979,"ConsDiaPlaca":0.005104722,"ConsMesPlaca":0.005104722,"ConsDiaRede":0.532754481,"ConsMesRede":0.532754481,"Status":"REDE"}