{"CorrPlaca":5,"TensPlaca":25,"CorrRede":1.873000026,"TensRede":2.453999996,"ConsDiaPlaca":25520.69922,"ConsMesPlaca":25520.69922,"ConsDiaRede":1029.977173,"ConsMesRede":1029.977173,"Status":"REDE"}