{"Corrente":14.13399982,"Tensao":0,"Consumo":0.792368889,"Status":"REDE"}