{"CorrPlaca":5,"TensPlaca":25,"CorrRede":2.496000051,"TensRede":6.506999969,"ConsDiaPlaca":24444.31836,"ConsMesPlaca":24444.31836,"ConsDiaRede":994.8727417,"ConsMesRede":994.8727417,"Status":"REDE"}