{"CorrPlaca":0.284999996,"TensPlaca":18.05800056,"CorrRede":1.386999965,"TensRede":0,"ConsDiaPlaca":2677.049072,"ConsMesPlaca":2677.049072,"ConsDiaRede":1060.279663,"ConsMesRede":1060.279663,"Status":"REDE"}