{"CorrPlaca":0.699000001,"TensPlaca":1.886000037,"CorrRede":0.546999991,"TensRede":0,"ConsDiaPlaca":75.45742035,"ConsMesPlaca":75.45742035,"ConsDiaRede":68.01475525,"ConsMesRede":68.01475525,"Status":"REDE"}