{"CorrPlaca":0.103,"TensPlaca":6.684000015,"CorrRede":0.978999972,"TensRede":0.238000005,"ConsDiaPlaca":27.35280991,"ConsMesPlaca":27.35280991,"ConsDiaRede":8.620474815,"ConsMesRede":8.620474815,"Status":"REDE"}