{"CorrPlaca":0.879000008,"TensPlaca":18.15600014,"CorrRede":2.012000084,"TensRede":2.545000076,"ConsDiaPlaca":3303.386963,"ConsMesPlaca":3303.386963,"ConsDiaRede":1020.707275,"ConsMesRede":1020.707275,"Status":"REDE"}