{"Corrente":14.14000034,"Tensao":0,"Consumo":1.197687745,"Status":"REDE"}