{"CorrPlaca":0,"TensPlaca":6.677999973,"CorrRede":0.772000015,"TensRede":0.140000001,"ConsDiaPlaca":1.587435603,"ConsMesPlaca":1.587435603,"ConsDiaRede":20.99906921,"ConsMesRede":20.99906921,"Status":"REDE"}