{"CorrPlaca":1.855000019,"TensPlaca":18.06999969,"CorrRede":2.73300004,"TensRede":5.59800005,"ConsDiaPlaca":4907.143066,"ConsMesPlaca":4907.143066,"ConsDiaRede":1518.737793,"ConsMesRede":1518.737793,"Status":"REDE"}