{"Corrente":0.458999991,"Tensao":0.340999991,"Consumo":0.000179709,"Status":"REDE"}