{"CorrPlaca":5,"TensPlaca":25,"CorrRede":2.479000092,"TensRede":6.019000053,"ConsDiaPlaca":21145.72852,"ConsMesPlaca":21145.72852,"ConsDiaRede":807.0903931,"ConsMesRede":807.0903931,"Status":"REDE"}