{"Corrente":0,"Tensao":5.958000183,"Consumo":0.005270754,"Status":"REDE"}