{"CorrPlaca":0.577000022,"TensPlaca":18.06999969,"CorrRede":1.725999951,"TensRede":2.167000055,"ConsDiaPlaca":2194.009521,"ConsMesPlaca":2194.009521,"ConsDiaRede":875.4684448,"ConsMesRede":875.4684448,"Status":"REDE"}