{"CorrPlaca":2.362999916,"TensPlaca":18.0340004,"CorrRede":2.967999935,"TensRede":4.65199995,"ConsDiaPlaca":2842.9375,"ConsMesPlaca":2842.9375,"ConsDiaRede":884.6656494,"ConsMesRede":884.6656494,"Status":"REDE"}