{"CorrPlaca":5,"TensPlaca":25,"CorrRede":2.111999989,"TensRede":6.288000107,"ConsDiaPlaca":33124.81641,"ConsMesPlaca":33124.81641,"ConsDiaRede":1368.891113,"ConsMesRede":1368.891113,"Status":"REDE"}