{"CorrPlaca":0,"TensPlaca":0,"CorrRede":0.614000022,"TensRede":6.671999931,"ConsDiaPlaca":1.587435603,"ConsMesPlaca":1.587435603,"ConsDiaRede":81.45825958,"ConsMesRede":81.45825958,"Status":"REDE"}