{"Corrente":15.72999954,"Tensao":0,"Consumo":0.792368889,"Status":"REDE"}