{"CorrPlaca":0.839999974,"TensPlaca":18.06999969,"CorrRede":1.978999972,"TensRede":3.191999912,"ConsDiaPlaca":1365.333984,"ConsMesPlaca":1365.333984,"ConsDiaRede":549.8404541,"ConsMesRede":549.8404541,"Status":"REDE"}