{"CorrPlaca":5,"TensPlaca":25,"CorrRede":0.827000022,"TensRede":1.184000015,"ConsDiaPlaca":15624.92969,"ConsMesPlaca":15624.92969,"ConsDiaRede":538.329895,"ConsMesRede":538.329895,"Status":"REDE"}