{"Corrente":2.273999929,"Tensao":0,"Consumo":0.149639666,"Status":"REDE"}