{"CorrPlaca":0,"TensPlaca":0,"CorrRede":0.610000014,"TensRede":0.017999999,"ConsDiaPlaca":1.587435603,"ConsMesPlaca":1.587435603,"ConsDiaRede":187.6199799,"ConsMesRede":187.6199799,"Status":"REDE"}