{"CorrPlaca":0.118000001,"TensPlaca":6.703000069,"CorrRede":0.998000026,"TensRede":0.286000013,"ConsDiaPlaca":14.00859451,"ConsMesPlaca":14.00859451,"ConsDiaRede":5.152734756,"ConsMesRede":5.152734756,"Status":"REDE"}