{"Corrente":14.96399975,"Tensao":0,"Consumo":0.792368889,"Status":"REDE"}