{"CorrPlaca":0,"TensPlaca":0,"CorrRede":0.597000003,"TensRede":0.097000003,"ConsDiaPlaca":1.587435603,"ConsMesPlaca":1.587435603,"ConsDiaRede":22.56032753,"ConsMesRede":22.56032753,"Status":"REDE"}