{"CorrPlaca":5,"TensPlaca":0,"CorrRede":1.207000017,"TensRede":1.819000006,"ConsDiaPlaca":6734.087891,"ConsMesPlaca":6734.087891,"ConsDiaRede":520.5857544,"ConsMesRede":520.5857544,"Status":"REDE"}