{"CorrPlaca":0,"TensPlaca":0,"CorrRede":0.428000003,"TensRede":0.140000001,"ConsDiaPlaca":168.0245667,"ConsMesPlaca":168.0245667,"ConsDiaRede":10.63407326,"ConsMesRede":10.63407326,"Status":"REDE"}