{"CorrPlaca":2.512000084,"TensPlaca":18.05200005,"CorrRede":3.121999979,"TensRede":7.979000092,"ConsDiaPlaca":3401.872559,"ConsMesPlaca":3401.872559,"ConsDiaRede":1334.486572,"ConsMesRede":1334.486572,"Status":"REDE"}