{"CorrPlaca":0.067000002,"TensPlaca":6.574999809,"CorrRede":0.975000024,"TensRede":0.256000012,"ConsDiaPlaca":28.84836197,"ConsMesPlaca":28.84836197,"ConsDiaRede":9.215717316,"ConsMesRede":9.215717316,"Status":"REDE"}