{"corrente":0.771000028,"tensao":0,"consumo":0.011674017}