{"CorrPlaca":5,"TensPlaca":25,"CorrRede":1.093999982,"TensRede":0,"ConsDiaPlaca":11770.78809,"ConsMesPlaca":11770.78809,"ConsDiaRede":361.1767578,"ConsMesRede":361.1767578,"Status":"REDE"}