{"Corrente":10.00199986,"Tensao":0,"Consumo":0.111983754,"Status":"REDE"}