{"CorrPlaca":0.344000012,"TensPlaca":3.118999958,"CorrRede":0.726000011,"TensRede":0.170000002,"ConsDiaPlaca":177.2413025,"ConsMesPlaca":177.2413025,"ConsDiaRede":163.9342346,"ConsMesRede":163.9342346,"Status":"REDE"}