{"CorrPlaca":5,"TensPlaca":25,"CorrRede":0.643999994,"TensRede":0,"ConsDiaPlaca":33055.375,"ConsMesPlaca":33055.375,"ConsDiaRede":1365.202148,"ConsMesRede":1365.202148,"Status":"REDE"}