{"CorrPlaca":0,"TensPlaca":6.526000023,"CorrRede":0.792999983,"TensRede":0.224999994,"ConsDiaPlaca":1.533571362,"ConsMesPlaca":1.533571362,"ConsDiaRede":8.668554306,"ConsMesRede":8.668554306,"Status":"REDE"}