{"CorrPlaca":0.086999997,"TensPlaca":6.677999973,"CorrRede":0.975000024,"TensRede":0.177000001,"ConsDiaPlaca":45.77490234,"ConsMesPlaca":45.77490234,"ConsDiaRede":15.16455173,"ConsMesRede":15.16455173,"Status":"REDE"}