{"CorrPlaca":0.013,"TensPlaca":6.611000061,"CorrRede":0.838,"TensRede":0.140000001,"ConsDiaPlaca":84.23300934,"ConsMesPlaca":84.23300934,"ConsDiaRede":36.00231171,"ConsMesRede":36.00231171,"Status":"REDE"}