{"CorrPlaca":0.023,"TensPlaca":6.721000195,"CorrRede":0.864000022,"TensRede":0.280000001,"ConsDiaPlaca":83.23625946,"ConsMesPlaca":83.23625946,"ConsDiaRede":33.85598373,"ConsMesRede":33.85598373,"Status":"REDE"}