{"CorrPlaca":5,"TensPlaca":25,"CorrRede":2.476999998,"TensRede":5.763000011,"ConsDiaPlaca":12986.05762,"ConsMesPlaca":12986.05762,"ConsDiaRede":426.2327576,"ConsMesRede":426.2327576,"Status":"REDE"}