{"CorrPlaca":5,"TensPlaca":25,"CorrRede":0.509000003,"TensRede":0,"ConsDiaPlaca":18437.41211,"ConsMesPlaca":18437.41211,"ConsDiaRede":684.8052979,"ConsMesRede":684.8052979,"Status":"REDE"}