{"CorrPlaca":5,"TensPlaca":25,"CorrRede":0.559000015,"TensRede":0,"ConsDiaPlaca":15034.65625,"ConsMesPlaca":15034.65625,"ConsDiaRede":511.7451172,"ConsMesRede":511.7451172,"Status":"REDE"}