{"CorrPlaca":0.061999999,"TensPlaca":6.574999809,"CorrRede":0.873000026,"TensRede":0.108999997,"ConsDiaPlaca":76.93410492,"ConsMesPlaca":76.93410492,"ConsDiaRede":29.03442383,"ConsMesRede":29.03442383,"Status":"REDE"}