{"Corrente":176.9089966,"Tensao":2.619999886,"Consumo":15.1550827,"Status":"REDE"}