{"CorrPlaca":0,"TensPlaca":0,"CorrRede":0.583999991,"TensRede":0.194999993,"ConsDiaPlaca":1.587435603,"ConsMesPlaca":1.587435603,"ConsDiaRede":17.43701363,"ConsMesRede":17.43701363,"Status":"REDE"}