{"CorrPlaca":0.041000001,"TensPlaca":6.732999802,"CorrRede":0.898999989,"TensRede":0.194999993,"ConsDiaPlaca":79.52326965,"ConsMesPlaca":79.52326965,"ConsDiaRede":30.15212059,"ConsMesRede":30.15212059,"Status":"REDE"}