{"CorrPlaca":1.565999985,"TensPlaca":18.125,"CorrRede":2.306999922,"TensRede":0.787,"ConsDiaPlaca":1082.629761,"ConsMesPlaca":1082.629761,"ConsDiaRede":339.7141113,"ConsMesRede":339.7141113,"Status":"REDE"}