{"CorrPlaca":2.809000015,"TensPlaca":18.0340004,"CorrRede":3.322999954,"TensRede":8.345000267,"ConsDiaPlaca":3921.660645,"ConsMesPlaca":3921.660645,"ConsDiaRede":1525.556641,"ConsMesRede":1525.556641,"Status":"REDE"}