{"CorrPlaca":5,"TensPlaca":25,"CorrRede":2.196000099,"TensRede":4.144999981,"ConsDiaPlaca":33298.42969,"ConsMesPlaca":33298.42969,"ConsDiaRede":1374.657471,"ConsMesRede":1374.657471,"Status":"REDE"}