{"CorrPlaca":0.092,"TensPlaca":18.07600021,"CorrRede":1.371000051,"TensRede":0.512000024,"ConsDiaPlaca":2972.591797,"ConsMesPlaca":2972.591797,"ConsDiaRede":1178.541504,"ConsMesRede":1178.541504,"Status":"REDE"}