{"CorrPlaca":2.318000078,"TensPlaca":18.10700035,"CorrRede":3.039999962,"TensRede":6.915999889,"ConsDiaPlaca":5196.381836,"ConsMesPlaca":5196.381836,"ConsDiaRede":1635.137817,"ConsMesRede":1635.137817,"Status":"REDE"}