{"corrente":2.066999912,"tensao":10.95800018,"consumo":0.913277805}