{"CorrPlaca":1.835000038,"TensPlaca":18.11300087,"CorrRede":2.539000034,"TensRede":2.161000013,"ConsDiaPlaca":372.6319885,"ConsMesPlaca":372.6319885,"ConsDiaRede":115.7629318,"ConsMesRede":115.7629318,"Status":"REDE"}