{"CorrPlaca":0,"TensPlaca":0,"CorrRede":0.65200001,"TensRede":6.653999805,"ConsDiaPlaca":1.587435603,"ConsMesPlaca":1.587435603,"ConsDiaRede":143.0684052,"ConsMesRede":143.0684052,"Status":"REDE"}