{"CorrPlaca":5,"TensPlaca":25,"CorrRede":0.546999991,"TensRede":0,"ConsDiaPlaca":30485.94531,"ConsMesPlaca":30485.94531,"ConsDiaRede":1261.019531,"ConsMesRede":1261.019531,"Status":"REDE"}