{"CorrPlaca":1.894000053,"TensPlaca":18.10099983,"CorrRede":2.697999954,"TensRede":6.367000103,"ConsDiaPlaca":1638.18811,"ConsMesPlaca":1638.18811,"ConsDiaRede":663.3342896,"ConsMesRede":663.3342896,"Status":"REDE"}