{"Corrente":15.19200039,"Tensao":0,"Consumo":0.792368889,"Status":"REDE"}