{"CorrPlaca":0.720000029,"TensPlaca":2.825999975,"CorrRede":0.779999971,"TensRede":0.763000011,"ConsDiaPlaca":107.9123688,"ConsMesPlaca":107.9123688,"ConsDiaRede":93.70569611,"ConsMesRede":93.70569611,"Status":"REDE"}