{"CorrPlaca":2.555000067,"TensPlaca":18.10700035,"CorrRede":3.082999945,"TensRede":6.452000141,"ConsDiaPlaca":3596.025391,"ConsMesPlaca":3596.025391,"ConsDiaRede":1402.66333,"ConsMesRede":1402.66333,"Status":"REDE"}