{"CorrPlaca":0.068999998,"TensPlaca":6.659999847,"CorrRede":0.963999987,"TensRede":0.231000006,"ConsDiaPlaca":43.34236908,"ConsMesPlaca":43.34236908,"ConsDiaRede":14.2805624,"ConsMesRede":14.2805624,"Status":"REDE"}