{"CorrPlaca":0.600000024,"TensPlaca":18.07600021,"CorrRede":1.758999944,"TensRede":0.293000013,"ConsDiaPlaca":288.652832,"ConsMesPlaca":288.652832,"ConsDiaRede":91.17842865,"ConsMesRede":91.17842865,"Status":"REDE"}