{"CorrPlaca":0,"TensPlaca":0.781000018,"CorrRede":0.449999988,"TensRede":0.524999976,"ConsDiaPlaca":0,"ConsMesPlaca":0,"ConsDiaRede":0.588258624,"ConsMesRede":0.588258624,"Status":"REDE"}