{"corrente":0.810000002,"tensao":0,"consumo":0.0090743}