{"Corrente":14.55500031,"Tensao":27.84700012,"Consumo":5.610202312,"Status":"PLACA"}