{"CorrPlaca":5,"TensPlaca":25,"CorrRede":0.949000001,"TensRede":0,"ConsDiaPlaca":25277.64648,"ConsMesPlaca":25277.64648,"ConsDiaRede":1027.675415,"ConsMesRede":1027.675415,"Status":"REDE"}