{"CorrPlaca":0.90200001,"TensPlaca":25,"CorrRede":2.775000095,"TensRede":0,"ConsDiaPlaca":441.1970825,"ConsMesPlaca":441.1970825,"ConsDiaRede":194.7237549,"ConsMesRede":194.7237549,"Status":"REDE"}