{"CorrPlaca":0,"TensPlaca":0,"CorrRede":0.647000015,"TensRede":6.636000156,"ConsDiaPlaca":1.587435603,"ConsMesPlaca":1.587435603,"ConsDiaRede":162.3913879,"ConsMesRede":162.3913879,"Status":"REDE"}