{"Corrente":14.70400047,"Tensao":0,"Consumo":0.146355033,"Status":"REDE"}