{"CorrPlaca":2.173000097,"TensPlaca":18.06999969,"CorrRede":2.832000017,"TensRede":4.394999981,"ConsDiaPlaca":1369.574219,"ConsMesPlaca":1369.574219,"ConsDiaRede":616.107666,"ConsMesRede":616.107666,"Status":"REDE"}