{"CorrPlaca":5,"TensPlaca":25,"CorrRede":0.805000007,"TensRede":0,"ConsDiaPlaca":35242.95703,"ConsMesPlaca":35242.95703,"ConsDiaRede":1416.071167,"ConsMesRede":1416.071167,"Status":"REDE"}