{"CorrPlaca":5,"TensPlaca":25,"CorrRede":1.804999948,"TensRede":5.285999775,"ConsDiaPlaca":32430.37891,"ConsMesPlaca":32430.37891,"ConsDiaRede":1331.014404,"ConsMesRede":1331.014404,"Status":"REDE"}