{"Corrente":5,"Tensao":2.667000055,"Consumo":0.012004168,"Status":"REDE"}