{"CorrPlaca":0,"TensPlaca":3.948999882,"CorrRede":1.024999976,"TensRede":3.516000032,"ConsDiaPlaca":116.909935,"ConsMesPlaca":116.909935,"ConsDiaRede":102.6943359,"ConsMesRede":102.6943359,"Status":"REDE"}