{"CorrPlaca":2.940000057,"TensPlaca":18.04000092,"CorrRede":3.47300005,"TensRede":7.508999825,"ConsDiaPlaca":917.2254028,"ConsMesPlaca":917.2254028,"ConsDiaRede":285.7634583,"ConsMesRede":285.7634583,"Status":"REDE"}