{"CorrPlaca":2.382999897,"TensPlaca":18.09499931,"CorrRede":2.982000113,"TensRede":5.414999962,"ConsDiaPlaca":2917.986816,"ConsMesPlaca":2917.986816,"ConsDiaRede":1155.670654,"ConsMesRede":1155.670654,"Status":"REDE"}