{"CorrPlaca":0,"TensPlaca":3.210999966,"CorrRede":0.409000009,"TensRede":0.097000003,"ConsDiaPlaca":157.6551971,"ConsMesPlaca":157.6551971,"ConsDiaRede":148.1712799,"ConsMesRede":148.1712799,"Status":"REDE"}