{"CorrPlaca":0.583999991,"TensPlaca":18.0890007,"CorrRede":1.855000019,"TensRede":1.873999953,"ConsDiaPlaca":1053.994141,"ConsMesPlaca":1053.994141,"ConsDiaRede":463.3361206,"ConsMesRede":463.3361206,"Status":"REDE"}