{"CorrPlaca":0.085000001,"TensPlaca":6.697000027,"CorrRede":0.93599999,"TensRede":0,"ConsDiaPlaca":70.43543243,"ConsMesPlaca":70.43543243,"ConsDiaRede":27.32484627,"ConsMesRede":27.32484627,"Status":"REDE"}