{"CorrPlaca":0.349999994,"TensPlaca":1.873999953,"CorrRede":0.388999999,"TensRede":0.280000001,"ConsDiaPlaca":37.62228012,"ConsMesPlaca":37.62228012,"ConsDiaRede":2.897990227,"ConsMesRede":2.897990227,"Status":"REDE"}