{"CorrPlaca":0.039000001,"TensPlaca":6.550000191,"CorrRede":0.957000017,"TensRede":0.115000002,"ConsDiaPlaca":58.88760376,"ConsMesPlaca":58.88760376,"ConsDiaRede":21.62875366,"ConsMesRede":21.62875366,"Status":"REDE"}