{"CorrPlaca":0,"TensPlaca":6.684000015,"CorrRede":0.77700001,"TensRede":0.273999989,"ConsDiaPlaca":1.533571362,"ConsMesPlaca":1.533571362,"ConsDiaRede":15.80656433,"ConsMesRede":15.80656433,"Status":"REDE"}