{"CorrPlaca":2.421000004,"TensPlaca":18.04000092,"CorrRede":3.009000063,"TensRede":5.041999817,"ConsDiaPlaca":3827.199951,"ConsMesPlaca":3827.199951,"ConsDiaRede":1190.81897,"ConsMesRede":1190.81897,"Status":"REDE"}