{"CorrPlaca":1.947000027,"TensPlaca":18.17399979,"CorrRede":2.75,"TensRede":5.683000088,"ConsDiaPlaca":5133.934082,"ConsMesPlaca":5133.934082,"ConsDiaRede":1606.595825,"ConsMesRede":1606.595825,"Status":"REDE"}