{"corrente":-0.001,"tensao":0.586000025,"consumo":-0.000150011}