{"CorrPlaca":5,"TensPlaca":25,"CorrRede":1.046000004,"TensRede":1.952999949,"ConsDiaPlaca":15520.76367,"ConsMesPlaca":15520.76367,"ConsDiaRede":534.2483521,"ConsMesRede":534.2483521,"Status":"REDE"}