{"CorrPlaca":3.575000048,"TensPlaca":25,"CorrRede":0.839999974,"TensRede":0.108999997,"ConsDiaPlaca":29674.33398,"ConsMesPlaca":29674.33398,"ConsDiaRede":751.0891113,"ConsMesRede":751.0891113,"Status":"REDE"}