{"CorrPlaca":0.081,"TensPlaca":6.677999973,"CorrRede":1.001999974,"TensRede":0.305000007,"ConsDiaPlaca":28.26361084,"ConsMesPlaca":28.26361084,"ConsDiaRede":8.932813644,"ConsMesRede":8.932813644,"Status":"REDE"}