{"CorrPlaca":1.478999972,"TensPlaca":18.07600021,"CorrRede":2.323999882,"TensRede":0.476000011,"ConsDiaPlaca":427.7962036,"ConsMesPlaca":427.7962036,"ConsDiaRede":164.3957825,"ConsMesRede":164.3957825,"Status":"REDE"}