{"CorrPlaca":0,"TensPlaca":6.642000198,"CorrRede":0.757000029,"TensRede":0.128000006,"ConsDiaPlaca":1.587435603,"ConsMesPlaca":1.587435603,"ConsDiaRede":20.00984192,"ConsMesRede":20.00984192,"Status":"REDE"}