{"CorrPlaca":1.366999984,"TensPlaca":18.05800056,"CorrRede":2.132999897,"TensRede":1.152999997,"ConsDiaPlaca":1903.463745,"ConsMesPlaca":1903.463745,"ConsDiaRede":764.6350098,"ConsMesRede":764.6350098,"Status":"REDE"}