{"CorrPlaca":0.192000002,"TensPlaca":0,"CorrRede":0.435000002,"TensRede":1.067999959,"ConsDiaPlaca":182.0374146,"ConsMesPlaca":182.0374146,"ConsDiaRede":167.7032776,"ConsMesRede":167.7032776,"Status":"REDE"}