{"CorrPlaca":0,"TensPlaca":6.697000027,"CorrRede":0.79400003,"TensRede":0.293000013,"ConsDiaPlaca":1.533571362,"ConsMesPlaca":1.533571362,"ConsDiaRede":13.17858505,"ConsMesRede":13.17858505,"Status":"REDE"}