{"CorrPlaca":0.156000003,"TensPlaca":6.738999844,"CorrRede":1.021000028,"TensRede":0.286000013,"ConsDiaPlaca":3.236007929,"ConsMesPlaca":3.236007929,"ConsDiaRede":1.47819531,"ConsMesRede":1.47819531,"Status":"REDE"}