{"CorrPlaca":3.052000046,"TensPlaca":18.0340004,"CorrRede":3.589999914,"TensRede":7.837999821,"ConsDiaPlaca":735.8220825,"ConsMesPlaca":735.8220825,"ConsDiaRede":239.6705933,"ConsMesRede":239.6705933,"Status":"REDE"}