{"CorrPlaca":1.074000001,"TensPlaca":18.13100052,"CorrRede":1.973999977,"TensRede":0,"ConsDiaPlaca":1764.646606,"ConsMesPlaca":1764.646606,"ConsDiaRede":546.3773193,"ConsMesRede":546.3773193,"Status":"REDE"}