{"Corrente":2.923000097,"Tensao":7.074999809,"Consumo":0.02775147,"Status":"PLACA"}