{"CorrPlaca":0.519999981,"TensPlaca":18.16200066,"CorrRede":1.629999995,"TensRede":0,"ConsDiaPlaca":5018.280273,"ConsMesPlaca":5018.280273,"ConsDiaRede":1562.003174,"ConsMesRede":1562.003174,"Status":"REDE"}