{"CorrPlaca":0,"TensPlaca":6.709000111,"CorrRede":0.75,"TensRede":0.072999999,"ConsDiaPlaca":1.587435603,"ConsMesPlaca":1.587435603,"ConsDiaRede":22.42467117,"ConsMesRede":22.42467117,"Status":"REDE"}