{"Corrente":1.116999984,"Tensao":8.986000061,"Consumo":0.021616776,"Status":"PLACA"}