{"CorrPlaca":0,"TensPlaca":6.677999973,"CorrRede":0.824000001,"TensRede":0.140000001,"ConsDiaPlaca":85.61839294,"ConsMesPlaca":85.61839294,"ConsDiaRede":38.81328201,"ConsMesRede":38.81328201,"Status":"REDE"}