{"CorrPlaca":0.108999997,"TensPlaca":6.697000027,"CorrRede":0.986000001,"TensRede":0.213,"ConsDiaPlaca":27.01502991,"ConsMesPlaca":27.01502991,"ConsDiaRede":8.494493484,"ConsMesRede":8.494493484,"Status":"REDE"}