{"CorrPlaca":2.084000111,"TensPlaca":25,"CorrRede":3.424000025,"TensRede":1.983999968,"ConsDiaPlaca":733.2387695,"ConsMesPlaca":733.2387695,"ConsDiaRede":236.2039795,"ConsMesRede":236.2039795,"Status":"REDE"}