{"CorrPlaca":0,"TensPlaca":0.81099999,"CorrRede":0.495999992,"TensRede":1.54400003,"ConsDiaPlaca":0,"ConsMesPlaca":0,"ConsDiaRede":0.212728888,"ConsMesRede":0.212728888,"Status":"REDE"}