{"CorrPlaca":2.306999922,"TensPlaca":18.06999969,"CorrRede":3.059000015,"TensRede":6.09800005,"ConsDiaPlaca":1109.553589,"ConsMesPlaca":1109.553589,"ConsDiaRede":351.9451904,"ConsMesRede":351.9451904,"Status":"REDE"}