{"Corrente":0,"Tensao":5.81099987,"Consumo":0.016594175,"Status":"REDE"}