{"CorrPlaca":0.703000009,"TensPlaca":3.020999908,"CorrRede":0.839999974,"TensRede":0.372000009,"ConsDiaPlaca":96.26692963,"ConsMesPlaca":96.26692963,"ConsDiaRede":85.51357269,"ConsMesRede":85.51357269,"Status":"REDE"}