{"CorrPlaca":0.697000027,"TensPlaca":18.08300018,"CorrRede":1.847000003,"TensRede":2.661000013,"ConsDiaPlaca":1641.689209,"ConsMesPlaca":1641.689209,"ConsDiaRede":664.699585,"ConsMesRede":664.699585,"Status":"REDE"}