{"CorrPlaca":1.582000017,"TensPlaca":18.05800056,"CorrRede":2.326999903,"TensRede":1.92900002,"ConsDiaPlaca":4481.016113,"ConsMesPlaca":4481.016113,"ConsDiaRede":1744.266357,"ConsMesRede":1744.266357,"Status":"REDE"}