{"Corrente":2.249000072,"Tensao":0,"Consumo":0.070479967,"Status":"REDE"}