{"CorrPlaca":0.216000006,"TensPlaca":18.09499931,"CorrRede":1.460999966,"TensRede":1.062000036,"ConsDiaPlaca":2297.855957,"ConsMesPlaca":2297.855957,"ConsDiaRede":906.2669678,"ConsMesRede":906.2669678,"Status":"REDE"}