{"CorrPlaca":0.061000001,"TensPlaca":6.727000237,"CorrRede":0.885999978,"TensRede":0.763000011,"ConsDiaPlaca":1.194773555,"ConsMesPlaca":1.194773555,"ConsDiaRede":2.134159327,"ConsMesRede":2.134159327,"Status":"REDE"}