{"CorrPlaca":5,"TensPlaca":25,"CorrRede":2.282999992,"TensRede":4.590000153,"ConsDiaPlaca":22708.21875,"ConsMesPlaca":22708.21875,"ConsDiaRede":888.8494873,"ConsMesRede":888.8494873,"Status":"REDE"}