{"CorrPlaca":5,"TensPlaca":18.05800056,"CorrRede":2.21600008,"TensRede":0,"ConsDiaPlaca":3970.8396,"ConsMesPlaca":3970.8396,"ConsDiaRede":406.4484558,"ConsMesRede":406.4484558,"Status":"REDE"}