{"corrente":0.703000009,"tensao":0.694999993,"consumo":0.008678244}