{"CorrPlaca":0.603999972,"TensPlaca":18.06999969,"CorrRede":1.672000051,"TensRede":0,"ConsDiaPlaca":4709.424316,"ConsMesPlaca":4709.424316,"ConsDiaRede":1463.452637,"ConsMesRede":1463.452637,"Status":"REDE"}