{"CorrPlaca":5,"TensPlaca":18.06399918,"CorrRede":2.309999943,"TensRede":0,"ConsDiaPlaca":3292.671631,"ConsMesPlaca":3292.671631,"ConsDiaRede":382.4435425,"ConsMesRede":382.4435425,"Status":"REDE"}