{"CorrPlaca":0.041999999,"TensPlaca":6.647999763,"CorrRede":0.859000027,"TensRede":0.256000012,"ConsDiaPlaca":84.94063568,"ConsMesPlaca":84.94063568,"ConsDiaRede":36.93486786,"ConsMesRede":36.93486786,"Status":"REDE"}