{"CorrPlaca":0,"TensPlaca":3.069999933,"CorrRede":0.229000002,"TensRede":0,"ConsDiaPlaca":4877.92627,"ConsMesPlaca":4877.92627,"ConsDiaRede":425.4539185,"ConsMesRede":425.4539185,"Status":"REDE"}