{"CorrPlaca":5,"TensPlaca":18.06999969,"CorrRede":1.274000049,"TensRede":0,"ConsDiaPlaca":8543.537109,"ConsMesPlaca":8543.537109,"ConsDiaRede":529.671875,"ConsMesRede":529.671875,"Status":"REDE"}