{"CorrPlaca":5,"TensPlaca":25,"CorrRede":0.509000003,"TensRede":0.029999999,"ConsDiaPlaca":2673.612793,"ConsMesPlaca":2673.612793,"ConsDiaRede":123.107666,"ConsMesRede":123.107666,"Status":"REDE"}