{"CorrPlaca":0.681999981,"TensPlaca":4.315999985,"CorrRede":1.15199995,"TensRede":2.312999964,"ConsDiaPlaca":107.3471603,"ConsMesPlaca":107.3471603,"ConsDiaRede":93.54037476,"ConsMesRede":93.54037476,"Status":"REDE"}