{"CorrPlaca":0.796000004,"TensPlaca":18.06999969,"CorrRede":1.753999949,"TensRede":0,"ConsDiaPlaca":384.6092529,"ConsMesPlaca":384.6092529,"ConsDiaRede":148.4866028,"ConsMesRede":148.4866028,"Status":"REDE"}