{"CorrPlaca":0,"TensPlaca":0.702000022,"CorrRede":0.507000029,"TensRede":0.128000006,"ConsDiaPlaca":0,"ConsMesPlaca":0,"ConsDiaRede":0.764602721,"ConsMesRede":0.764602721,"Status":"REDE"}