{"CorrPlaca":0,"TensPlaca":6.709000111,"CorrRede":0.82099998,"TensRede":0.188999996,"ConsDiaPlaca":87.25676727,"ConsMesPlaca":87.25676727,"ConsDiaRede":42.765625,"ConsMesRede":42.765625,"Status":"REDE"}