{"Corrente":0.395000011,"Tensao":0,"Consumo":0.014868441,"Status":"REDE"}