{"CorrPlaca":5,"TensPlaca":18.15600014,"CorrRede":1.463000059,"TensRede":0.103,"ConsDiaPlaca":12541.92578,"ConsMesPlaca":12541.92578,"ConsDiaRede":540.25,"ConsMesRede":540.25,"Status":"REDE"}