{"CorrPlaca":5,"TensPlaca":3.234999895,"CorrRede":0.760999978,"TensRede":0.860000014,"ConsDiaPlaca":6654.921387,"ConsMesPlaca":6654.921387,"ConsDiaRede":506.7244873,"ConsMesRede":506.7244873,"Status":"REDE"}