{"Corrente":0.481000006,"Tensao":0,"Consumo":0.000573213,"Status":"REDE"}