{"CorrPlaca":1.527999997,"TensPlaca":18.10099983,"CorrRede":2.24000001,"TensRede":1.659999967,"ConsDiaPlaca":1683.581421,"ConsMesPlaca":1683.581421,"ConsDiaRede":674.6479492,"ConsMesRede":674.6479492,"Status":"REDE"}