{"CorrPlaca":0,"TensPlaca":6.561999798,"CorrRede":0.796999991,"TensRede":0.017999999,"ConsDiaPlaca":87.99859619,"ConsMesPlaca":87.99859619,"ConsDiaRede":44.71279526,"ConsMesRede":44.71279526,"Status":"REDE"}