{"CorrPlaca":0.152999997,"TensPlaca":3.180000067,"CorrRede":0.623000026,"TensRede":0.805000007,"ConsDiaPlaca":4881.333008,"ConsMesPlaca":4881.333008,"ConsDiaRede":428.3160706,"ConsMesRede":428.3160706,"Status":"REDE"}