{"CorrPlaca":0,"TensPlaca":0,"CorrRede":0.616999984,"TensRede":0.017999999,"ConsDiaPlaca":1.587435603,"ConsMesPlaca":1.587435603,"ConsDiaRede":187.4749756,"ConsMesRede":187.4749756,"Status":"REDE"}