{"Corrente":14.48200035,"Tensao":0,"Consumo":1.197687745,"Status":"REDE"}