{"corrente":2.967999935,"tensao":14.18099976,"consumo":0.554292321}