{"CorrPlaca":1.796000004,"TensPlaca":18.06999969,"CorrRede":2.510999918,"TensRede":2.496000051,"ConsDiaPlaca":4666.59082,"ConsMesPlaca":4666.59082,"ConsDiaRede":1454.448975,"ConsMesRede":1454.448975,"Status":"REDE"}