{"CorrPlaca":0,"TensPlaca":6.709000111,"CorrRede":0.791000009,"TensRede":0.354000002,"ConsDiaPlaca":1.533571362,"ConsMesPlaca":1.533571362,"ConsDiaRede":9.470348358,"ConsMesRede":9.470348358,"Status":"REDE"}