{"CorrPlaca":1.026000023,"TensPlaca":18.09499931,"CorrRede":1.960000038,"TensRede":0,"ConsDiaPlaca":1344.300659,"ConsMesPlaca":1344.300659,"ConsDiaRede":424.6576843,"ConsMesRede":424.6576843,"Status":"REDE"}