{"CorrPlaca":0.806999981,"TensPlaca":18.06999969,"CorrRede":1.934999943,"TensRede":3.069999933,"ConsDiaPlaca":2188.7229,"ConsMesPlaca":2188.7229,"ConsDiaRede":874.4295044,"ConsMesRede":874.4295044,"Status":"REDE"}