{"CorrPlaca":0.115000002,"TensPlaca":6.738999844,"CorrRede":0.995000005,"TensRede":0.25,"ConsDiaPlaca":31.9822731,"ConsMesPlaca":31.9822731,"ConsDiaRede":10.2367363,"ConsMesRede":10.2367363,"Status":"REDE"}