{"CorrPlaca":0.032000002,"TensPlaca":6.703000069,"CorrRede":0.864000022,"TensRede":0.134000003,"ConsDiaPlaca":82.16574097,"ConsMesPlaca":82.16574097,"ConsDiaRede":32.74399948,"ConsMesRede":32.74399948,"Status":"REDE"}