{"Corrente":174.7619934,"Tensao":21.36899948,"Consumo":14.71657276,"Status":"PLACA"}