{"CorrPlaca":5,"TensPlaca":3.204999924,"CorrRede":0.449000001,"TensRede":0,"ConsDiaPlaca":4854.467773,"ConsMesPlaca":4854.467773,"ConsDiaRede":423.6380615,"ConsMesRede":423.6380615,"Status":"REDE"}