{"CorrPlaca":0,"TensPlaca":6.544000149,"CorrRede":0.81099999,"TensRede":0.182999998,"ConsDiaPlaca":86.83493805,"ConsMesPlaca":86.83493805,"ConsDiaRede":41.70286942,"ConsMesRede":41.70286942,"Status":"REDE"}