{"CorrPlaca":3.523000002,"TensPlaca":25,"CorrRede":1.578999996,"TensRede":0,"ConsDiaPlaca":29698.80078,"ConsMesPlaca":29698.80078,"ConsDiaRede":751.0891113,"ConsMesRede":751.0891113,"Status":"REDE"}