{"CorrPlaca":0.164000005,"TensPlaca":18.15600014,"CorrRede":1.389000058,"TensRede":0,"ConsDiaPlaca":3100.157715,"ConsMesPlaca":3100.157715,"ConsDiaRede":955.105957,"ConsMesRede":955.105957,"Status":"REDE"}