{"Corrente":-3.332999945,"Tensao":0,"Consumo":0.252444923,"Status":"REDE"}