{"CorrPlaca":5,"TensPlaca":25,"CorrRede":2.089999914,"TensRede":6.348999977,"ConsDiaPlaca":32985.92969,"ConsMesPlaca":32985.92969,"ConsDiaRede":1365.202148,"ConsMesRede":1365.202148,"Status":"REDE"}