{"Corrente":175.4290009,"Tensao":3.335999966,"Consumo":23.00524521,"Status":"REDE"}