{"CorrPlaca":5,"TensPlaca":15.84200001,"CorrRede":1.478999972,"TensRede":1.567999959,"ConsDiaPlaca":5909.52002,"ConsMesPlaca":5909.52002,"ConsDiaRede":488.7629395,"ConsMesRede":488.7629395,"Status":"REDE"}