{"CorrPlaca":0.024,"TensPlaca":6.738999844,"CorrRede":0.839999974,"TensRede":0.25,"ConsDiaPlaca":86.42713928,"ConsMesPlaca":86.42713928,"ConsDiaRede":40.30893707,"ConsMesRede":40.30893707,"Status":"REDE"}