{"CorrPlaca":0.108000003,"TensPlaca":18.16200066,"CorrRede":1.338999987,"TensRede":0,"ConsDiaPlaca":940.5471802,"ConsMesPlaca":940.5471802,"ConsDiaRede":416.2565613,"ConsMesRede":416.2565613,"Status":"REDE"}