{"CorrPlaca":0.093999997,"TensPlaca":6.727000237,"CorrRede":0.992999971,"TensRede":0.256000012,"ConsDiaPlaca":26.44446754,"ConsMesPlaca":26.44446754,"ConsDiaRede":8.296581268,"ConsMesRede":8.296581268,"Status":"REDE"}