{"CorrPlaca":0,"TensPlaca":6.684000015,"CorrRede":0.791000009,"TensRede":0.25,"ConsDiaPlaca":1.533571362,"ConsMesPlaca":1.533571362,"ConsDiaRede":10.34074306,"ConsMesRede":10.34074306,"Status":"REDE"}