{"Corrente":173.0599976,"Tensao":21.56399918,"Consumo":5.153171062,"Status":"PLACA"}