{"CorrPlaca":0,"TensPlaca":18.02799988,"CorrRede":1.166000009,"TensRede":0,"ConsDiaPlaca":4736.546387,"ConsMesPlaca":4736.546387,"ConsDiaRede":1848.958618,"ConsMesRede":1848.958618,"Status":"REDE"}