{"CorrPlaca":0.307999998,"TensPlaca":3.186000109,"CorrRede":0.776000023,"TensRede":1.404000044,"ConsDiaPlaca":123.1582184,"ConsMesPlaca":123.1582184,"ConsDiaRede":119.9819031,"ConsMesRede":119.9819031,"Status":"REDE"}