{"CorrPlaca":0.398999989,"TensPlaca":3.210999966,"CorrRede":0.848999977,"TensRede":1.746000051,"ConsDiaPlaca":172.6535492,"ConsMesPlaca":172.6535492,"ConsDiaRede":159.6013336,"ConsMesRede":159.6013336,"Status":"REDE"}