{"CorrPlaca":5,"TensPlaca":25,"CorrRede":2.252000093,"TensRede":6.940999985,"ConsDiaPlaca":21631.83594,"ConsMesPlaca":21631.83594,"ConsDiaRede":839.2764282,"ConsMesRede":839.2764282,"Status":"REDE"}