{"CorrPlaca":1.952000022,"TensPlaca":18.06399918,"CorrRede":2.763000011,"TensRede":6.769999981,"ConsDiaPlaca":1917.576782,"ConsMesPlaca":1917.576782,"ConsDiaRede":874.7317505,"ConsMesRede":874.7317505,"Status":"REDE"}