{"CorrPlaca":0.998000026,"TensPlaca":3.210999966,"CorrRede":1.106999993,"TensRede":1.074000001,"ConsDiaPlaca":150.9493408,"ConsMesPlaca":150.9493408,"ConsDiaRede":143.0039825,"ConsMesRede":143.0039825,"Status":"REDE"}