{"CorrPlaca":0.214000002,"TensPlaca":18.07600021,"CorrRede":1.460000038,"TensRede":0.915000021,"ConsDiaPlaca":345.7451782,"ConsMesPlaca":345.7451782,"ConsDiaRede":132.0297546,"ConsMesRede":132.0297546,"Status":"REDE"}