{"CorrPlaca":0.702000022,"TensPlaca":3.112999916,"CorrRede":0.985000014,"TensRede":1.38499999,"ConsDiaPlaca":144.6012115,"ConsMesPlaca":144.6012115,"ConsDiaRede":138.342926,"ConsMesRede":138.342926,"Status":"REDE"}