{"CorrPlaca":0.776000023,"TensPlaca":18.14999962,"CorrRede":1.75999999,"TensRede":0,"ConsDiaPlaca":4148.380859,"ConsMesPlaca":4148.380859,"ConsDiaRede":1296.509644,"ConsMesRede":1296.509644,"Status":"REDE"}