{"CorrPlaca":2.519999981,"TensPlaca":18.16200066,"CorrRede":3.148000002,"TensRede":5.024000168,"ConsDiaPlaca":268.4197083,"ConsMesPlaca":268.4197083,"ConsDiaRede":94.61071777,"ConsMesRede":94.61071777,"Status":"REDE"}