{"Corrente":-0.540000021,"Tensao":9.324999809,"Consumo":0.287879497,"Status":"REDE"}