{"CorrPlaca":0.298999995,"TensPlaca":3.191999912,"CorrRede":0.683000028,"TensRede":0,"ConsDiaPlaca":179.9214478,"ConsMesPlaca":179.9214478,"ConsDiaRede":166.1374054,"ConsMesRede":166.1374054,"Status":"REDE"}