{"Corrente":1.055999994,"Tensao":7.136000156,"Consumo":0.027373519,"Status":"PLACA"}