{"CorrPlaca":0.476000011,"TensPlaca":18.10700035,"CorrRede":1.677000046,"TensRede":1.758000016,"ConsDiaPlaca":2693.994385,"ConsMesPlaca":2693.994385,"ConsDiaRede":1067.388306,"ConsMesRede":1067.388306,"Status":"REDE"}