{"CorrPlaca":5,"TensPlaca":25,"CorrRede":2.578000069,"TensRede":7.099999905,"ConsDiaPlaca":19617.96094,"ConsMesPlaca":19617.96094,"ConsDiaRede":755.2575073,"ConsMesRede":755.2575073,"Status":"REDE"}