{"CorrPlaca":0,"TensPlaca":0.615999997,"CorrRede":0.542999983,"TensRede":0.5,"ConsDiaPlaca":0.004216944,"ConsMesPlaca":0.004216944,"ConsDiaRede":0.475729674,"ConsMesRede":0.475729674,"Status":"REDE"}