{"CorrPlaca":5,"TensPlaca":18.06399918,"CorrRede":2.812999964,"TensRede":0.726000011,"ConsDiaPlaca":3594.216309,"ConsMesPlaca":3594.216309,"ConsDiaRede":394.7792358,"ConsMesRede":394.7792358,"Status":"REDE"}