{"CorrPlaca":0.898999989,"TensPlaca":3.22300005,"CorrRede":1.141000032,"TensRede":2.453999996,"ConsDiaPlaca":168.7722015,"ConsMesPlaca":168.7722015,"ConsDiaRede":156.3164063,"ConsMesRede":156.3164063,"Status":"REDE"}