{"CorrPlaca":0,"TensPlaca":0,"CorrRede":0.593999982,"TensRede":0.061000001,"ConsDiaPlaca":1.587435603,"ConsMesPlaca":1.587435603,"ConsDiaRede":21.70114708,"ConsMesRede":21.70114708,"Status":"REDE"}