{"CorrPlaca":0.331999987,"TensPlaca":18.05800056,"CorrRede":1.537999988,"TensRede":0.134000003,"ConsDiaPlaca":2624.587158,"ConsMesPlaca":2624.587158,"ConsDiaRede":807.7886353,"ConsMesRede":807.7886353,"Status":"REDE"}