{"CorrPlaca":0.180999994,"TensPlaca":18.0890007,"CorrRede":1.425999999,"TensRede":0,"ConsDiaPlaca":3746.257568,"ConsMesPlaca":3746.257568,"ConsDiaRede":1168.914185,"ConsMesRede":1168.914185,"Status":"REDE"}