{"CorrPlaca":0.248999998,"TensPlaca":18.09499931,"CorrRede":1.495000005,"TensRede":1.049999952,"ConsDiaPlaca":3022.690918,"ConsMesPlaca":3022.690918,"ConsDiaRede":1196.145752,"ConsMesRede":1196.145752,"Status":"REDE"}