{"corrente":0.582000017,"tensao":0.389999986,"consumo":0.037578549}