{"CorrPlaca":5,"TensPlaca":25,"CorrRede":2.311000109,"TensRede":6.965000153,"ConsDiaPlaca":30347.05859,"ConsMesPlaca":30347.05859,"ConsDiaRede":1259.853027,"ConsMesRede":1259.853027,"Status":"REDE"}