{"CorrPlaca":2.75999999,"TensPlaca":18.0890007,"CorrRede":3.262000084,"TensRede":7.093999863,"ConsDiaPlaca":2972.129639,"ConsMesPlaca":2972.129639,"ConsDiaRede":1178.346558,"ConsMesRede":1178.346558,"Status":"REDE"}