{"CorrPlaca":0.046999998,"TensPlaca":25,"CorrRede":1.626000047,"TensRede":0,"ConsDiaPlaca":16010.18066,"ConsMesPlaca":16010.18066,"ConsDiaRede":607.3168945,"ConsMesRede":607.3168945,"Status":"REDE"}