{"Corrente":14.48700047,"Tensao":0.016000001,"Consumo":5.952158451,"Status":"REDE"}