{"CorrPlaca":0.725000024,"TensPlaca":1.549999952,"CorrRede":0.485000014,"TensRede":0,"ConsDiaPlaca":30.54203987,"ConsMesPlaca":30.54203987,"ConsDiaRede":24.67646027,"ConsMesRede":24.67646027,"Status":"REDE"}