{"Corrente":0.442000002,"Tensao":1.220000029,"Consumo":0.001778004,"Status":"REDE"}