{"CorrPlaca":5,"TensPlaca":25,"CorrRede":0.568000019,"TensRede":0.041999999,"ConsDiaPlaca":31666.49414,"ConsMesPlaca":31666.49414,"ConsDiaRede":1308.905029,"ConsMesRede":1308.905029,"Status":"REDE"}