{"CorrPlaca":5,"TensPlaca":25,"CorrRede":0.623000026,"TensRede":0.426999986,"ConsDiaPlaca":19027.68555,"ConsMesPlaca":19027.68555,"ConsDiaRede":720.8010864,"ConsMesRede":720.8010864,"Status":"REDE"}