{"CorrPlaca":5,"TensPlaca":18.05200005,"CorrRede":1.003000021,"TensRede":0,"ConsDiaPlaca":12491.70508,"ConsMesPlaca":12491.70508,"ConsDiaRede":540.0709229,"ConsMesRede":540.0709229,"Status":"REDE"}