{"CorrPlaca":0,"TensPlaca":18.125,"CorrRede":1.136999965,"TensRede":0,"ConsDiaPlaca":3907.589355,"ConsMesPlaca":3907.589355,"ConsDiaRede":1517.85376,"ConsMesRede":1517.85376,"Status":"REDE"}