{"CorrPlaca":2.944999933,"TensPlaca":18.1439991,"CorrRede":3.437999964,"TensRede":7.368000031,"ConsDiaPlaca":1919.536743,"ConsMesPlaca":1919.536743,"ConsDiaRede":591.4075928,"ConsMesRede":591.4075928,"Status":"REDE"}