{"CorrPlaca":5,"TensPlaca":25,"CorrRede":2.062999964,"TensRede":0,"ConsDiaPlaca":11215.23633,"ConsMesPlaca":11215.23633,"ConsDiaRede":347.8457642,"ConsMesRede":347.8457642,"Status":"REDE"}