{"CorrPlaca":0.134000003,"TensPlaca":6.703000069,"CorrRede":0.995000005,"TensRede":0.305000007,"ConsDiaPlaca":26.69396591,"ConsMesPlaca":26.69396591,"ConsDiaRede":8.380880356,"ConsMesRede":8.380880356,"Status":"REDE"}