{"CorrPlaca":2.694000006,"TensPlaca":18.125,"CorrRede":3.239000082,"TensRede":5.372000217,"ConsDiaPlaca":811.9128418,"ConsMesPlaca":811.9128418,"ConsDiaRede":258.9613037,"ConsMesRede":258.9613037,"Status":"REDE"}