{"CorrPlaca":0.788999975,"TensPlaca":18.10700035,"CorrRede":1.771000028,"TensRede":0,"ConsDiaPlaca":706.0983276,"ConsMesPlaca":706.0983276,"ConsDiaRede":280.8739624,"ConsMesRede":280.8739624,"Status":"REDE"}