{"CorrPlaca":0.009,"TensPlaca":6.532000065,"CorrRede":0.81400001,"TensRede":0.097000003,"ConsDiaPlaca":85.11689758,"ConsMesPlaca":85.11689758,"ConsDiaRede":37.42073059,"ConsMesRede":37.42073059,"Status":"REDE"}