{"CorrPlaca":2.441999912,"TensPlaca":18.06999969,"CorrRede":3.105999947,"TensRede":7.001999855,"ConsDiaPlaca":4818.733887,"ConsMesPlaca":4818.733887,"ConsDiaRede":1499.355469,"ConsMesRede":1499.355469,"Status":"REDE"}