{"Corrente":14.47700024,"Tensao":2.03399992,"Consumo":6.065575123,"Status":"REDE"}