{"CorrPlaca":0.213,"TensPlaca":18.125,"CorrRede":1.47300005,"TensRede":0.902999997,"ConsDiaPlaca":1959.975708,"ConsMesPlaca":1959.975708,"ConsDiaRede":894.564209,"ConsMesRede":894.564209,"Status":"REDE"}