{"CorrPlaca":0.032000002,"TensPlaca":6.697000027,"CorrRede":0.83099997,"TensRede":0.286000013,"ConsDiaPlaca":87.40925598,"ConsMesPlaca":87.40925598,"ConsDiaRede":43.16775131,"ConsMesRede":43.16775131,"Status":"REDE"}