{"CorrPlaca":5,"TensPlaca":25,"CorrRede":1.575000048,"TensRede":4.394999981,"ConsDiaPlaca":20347.12109,"ConsMesPlaca":20347.12109,"ConsDiaRede":785.3274536,"ConsMesRede":785.3274536,"Status":"REDE"}