{"CorrPlaca":2.75,"TensPlaca":18.11300087,"CorrRede":3.348999977,"TensRede":8.50399971,"ConsDiaPlaca":917.3671265,"ConsMesPlaca":917.3671265,"ConsDiaRede":374.0926819,"ConsMesRede":374.0926819,"Status":"REDE"}