{"CorrPlaca":1.347000003,"TensPlaca":18.06999969,"CorrRede":2.180000067,"TensRede":0.787,"ConsDiaPlaca":4039.832764,"ConsMesPlaca":4039.832764,"ConsDiaRede":1259.539185,"ConsMesRede":1259.539185,"Status":"REDE"}