{"Corrente":14.37899971,"Tensao":2.977999926,"Consumo":6.077469826,"Status":"REDE"}