{"CorrPlaca":3.242000103,"TensPlaca":18.06399918,"CorrRede":3.66899991,"TensRede":8.61400032,"ConsDiaPlaca":976.8922119,"ConsMesPlaca":976.8922119,"ConsDiaRede":432.768219,"ConsMesRede":432.768219,"Status":"REDE"}