{"CorrPlaca":0,"TensPlaca":6.745999813,"CorrRede":0.802999973,"TensRede":0.273999989,"ConsDiaPlaca":1.587435603,"ConsMesPlaca":1.587435603,"ConsDiaRede":22.48578835,"ConsMesRede":22.48578835,"Status":"REDE"}