{"corrente":0.51700002,"tensao":0,"consumo":0.022059431}