{"CorrPlaca":0.254999995,"TensPlaca":18.07600021,"CorrRede":1.465999961,"TensRede":0.024,"ConsDiaPlaca":3037.864258,"ConsMesPlaca":3037.864258,"ConsDiaRede":937.8474121,"ConsMesRede":937.8474121,"Status":"REDE"}