{"CorrPlaca":0.970000029,"TensPlaca":18.06999969,"CorrRede":1.873999953,"TensRede":0,"ConsDiaPlaca":2923.848633,"ConsMesPlaca":2923.848633,"ConsDiaRede":903.9041138,"ConsMesRede":903.9041138,"Status":"REDE"}