{"CorrPlaca":5,"TensPlaca":25,"CorrRede":2.427999973,"TensRede":3.009000063,"ConsDiaPlaca":12222.17383,"ConsMesPlaca":12222.17383,"ConsDiaRede":381.4199524,"ConsMesRede":381.4199524,"Status":"REDE"}