{"Corrente":14.45300007,"Tensao":1.838999987,"Consumo":2.012989998,"Status":"REDE"}