{"CorrPlaca":1.523000002,"TensPlaca":18.10099983,"CorrRede":2.263000011,"TensRede":1.64199996,"ConsDiaPlaca":3118.298828,"ConsMesPlaca":3118.298828,"ConsDiaRede":1230.545654,"ConsMesRede":1230.545654,"Status":"REDE"}