{"CorrPlaca":0.709999979,"TensPlaca":18.06999969,"CorrRede":1.659000039,"TensRede":0,"ConsDiaPlaca":4367.984375,"ConsMesPlaca":4367.984375,"ConsDiaRede":1700.248657,"ConsMesRede":1700.248657,"Status":"REDE"}