{"CorrPlaca":0.086000003,"TensPlaca":6.671999931,"CorrRede":0.976000011,"TensRede":0.305000007,"ConsDiaPlaca":53.63879013,"ConsMesPlaca":53.63879013,"ConsDiaRede":18.87137032,"ConsMesRede":18.87137032,"Status":"REDE"}