{"CorrPlaca":3.066999912,"TensPlaca":18.04000092,"CorrRede":3.301000118,"TensRede":7.77699995,"ConsDiaPlaca":4496.384766,"ConsMesPlaca":4496.384766,"ConsDiaRede":1751.397461,"ConsMesRede":1751.397461,"Status":"REDE"}