{"CorrPlaca":0.449000001,"TensPlaca":3.112999916,"CorrRede":0.800000012,"TensRede":0.549000025,"ConsDiaPlaca":180.3097229,"ConsMesPlaca":180.3097229,"ConsDiaRede":166.2593994,"ConsMesRede":166.2593994,"Status":"REDE"}