{"CorrPlaca":0.041999999,"TensPlaca":6.561999798,"CorrRede":0.91900003,"TensRede":0.194999993,"ConsDiaPlaca":64.85726929,"ConsMesPlaca":64.85726929,"ConsDiaRede":24.74193764,"ConsMesRede":24.74193764,"Status":"REDE"}