{"CorrPlaca":0.032000002,"TensPlaca":6.732999802,"CorrRede":0.805000007,"TensRede":0.207000002,"ConsDiaPlaca":87.64395142,"ConsMesPlaca":87.64395142,"ConsDiaRede":43.56664276,"ConsMesRede":43.56664276,"Status":"REDE"}