{"CorrPlaca":3.121999979,"TensPlaca":18.06399918,"CorrRede":3.621000051,"TensRede":8.284000397,"ConsDiaPlaca":206.4002991,"ConsMesPlaca":206.4002991,"ConsDiaRede":67.49314117,"ConsMesRede":67.49314117,"Status":"REDE"}