{"CorrPlaca":5,"TensPlaca":18.04599953,"CorrRede":1.307999969,"TensRede":0,"ConsDiaPlaca":8493.307617,"ConsMesPlaca":8493.307617,"ConsDiaRede":529.5661011,"ConsMesRede":529.5661011,"Status":"REDE"}