{"CorrPlaca":0,"TensPlaca":25,"CorrRede":1.753999949,"TensRede":1.226999998,"ConsDiaPlaca":13586.93066,"ConsMesPlaca":13586.93066,"ConsDiaRede":592.1744385,"ConsMesRede":592.1744385,"Status":"REDE"}