{"CorrPlaca":0,"TensPlaca":6.598999977,"CorrRede":0.79400003,"TensRede":0.164000005,"ConsDiaPlaca":87.64395142,"ConsMesPlaca":87.64395142,"ConsDiaRede":43.6518631,"ConsMesRede":43.6518631,"Status":"REDE"}