{"CorrPlaca":0,"TensPlaca":0,"CorrRede":0.647000015,"TensRede":6.677999973,"ConsDiaPlaca":1.587435603,"ConsMesPlaca":1.587435603,"ConsDiaRede":176.9597473,"ConsMesRede":176.9597473,"Status":"REDE"}