{"Corrente":4.269999981,"Tensao":25.56800079,"Consumo":0.531134665,"Status":"PLACA"}