{"CorrPlaca":5,"TensPlaca":25,"CorrRede":2.555999994,"TensRede":6.776000023,"ConsDiaPlaca":26319.30664,"ConsMesPlaca":26319.30664,"ConsDiaRede":1052.36731,"ConsMesRede":1052.36731,"Status":"REDE"}