{"CorrPlaca":5,"TensPlaca":25,"CorrRede":1.406000018,"TensRede":3.186000109,"ConsDiaPlaca":16319.37012,"ConsMesPlaca":16319.37012,"ConsDiaRede":574.5696411,"ConsMesRede":574.5696411,"Status":"REDE"}