{"CorrPlaca":0,"TensPlaca":0,"CorrRede":0.638999999,"TensRede":6.732999802,"ConsDiaPlaca":1.587435603,"ConsMesPlaca":1.587435603,"ConsDiaRede":26.01612663,"ConsMesRede":26.01612663,"Status":"REDE"}