{"CorrPlaca":5,"TensPlaca":25,"CorrRede":2.509000063,"TensRede":6.513999939,"ConsDiaPlaca":27742.9082,"ConsMesPlaca":27742.9082,"ConsDiaRede":1129.686401,"ConsMesRede":1129.686401,"Status":"REDE"}