{"CorrPlaca":0.418000013,"TensPlaca":3.204999924,"CorrRede":0.779999971,"TensRede":0.512000024,"ConsDiaPlaca":165.8748932,"ConsMesPlaca":165.8748932,"ConsDiaRede":154.5636597,"ConsMesRede":154.5636597,"Status":"REDE"}