{"CorrPlaca":0,"TensPlaca":6.544000149,"CorrRede":0.862999976,"TensRede":0.128000006,"ConsDiaPlaca":81.30850983,"ConsMesPlaca":81.30850983,"ConsDiaRede":31.698843,"ConsMesRede":31.698843,"Status":"REDE"}