{"CorrPlaca":0.526000023,"TensPlaca":3.217000008,"CorrRede":0.859000027,"TensRede":0.842000008,"ConsDiaPlaca":169.3688507,"ConsMesPlaca":169.3688507,"ConsDiaRede":156.7644196,"ConsMesRede":156.7644196,"Status":"REDE"}