{"CorrPlaca":5,"TensPlaca":25,"CorrRede":2.00999999,"TensRede":6.146999836,"ConsDiaPlaca":15867.98438,"ConsMesPlaca":15867.98438,"ConsDiaRede":553.9019165,"ConsMesRede":553.9019165,"Status":"REDE"}