{"Corrente":0,"Tensao":0.293000013,"Consumo":0.07707084,"Status":"REDE"}