{"CorrPlaca":2.342999935,"TensPlaca":18.0890007,"CorrRede":3.029999971,"TensRede":7.666999817,"ConsDiaPlaca":3157.789307,"ConsMesPlaca":3157.789307,"ConsDiaRede":1246.22876,"ConsMesRede":1246.22876,"Status":"REDE"}