{"CorrPlaca":0.097999997,"TensPlaca":17.91200066,"CorrRede":1.271999955,"TensRede":0,"ConsDiaPlaca":4020.63623,"ConsMesPlaca":4020.63623,"ConsDiaRede":1561.430664,"ConsMesRede":1561.430664,"Status":"REDE"}