{"CorrPlaca":0,"TensPlaca":6.727000237,"CorrRede":0.799000025,"TensRede":0.177000001,"ConsDiaPlaca":1.533571362,"ConsMesPlaca":1.533571362,"ConsDiaRede":14.09122658,"ConsMesRede":14.09122658,"Status":"REDE"}