{"CorrPlaca":1.506999969,"TensPlaca":18.0890007,"CorrRede":2.22300005,"TensRede":0.94599998,"ConsDiaPlaca":2114.920654,"ConsMesPlaca":2114.920654,"ConsDiaRede":660.4437256,"ConsMesRede":660.4437256,"Status":"REDE"}