{"CorrPlaca":0.202999994,"TensPlaca":3.198999882,"CorrRede":0.688000023,"TensRede":1.146999955,"ConsDiaPlaca":137.1769714,"ConsMesPlaca":137.1769714,"ConsDiaRede":131.9303589,"ConsMesRede":131.9303589,"Status":"REDE"}