{"CorrPlaca":3.289000034,"TensPlaca":25,"CorrRede":1.953999996,"TensRede":0,"ConsDiaPlaca":13238.48926,"ConsMesPlaca":13238.48926,"ConsDiaRede":568.4078369,"ConsMesRede":568.4078369,"Status":"REDE"}