{"CorrPlaca":1.782999992,"TensPlaca":18.10700035,"CorrRede":2.459000111,"TensRede":1.819000006,"ConsDiaPlaca":285.6401978,"ConsMesPlaca":285.6401978,"ConsDiaRede":91.03526306,"ConsMesRede":91.03526306,"Status":"REDE"}