{"CorrPlaca":0.864000022,"TensPlaca":3.118999958,"CorrRede":1.133000016,"TensRede":2.368000031,"ConsDiaPlaca":4905.167969,"ConsMesPlaca":4905.167969,"ConsDiaRede":468.9535522,"ConsMesRede":468.9535522,"Status":"REDE"}