{"CorrPlaca":0,"TensPlaca":0,"CorrRede":0.601000011,"TensRede":0.054000001,"ConsDiaPlaca":1.587435603,"ConsMesPlaca":1.587435603,"ConsDiaRede":188.4663239,"ConsMesRede":188.4663239,"Status":"REDE"}