{"CorrPlaca":0,"TensPlaca":0,"CorrRede":0.425999999,"TensRede":0.097000003,"ConsDiaPlaca":11.38347912,"ConsMesPlaca":11.38347912,"ConsDiaRede":2.135365963,"ConsMesRede":2.135365963,"Status":"REDE"}