{"CorrPlaca":0.050000001,"TensPlaca":6.721000195,"CorrRede":0.958999991,"TensRede":0.280000001,"ConsDiaPlaca":62.76838303,"ConsMesPlaca":62.76838303,"ConsDiaRede":23.64277267,"ConsMesRede":23.64277267,"Status":"REDE"}