{"corrente":-0.012,"tensao":0.683000028,"consumo":-0.000148383}