{"CorrPlaca":5,"TensPlaca":25,"CorrRede":1.921000004,"TensRede":1.996000051,"ConsDiaPlaca":6323.695801,"ConsMesPlaca":6323.695801,"ConsDiaRede":498.3483276,"ConsMesRede":498.3483276,"Status":"REDE"}