{"CorrPlaca":0,"TensPlaca":0.792999983,"CorrRede":0.493000001,"TensRede":0.432999998,"ConsDiaPlaca":0,"ConsMesPlaca":0,"ConsDiaRede":0.847679973,"ConsMesRede":0.847679973,"Status":"REDE"}