{"CorrPlaca":0.086000003,"TensPlaca":6.721000195,"CorrRede":0.917999983,"TensRede":0.286000013,"ConsDiaPlaca":73.22167969,"ConsMesPlaca":73.22167969,"ConsDiaRede":28.13739014,"ConsMesRede":28.13739014,"Status":"REDE"}