{"Corrente":21.07099915,"Tensao":3.665999889,"Consumo":0.345816672,"Status":"REDE"}