{"CorrPlaca":0,"TensPlaca":18.06399918,"CorrRede":1.15199995,"TensRede":0,"ConsDiaPlaca":1522.779297,"ConsMesPlaca":1522.779297,"ConsDiaRede":616.7843018,"ConsMesRede":616.7843018,"Status":"REDE"}