{"CorrPlaca":5,"TensPlaca":25,"CorrRede":0.500999987,"TensRede":0,"ConsDiaPlaca":30937.33203,"ConsMesPlaca":30937.33203,"ConsDiaRede":1283.136719,"ConsMesRede":1283.136719,"Status":"REDE"}