{"CorrPlaca":0.085000001,"TensPlaca":6.677999973,"CorrRede":0.986999989,"TensRede":0.293000013,"ConsDiaPlaca":47.96151733,"ConsMesPlaca":47.96151733,"ConsDiaRede":16.2755928,"ConsMesRede":16.2755928,"Status":"REDE"}