{"CorrPlaca":1.041000009,"TensPlaca":25,"CorrRede":3.015000105,"TensRede":0.537,"ConsDiaPlaca":297.2734985,"ConsMesPlaca":297.2734985,"ConsDiaRede":181.3406372,"ConsMesRede":181.3406372,"Status":"REDE"}