{"Corrente":14.57499981,"Tensao":24.9659996,"Consumo":6.053236008,"Status":"PLACA"}