{"CorrPlaca":0,"TensPlaca":6.677999973,"CorrRede":0.85799998,"TensRede":0.702000022,"ConsDiaPlaca":1.194773555,"ConsMesPlaca":1.194773555,"ConsDiaRede":2.301469564,"ConsMesRede":2.301469564,"Status":"REDE"}