{"CorrPlaca":0,"TensPlaca":0,"CorrRede":0.614000022,"TensRede":0.097000003,"ConsDiaPlaca":1.587435603,"ConsMesPlaca":1.587435603,"ConsDiaRede":188.7490082,"ConsMesRede":188.7490082,"Status":"REDE"}