{"CorrPlaca":0.02,"TensPlaca":6.703000069,"CorrRede":0.81099999,"TensRede":0.213,"ConsDiaPlaca":87.99859619,"ConsMesPlaca":87.99859619,"ConsDiaRede":44.70881271,"ConsMesRede":44.70881271,"Status":"REDE"}