{"corrente":1.307999969,"tensao":9.279000282,"consumo":0.117345497}