{"CorrPlaca":0.708000004,"TensPlaca":1.416000009,"CorrRede":0.472000003,"TensRede":1.123000026,"ConsDiaPlaca":17.7840023,"ConsMesPlaca":17.7840023,"ConsDiaRede":13.43142986,"ConsMesRede":13.43142986,"Status":"REDE"}