{"CorrPlaca":0.079000004,"TensPlaca":6.561999798,"CorrRede":0.968999982,"TensRede":0.207000002,"ConsDiaPlaca":43.79047012,"ConsMesPlaca":43.79047012,"ConsDiaRede":14.48839664,"ConsMesRede":14.48839664,"Status":"REDE"}