{"CorrPlaca":2.085999966,"TensPlaca":18.13699913,"CorrRede":2.864000082,"TensRede":6.824999809,"ConsDiaPlaca":4347.465332,"ConsMesPlaca":4347.465332,"ConsDiaRede":1694.804199,"ConsMesRede":1694.804199,"Status":"REDE"}