{"CorrPlaca":5,"TensPlaca":25,"CorrRede":1.916000009,"TensRede":5.75,"ConsDiaPlaca":15312.43164,"ConsMesPlaca":15312.43164,"ConsDiaRede":528.1777344,"ConsMesRede":528.1777344,"Status":"REDE"}