{"CorrPlaca":0.021,"TensPlaca":18.0340004,"CorrRede":1.307999969,"TensRede":0,"ConsDiaPlaca":857.0853882,"ConsMesPlaca":857.0853882,"ConsDiaRede":379.5429993,"ConsMesRede":379.5429993,"Status":"REDE"}