{"CorrPlaca":0.368000001,"TensPlaca":18.0340004,"CorrRede":1.442000031,"TensRede":0,"ConsDiaPlaca":1453.724731,"ConsMesPlaca":1453.724731,"ConsDiaRede":587.3526611,"ConsMesRede":587.3526611,"Status":"REDE"}