{"Corrente":15.89299965,"Tensao":4.040999889,"Consumo":0.728190482,"Status":"REDE"}