{"CorrPlaca":0.156000003,"TensPlaca":6.703000069,"CorrRede":1.003000021,"TensRede":0.298999995,"ConsDiaPlaca":2.309036732,"ConsMesPlaca":2.309036732,"ConsDiaRede":1.150244713,"ConsMesRede":1.150244713,"Status":"REDE"}