{"CorrPlaca":0,"TensPlaca":6.665999889,"CorrRede":0.791999996,"TensRede":0,"ConsDiaPlaca":1.533571362,"ConsMesPlaca":1.533571362,"ConsDiaRede":6.58014679,"ConsMesRede":6.58014679,"Status":"REDE"}