{"CorrPlaca":5,"TensPlaca":18.06999969,"CorrRede":0.623000026,"TensRede":1.378999949,"ConsDiaPlaca":6572.386719,"ConsMesPlaca":6572.386719,"ConsDiaRede":501.4190063,"ConsMesRede":501.4190063,"Status":"REDE"}