{"CorrPlaca":0,"TensPlaca":0,"CorrRede":0.605000019,"TensRede":0.067000002,"ConsDiaPlaca":1.587435603,"ConsMesPlaca":1.587435603,"ConsDiaRede":187.6943207,"ConsMesRede":187.6943207,"Status":"REDE"}