{"CorrPlaca":5,"TensPlaca":25,"CorrRede":0.495999992,"TensRede":0,"ConsDiaPlaca":33090.09766,"ConsMesPlaca":33090.09766,"ConsDiaRede":1365.202148,"ConsMesRede":1365.202148,"Status":"REDE"}