{"CorrPlaca":0.540000021,"TensPlaca":18.11300087,"CorrRede":1.659000039,"TensRede":0,"ConsDiaPlaca":244.3373718,"ConsMesPlaca":244.3373718,"ConsDiaRede":76.42327118,"ConsMesRede":76.42327118,"Status":"REDE"}