{"CorrPlaca":0,"TensPlaca":0.781000018,"CorrRede":0.481000006,"TensRede":0.134000003,"ConsDiaPlaca":0,"ConsMesPlaca":0,"ConsDiaRede":0.510886431,"ConsMesRede":0.510886431,"Status":"REDE"}