{"CorrPlaca":0.083999999,"TensPlaca":6.544000149,"CorrRede":0.890999973,"TensRede":0.097000003,"ConsDiaPlaca":72.64050293,"ConsMesPlaca":72.64050293,"ConsDiaRede":27.959692,"ConsMesRede":27.959692,"Status":"REDE"}