{"CorrPlaca":2.907000065,"TensPlaca":18.06999969,"CorrRede":3.430999994,"TensRede":8.637999535,"ConsDiaPlaca":1027.075806,"ConsMesPlaca":1027.075806,"ConsDiaRede":420.4775391,"ConsMesRede":420.4775391,"Status":"REDE"}