{"CorrPlaca":3.167999983,"TensPlaca":18.10099983,"CorrRede":3.680999994,"TensRede":8.107000351,"ConsDiaPlaca":343.2657776,"ConsMesPlaca":343.2657776,"ConsDiaRede":107.2225113,"ConsMesRede":107.2225113,"Status":"REDE"}