{"Corrente":2.266000032,"Tensao":0,"Consumo":0.070479967,"Status":"REDE"}