{"Corrente":2.344000101,"Tensao":0,"Consumo":0.070479967,"Status":"REDE"}