{"CorrPlaca":0,"TensPlaca":0.75,"CorrRede":0.426999986,"TensRede":0.224999994,"ConsDiaPlaca":0.007955277,"ConsMesPlaca":0.007955277,"ConsDiaRede":0.62593472,"ConsMesRede":0.62593472,"Status":"REDE"}