{"CorrPlaca":0,"TensPlaca":0.628000021,"CorrRede":0.442999989,"TensRede":0.273999989,"ConsDiaPlaca":0.000640833,"ConsMesPlaca":0.000640833,"ConsDiaRede":0.779310584,"ConsMesRede":0.779310584,"Status":"REDE"}