{"CorrPlaca":0.657999992,"TensPlaca":3.191999912,"CorrRede":0.958000004,"TensRede":1.238999963,"ConsDiaPlaca":180.8931427,"ConsMesPlaca":180.8931427,"ConsDiaRede":166.5891266,"ConsMesRede":166.5891266,"Status":"REDE"}