{"CorrPlaca":2.092000008,"TensPlaca":18.06999969,"CorrRede":2.727999926,"TensRede":2.892999887,"ConsDiaPlaca":299.1535339,"ConsMesPlaca":299.1535339,"ConsDiaRede":93.37068176,"ConsMesRede":93.37068176,"Status":"REDE"}