{"corrente":0,"tensao":7.032000065,"consumo":0.004045333}