{"CorrPlaca":2.548000097,"TensPlaca":18.04599953,"CorrRede":3.234999895,"TensRede":8.161999702,"ConsDiaPlaca":1132.459961,"ConsMesPlaca":1132.459961,"ConsDiaRede":471.3283386,"ConsMesRede":471.3283386,"Status":"REDE"}