{"CorrPlaca":0,"TensPlaca":0,"CorrRede":0.643999994,"TensRede":6.677999973,"ConsDiaPlaca":1.587435603,"ConsMesPlaca":1.587435603,"ConsDiaRede":173.2810669,"ConsMesRede":173.2810669,"Status":"REDE"}