{"Corrente":2.671999931,"Tensao":0,"Consumo":0.099550068,"Status":"REDE"}