{"CorrPlaca":0.714999974,"TensPlaca":0.518000007,"CorrRede":0.312999994,"TensRede":0.555000007,"ConsDiaPlaca":20.22792244,"ConsMesPlaca":20.22792244,"ConsDiaRede":14.81241608,"ConsMesRede":14.81241608,"Status":"REDE"}