{"CorrPlaca":0,"TensPlaca":0,"CorrRede":0.652999997,"TensRede":6.721000195,"ConsDiaPlaca":1.587435603,"ConsMesPlaca":1.587435603,"ConsDiaRede":163.6105042,"ConsMesRede":163.6105042,"Status":"REDE"}