{"CorrPlaca":0.184,"TensPlaca":6.732999802,"CorrRede":1.00999999,"TensRede":0.426999986,"ConsDiaPlaca":5.360726357,"ConsMesPlaca":5.360726357,"ConsDiaRede":2.041941881,"ConsMesRede":2.041941881,"Status":"REDE"}