{"CorrPlaca":5,"TensPlaca":25,"CorrRede":0.683000028,"TensRede":0.726000011,"ConsDiaPlaca":2083.334473,"ConsMesPlaca":2083.334473,"ConsDiaRede":104.6656952,"ConsMesRede":104.6656952,"Status":"REDE"}