{"CorrPlaca":0.163000003,"TensPlaca":6.647999763,"CorrRede":0.985000014,"TensRede":0.268000007,"ConsDiaPlaca":20.91180801,"ConsMesPlaca":20.91180801,"ConsDiaRede":7.180068493,"ConsMesRede":7.180068493,"Status":"REDE"}