{"CorrPlaca":5,"TensPlaca":25,"CorrRede":1.453999996,"TensRede":2.71600008,"ConsDiaPlaca":35034.61328,"ConsMesPlaca":35034.61328,"ConsDiaRede":1410.371826,"ConsMesRede":1410.371826,"Status":"REDE"}