{"CorrPlaca":0.289999992,"TensPlaca":18.10099983,"CorrRede":1.347000003,"TensRede":0,"ConsDiaPlaca":4122.888672,"ConsMesPlaca":4122.888672,"ConsDiaRede":1600.447998,"ConsMesRede":1600.447998,"Status":"REDE"}