{"CorrPlaca":0.333999991,"TensPlaca":3.191999912,"CorrRede":0.713,"TensRede":0.108999997,"ConsDiaPlaca":167.9673462,"ConsMesPlaca":167.9673462,"ConsDiaRede":155.53862,"ConsMesRede":155.53862,"Status":"REDE"}