{"CorrPlaca":0.666999996,"TensPlaca":18.15600014,"CorrRede":1.894000053,"TensRede":2.184999943,"ConsDiaPlaca":4880.620605,"ConsMesPlaca":4880.620605,"ConsDiaRede":1514.268677,"ConsMesRede":1514.268677,"Status":"REDE"}