{"Corrente":1.463999987,"Tensao":15.75399971,"Consumo":0.60247308,"Status":"PLACA"}