{"CorrPlaca":5,"TensPlaca":18.0890007,"CorrRede":1.437000036,"TensRede":0.976000011,"ConsDiaPlaca":12843.50586,"ConsMesPlaca":12843.50586,"ConsDiaRede":541.7310181,"ConsMesRede":541.7310181,"Status":"REDE"}