{"Corrente":14.15999985,"Tensao":0,"Consumo":1.197687745,"Status":"REDE"}