{"CorrPlaca":0.054000001,"TensPlaca":6.738999844,"CorrRede":0.959999979,"TensRede":0.293000013,"ConsDiaPlaca":64.61395264,"ConsMesPlaca":64.61395264,"ConsDiaRede":24.60085678,"ConsMesRede":24.60085678,"Status":"REDE"}