{"corrente":0.731999993,"tensao":2.894999981,"consumo":0.118803598}