{"CorrPlaca":0.680999994,"TensPlaca":4.309999943,"CorrRede":1.166000009,"TensRede":3.069999933,"ConsDiaPlaca":110.7142029,"ConsMesPlaca":110.7142029,"ConsDiaRede":96.10639954,"ConsMesRede":96.10639954,"Status":"REDE"}