{"CorrPlaca":0,"TensPlaca":3.217000008,"CorrRede":0.409000009,"TensRede":0,"ConsDiaPlaca":145.8876648,"ConsMesPlaca":145.8876648,"ConsDiaRede":139.6291809,"ConsMesRede":139.6291809,"Status":"REDE"}