{"CorrPlaca":0.93599999,"TensPlaca":25,"CorrRede":2.921000004,"TensRede":0.652999997,"ConsDiaPlaca":1024.738647,"ConsMesPlaca":1024.738647,"ConsDiaRede":284.3879395,"ConsMesRede":284.3879395,"Status":"REDE"}