{"CorrPlaca":0.40200001,"TensPlaca":18.11300087,"CorrRede":1.462000012,"TensRede":0,"ConsDiaPlaca":1859.730103,"ConsMesPlaca":1859.730103,"ConsDiaRede":844.1952515,"ConsMesRede":844.1952515,"Status":"REDE"}