{"CorrPlaca":5,"TensPlaca":0,"CorrRede":0.879000008,"TensRede":0.658999979,"ConsDiaPlaca":6734.087891,"ConsMesPlaca":6734.087891,"ConsDiaRede":512.8961792,"ConsMesRede":512.8961792,"Status":"REDE"}