{"CorrPlaca":1.031000018,"TensPlaca":18.10700035,"CorrRede":1.934999943,"TensRede":0.006,"ConsDiaPlaca":3796.639648,"ConsMesPlaca":3796.639648,"ConsDiaRede":1179.188354,"ConsMesRede":1179.188354,"Status":"REDE"}