{"CorrPlaca":0.061999999,"TensPlaca":6.732999802,"CorrRede":0.901000023,"TensRede":0.280000001,"ConsDiaPlaca":80.18743896,"ConsMesPlaca":80.18743896,"ConsDiaRede":30.70589638,"ConsMesRede":30.70589638,"Status":"REDE"}