{"CorrPlaca":0,"TensPlaca":0.781000018,"CorrRede":0.493000001,"TensRede":0.347000003,"ConsDiaPlaca":0,"ConsMesPlaca":0,"ConsDiaRede":0.310807765,"ConsMesRede":0.310807765,"Status":"REDE"}