{"Corrente":14.52600002,"Tensao":1.659999967,"Consumo":6.588078976,"Status":"REDE"}