{"Corrente":0.35800001,"Tensao":0,"Consumo":0.005563721,"Status":"REDE"}