{"CorrPlaca":0.84799999,"TensPlaca":18.06999969,"CorrRede":1.799000025,"TensRede":0,"ConsDiaPlaca":1587.362793,"ConsMesPlaca":1587.362793,"ConsDiaRede":720.0878296,"ConsMesRede":720.0878296,"Status":"REDE"}