{"CorrPlaca":0.694000006,"TensPlaca":0,"CorrRede":0.086000003,"TensRede":0,"ConsDiaPlaca":102.6837921,"ConsMesPlaca":102.6837921,"ConsDiaRede":89.32280731,"ConsMesRede":89.32280731,"Status":"REDE"}