{"CorrPlaca":0.156000003,"TensPlaca":6.665999889,"CorrRede":1.01699996,"TensRede":0.389999986,"ConsDiaPlaca":6.46645689,"ConsMesPlaca":6.46645689,"ConsDiaRede":2.413208008,"ConsMesRede":2.413208008,"Status":"REDE"}