{"CorrPlaca":0,"TensPlaca":0,"CorrRede":0.661000013,"TensRede":6.709000111,"ConsDiaPlaca":1.587435603,"ConsMesPlaca":1.587435603,"ConsDiaRede":67.01650238,"ConsMesRede":67.01650238,"Status":"REDE"}