{"CorrPlaca":5,"TensPlaca":18.18600082,"CorrRede":2.755000114,"TensRede":1.274999976,"ConsDiaPlaca":3041.331299,"ConsMesPlaca":3041.331299,"ConsDiaRede":374.6870117,"ConsMesRede":374.6870117,"Status":"REDE"}