{"CorrPlaca":0.644999981,"TensPlaca":18.05200005,"CorrRede":1.616999984,"TensRede":0,"ConsDiaPlaca":4227.305664,"ConsMesPlaca":4227.305664,"ConsDiaRede":1652.297485,"ConsMesRede":1652.297485,"Status":"REDE"}