{"CorrPlaca":0,"TensPlaca":6.677999973,"CorrRede":0.792999983,"TensRede":0.293000013,"ConsDiaPlaca":1.533571362,"ConsMesPlaca":1.533571362,"ConsDiaRede":8.534047127,"ConsMesRede":8.534047127,"Status":"REDE"}