{"CorrPlaca":5,"TensPlaca":25,"CorrRede":1.820000052,"TensRede":5.40199995,"ConsDiaPlaca":2500.001465,"ConsMesPlaca":2500.001465,"ConsDiaRede":122.7628479,"ConsMesRede":122.7628479,"Status":"REDE"}