{"CorrPlaca":5,"TensPlaca":18.06399918,"CorrRede":1.58099997,"TensRede":0,"ConsDiaPlaca":9473.525391,"ConsMesPlaca":9473.525391,"ConsDiaRede":531.6564941,"ConsMesRede":531.6564941,"Status":"REDE"}