{"CorrPlaca":1.725999951,"TensPlaca":25,"CorrRede":3.513999939,"TensRede":3.22300005,"ConsDiaPlaca":834.3220825,"ConsMesPlaca":834.3220825,"ConsDiaRede":257.2729187,"ConsMesRede":257.2729187,"Status":"REDE"}