{"CorrPlaca":0.449999988,"TensPlaca":7.080999851,"CorrRede":1.172999978,"TensRede":0.726000011,"ConsDiaPlaca":7.066822529,"ConsMesPlaca":7.066822529,"ConsDiaRede":2.724420547,"ConsMesRede":2.724420547,"Status":"REDE"}