{"CorrPlaca":0.094999999,"TensPlaca":6.703000069,"CorrRede":0.967000008,"TensRede":0.194999993,"ConsDiaPlaca":24.86537933,"ConsMesPlaca":24.86537933,"ConsDiaRede":7.971861839,"ConsMesRede":7.971861839,"Status":"REDE"}