{"CorrPlaca":2.872999907,"TensPlaca":18.05200005,"CorrRede":3.348999977,"TensRede":7.270999908,"ConsDiaPlaca":1315.641357,"ConsMesPlaca":1315.641357,"ConsDiaRede":590.5805664,"ConsMesRede":590.5805664,"Status":"REDE"}