{"CorrPlaca":1.458999991,"TensPlaca":18.13699913,"CorrRede":2.441999912,"TensRede":5.256000042,"ConsDiaPlaca":1461.075195,"ConsMesPlaca":1461.075195,"ConsDiaRede":590.9180298,"ConsMesRede":590.9180298,"Status":"REDE"}