{"Corrente":0.389999986,"Tensao":0,"Consumo":0.053693287,"Status":"REDE"}