{"CorrPlaca":0.119999997,"TensPlaca":18.16799927,"CorrRede":1.389999986,"TensRede":0,"ConsDiaPlaca":4908.908203,"ConsMesPlaca":4908.908203,"ConsDiaRede":1518.737793,"ConsMesRede":1518.737793,"Status":"REDE"}