{"CorrPlaca":0,"TensPlaca":6.630000114,"CorrRede":0.827000022,"TensRede":0.194999993,"ConsDiaPlaca":85.66183472,"ConsMesPlaca":85.66183472,"ConsDiaRede":38.95433807,"ConsMesRede":38.95433807,"Status":"REDE"}