{"CorrPlaca":5,"TensPlaca":0,"CorrRede":0.746999979,"TensRede":0.31099999,"ConsDiaPlaca":6768.810059,"ConsMesPlaca":6768.810059,"ConsDiaRede":523.1009521,"ConsMesRede":523.1009521,"Status":"REDE"}