{"CorrPlaca":0.052999999,"TensPlaca":18.16200066,"CorrRede":1.355999947,"TensRede":0.451000005,"ConsDiaPlaca":1928.886353,"ConsMesPlaca":1928.886353,"ConsDiaRede":878.3045654,"ConsMesRede":878.3045654,"Status":"REDE"}