{"CorrPlaca":0.039999999,"TensPlaca":6.544000149,"CorrRede":0.89200002,"TensRede":0.145999998,"ConsDiaPlaca":69.75990295,"ConsMesPlaca":69.75990295,"ConsDiaRede":27.13569832,"ConsMesRede":27.13569832,"Status":"REDE"}