{"CorrPlaca":5,"TensPlaca":25,"CorrRede":0.879000008,"TensRede":1.366999984,"ConsDiaPlaca":32395.65625,"ConsMesPlaca":32395.65625,"ConsDiaRede":1328.364014,"ConsMesRede":1328.364014,"Status":"REDE"}