{"Corrente":3.625,"Tensao":24.37999916,"Consumo":0.297783822,"Status":"PLACA"}