{"CorrPlaca":5,"TensPlaca":25,"CorrRede":0.542999983,"TensRede":0.090999998,"ConsDiaPlaca":20034.62305,"ConsMesPlaca":20034.62305,"ConsDiaRede":771.8746948,"ConsMesRede":771.8746948,"Status":"REDE"}