{"CorrPlaca":5,"TensPlaca":25,"CorrRede":1.638000011,"TensRede":4.761000156,"ConsDiaPlaca":13506.8877,"ConsMesPlaca":13506.8877,"ConsDiaRede":466.1499939,"ConsMesRede":466.1499939,"Status":"REDE"}