{"CorrPlaca":0.801999986,"TensPlaca":18.11300087,"CorrRede":1.713000059,"TensRede":0,"ConsDiaPlaca":3312.880859,"ConsMesPlaca":3312.880859,"ConsDiaRede":1300.894531,"ConsMesRede":1300.894531,"Status":"REDE"}