{"CorrPlaca":5,"TensPlaca":18.11300087,"CorrRede":3.042000055,"TensRede":2.002000093,"ConsDiaPlaca":3342.926025,"ConsMesPlaca":3342.926025,"ConsDiaRede":384.1352234,"ConsMesRede":384.1352234,"Status":"REDE"}