{"CorrPlaca":5,"TensPlaca":25,"CorrRede":2.267999887,"TensRede":7.039000034,"ConsDiaPlaca":31562.32813,"ConsMesPlaca":31562.32813,"ConsDiaRede":1308.193726,"ConsMesRede":1308.193726,"Status":"REDE"}