{"CorrPlaca":0.407000005,"TensPlaca":18.0890007,"CorrRede":1.610000014,"TensRede":0.293000013,"ConsDiaPlaca":2060.263428,"ConsMesPlaca":2060.263428,"ConsDiaRede":643.8840332,"ConsMesRede":643.8840332,"Status":"REDE"}