{"CorrPlaca":2.519999981,"TensPlaca":18.04000092,"CorrRede":3.124000072,"TensRede":7.912000179,"ConsDiaPlaca":4932.62207,"ConsMesPlaca":4932.62207,"ConsDiaRede":1940.943481,"ConsMesRede":1940.943481,"Status":"REDE"}