{"CorrPlaca":0.013,"TensPlaca":3.180000067,"CorrRede":0.428000003,"TensRede":0,"ConsDiaPlaca":158.9222412,"ConsMesPlaca":158.9222412,"ConsDiaRede":149.0744171,"ConsMesRede":149.0744171,"Status":"REDE"}