{"CorrPlaca":0,"TensPlaca":18.10700035,"CorrRede":1.172000051,"TensRede":0,"ConsDiaPlaca":2986.557129,"ConsMesPlaca":2986.557129,"ConsDiaRede":1180.185425,"ConsMesRede":1180.185425,"Status":"REDE"}