{"CorrPlaca":0.598999977,"TensPlaca":7.282999992,"CorrRede":1.317000031,"TensRede":2.625,"ConsDiaPlaca":1.21181035,"ConsMesPlaca":1.21181035,"ConsDiaRede":0.960312486,"ConsMesRede":0.960312486,"Status":"REDE"}