{"CorrPlaca":0,"TensPlaca":0,"CorrRede":0.656000018,"TensRede":6.677999973,"ConsDiaPlaca":1.587435603,"ConsMesPlaca":1.587435603,"ConsDiaRede":111.6463547,"ConsMesRede":111.6463547,"Status":"REDE"}