{"Corrente":14.42300034,"Tensao":27.34199905,"Consumo":6.581380844,"Status":"PLACA"}