{"CorrPlaca":0,"TensPlaca":0,"CorrRede":0.428000003,"TensRede":0.170000002,"ConsDiaPlaca":168.0245667,"ConsMesPlaca":168.0245667,"ConsDiaRede":10.61742878,"ConsMesRede":10.61742878,"Status":"REDE"}