{"corrente":2.019999981,"tensao":11.05000019,"consumo":0.198197886}