{"CorrPlaca":0.702000022,"TensPlaca":1.287999988,"CorrRede":0.409999996,"TensRede":0,"ConsDiaPlaca":20.12504196,"ConsMesPlaca":20.12504196,"ConsDiaRede":14.76416206,"ConsMesRede":14.76416206,"Status":"REDE"}