{"CorrPlaca":5,"TensPlaca":15.81099987,"CorrRede":1.902999997,"TensRede":2.77699995,"ConsDiaPlaca":5821.967285,"ConsMesPlaca":5821.967285,"ConsDiaRede":486.813446,"ConsMesRede":486.813446,"Status":"REDE"}