{"Corrente":14.42800045,"Tensao":0.43900001,"Consumo":7.15640831,"Status":"REDE"}