{"Corrente":2.71600008,"Tensao":7.039000034,"Consumo":0.09416914,"Status":"PLACA"}