{"Corrente":14.0909996,"Tensao":0.796999991,"Consumo":6.663340569,"Status":"REDE"}