{"CorrPlaca":0.158000007,"TensPlaca":18.1439991,"CorrRede":1.539999962,"TensRede":0.115000002,"ConsDiaPlaca":255.7063141,"ConsMesPlaca":255.7063141,"ConsDiaRede":90.21750641,"ConsMesRede":90.21750641,"Status":"REDE"}