{"CorrPlaca":1.555999994,"TensPlaca":18.11300087,"CorrRede":2.305999994,"TensRede":1.758000016,"ConsDiaPlaca":1443.654175,"ConsMesPlaca":1443.654175,"ConsDiaRede":653.5910645,"ConsMesRede":653.5910645,"Status":"REDE"}