{"CorrPlaca":2.75,"TensPlaca":18.10700035,"CorrRede":3.227999926,"TensRede":7.013999939,"ConsDiaPlaca":2010.557129,"ConsMesPlaca":2010.557129,"ConsDiaRede":806.2172852,"ConsMesRede":806.2172852,"Status":"REDE"}