{"CorrPlaca":1.074000001,"TensPlaca":18.06999969,"CorrRede":1.996000051,"TensRede":0,"ConsDiaPlaca":625.1972656,"ConsMesPlaca":625.1972656,"ConsDiaRede":197.635376,"ConsMesRede":197.635376,"Status":"REDE"}