{"CorrPlaca":0.694999993,"TensPlaca":18.16799927,"CorrRede":1.868999958,"TensRede":1.659999967,"ConsDiaPlaca":2589.598145,"ConsMesPlaca":2589.598145,"ConsDiaRede":800.9580078,"ConsMesRede":800.9580078,"Status":"REDE"}