{"CorrPlaca":2.671999931,"TensPlaca":18.14999962,"CorrRede":3.207000017,"TensRede":5.262000084,"ConsDiaPlaca":953.7598877,"ConsMesPlaca":953.7598877,"ConsDiaRede":296.1907349,"ConsMesRede":296.1907349,"Status":"REDE"}