{"CorrPlaca":0,"TensPlaca":0,"CorrRede":0.648000002,"TensRede":6.653999805,"ConsDiaPlaca":1.587435603,"ConsMesPlaca":1.587435603,"ConsDiaRede":99.46774292,"ConsMesRede":99.46774292,"Status":"REDE"}