{"Corrente":14.57999992,"Tensao":7.811999798,"Consumo":1.040233254,"Status":"PLACA"}