{"CorrPlaca":5,"TensPlaca":25,"CorrRede":2.566999912,"TensRede":6.848999977,"ConsDiaPlaca":18333.24609,"ConsMesPlaca":18333.24609,"ConsDiaRede":678.7595215,"ConsMesRede":678.7595215,"Status":"REDE"}