{"CorrPlaca":5,"TensPlaca":25,"CorrRede":2.289000034,"TensRede":6.244999886,"ConsDiaPlaca":23298.49219,"ConsMesPlaca":23298.49219,"ConsDiaRede":913.1596069,"ConsMesRede":913.1596069,"Status":"REDE"}