{"corrente":0.634000003,"tensao":0.683000028,"consumo":0.00378855}