{"Corrente":14.45300007,"Tensao":1.383000016,"Consumo":5.950016499,"Status":"REDE"}