{"CorrPlaca":0.472000003,"TensPlaca":3.417999983,"CorrRede":1.00999999,"TensRede":1.996000051,"ConsDiaPlaca":35340.49609,"ConsMesPlaca":35340.49609,"ConsDiaRede":1450.307495,"ConsMesRede":1450.307495,"Status":"REDE"}