{"CorrPlaca":0.898000002,"TensPlaca":18.11300087,"CorrRede":1.815999985,"TensRede":0.035999998,"ConsDiaPlaca":4994.219238,"ConsMesPlaca":4994.219238,"ConsDiaRede":1964.208984,"ConsMesRede":1964.208984,"Status":"REDE"}