{"CorrPlaca":3.565999985,"TensPlaca":25,"CorrRede":1.212000012,"TensRede":1.726999998,"ConsDiaPlaca":30799.54297,"ConsMesPlaca":30799.54297,"ConsDiaRede":805.4425659,"ConsMesRede":805.4425659,"Status":"REDE"}