{"Corrente":2.927999973,"Tensao":7.039000034,"Consumo":0.010977566,"Status":"PLACA"}