{"Corrente":14.15999985,"Tensao":0.145999998,"Consumo":1.579478741,"Status":"REDE"}