{"Corrente":14.38899994,"Tensao":1.154999971,"Consumo":2.085855007,"Status":"REDE"}