{"CorrPlaca":0.564999998,"TensPlaca":18.08300018,"CorrRede":1.736999989,"TensRede":2.246000051,"ConsDiaPlaca":1977.263306,"ConsMesPlaca":1977.263306,"ConsDiaRede":789.68573,"ConsMesRede":789.68573,"Status":"REDE"}