{"CorrPlaca":0.698000014,"TensPlaca":0.298999995,"CorrRede":0.331999987,"TensRede":0.365999997,"ConsDiaPlaca":103.3508377,"ConsMesPlaca":103.3508377,"ConsDiaRede":89.35655212,"ConsMesRede":89.35655212,"Status":"REDE"}