{"Corrente":0.462000012,"Tensao":1.741000056,"Consumo":0.00242926,"Status":"REDE"}