{"CorrPlaca":1.327999949,"TensPlaca":18.05200005,"CorrRede":2.318000078,"TensRede":3.95600009,"ConsDiaPlaca":3554.716797,"ConsMesPlaca":3554.716797,"ConsDiaRede":1108.637695,"ConsMesRede":1108.637695,"Status":"REDE"}