{"CorrPlaca":0,"TensPlaca":0,"CorrRede":0.59799999,"TensRede":0.103,"ConsDiaPlaca":1.587435603,"ConsMesPlaca":1.587435603,"ConsDiaRede":21.73761368,"ConsMesRede":21.73761368,"Status":"REDE"}