{"CorrPlaca":0,"TensPlaca":6.727000237,"CorrRede":0.781000018,"TensRede":0.218999997,"ConsDiaPlaca":1.587435603,"ConsMesPlaca":1.587435603,"ConsDiaRede":19.72916985,"ConsMesRede":19.72916985,"Status":"REDE"}