{"CorrPlaca":0.294999987,"TensPlaca":3.198999882,"CorrRede":0.663999975,"TensRede":0,"ConsDiaPlaca":128.4893951,"ConsMesPlaca":128.4893951,"ConsDiaRede":124.6015167,"ConsMesRede":124.6015167,"Status":"REDE"}