{"CorrPlaca":1.523000002,"TensPlaca":25,"CorrRede":3.053999901,"TensRede":0,"ConsDiaPlaca":949.8012085,"ConsMesPlaca":949.8012085,"ConsDiaRede":271.3163757,"ConsMesRede":271.3163757,"Status":"REDE"}