{"CorrPlaca":0.093999997,"TensPlaca":18.04000092,"CorrRede":1.355999947,"TensRede":0.488000005,"ConsDiaPlaca":2480.997803,"ConsMesPlaca":2480.997803,"ConsDiaRede":986.5224609,"ConsMesRede":986.5224609,"Status":"REDE"}