{"CorrPlaca":0.136999995,"TensPlaca":6.721000195,"CorrRede":0.908999979,"TensRede":0.194999993,"ConsDiaPlaca":71.36045074,"ConsMesPlaca":71.36045074,"ConsDiaRede":27.68439102,"ConsMesRede":27.68439102,"Status":"REDE"}