{"CorrPlaca":1.58099997,"TensPlaca":18.13100052,"CorrRede":2.526000023,"TensRede":4.499000072,"ConsDiaPlaca":2202.489746,"ConsMesPlaca":2202.489746,"ConsDiaRede":690.6692505,"ConsMesRede":690.6692505,"Status":"REDE"}