{"CorrPlaca":0,"TensPlaca":6.709000111,"CorrRede":0.776000023,"TensRede":0.177000001,"ConsDiaPlaca":1.533571362,"ConsMesPlaca":1.533571362,"ConsDiaRede":14.28005886,"ConsMesRede":14.28005886,"Status":"REDE"}