{"Corrente":2.700999975,"Tensao":0,"Consumo":0.099550068,"Status":"REDE"}