{"Corrente":2.220000029,"Tensao":0,"Consumo":0.070479967,"Status":"REDE"}