{"CorrPlaca":0,"TensPlaca":6.659999847,"CorrRede":0.764999986,"TensRede":0.238000005,"ConsDiaPlaca":1.533571362,"ConsMesPlaca":1.533571362,"ConsDiaRede":14.97259235,"ConsMesRede":14.97259235,"Status":"REDE"}