{"CorrPlaca":0.293000013,"TensPlaca":18.15600014,"CorrRede":1.430999994,"TensRede":0,"ConsDiaPlaca":4657.576172,"ConsMesPlaca":4657.576172,"ConsDiaRede":1452.708008,"ConsMesRede":1452.708008,"Status":"REDE"}