{"corrente":0.61500001,"tensao":0,"consumo":0.00478192}