{"CorrPlaca":0.012,"TensPlaca":0.676999986,"CorrRede":0.57099998,"TensRede":0.676999986,"ConsDiaPlaca":0.006436666,"ConsMesPlaca":0.006436666,"ConsDiaRede":0.454791099,"ConsMesRede":0.454791099,"Status":"REDE"}