{"CorrPlaca":1.151000023,"TensPlaca":18.0890007,"CorrRede":2.012000084,"TensRede":0,"ConsDiaPlaca":4296.800293,"ConsMesPlaca":4296.800293,"ConsDiaRede":1339.016602,"ConsMesRede":1339.016602,"Status":"REDE"}