{"corrente":0.760999978,"tensao":0.505999982,"consumo":0.007933939}