{"Corrente":2.430000067,"Tensao":6.757999897,"Consumo":0.02690283,"Status":"PLACA"}