{"CorrPlaca":5,"TensPlaca":25,"CorrRede":2.477999926,"TensRede":6.880000114,"ConsDiaPlaca":21944.33398,"ConsMesPlaca":21944.33398,"ConsDiaRede":854.6159668,"ConsMesRede":854.6159668,"Status":"REDE"}