{"CorrPlaca":0.681999981,"TensPlaca":0.286000013,"CorrRede":0.226999998,"TensRede":0,"ConsDiaPlaca":37.65569305,"ConsMesPlaca":37.65569305,"ConsDiaRede":31.21637535,"ConsMesRede":31.21637535,"Status":"REDE"}