{"Corrente":15.98999977,"Tensao":4.43200016,"Consumo":0.062282801,"Status":"REDE"}