{"CorrPlaca":0,"TensPlaca":6.544000149,"CorrRede":0.801999986,"TensRede":0.097000003,"ConsDiaPlaca":86.70198059,"ConsMesPlaca":86.70198059,"ConsDiaRede":41.27124405,"ConsMesRede":41.27124405,"Status":"REDE"}