{"CorrPlaca":0.050999999,"TensPlaca":25,"CorrRede":2.121999979,"TensRede":2.045000076,"ConsDiaPlaca":13586.93066,"ConsMesPlaca":13586.93066,"ConsDiaRede":579.3920898,"ConsMesRede":579.3920898,"Status":"REDE"}