{"CorrPlaca":3.538000107,"TensPlaca":25,"CorrRede":1.731999993,"TensRede":0,"ConsDiaPlaca":29625.2168,"ConsMesPlaca":29625.2168,"ConsDiaRede":747.9517822,"ConsMesRede":747.9517822,"Status":"REDE"}