{"Corrente":14.66699982,"Tensao":0.959999979,"Consumo":6.92458868,"Status":"REDE"}