{"CorrPlaca":0.224000007,"TensPlaca":18.17399979,"CorrRede":1.453999996,"TensRede":0.103,"ConsDiaPlaca":4283.940918,"ConsMesPlaca":4283.940918,"ConsDiaRede":1339.016602,"ConsMesRede":1339.016602,"Status":"REDE"}