{"CorrPlaca":0.177000001,"TensPlaca":6.671999931,"CorrRede":1.034999967,"TensRede":0.409000009,"ConsDiaPlaca":1.126735568,"ConsMesPlaca":1.126735568,"ConsDiaRede":0.729301989,"ConsMesRede":0.729301989,"Status":"REDE"}