{"CorrPlaca":0.662999988,"TensPlaca":18.0890007,"CorrRede":1.638000011,"TensRede":0,"ConsDiaPlaca":3146.016357,"ConsMesPlaca":3146.016357,"ConsDiaRede":1239.775757,"ConsMesRede":1239.775757,"Status":"REDE"}