{"CorrPlaca":5,"TensPlaca":25,"CorrRede":2.128999949,"TensRede":1.274999976,"ConsDiaPlaca":11458.29004,"ConsMesPlaca":11458.29004,"ConsDiaRede":351.9808044,"ConsMesRede":351.9808044,"Status":"REDE"}