{"CorrPlaca":0.437999994,"TensPlaca":6.836999893,"CorrRede":1.156000018,"TensRede":0.81099999,"ConsDiaPlaca":14.08796692,"ConsMesPlaca":14.08796692,"ConsDiaRede":3.307548285,"ConsMesRede":3.307548285,"Status":"REDE"}