{"CorrPlaca":5,"TensPlaca":25,"CorrRede":0.56400001,"TensRede":0.224999994,"ConsDiaPlaca":10868.01563,"ConsMesPlaca":10868.01563,"ConsDiaRede":327.7355347,"ConsMesRede":327.7355347,"Status":"REDE"}