{"CorrPlaca":1.212000012,"TensPlaca":18.06999969,"CorrRede":2.086999893,"TensRede":0.140000001,"ConsDiaPlaca":1339.143555,"ConsMesPlaca":1339.143555,"ConsDiaRede":424.6576843,"ConsMesRede":424.6576843,"Status":"REDE"}