{"CorrPlaca":0.683000028,"TensPlaca":5.769000053,"CorrRede":1.445000052,"TensRede":3.47300005,"ConsDiaPlaca":32.6838913,"ConsMesPlaca":32.6838913,"ConsDiaRede":26.56247711,"ConsMesRede":26.56247711,"Status":"REDE"}