{"CorrPlaca":2.131000042,"TensPlaca":18.05800056,"CorrRede":2.763999939,"TensRede":4.493000031,"ConsDiaPlaca":3907.589355,"ConsMesPlaca":3907.589355,"ConsDiaRede":1517.85376,"ConsMesRede":1517.85376,"Status":"REDE"}