{"CorrPlaca":2.045000076,"TensPlaca":18.04599953,"CorrRede":2.691999912,"TensRede":3.22300005,"ConsDiaPlaca":2485.843018,"ConsMesPlaca":2485.843018,"ConsDiaRede":775.1929932,"ConsMesRede":775.1929932,"Status":"REDE"}