{"Corrente":14.16499996,"Tensao":24.70599937,"Consumo":7.253619671,"Status":"PLACA"}