{"CorrPlaca":5,"TensPlaca":25,"CorrRede":1.840999961,"TensRede":4.620999813,"ConsDiaPlaca":33749.82422,"ConsMesPlaca":33749.82422,"ConsDiaRede":1391.233398,"ConsMesRede":1391.233398,"Status":"REDE"}