{"corrente":0.549000025,"tensao":3.809000015,"consumo":1.190156341}