{"CorrPlaca":0.717000008,"TensPlaca":3.118999958,"CorrRede":1.019000053,"TensRede":1.562000036,"ConsDiaPlaca":154.1610718,"ConsMesPlaca":154.1610718,"ConsDiaRede":145.259079,"ConsMesRede":145.259079,"Status":"REDE"}