{"CorrPlaca":5,"TensPlaca":25,"CorrRede":3.066999912,"TensRede":0.177000001,"ConsDiaPlaca":2770.732666,"ConsMesPlaca":2770.732666,"ConsDiaRede":364.1513977,"ConsMesRede":364.1513977,"Status":"REDE"}