{"CorrPlaca":0.093999997,"TensPlaca":6.709000111,"CorrRede":0.995999992,"TensRede":0.273999989,"ConsDiaPlaca":37.23182678,"ConsMesPlaca":37.23182678,"ConsDiaRede":11.94721127,"ConsMesRede":11.94721127,"Status":"REDE"}