{"CorrPlaca":0,"TensPlaca":18.14999962,"CorrRede":1.15199995,"TensRede":0,"ConsDiaPlaca":3661.718506,"ConsMesPlaca":3661.718506,"ConsDiaRede":1431.149414,"ConsMesRede":1431.149414,"Status":"REDE"}