{"CorrPlaca":1.42900002,"TensPlaca":18.06999969,"CorrRede":2.400000095,"TensRede":4.394999981,"ConsDiaPlaca":3777.585693,"ConsMesPlaca":3777.585693,"ConsDiaRede":1175.048096,"ConsMesRede":1175.048096,"Status":"REDE"}