{"CorrPlaca":5,"TensPlaca":25,"CorrRede":1.871000051,"TensRede":1.952999949,"ConsDiaPlaca":10798.57227,"ConsMesPlaca":10798.57227,"ConsDiaRede":327.6366272,"ConsMesRede":327.6366272,"Status":"REDE"}