{"CorrPlaca":3.582999945,"TensPlaca":25,"CorrRede":1.567999959,"TensRede":3.229000092,"ConsDiaPlaca":16522.86914,"ConsMesPlaca":16522.86914,"ConsDiaRede":641.1732178,"ConsMesRede":641.1732178,"Status":"REDE"}