{"Corrente":14.93200016,"Tensao":0,"Consumo":0.146355033,"Status":"REDE"}