{"CorrPlaca":0.100000001,"TensPlaca":6.684000015,"CorrRede":0.995999992,"TensRede":0.286000013,"ConsDiaPlaca":13.36778641,"ConsMesPlaca":13.36778641,"ConsDiaRede":4.916075706,"ConsMesRede":4.916075706,"Status":"REDE"}