{"CorrPlaca":0.672999978,"TensPlaca":18.06999969,"CorrRede":1.680999994,"TensRede":0,"ConsDiaPlaca":4766.285645,"ConsMesPlaca":4766.285645,"ConsDiaRede":1481.937378,"ConsMesRede":1481.937378,"Status":"REDE"}