{"corrente":0.625,"tensao":0.666000009,"consumo":0.040646344}