{"CorrPlaca":0.093999997,"TensPlaca":6.721000195,"CorrRede":0.998000026,"TensRede":0.231000006,"ConsDiaPlaca":13.78888607,"ConsMesPlaca":13.78888607,"ConsDiaRede":5.073449135,"ConsMesRede":5.073449135,"Status":"REDE"}