{"CorrPlaca":5,"TensPlaca":3.118999958,"CorrRede":0.765999973,"TensRede":0.908999979,"ConsDiaPlaca":6267.041992,"ConsMesPlaca":6267.041992,"ConsDiaRede":495.5050354,"ConsMesRede":495.5050354,"Status":"REDE"}