{"CorrPlaca":0.039000001,"TensPlaca":6.709000111,"CorrRede":0.879000008,"TensRede":0.224999994,"ConsDiaPlaca":82.09867096,"ConsMesPlaca":82.09867096,"ConsDiaRede":32.66786575,"ConsMesRede":32.66786575,"Status":"REDE"}