{"Corrente":2.312999964,"Tensao":0,"Consumo":0.070479967,"Status":"REDE"}