{"CorrPlaca":0.449000001,"TensPlaca":3.180000067,"CorrRede":0.805000007,"TensRede":0.592000008,"ConsDiaPlaca":171.861557,"ConsMesPlaca":171.861557,"ConsDiaRede":158.98172,"ConsMesRede":158.98172,"Status":"REDE"}