{"CorrPlaca":5,"TensPlaca":3.112999916,"CorrRede":0.799000025,"TensRede":0,"ConsDiaPlaca":4967.327637,"ConsMesPlaca":4967.327637,"ConsDiaRede":476.4379272,"ConsMesRede":476.4379272,"Status":"REDE"}