{"CorrPlaca":1.741999984,"TensPlaca":18.17399979,"CorrRede":2.479000092,"TensRede":2.263999939,"ConsDiaPlaca":5209.325195,"ConsMesPlaca":5209.325195,"ConsDiaRede":1636.953125,"ConsMesRede":1636.953125,"Status":"REDE"}