{"CorrPlaca":0.089000002,"TensPlaca":6.727000237,"CorrRede":0.976000011,"TensRede":0.280000001,"ConsDiaPlaca":51.68992996,"ConsMesPlaca":51.68992996,"ConsDiaRede":17.99143219,"ConsMesRede":17.99143219,"Status":"REDE"}