{"CorrPlaca":0.090999998,"TensPlaca":6.703000069,"CorrRede":0.936999977,"TensRede":0.140000001,"ConsDiaPlaca":69.96647644,"ConsMesPlaca":69.96647644,"ConsDiaRede":27.19857597,"ConsMesRede":27.19857597,"Status":"REDE"}