{"CorrPlaca":5,"TensPlaca":25,"CorrRede":0.704999983,"TensRede":0.683000028,"ConsDiaPlaca":25104.03516,"ConsMesPlaca":25104.03516,"ConsDiaRede":1023.215698,"ConsMesRede":1023.215698,"Status":"REDE"}