{"CorrPlaca":5,"TensPlaca":25,"CorrRede":0.477999985,"TensRede":0,"ConsDiaPlaca":1736.112061,"ConsMesPlaca":1736.112061,"ConsDiaRede":92.11737823,"ConsMesRede":92.11737823,"Status":"REDE"}