{"CorrPlaca":0.123000003,"TensPlaca":18.08300018,"CorrRede":1.355999947,"TensRede":0,"ConsDiaPlaca":960.6245728,"ConsMesPlaca":960.6245728,"ConsDiaRede":423.9891357,"ConsMesRede":423.9891357,"Status":"REDE"}