{"CorrPlaca":0.025,"TensPlaca":6.586999893,"CorrRede":0.879000008,"TensRede":0.097000003,"ConsDiaPlaca":80.62315369,"ConsMesPlaca":80.62315369,"ConsDiaRede":30.88414001,"ConsMesRede":30.88414001,"Status":"REDE"}