{"CorrPlaca":0.526000023,"TensPlaca":18.05800056,"CorrRede":1.677999973,"TensRede":1.335999966,"ConsDiaPlaca":81.33060455,"ConsMesPlaca":81.33060455,"ConsDiaRede":37.80200577,"ConsMesRede":37.80200577,"Status":"REDE"}