{"CorrPlaca":0.056000002,"TensPlaca":6.556000233,"CorrRede":0.957000017,"TensRede":0.097000003,"ConsDiaPlaca":59.98794556,"ConsMesPlaca":59.98794556,"ConsDiaRede":22.12377167,"ConsMesRede":22.12377167,"Status":"REDE"}