{"CorrPlaca":0.526000023,"TensPlaca":18.15600014,"CorrRede":1.555999994,"TensRede":0,"ConsDiaPlaca":4467.582031,"ConsMesPlaca":4467.582031,"ConsDiaRede":1740.758911,"ConsMesRede":1740.758911,"Status":"REDE"}