{"CorrPlaca":0.758000016,"TensPlaca":25,"CorrRede":2.844000101,"TensRede":0.293000013,"ConsDiaPlaca":607.8567505,"ConsMesPlaca":607.8567505,"ConsDiaRede":219.9698029,"ConsMesRede":219.9698029,"Status":"REDE"}