{"CorrPlaca":5,"TensPlaca":25,"CorrRede":1.207000017,"TensRede":2.013999939,"ConsDiaPlaca":12847.16992,"ConsMesPlaca":12847.16992,"ConsDiaRede":415.200592,"ConsMesRede":415.200592,"Status":"REDE"}