{"CorrPlaca":0,"TensPlaca":6.703000069,"CorrRede":0.813000023,"TensRede":0.201000005,"ConsDiaPlaca":87.40925598,"ConsMesPlaca":87.40925598,"ConsDiaRede":43.2131424,"ConsMesRede":43.2131424,"Status":"REDE"}