{"CorrPlaca":0.950999975,"TensPlaca":25,"CorrRede":2.950999975,"TensRede":0.354000002,"ConsDiaPlaca":283.4054565,"ConsMesPlaca":283.4054565,"ConsDiaRede":180.8908997,"ConsMesRede":180.8908997,"Status":"REDE"}