{"CorrPlaca":0,"TensPlaca":0,"CorrRede":0.43900001,"TensRede":0.067000002,"ConsDiaPlaca":11.38347912,"ConsMesPlaca":11.38347912,"ConsDiaRede":2.162942886,"ConsMesRede":2.162942886,"Status":"REDE"}