{"CorrPlaca":0.155000001,"TensPlaca":0,"CorrRede":0.513999999,"TensRede":0.305000007,"ConsDiaPlaca":4909.9375,"ConsMesPlaca":4909.9375,"ConsDiaRede":473.6190491,"ConsMesRede":473.6190491,"Status":"REDE"}