{"CorrPlaca":0.657999992,"TensPlaca":18.06999969,"CorrRede":1.725999951,"TensRede":0,"ConsDiaPlaca":876.9207153,"ConsMesPlaca":876.9207153,"ConsDiaRede":272.4663391,"ConsMesRede":272.4663391,"Status":"REDE"}