{"CorrPlaca":5,"TensPlaca":25,"CorrRede":3.346999884,"TensRede":0.640999973,"ConsDiaPlaca":2562.39917,"ConsMesPlaca":2562.39917,"ConsDiaRede":358.354248,"ConsMesRede":358.354248,"Status":"REDE"}