{"CorrPlaca":0,"TensPlaca":0.615999997,"CorrRede":0.442999989,"TensRede":0.268000007,"ConsDiaPlaca":0,"ConsMesPlaca":0,"ConsDiaRede":0.357598066,"ConsMesRede":0.357598066,"Status":"REDE"}