{"CorrPlaca":2.444000006,"TensPlaca":18.16200066,"CorrRede":3.03399992,"TensRede":5.085000038,"ConsDiaPlaca":2722.42627,"ConsMesPlaca":2722.42627,"ConsDiaRede":842.3897095,"ConsMesRede":842.3897095,"Status":"REDE"}