{"Corrente":2.151000023,"Tensao":0,"Consumo":0.070479967,"Status":"REDE"}