{"CorrPlaca":0,"TensPlaca":0,"CorrRede":0.603999972,"TensRede":0.097000003,"ConsDiaPlaca":1.587435603,"ConsMesPlaca":1.587435603,"ConsDiaRede":186.9938507,"ConsMesRede":186.9938507,"Status":"REDE"}