{"CorrPlaca":2.415999889,"TensPlaca":18.13699913,"CorrRede":3.184000015,"TensRede":7.722000122,"ConsDiaPlaca":296.6929016,"ConsMesPlaca":296.6929016,"ConsDiaRede":137.5357208,"ConsMesRede":137.5357208,"Status":"REDE"}