{"CorrPlaca":0.097000003,"TensPlaca":3.191999912,"CorrRede":0.583999991,"TensRede":0.781000018,"ConsDiaPlaca":136.996582,"ConsMesPlaca":136.996582,"ConsDiaRede":131.7111511,"ConsMesRede":131.7111511,"Status":"REDE"}