{"CorrPlaca":0.008,"TensPlaca":6.709000111,"CorrRede":0.819999993,"TensRede":0.128000006,"ConsDiaPlaca":86.48809814,"ConsMesPlaca":86.48809814,"ConsDiaRede":40.62959671,"ConsMesRede":40.62959671,"Status":"REDE"}