{"CorrPlaca":0.671999991,"TensPlaca":18.06999969,"CorrRede":1.802999973,"TensRede":0.409000009,"ConsDiaPlaca":305.1737366,"ConsMesPlaca":305.1737366,"ConsDiaRede":93.57552338,"ConsMesRede":93.57552338,"Status":"REDE"}