{"CorrPlaca":5,"TensPlaca":25,"CorrRede":2.046999931,"TensRede":1.819000006,"ConsDiaPlaca":13516.80664,"ConsMesPlaca":13516.80664,"ConsDiaRede":575.6317749,"ConsMesRede":575.6317749,"Status":"REDE"}