{"CorrPlaca":0.078000002,"TensPlaca":6.709000111,"CorrRede":0.985000014,"TensRede":0.097000003,"ConsDiaPlaca":30.52754402,"ConsMesPlaca":30.52754402,"ConsDiaRede":9.733891487,"ConsMesRede":9.733891487,"Status":"REDE"}