{"CorrPlaca":0.126000002,"TensPlaca":18.11300087,"CorrRede":1.343999982,"TensRede":0,"ConsDiaPlaca":5388.569824,"ConsMesPlaca":5388.569824,"ConsDiaRede":1695.734131,"ConsMesRede":1695.734131,"Status":"REDE"}