{"Corrente":0.519999981,"Tensao":0,"Consumo":0.006886377,"Status":"REDE"}