{"CorrPlaca":0.014,"TensPlaca":6.709000111,"CorrRede":0.834999979,"TensRede":0.238000005,"ConsDiaPlaca":86.5141983,"ConsMesPlaca":86.5141983,"ConsDiaRede":40.68479919,"ConsMesRede":40.68479919,"Status":"REDE"}