{"CorrPlaca":0,"TensPlaca":0.787,"CorrRede":0.400999993,"TensRede":0.293000013,"ConsDiaPlaca":0.017773887,"ConsMesPlaca":0.017773887,"ConsDiaRede":0.913016737,"ConsMesRede":0.913016737,"Status":"REDE"}