{"CorrPlaca":5,"TensPlaca":25,"CorrRede":0.958000004,"TensRede":0,"ConsDiaPlaca":22083.22266,"ConsMesPlaca":22083.22266,"ConsDiaRede":855.8530273,"ConsMesRede":855.8530273,"Status":"REDE"}