{"CorrPlaca":2.207999945,"TensPlaca":18.16200066,"CorrRede":2.875,"TensRede":4.705999851,"ConsDiaPlaca":61.3577652,"ConsMesPlaca":61.3577652,"ConsDiaRede":28.00291252,"ConsMesRede":28.00291252,"Status":"REDE"}