{"CorrPlaca":5,"TensPlaca":25,"CorrRede":2.013999939,"TensRede":6.385000229,"ConsDiaPlaca":23541.54688,"ConsMesPlaca":23541.54688,"ConsDiaRede":930.4594116,"ConsMesRede":930.4594116,"Status":"REDE"}