{"CorrPlaca":3.559999943,"TensPlaca":25,"CorrRede":1.386999965,"TensRede":1.48300004,"ConsDiaPlaca":30380.16016,"ConsMesPlaca":30380.16016,"ConsDiaRede":786.1818848,"ConsMesRede":786.1818848,"Status":"REDE"}