{"corrente":0,"tensao":0.518000007,"consumo":0.379429787}