{"CorrPlaca":0.643999994,"TensPlaca":18.13100052,"CorrRede":1.654000044,"TensRede":0,"ConsDiaPlaca":765.5667114,"ConsMesPlaca":765.5667114,"ConsDiaRede":305.0242004,"ConsMesRede":305.0242004,"Status":"REDE"}