{"CorrPlaca":2.924000025,"TensPlaca":18.06999969,"CorrRede":3.444000006,"TensRede":7.520999908,"ConsDiaPlaca":1706.964355,"ConsMesPlaca":1706.964355,"ConsDiaRede":526.9489136,"ConsMesRede":526.9489136,"Status":"REDE"}