{"CorrPlaca":1.062999964,"TensPlaca":18.04000092,"CorrRede":1.962000012,"TensRede":0.017999999,"ConsDiaPlaca":2500.857666,"ConsMesPlaca":2500.857666,"ConsDiaRede":775.6112671,"ConsMesRede":775.6112671,"Status":"REDE"}