{"CorrPlaca":0.726999998,"TensPlaca":18.06999969,"CorrRede":1.75,"TensRede":0,"ConsDiaPlaca":1031.156982,"ConsMesPlaca":1031.156982,"ConsDiaRede":454.5466003,"ConsMesRede":454.5466003,"Status":"REDE"}