{"Corrente":176.6130066,"Tensao":6.31400013,"Consumo":15.0263319,"Status":"PLACA"}