{"CorrPlaca":0.170000002,"TensPlaca":18.00900078,"CorrRede":1.376999974,"TensRede":0,"ConsDiaPlaca":4197.311523,"ConsMesPlaca":4197.311523,"ConsDiaRede":1308.822266,"ConsMesRede":1308.822266,"Status":"REDE"}