{"Corrente":0,"Tensao":4.663000107,"Consumo":0.195497811,"Status":"REDE"}