{"CorrPlaca":2.246000051,"TensPlaca":18.15600014,"CorrRede":2.864000082,"TensRede":4.768000126,"ConsDiaPlaca":3949.682861,"ConsMesPlaca":3949.682861,"ConsDiaRede":1534.68103,"ConsMesRede":1534.68103,"Status":"REDE"}