{"CorrPlaca":3.239000082,"TensPlaca":18.09499931,"CorrRede":3.680999994,"TensRede":8.411999702,"ConsDiaPlaca":187.9129333,"ConsMesPlaca":187.9129333,"ConsDiaRede":59.05934525,"ConsMesRede":59.05934525,"Status":"REDE"}