{"CorrPlaca":0.086999997,"TensPlaca":6.617000103,"CorrRede":0.963,"TensRede":0.280000001,"ConsDiaPlaca":28.11335564,"ConsMesPlaca":28.11335564,"ConsDiaRede":8.847922325,"ConsMesRede":8.847922325,"Status":"REDE"}