{"CorrPlaca":0,"TensPlaca":0.665000021,"CorrRede":0.409999996,"TensRede":0.213,"ConsDiaPlaca":0,"ConsMesPlaca":0,"ConsDiaRede":0.353828609,"ConsMesRede":0.353828609,"Status":"REDE"}