{"CorrPlaca":0,"TensPlaca":0.768999994,"CorrRede":0.503000021,"TensRede":0.177000001,"ConsDiaPlaca":0,"ConsMesPlaca":0,"ConsDiaRede":0.85542661,"ConsMesRede":0.85542661,"Status":"REDE"}