{"Corrente":176.1690063,"Tensao":21.92200089,"Consumo":6.241158962,"Status":"PLACA"}