{"Corrente":1.006000042,"Tensao":8.411999702,"Consumo":0.025280293,"Status":"PLACA"}