{"CorrPlaca":5,"TensPlaca":25,"CorrRede":0.873000026,"TensRede":1.062000036,"ConsDiaPlaca":25173.48047,"ConsMesPlaca":25173.48047,"ConsDiaRede":1023.473267,"ConsMesRede":1023.473267,"Status":"REDE"}