{"CorrPlaca":0.79400003,"TensPlaca":18.0890007,"CorrRede":1.746000051,"TensRede":0,"ConsDiaPlaca":3473.127441,"ConsMesPlaca":3473.127441,"ConsDiaRede":1359.089355,"ConsMesRede":1359.089355,"Status":"REDE"}