{"CorrPlaca":5,"TensPlaca":25,"CorrRede":2.520999908,"TensRede":7.234000206,"ConsDiaPlaca":23680.43359,"ConsMesPlaca":23680.43359,"ConsDiaRede":939.5129395,"ConsMesRede":939.5129395,"Status":"REDE"}