{"CorrPlaca":2.871000051,"TensPlaca":18.18600082,"CorrRede":3.417999983,"TensRede":7.478000164,"ConsDiaPlaca":1577.16333,"ConsMesPlaca":1577.16333,"ConsDiaRede":491.5986938,"ConsMesRede":491.5986938,"Status":"REDE"}