{"CorrPlaca":2.713999987,"TensPlaca":18.09499931,"CorrRede":3.305000067,"TensRede":7.343999863,"ConsDiaPlaca":2217.794434,"ConsMesPlaca":2217.794434,"ConsDiaRede":697.411438,"ConsMesRede":697.411438,"Status":"REDE"}