{"CorrPlaca":0,"TensPlaca":0,"CorrRede":0.566999972,"TensRede":0.017999999,"ConsDiaPlaca":1.587435603,"ConsMesPlaca":1.587435603,"ConsDiaRede":17.3465538,"ConsMesRede":17.3465538,"Status":"REDE"}