{"Corrente":14.04199982,"Tensao":5.565999985,"Consumo":6.867722511,"Status":"PLACA"}