{"Corrente":2.358999968,"Tensao":6.244999886,"Consumo":0.04849441,"Status":"PLACA"}