{"CorrPlaca":0.057999998,"TensPlaca":6.677999973,"CorrRede":0.97299999,"TensRede":0.231000006,"ConsDiaPlaca":56.8595314,"ConsMesPlaca":56.8595314,"ConsDiaRede":20.53853035,"ConsMesRede":20.53853035,"Status":"REDE"}