{"CorrPlaca":0,"TensPlaca":0,"CorrRede":0.588999987,"TensRede":0.097000003,"ConsDiaPlaca":1.587435603,"ConsMesPlaca":1.587435603,"ConsDiaRede":17.76207924,"ConsMesRede":17.76207924,"Status":"REDE"}