{"CorrPlaca":5,"TensPlaca":15.82400036,"CorrRede":1.562000036,"TensRede":0.426999986,"ConsDiaPlaca":6127.272949,"ConsMesPlaca":6127.272949,"ConsDiaRede":491.9796143,"ConsMesRede":491.9796143,"Status":"REDE"}