{"CorrPlaca":0,"TensPlaca":6.709000111,"CorrRede":0.79400003,"TensRede":0.286000013,"ConsDiaPlaca":1.533571362,"ConsMesPlaca":1.533571362,"ConsDiaRede":9.533428192,"ConsMesRede":9.533428192,"Status":"REDE"}