{"CorrPlaca":0.018999999,"TensPlaca":0.799000025,"CorrRede":0.582000017,"TensRede":0,"ConsDiaPlaca":0.004216944,"ConsMesPlaca":0.004216944,"ConsDiaRede":0.258155286,"ConsMesRede":0.258155286,"Status":"REDE"}