{"Corrente":0.177000001,"Tensao":0,"Consumo":0.057277199,"Status":"REDE"}