{"Corrente":176.9830017,"Tensao":0.666999996,"Consumo":17.91821289,"Status":"REDE"}