{"CorrPlaca":5,"TensPlaca":25,"CorrRede":1.01699996,"TensRede":0,"ConsDiaPlaca":34860.99219,"ConsMesPlaca":34860.99219,"ConsDiaRede":1405.507446,"ConsMesRede":1405.507446,"Status":"REDE"}