{"CorrPlaca":2.914000034,"TensPlaca":18.18000031,"CorrRede":3.339999914,"TensRede":7.576000214,"ConsDiaPlaca":1753.742432,"ConsMesPlaca":1753.742432,"ConsDiaRede":787.5102539,"ConsMesRede":787.5102539,"Status":"REDE"}