{"CorrPlaca":1.781999946,"TensPlaca":18.07600021,"CorrRede":2.732000113,"TensRede":5.921000004,"ConsDiaPlaca":882.1668091,"ConsMesPlaca":882.1668091,"ConsDiaRede":392.9884949,"ConsMesRede":392.9884949,"Status":"REDE"}