{"CorrPlaca":5,"TensPlaca":25,"CorrRede":0.837000012,"TensRede":1.116999984,"ConsDiaPlaca":31770.66016,"ConsMesPlaca":31770.66016,"ConsDiaRede":1310.903564,"ConsMesRede":1310.903564,"Status":"REDE"}