{"CorrPlaca":0,"TensPlaca":0,"CorrRede":0.610000014,"TensRede":0.097000003,"ConsDiaPlaca":1.587435603,"ConsMesPlaca":1.587435603,"ConsDiaRede":188.7324677,"ConsMesRede":188.7324677,"Status":"REDE"}