{"Corrente":0,"Tensao":6.342999935,"Consumo":0.055576172,"Status":"REDE"}