{"CorrPlaca":0.703999996,"TensPlaca":2.361999989,"CorrRede":0.75999999,"TensRede":1.934999943,"ConsDiaPlaca":89.27705383,"ConsMesPlaca":89.27705383,"ConsDiaRede":78.6107254,"ConsMesRede":78.6107254,"Status":"REDE"}