{"CorrPlaca":0,"TensPlaca":6.738999844,"CorrRede":0.777999997,"TensRede":0.261999995,"ConsDiaPlaca":1.587435603,"ConsMesPlaca":1.587435603,"ConsDiaRede":19.82533264,"ConsMesRede":19.82533264,"Status":"REDE"}