{"CorrPlaca":0.174999997,"TensPlaca":3.22300005,"CorrRede":0.760999978,"TensRede":0.781000018,"ConsDiaPlaca":4893.563477,"ConsMesPlaca":4893.563477,"ConsDiaRede":444.3549805,"ConsMesRede":444.3549805,"Status":"REDE"}