{"CorrPlaca":0.064999998,"TensPlaca":6.715000153,"CorrRede":0.938000023,"TensRede":0.201000005,"ConsDiaPlaca":64.978508,"ConsMesPlaca":64.978508,"ConsDiaRede":24.79430771,"ConsMesRede":24.79430771,"Status":"REDE"}