{"CorrPlaca":0.078000002,"TensPlaca":6.721000195,"CorrRede":0.978999972,"TensRede":0.268000007,"ConsDiaPlaca":58.40661621,"ConsMesPlaca":58.40661621,"ConsDiaRede":21.384655,"ConsMesRede":21.384655,"Status":"REDE"}