{"CorrPlaca":5,"TensPlaca":25,"CorrRede":0.885999978,"TensRede":1.366999984,"ConsDiaPlaca":12430.50586,"ConsMesPlaca":12430.50586,"ConsDiaRede":389.8383179,"ConsMesRede":389.8383179,"Status":"REDE"}