{"corrente":2.088999987,"tensao":11.39799976,"consumo":1.505208492}