{"CorrPlaca":0.017000001,"TensPlaca":6.684000015,"CorrRede":0.841000021,"TensRede":0.224999994,"ConsDiaPlaca":85.95301819,"ConsMesPlaca":85.95301819,"ConsDiaRede":39.29184341,"ConsMesRede":39.29184341,"Status":"REDE"}