{"CorrPlaca":0.133000001,"TensPlaca":18.06999969,"CorrRede":1.386999965,"TensRede":0,"ConsDiaPlaca":4909.575684,"ConsMesPlaca":4909.575684,"ConsDiaRede":1518.737793,"ConsMesRede":1518.737793,"Status":"REDE"}