{"CorrPlaca":0.086000003,"TensPlaca":6.738999844,"CorrRede":0.995000005,"TensRede":0.31099999,"ConsDiaPlaca":54.11283493,"ConsMesPlaca":54.11283493,"ConsDiaRede":19.09129906,"ConsMesRede":19.09129906,"Status":"REDE"}