{"CorrPlaca":2.075999975,"TensPlaca":18.07600021,"CorrRede":2.703000069,"TensRede":3.948999882,"ConsDiaPlaca":4117.903809,"ConsMesPlaca":4117.903809,"ConsDiaRede":1598.97583,"ConsMesRede":1598.97583,"Status":"REDE"}