{"CorrPlaca":2.095000029,"TensPlaca":18.05800056,"CorrRede":2.714999914,"TensRede":4.096000195,"ConsDiaPlaca":2379.812012,"ConsMesPlaca":2379.812012,"ConsDiaRede":936.6930542,"ConsMesRede":936.6930542,"Status":"REDE"}