{"CorrPlaca":0.488000005,"TensPlaca":3.204999924,"CorrRede":0.788999975,"TensRede":0.640999973,"ConsDiaPlaca":131.230423,"ConsMesPlaca":131.230423,"ConsDiaRede":127.3820496,"ConsMesRede":127.3820496,"Status":"REDE"}