{"CorrPlaca":0.704999983,"TensPlaca":0,"CorrRede":0.108999997,"TensRede":0,"ConsDiaPlaca":28.18762589,"ConsMesPlaca":28.18762589,"ConsDiaRede":23.06272507,"ConsMesRede":23.06272507,"Status":"REDE"}