{"CorrPlaca":5,"TensPlaca":3.22300005,"CorrRede":0.540000021,"TensRede":0,"ConsDiaPlaca":6288.974121,"ConsMesPlaca":6288.974121,"ConsDiaRede":497.2772217,"ConsMesRede":497.2772217,"Status":"REDE"}