{"CorrPlaca":0.007,"TensPlaca":0.824000001,"CorrRede":0.574999988,"TensRede":0.628000021,"ConsDiaPlaca":0.010343335,"ConsMesPlaca":0.010343335,"ConsDiaRede":0.585039496,"ConsMesRede":0.585039496,"Status":"REDE"}