{"CorrPlaca":0.233999997,"TensPlaca":18.14999962,"CorrRede":1.417999983,"TensRede":0,"ConsDiaPlaca":3257.36377,"ConsMesPlaca":3257.36377,"ConsDiaRede":1007.075989,"ConsMesRede":1007.075989,"Status":"REDE"}