{"CorrPlaca":2.528000116,"TensPlaca":18.06999969,"CorrRede":3.066999912,"TensRede":5.981999874,"ConsDiaPlaca":1487.72644,"ConsMesPlaca":1487.72644,"ConsDiaRede":604.0424194,"ConsMesRede":604.0424194,"Status":"REDE"}