{"CorrPlaca":0.210999995,"TensPlaca":18.06399918,"CorrRede":1.419999957,"TensRede":0,"ConsDiaPlaca":4151.300781,"ConsMesPlaca":4151.300781,"ConsDiaRede":1296.509644,"ConsMesRede":1296.509644,"Status":"REDE"}