{"CorrPlaca":2.739000082,"TensPlaca":18.13100052,"CorrRede":3.316999912,"TensRede":7.410999775,"ConsDiaPlaca":3948.085449,"ConsMesPlaca":3948.085449,"ConsDiaRede":1230.972778,"ConsMesRede":1230.972778,"Status":"REDE"}