{"CorrPlaca":3.520999908,"TensPlaca":25,"CorrRede":2.65899992,"TensRede":5.731999874,"ConsDiaPlaca":16449.1543,"ConsMesPlaca":16449.1543,"ConsDiaRede":638.8756104,"ConsMesRede":638.8756104,"Status":"REDE"}