{"CorrPlaca":5,"TensPlaca":25,"CorrRede":3.226999998,"TensRede":1.166000009,"ConsDiaPlaca":2805.455078,"ConsMesPlaca":2805.455078,"ConsDiaRede":365.1965942,"ConsMesRede":365.1965942,"Status":"REDE"}