{"CorrPlaca":2.391000032,"TensPlaca":18.02799988,"CorrRede":2.970000029,"TensRede":5.139999866,"ConsDiaPlaca":3914.414551,"ConsMesPlaca":3914.414551,"ConsDiaRede":1220.051758,"ConsMesRede":1220.051758,"Status":"REDE"}