{"CorrPlaca":5,"TensPlaca":25,"CorrRede":0.70599997,"TensRede":0.603999972,"ConsDiaPlaca":11597.17773,"ConsMesPlaca":11597.17773,"ConsDiaRede":355.2416687,"ConsMesRede":355.2416687,"Status":"REDE"}