{"CorrPlaca":0.31099999,"TensPlaca":18.06999969,"CorrRede":1.531000018,"TensRede":0.158000007,"ConsDiaPlaca":2777.988525,"ConsMesPlaca":2777.988525,"ConsDiaRede":864.4553833,"ConsMesRede":864.4553833,"Status":"REDE"}