{"Corrente":2.618000031,"Tensao":6.421999931,"Consumo":0.053164631,"Status":"PLACA"}