{"CorrPlaca":5,"TensPlaca":25,"CorrRede":2.463000059,"TensRede":6.31799984,"ConsDiaPlaca":28090.12891,"ConsMesPlaca":28090.12891,"ConsDiaRede":1147.254395,"ConsMesRede":1147.254395,"Status":"REDE"}