{"CorrPlaca":0.003,"TensPlaca":6.751999855,"CorrRede":0.81099999,"TensRede":0.25,"ConsDiaPlaca":87.64958191,"ConsMesPlaca":87.64958191,"ConsDiaRede":43.82332611,"ConsMesRede":43.82332611,"Status":"REDE"}