{"CorrPlaca":5,"TensPlaca":3.22300005,"CorrRede":0.912999988,"TensRede":1.855000019,"ConsDiaPlaca":6690.334473,"ConsMesPlaca":6690.334473,"ConsDiaRede":509.4754028,"ConsMesRede":509.4754028,"Status":"REDE"}