{"CorrPlaca":0.930000007,"TensPlaca":3.204999924,"CorrRede":1.172000051,"TensRede":2.447999954,"ConsDiaPlaca":4903.066895,"ConsMesPlaca":4903.066895,"ConsDiaRede":467.3474426,"ConsMesRede":467.3474426,"Status":"REDE"}