{"Corrente":2.059000015,"Tensao":6.928999901,"Consumo":0.100585073,"Status":"PLACA"}