{"CorrPlaca":0.404000014,"TensPlaca":3.22300005,"CorrRede":0.827000022,"TensRede":1.48300004,"ConsDiaPlaca":178.730484,"ConsMesPlaca":178.730484,"ConsDiaRede":164.9121246,"ConsMesRede":164.9121246,"Status":"REDE"}