{"CorrPlaca":0.186000004,"TensPlaca":18.10700035,"CorrRede":1.296000004,"TensRede":0,"ConsDiaPlaca":2561.44458,"ConsMesPlaca":2561.44458,"ConsDiaRede":1016.959351,"ConsMesRede":1016.959351,"Status":"REDE"}