{"CorrPlaca":0.004,"TensPlaca":6.738999844,"CorrRede":0.84799999,"TensRede":0.218999997,"ConsDiaPlaca":84.11264038,"ConsMesPlaca":84.11264038,"ConsDiaRede":35.67631531,"ConsMesRede":35.67631531,"Status":"REDE"}