{"CorrPlaca":0.885999978,"TensPlaca":18.14999962,"CorrRede":1.861999989,"TensRede":0,"ConsDiaPlaca":984.3408813,"ConsMesPlaca":984.3408813,"ConsDiaRede":308.3765869,"ConsMesRede":308.3765869,"Status":"REDE"}