{"CorrPlaca":0,"TensPlaca":0.744000018,"CorrRede":0.412,"TensRede":0.293000013,"ConsDiaPlaca":0.006364445,"ConsMesPlaca":0.006364445,"ConsDiaRede":1.014890909,"ConsMesRede":1.014890909,"Status":"REDE"}