{"CorrPlaca":5,"TensPlaca":18.10700035,"CorrRede":1.230000019,"TensRede":0.182999998,"ConsDiaPlaca":12717.90723,"ConsMesPlaca":12717.90723,"ConsDiaRede":541.295105,"ConsMesRede":541.295105,"Status":"REDE"}