{"corrente":0.741999984,"tensao":0.666000009,"consumo":0.038135897}