{"CorrPlaca":0.722000003,"TensPlaca":2.27699995,"CorrRede":0.666999996,"TensRede":1.64199996,"ConsDiaPlaca":17.26301003,"ConsMesPlaca":17.26301003,"ConsDiaRede":13.16007805,"ConsMesRede":13.16007805,"Status":"REDE"}