{"CorrPlaca":0.178000003,"TensPlaca":18.07600021,"CorrRede":1.373999953,"TensRede":0.354000002,"ConsDiaPlaca":37.8436203,"ConsMesPlaca":37.8436203,"ConsDiaRede":18.2653389,"ConsMesRede":18.2653389,"Status":"REDE"}