{"Corrente":0.326999992,"Tensao":0,"Consumo":0.053693287,"Status":"REDE"}