{"CorrPlaca":0,"TensPlaca":0,"CorrRede":0.623000026,"TensRede":0.097000003,"ConsDiaPlaca":1.587435603,"ConsMesPlaca":1.587435603,"ConsDiaRede":187.6778717,"ConsMesRede":187.6778717,"Status":"REDE"}