{"CorrPlaca":0,"TensPlaca":18.15600014,"CorrRede":1.277999997,"TensRede":0,"ConsDiaPlaca":897.5922852,"ConsMesPlaca":897.5922852,"ConsDiaRede":398.562439,"ConsMesRede":398.562439,"Status":"REDE"}