{"CorrPlaca":0,"TensPlaca":0.647000015,"CorrRede":0.476000011,"TensRede":0.305000007,"ConsDiaPlaca":0,"ConsMesPlaca":0,"ConsDiaRede":0.324619174,"ConsMesRede":0.324619174,"Status":"REDE"}