{"CorrPlaca":3.654000044,"TensPlaca":25,"CorrRede":1.506999969,"TensRede":2.765000105,"ConsDiaPlaca":16645.05078,"ConsMesPlaca":16645.05078,"ConsDiaRede":643.7407227,"ConsMesRede":643.7407227,"Status":"REDE"}