{"CorrPlaca":0,"TensPlaca":6.550000191,"CorrRede":0.85799998,"TensRede":0.158000007,"ConsDiaPlaca":84.13866425,"ConsMesPlaca":84.13866425,"ConsDiaRede":35.81990814,"ConsMesRede":35.81990814,"Status":"REDE"}