{"CorrPlaca":5,"TensPlaca":18.11300087,"CorrRede":1.542999983,"TensRede":1.506999969,"ConsDiaPlaca":12466.63281,"ConsMesPlaca":12466.63281,"ConsDiaRede":540.0709229,"ConsMesRede":540.0709229,"Status":"REDE"}