{"CorrPlaca":2.825000048,"TensPlaca":18.08300018,"CorrRede":3.198999882,"TensRede":6.605000019,"ConsDiaPlaca":4923.765625,"ConsMesPlaca":4923.765625,"ConsDiaRede":1524.607056,"ConsMesRede":1524.607056,"Status":"REDE"}