{"corrente":-1.093999982,"tensao":0.787,"consumo":0.002346094}