{"CorrPlaca":0.052000001,"TensPlaca":6.544000149,"CorrRede":0.957000017,"TensRede":0.151999995,"ConsDiaPlaca":47.80384064,"ConsMesPlaca":47.80384064,"ConsDiaRede":16.19526291,"ConsMesRede":16.19526291,"Status":"REDE"}