{"CorrPlaca":0.018999999,"TensPlaca":6.617000103,"CorrRede":0.809000015,"TensRede":0.067000002,"ConsDiaPlaca":86.90729523,"ConsMesPlaca":86.90729523,"ConsDiaRede":41.83158493,"ConsMesRede":41.83158493,"Status":"REDE"}