{"CorrPlaca":0,"TensPlaca":0,"CorrRede":0.588999987,"TensRede":0.006,"ConsDiaPlaca":1.587435603,"ConsMesPlaca":1.587435603,"ConsDiaRede":17.38651085,"ConsMesRede":17.38651085,"Status":"REDE"}