{"CorrPlaca":0.38499999,"TensPlaca":18.05800056,"CorrRede":1.449000001,"TensRede":0,"ConsDiaPlaca":4311.039551,"ConsMesPlaca":4311.039551,"ConsDiaRede":1678.275391,"ConsMesRede":1678.275391,"Status":"REDE"}