{"Corrente":2.404999971,"Tensao":5.835999966,"Consumo":0.057063404,"Status":"PLACA"}