{"Corrente":0.367000014,"Tensao":0,"Consumo":0.053693287,"Status":"REDE"}