{"Corrente":2.221999884,"Tensao":0,"Consumo":0.149639666,"Status":"REDE"}