{"CorrPlaca":2.803999901,"TensPlaca":18.125,"CorrRede":3.326999903,"TensRede":7.124000072,"ConsDiaPlaca":75.47512817,"ConsMesPlaca":75.47512817,"ConsDiaRede":34.58667755,"ConsMesRede":34.58667755,"Status":"REDE"}