{"CorrPlaca":1.152999997,"TensPlaca":18.125,"CorrRede":2.186000109,"TensRede":4.230000019,"ConsDiaPlaca":1751.498535,"ConsMesPlaca":1751.498535,"ConsDiaRede":700.0662231,"ConsMesRede":700.0662231,"Status":"REDE"}