{"CorrPlaca":0.722000003,"TensPlaca":0,"CorrRede":0.097000003,"TensRede":0,"ConsDiaPlaca":59.5785141,"ConsMesPlaca":59.5785141,"ConsDiaRede":52.48682404,"ConsMesRede":52.48682404,"Status":"REDE"}