{"CorrPlaca":0,"TensPlaca":0,"CorrRede":0.643999994,"TensRede":6.727000237,"ConsDiaPlaca":1.587435603,"ConsMesPlaca":1.587435603,"ConsDiaRede":58.48616028,"ConsMesRede":58.48616028,"Status":"REDE"}