{"CorrPlaca":0.981999993,"TensPlaca":18.06999969,"CorrRede":1.894000053,"TensRede":0,"ConsDiaPlaca":5342.294434,"ConsMesPlaca":5342.294434,"ConsDiaRede":1685.132202,"ConsMesRede":1685.132202,"Status":"REDE"}