{"CorrPlaca":0,"TensPlaca":0.81099999,"CorrRede":0.444000006,"TensRede":0.586000025,"ConsDiaPlaca":0,"ConsMesPlaca":0,"ConsDiaRede":0.443451971,"ConsMesRede":0.443451971,"Status":"REDE"}