{"Corrente":3.006000042,"Tensao":0,"Consumo":0.099550068,"Status":"REDE"}