{"CorrPlaca":1.738999963,"TensPlaca":18.06999969,"CorrRede":2.421999931,"TensRede":2.441999912,"ConsDiaPlaca":1949.437012,"ConsMesPlaca":1949.437012,"ConsDiaRede":780.4556885,"ConsMesRede":780.4556885,"Status":"REDE"}