{"CorrPlaca":5,"TensPlaca":25,"CorrRede":1.547000051,"TensRede":0,"ConsDiaPlaca":33020.65234,"ConsMesPlaca":33020.65234,"ConsDiaRede":1365.202148,"ConsMesRede":1365.202148,"Status":"REDE"}