{"CorrPlaca":1.985999942,"TensPlaca":18.10099983,"CorrRede":2.65899992,"TensRede":3.864000082,"ConsDiaPlaca":4435.169922,"ConsMesPlaca":4435.169922,"ConsDiaRede":1725.365112,"ConsMesRede":1725.365112,"Status":"REDE"}