{"CorrPlaca":1.22300005,"TensPlaca":18.06999969,"CorrRede":2.036999941,"TensRede":0.68900001,"ConsDiaPlaca":1224.420532,"ConsMesPlaca":1224.420532,"ConsDiaRede":497.8699341,"ConsMesRede":497.8699341,"Status":"REDE"}