{"CorrPlaca":0,"TensPlaca":0,"CorrRede":0.652999997,"TensRede":6.738999844,"ConsDiaPlaca":1.587435603,"ConsMesPlaca":1.587435603,"ConsDiaRede":34.37032318,"ConsMesRede":34.37032318,"Status":"REDE"}