{"Corrente":5,"Tensao":2.862999916,"Consumo":0.019362502,"Status":"REDE"}