{"CorrPlaca":0,"TensPlaca":18.10700035,"CorrRede":1.241999984,"TensRede":0,"ConsDiaPlaca":1164.836548,"ConsMesPlaca":1164.836548,"ConsDiaRede":481.9415588,"ConsMesRede":481.9415588,"Status":"REDE"}