{"CorrPlaca":5,"TensPlaca":25,"CorrRede":2.486999989,"TensRede":7.032000065,"ConsDiaPlaca":15694.37402,"ConsMesPlaca":15694.37402,"ConsDiaRede":543.1878052,"ConsMesRede":543.1878052,"Status":"REDE"}