{"CorrPlaca":1.305999994,"TensPlaca":25,"CorrRede":3.22300005,"TensRede":1.666000009,"ConsDiaPlaca":939.2247925,"ConsMesPlaca":939.2247925,"ConsDiaRede":271.3163757,"ConsMesRede":271.3163757,"Status":"REDE"}