{"CorrPlaca":0.119999997,"TensPlaca":6.684000015,"CorrRede":1.014000058,"TensRede":0.298999995,"ConsDiaPlaca":16.92332649,"ConsMesPlaca":16.92332649,"ConsDiaRede":6.05087471,"ConsMesRede":6.05087471,"Status":"REDE"}