{"CorrPlaca":2.046999931,"TensPlaca":18.06999969,"CorrRede":2.799000025,"TensRede":5.896999836,"ConsDiaPlaca":3653.772949,"ConsMesPlaca":3653.772949,"ConsDiaRede":1144.352295,"ConsMesRede":1144.352295,"Status":"REDE"}