{"CorrPlaca":5,"TensPlaca":25,"CorrRede":2.513999939,"TensRede":7.263999939,"ConsDiaPlaca":24305.42969,"ConsMesPlaca":24305.42969,"ConsDiaRede":980.1796265,"ConsMesRede":980.1796265,"Status":"REDE"}