{"CorrPlaca":0,"TensPlaca":0,"CorrRede":0.620999992,"TensRede":0.090999998,"ConsDiaPlaca":1.587435603,"ConsMesPlaca":1.587435603,"ConsDiaRede":188.1274872,"ConsMesRede":188.1274872,"Status":"REDE"}