{"CorrPlaca":0,"TensPlaca":0,"CorrRede":0.605000019,"TensRede":0.097000003,"ConsDiaPlaca":1.587435603,"ConsMesPlaca":1.587435603,"ConsDiaRede":188.52211,"ConsMesRede":188.52211,"Status":"REDE"}