{"CorrPlaca":0.079000004,"TensPlaca":6.684000015,"CorrRede":0.981999993,"TensRede":0.293000013,"ConsDiaPlaca":40.0166893,"ConsMesPlaca":40.0166893,"ConsDiaRede":12.8987999,"ConsMesRede":12.8987999,"Status":"REDE"}