{"CorrPlaca":0,"TensPlaca":6.709000111,"CorrRede":0.800000012,"TensRede":0.323000014,"ConsDiaPlaca":1.533571362,"ConsMesPlaca":1.533571362,"ConsDiaRede":6.993200302,"ConsMesRede":6.993200302,"Status":"REDE"}