{"CorrPlaca":5,"TensPlaca":0,"CorrRede":0.449000001,"TensRede":0.048,"ConsDiaPlaca":6288.974121,"ConsMesPlaca":6288.974121,"ConsDiaRede":497.2832336,"ConsMesRede":497.2832336,"Status":"REDE"}