{"Corrente":0,"Tensao":6.146999836,"Consumo":0.014855118,"Status":"REDE"}