{"CorrPlaca":0,"TensPlaca":6.526000023,"CorrRede":0.802999973,"TensRede":0.122000001,"ConsDiaPlaca":85.61839294,"ConsMesPlaca":85.61839294,"ConsDiaRede":38.78123856,"ConsMesRede":38.78123856,"Status":"REDE"}