{"Corrente":0,"Tensao":1.024999976,"Consumo":8.655833881e-6,"Status":"REDE"}