{"CorrPlaca":0,"TensPlaca":0,"CorrRede":0.597000003,"TensRede":0,"ConsDiaPlaca":1.587435603,"ConsMesPlaca":1.587435603,"ConsDiaRede":188.2318726,"ConsMesRede":188.2318726,"Status":"REDE"}