{"CorrPlaca":0.68900001,"TensPlaca":18.15600014,"CorrRede":1.713000059,"TensRede":0,"ConsDiaPlaca":4892.00293,"ConsMesPlaca":4892.00293,"ConsDiaRede":1514.487915,"ConsMesRede":1514.487915,"Status":"REDE"}