{"CorrPlaca":0,"TensPlaca":18.06999969,"CorrRede":1.199000001,"TensRede":0,"ConsDiaPlaca":4421.459473,"ConsMesPlaca":4421.459473,"ConsDiaRede":1721.606079,"ConsMesRede":1721.606079,"Status":"REDE"}