{"Corrente":14.42800045,"Tensao":22.88299942,"Consumo":1.351479053,"Status":"PLACA"}