{"CorrPlaca":0.374000013,"TensPlaca":3.118999958,"CorrRede":0.875,"TensRede":1.562000036,"ConsDiaPlaca":181.3832397,"ConsMesPlaca":181.3832397,"ConsDiaRede":166.9687805,"ConsMesRede":166.9687805,"Status":"REDE"}