{"CorrPlaca":0.234999999,"TensPlaca":18.11899948,"CorrRede":1.440000057,"TensRede":0,"ConsDiaPlaca":1685.110962,"ConsMesPlaca":1685.110962,"ConsDiaRede":674.814209,"ConsMesRede":674.814209,"Status":"REDE"}