{"CorrPlaca":2.79399991,"TensPlaca":18.11300087,"CorrRede":3.338000059,"TensRede":7.40500021,"ConsDiaPlaca":3346.741943,"ConsMesPlaca":3346.741943,"ConsDiaRede":1037.744263,"ConsMesRede":1037.744263,"Status":"REDE"}