{"CorrPlaca":0.703000009,"TensPlaca":1.506999969,"CorrRede":0.547999978,"TensRede":1.190000057,"ConsDiaPlaca":32.97817612,"ConsMesPlaca":32.97817612,"ConsDiaRede":26.74362183,"ConsMesRede":26.74362183,"Status":"REDE"}