{"CorrPlaca":5,"TensPlaca":25,"CorrRede":2.349999905,"TensRede":4.791999817,"ConsDiaPlaca":14236.0498,"ConsMesPlaca":14236.0498,"ConsDiaRede":479.528595,"ConsMesRede":479.528595,"Status":"REDE"}