{"CorrPlaca":2.34100008,"TensPlaca":18.11300087,"CorrRede":2.948999882,"TensRede":6.025000095,"ConsDiaPlaca":4267.682617,"ConsMesPlaca":4267.682617,"ConsDiaRede":1335.927979,"ConsMesRede":1335.927979,"Status":"REDE"}