{"CorrPlaca":0.828999996,"TensPlaca":18.16799927,"CorrRede":1.812999964,"TensRede":0,"ConsDiaPlaca":4609.51709,"ConsMesPlaca":4609.51709,"ConsDiaRede":1794.277222,"ConsMesRede":1794.277222,"Status":"REDE"}