{"CorrPlaca":1.855000019,"TensPlaca":18.06999969,"CorrRede":2.532999992,"TensRede":3.03399992,"ConsDiaPlaca":1717.980591,"ConsMesPlaca":1717.980591,"ConsDiaRede":686.4755859,"ConsMesRede":686.4755859,"Status":"REDE"}