{"CorrPlaca":5,"TensPlaca":25,"CorrRede":1.146000028,"TensRede":0,"ConsDiaPlaca":22222.10938,"ConsMesPlaca":22222.10938,"ConsDiaRede":858.3325806,"ConsMesRede":858.3325806,"Status":"REDE"}