{"CorrPlaca":5,"TensPlaca":18.0890007,"CorrRede":1.43900001,"TensRede":0.952000022,"ConsDiaPlaca":12089.30957,"ConsMesPlaca":12089.30957,"ConsDiaRede":537.3106079,"ConsMesRede":537.3106079,"Status":"REDE"}