{"CorrPlaca":2.677000046,"TensPlaca":18.16200066,"CorrRede":3.318000078,"TensRede":7.05700016,"ConsDiaPlaca":1488.407471,"ConsMesPlaca":1488.407471,"ConsDiaRede":466.1228027,"ConsMesRede":466.1228027,"Status":"REDE"}