{"CorrPlaca":0.115000002,"TensPlaca":6.721000195,"CorrRede":0.986999989,"TensRede":0.273999989,"ConsDiaPlaca":11.73822403,"ConsMesPlaca":11.73822403,"ConsDiaRede":4.400938511,"ConsMesRede":4.400938511,"Status":"REDE"}