{"CorrPlaca":5,"TensPlaca":25,"CorrRede":1.838000059,"TensRede":2.252000093,"ConsDiaPlaca":29513.73047,"ConsMesPlaca":29513.73047,"ConsDiaRede":1212.753418,"ConsMesRede":1212.753418,"Status":"REDE"}