{"Corrente":14.51099968,"Tensao":27.55400085,"Consumo":7.652739525,"Status":"PLACA"}