{"CorrPlaca":5,"TensPlaca":3.118999958,"CorrRede":1.470999956,"TensRede":3.484999895,"ConsDiaPlaca":6720.931152,"ConsMesPlaca":6720.931152,"ConsDiaRede":512.7352295,"ConsMesRede":512.7352295,"Status":"REDE"}