{"CorrPlaca":5,"TensPlaca":25,"CorrRede":1.046000004,"TensRede":1.952999949,"ConsDiaPlaca":13680.49805,"ConsMesPlaca":13680.49805,"ConsDiaRede":468.2123108,"ConsMesRede":468.2123108,"Status":"REDE"}