{"CorrPlaca":5,"TensPlaca":25,"CorrRede":1.845999956,"TensRede":0.970000029,"ConsDiaPlaca":13551.5293,"ConsMesPlaca":13551.5293,"ConsDiaRede":576.567749,"ConsMesRede":576.567749,"Status":"REDE"}