{"Corrente":16.38100052,"Tensao":4.903999805,"Consumo":0.125967264,"Status":"REDE"}