{"CorrPlaca":5,"TensPlaca":25,"CorrRede":2.482000113,"TensRede":7.593999863,"ConsDiaPlaca":868.0557861,"ConsMesPlaca":868.0557861,"ConsDiaRede":46.28238678,"ConsMesRede":46.28238678,"Status":"REDE"}