{"CorrPlaca":1.644000053,"TensPlaca":18.06399918,"CorrRede":2.551000118,"TensRede":5.06099987,"ConsDiaPlaca":3850.733154,"ConsMesPlaca":3850.733154,"ConsDiaRede":1196.161743,"ConsMesRede":1196.161743,"Status":"REDE"}