{"CorrPlaca":1.011999965,"TensPlaca":3.204999924,"CorrRede":1.080000043,"TensRede":0.432999998,"ConsDiaPlaca":167.6712036,"ConsMesPlaca":167.6712036,"ConsDiaRede":155.5170288,"ConsMesRede":155.5170288,"Status":"REDE"}