{"CorrPlaca":5,"TensPlaca":25,"CorrRede":2.519999981,"TensRede":6.244999886,"ConsDiaPlaca":21319.33789,"ConsMesPlaca":21319.33789,"ConsDiaRede":812.8081055,"ConsMesRede":812.8081055,"Status":"REDE"}