{"CorrPlaca":2.709000111,"TensPlaca":18.06999969,"CorrRede":3.279999971,"TensRede":6.794000149,"ConsDiaPlaca":5184.723145,"ConsMesPlaca":5184.723145,"ConsDiaRede":1629.297729,"ConsMesRede":1629.297729,"Status":"REDE"}