{"CorrPlaca":1.837000012,"TensPlaca":18.13699913,"CorrRede":2.694000006,"TensRede":5.537000179,"ConsDiaPlaca":4720.116699,"ConsMesPlaca":4720.116699,"ConsDiaRede":1467.738037,"ConsMesRede":1467.738037,"Status":"REDE"}