{"CorrPlaca":0.683000028,"TensPlaca":18.18000031,"CorrRede":1.710999966,"TensRede":0,"ConsDiaPlaca":706.1981201,"ConsMesPlaca":706.1981201,"ConsDiaRede":311.413269,"ConsMesRede":311.413269,"Status":"REDE"}