{"CorrPlaca":0.096000001,"TensPlaca":6.721000195,"CorrRede":0.977999985,"TensRede":0.25,"ConsDiaPlaca":52.58267212,"ConsMesPlaca":52.58267212,"ConsDiaRede":18.36332321,"ConsMesRede":18.36332321,"Status":"REDE"}