{"CorrPlaca":2.875,"TensPlaca":18.05800056,"CorrRede":3.411000013,"TensRede":8.637999535,"ConsDiaPlaca":849.4144897,"ConsMesPlaca":849.4144897,"ConsDiaRede":347.417572,"ConsMesRede":347.417572,"Status":"REDE"}