{"Corrente":0,"Tensao":0.323000014,"Consumo":0.07707084,"Status":"REDE"}