{"CorrPlaca":5,"TensPlaca":25,"CorrRede":1.85800004,"TensRede":2.332000017,"ConsDiaPlaca":23229.04883,"ConsMesPlaca":23229.04883,"ConsDiaRede":909.1889038,"ConsMesRede":909.1889038,"Status":"REDE"}