{"CorrPlaca":3.105999947,"TensPlaca":18.13699913,"CorrRede":3.602999926,"TensRede":8.857999802,"ConsDiaPlaca":547.1114502,"ConsMesPlaca":547.1114502,"ConsDiaRede":225.5814972,"ConsMesRede":225.5814972,"Status":"REDE"}