{"CorrPlaca":1.97300005,"TensPlaca":25,"CorrRede":3.611999989,"TensRede":3.601000071,"ConsDiaPlaca":591.1553955,"ConsMesPlaca":591.1553955,"ConsDiaRede":217.1505127,"ConsMesRede":217.1505127,"Status":"REDE"}