{"CorrPlaca":2.40199995,"TensPlaca":18.14999962,"CorrRede":3.051000118,"TensRede":7.820000172,"ConsDiaPlaca":3290.781006,"ConsMesPlaca":3290.781006,"ConsDiaRede":1292.513672,"ConsMesRede":1292.513672,"Status":"REDE"}