{"CorrPlaca":5,"TensPlaca":0,"CorrRede":0.449000001,"TensRede":0.151999995,"ConsDiaPlaca":6236.48877,"ConsMesPlaca":6236.48877,"ConsDiaRede":493.7172546,"ConsMesRede":493.7172546,"Status":"REDE"}