{"CorrPlaca":0,"TensPlaca":0,"CorrRede":0.605000019,"TensRede":0.079000004,"ConsDiaPlaca":1.587435603,"ConsMesPlaca":1.587435603,"ConsDiaRede":21.42954445,"ConsMesRede":21.42954445,"Status":"REDE"}