{"CorrPlaca":0.173999995,"TensPlaca":18.05200005,"CorrRede":1.417000055,"TensRede":0,"ConsDiaPlaca":3750.020752,"ConsMesPlaca":3750.020752,"ConsDiaRede":1169.687866,"ConsMesRede":1169.687866,"Status":"REDE"}