{"Corrente":14.60900021,"Tensao":12.27099991,"Consumo":3.184367895,"Status":"PLACA"}