{"Corrente":2.220000029,"Tensao":0,"Consumo":0.149639666,"Status":"REDE"}