{"CorrPlaca":0.093999997,"TensPlaca":6.738999844,"CorrRede":0.995999992,"TensRede":0.238000005,"ConsDiaPlaca":39.29415894,"ConsMesPlaca":39.29415894,"ConsDiaRede":12.64940548,"ConsMesRede":12.64940548,"Status":"REDE"}