{"CorrPlaca":5,"TensPlaca":25,"CorrRede":0.500999987,"TensRede":0,"ConsDiaPlaca":26562.35938,"ConsMesPlaca":26562.35938,"ConsDiaRede":1066.023315,"ConsMesRede":1066.023315,"Status":"REDE"}