{"Corrente":-3.332999945,"Tensao":0,"Consumo":0.077838309,"Status":"REDE"}