{"CorrPlaca":5,"TensPlaca":25,"CorrRede":1.039000034,"TensRede":1.764000058,"ConsDiaPlaca":13992.99609,"ConsMesPlaca":13992.99609,"ConsDiaRede":469.9172668,"ConsMesRede":469.9172668,"Status":"REDE"}