{"CorrPlaca":0.067000002,"TensPlaca":18.07600021,"CorrRede":1.347000003,"TensRede":0.488000005,"ConsDiaPlaca":4965.717773,"ConsMesPlaca":4965.717773,"ConsDiaRede":1951.78186,"ConsMesRede":1951.78186,"Status":"REDE"}