{"CorrPlaca":0.809000015,"TensPlaca":18.13699913,"CorrRede":1.967000008,"TensRede":3.118999958,"ConsDiaPlaca":3326.813232,"ConsMesPlaca":3326.813232,"ConsDiaRede":1304.297852,"ConsMesRede":1304.297852,"Status":"REDE"}