{"CorrPlaca":0.003,"TensPlaca":3.217000008,"CorrRede":0.458999991,"TensRede":0,"ConsDiaPlaca":171.4649506,"ConsMesPlaca":171.4649506,"ConsDiaRede":158.84935,"ConsMesRede":158.84935,"Status":"REDE"}