{"Corrente":0,"Tensao":0.469999999,"Consumo":8.655833881e-6,"Status":"REDE"}