{"CorrPlaca":0.328999996,"TensPlaca":18.13100052,"CorrRede":1.631000042,"TensRede":1.019000053,"ConsDiaPlaca":814.2346191,"ConsMesPlaca":814.2346191,"ConsDiaRede":362.9385986,"ConsMesRede":362.9385986,"Status":"REDE"}