{"CorrPlaca":5,"TensPlaca":25,"CorrRede":1.294999957,"TensRede":3.03399992,"ConsDiaPlaca":10972.18164,"ConsMesPlaca":10972.18164,"ConsDiaRede":333.9730225,"ConsMesRede":333.9730225,"Status":"REDE"}