{"CorrPlaca":3.197000027,"TensPlaca":18.08300018,"CorrRede":3.769999981,"TensRede":9.37100029,"ConsDiaPlaca":702.7490234,"ConsMesPlaca":702.7490234,"ConsDiaRede":311.413269,"ConsMesRede":311.413269,"Status":"REDE"}