{"CorrPlaca":2.362999916,"TensPlaca":18.08300018,"CorrRede":2.996999979,"TensRede":4.926000118,"ConsDiaPlaca":783.375,"ConsMesPlaca":783.375,"ConsDiaRede":347.1693726,"ConsMesRede":347.1693726,"Status":"REDE"}