{"CorrPlaca":1.092000008,"TensPlaca":18.06399918,"CorrRede":1.94599998,"TensRede":0.097000003,"ConsDiaPlaca":3511.221191,"ConsMesPlaca":3511.221191,"ConsDiaRede":1098.380005,"ConsMesRede":1098.380005,"Status":"REDE"}