{"CorrPlaca":5,"TensPlaca":18.13100052,"CorrRede":1.226999998,"TensRede":0.097000003,"ConsDiaPlaca":9372.972656,"ConsMesPlaca":9372.972656,"ConsDiaRede":530.6306152,"ConsMesRede":530.6306152,"Status":"REDE"}