{"CorrPlaca":0.223000005,"TensPlaca":3.210999966,"CorrRede":0.681999981,"TensRede":0.939999998,"ConsDiaPlaca":4878.125488,"ConsMesPlaca":4878.125488,"ConsDiaRede":425.631958,"ConsMesRede":425.631958,"Status":"REDE"}