{"CorrPlaca":0.142000005,"TensPlaca":6.703000069,"CorrRede":0.977999985,"TensRede":0.305000007,"ConsDiaPlaca":19.97691917,"ConsMesPlaca":19.97691917,"ConsDiaRede":6.974058628,"ConsMesRede":6.974058628,"Status":"REDE"}