{"CorrPlaca":0,"TensPlaca":0,"CorrRede":0.654999971,"TensRede":6.611000061,"ConsDiaPlaca":1.587435603,"ConsMesPlaca":1.587435603,"ConsDiaRede":166.0177765,"ConsMesRede":166.0177765,"Status":"REDE"}