{"corrente":1.773000002,"tensao":4.303999901,"consumo":0.104655862}