{"Corrente":14.65299988,"Tensao":0,"Consumo":1.197687745,"Status":"REDE"}