{"CorrPlaca":5,"TensPlaca":25,"CorrRede":2.338000059,"TensRede":5.164000034,"ConsDiaPlaca":25659.58789,"ConsMesPlaca":25659.58789,"ConsDiaRede":1034.242676,"ConsMesRede":1034.242676,"Status":"REDE"}