{"CorrPlaca":5,"TensPlaca":25,"CorrRede":0.555000007,"TensRede":0.079000004,"ConsDiaPlaca":31319.27344,"ConsMesPlaca":31319.27344,"ConsDiaRede":1296.132446,"ConsMesRede":1296.132446,"Status":"REDE"}