{"CorrPlaca":0.382999986,"TensPlaca":18.125,"CorrRede":1.628000021,"TensRede":0.103,"ConsDiaPlaca":1429.322021,"ConsMesPlaca":1429.322021,"ConsDiaRede":452.6705627,"ConsMesRede":452.6705627,"Status":"REDE"}