{"CorrPlaca":0.119000003,"TensPlaca":18.13100052,"CorrRede":1.437999964,"TensRede":0,"ConsDiaPlaca":4884.350586,"ConsMesPlaca":4884.350586,"ConsDiaRede":1514.268677,"ConsMesRede":1514.268677,"Status":"REDE"}