{"CorrPlaca":0.035999998,"TensPlaca":6.556000233,"CorrRede":0.94599998,"TensRede":0.194999993,"ConsDiaPlaca":61.12923431,"ConsMesPlaca":61.12923431,"ConsDiaRede":22.69750977,"ConsMesRede":22.69750977,"Status":"REDE"}