{"CorrPlaca":0.140000001,"TensPlaca":6.727000237,"CorrRede":0.985000014,"TensRede":0.177000001,"ConsDiaPlaca":17.78643227,"ConsMesPlaca":17.78643227,"ConsDiaRede":6.304200649,"ConsMesRede":6.304200649,"Status":"REDE"}