{"Corrente":14.58399963,"Tensao":20.0189991,"Consumo":0.474916309,"Status":"PLACA"}