{"Corrente":0.289999992,"Tensao":5.958000183,"Consumo":0.016032126,"Status":"REDE"}