{"CorrPlaca":0.841000021,"TensPlaca":18.06399918,"CorrRede":1.815000057,"TensRede":0,"ConsDiaPlaca":1871.082886,"ConsMesPlaca":1871.082886,"ConsDiaRede":573.8345947,"ConsMesRede":573.8345947,"Status":"REDE"}