{"CorrPlaca":5,"TensPlaca":25,"CorrRede":1.934000015,"TensRede":2.056999922,"ConsDiaPlaca":10520.7959,"ConsMesPlaca":10520.7959,"ConsDiaRede":314.9540405,"ConsMesRede":314.9540405,"Status":"REDE"}