{"CorrPlaca":0.32100001,"TensPlaca":18.06999969,"CorrRede":1.577999949,"TensRede":1.080000043,"ConsDiaPlaca":742.0054932,"ConsMesPlaca":742.0054932,"ConsDiaRede":297.0987854,"ConsMesRede":297.0987854,"Status":"REDE"}