{"CorrPlaca":0,"TensPlaca":3.118999958,"CorrRede":0.272000015,"TensRede":0,"ConsDiaPlaca":127.7142563,"ConsMesPlaca":127.7142563,"ConsDiaRede":123.9624481,"ConsMesRede":123.9624481,"Status":"REDE"}