{"CorrPlaca":0,"TensPlaca":6.580999851,"CorrRede":0.779999971,"TensRede":0.177000001,"ConsDiaPlaca":1.533571362,"ConsMesPlaca":1.533571362,"ConsDiaRede":11.3749485,"ConsMesRede":11.3749485,"Status":"REDE"}