{"CorrPlaca":0.057,"TensPlaca":0.781000018,"CorrRede":0.598999977,"TensRede":1.13499999,"ConsDiaPlaca":0.039646391,"ConsMesPlaca":0.039646391,"ConsDiaRede":0.81487,"ConsMesRede":0.81487,"Status":"REDE"}