{"CorrPlaca":0,"TensPlaca":6.544000149,"CorrRede":0.829999983,"TensRede":0.115000002,"ConsDiaPlaca":86.64099121,"ConsMesPlaca":86.64099121,"ConsDiaRede":40.93006897,"ConsMesRede":40.93006897,"Status":"REDE"}