{"CorrPlaca":5,"TensPlaca":18.06999969,"CorrRede":2.210999966,"TensRede":0,"ConsDiaPlaca":3141.924561,"ConsMesPlaca":3141.924561,"ConsDiaRede":381.4440918,"ConsMesRede":381.4440918,"Status":"REDE"}