{"CorrPlaca":5,"TensPlaca":25,"CorrRede":2.089999914,"TensRede":6.506999969,"ConsDiaPlaca":30867.88867,"ConsMesPlaca":30867.88867,"ConsDiaRede":1279.427368,"ConsMesRede":1279.427368,"Status":"REDE"}