{"CorrPlaca":0.050999999,"TensPlaca":6.671999931,"CorrRede":0.898000002,"TensRede":0.188999996,"ConsDiaPlaca":80.57741547,"ConsMesPlaca":80.57741547,"ConsDiaRede":30.86045647,"ConsMesRede":30.86045647,"Status":"REDE"}