{"corrente":0.561999977,"tensao":3.460999966,"consumo":0.337812841}