{"CorrPlaca":5,"TensPlaca":0,"CorrRede":1.062999964,"TensRede":1.465000033,"ConsDiaPlaca":6734.087891,"ConsMesPlaca":6734.087891,"ConsDiaRede":514.4550171,"ConsMesRede":514.4550171,"Status":"REDE"}