{"Corrente":0,"Tensao":0.456999987,"Consumo":0.07707084,"Status":"REDE"}