{"CorrPlaca":0,"TensPlaca":6.653999805,"CorrRede":0.751999974,"TensRede":0.041999999,"ConsDiaPlaca":1.587435603,"ConsMesPlaca":1.587435603,"ConsDiaRede":22.40946198,"ConsMesRede":22.40946198,"Status":"REDE"}