{"CorrPlaca":0.492000014,"TensPlaca":18.11300087,"CorrRede":1.565999985,"TensRede":0,"ConsDiaPlaca":1234.957642,"ConsMesPlaca":1234.957642,"ConsDiaRede":501.7803955,"ConsMesRede":501.7803955,"Status":"REDE"}