{"CorrPlaca":0.409999996,"TensPlaca":18.05800056,"CorrRede":1.503999949,"TensRede":0,"ConsDiaPlaca":3502.652588,"ConsMesPlaca":3502.652588,"ConsDiaRede":1098.071899,"ConsMesRede":1098.071899,"Status":"REDE"}