{"CorrPlaca":0.731999993,"TensPlaca":1.360999942,"CorrRede":0.44600001,"TensRede":0,"ConsDiaPlaca":40.70326614,"ConsMesPlaca":40.70326614,"ConsDiaRede":33.36800385,"ConsMesRede":33.36800385,"Status":"REDE"}