{"CorrPlaca":0.018999999,"TensPlaca":0.792999983,"CorrRede":0.577000022,"TensRede":0.683000028,"ConsDiaPlaca":0.008741111,"ConsMesPlaca":0.008741111,"ConsDiaRede":0.484733909,"ConsMesRede":0.484733909,"Status":"REDE"}