{"Corrente":2.259000063,"Tensao":0,"Consumo":0.070479967,"Status":"REDE"}