{"CorrPlaca":0.670000017,"TensPlaca":5.109000206,"CorrRede":1.289999962,"TensRede":3.967999935,"ConsDiaPlaca":48.33580017,"ConsMesPlaca":48.33580017,"ConsDiaRede":41.69515228,"ConsMesRede":41.69515228,"Status":"REDE"}