{"CorrPlaca":0,"TensPlaca":0.792999983,"CorrRede":0.495999992,"TensRede":0.787,"ConsDiaPlaca":0,"ConsMesPlaca":0,"ConsDiaRede":0.383388072,"ConsMesRede":0.383388072,"Status":"REDE"}