{"CorrPlaca":0.017000001,"TensPlaca":6.732999802,"CorrRede":0.839999974,"TensRede":0.201000005,"ConsDiaPlaca":86.20278931,"ConsMesPlaca":86.20278931,"ConsDiaRede":39.78474426,"ConsMesRede":39.78474426,"Status":"REDE"}