{"CorrPlaca":5,"TensPlaca":25,"CorrRede":2.40199995,"TensRede":7.105999947,"ConsDiaPlaca":30104.00391,"ConsMesPlaca":30104.00391,"ConsDiaRede":1248.017456,"ConsMesRede":1248.017456,"Status":"REDE"}