{"corrente":0.672999978,"tensao":0.578999996,"consumo":0.007321063}