{"CorrPlaca":5,"TensPlaca":25,"CorrRede":2.362999916,"TensRede":7.080999851,"ConsDiaPlaca":17499.91797,"ConsMesPlaca":17499.91797,"ConsDiaRede":628.19104,"ConsMesRede":628.19104,"Status":"REDE"}