{"CorrPlaca":5,"TensPlaca":25,"CorrRede":1.113000035,"TensRede":0,"ConsDiaPlaca":17847.13867,"ConsMesPlaca":17847.13867,"ConsDiaRede":649.3950806,"ConsMesRede":649.3950806,"Status":"REDE"}