{"corrente":0.800000012,"tensao":0,"consumo":0.0090743}