{"CorrPlaca":0,"TensPlaca":6.738999844,"CorrRede":0.787999988,"TensRede":0.188999996,"ConsDiaPlaca":1.533571362,"ConsMesPlaca":1.533571362,"ConsDiaRede":15.84793472,"ConsMesRede":15.84793472,"Status":"REDE"}