{"CorrPlaca":0.852999985,"TensPlaca":25,"CorrRede":2.721999884,"TensRede":0,"ConsDiaPlaca":1365.571899,"ConsMesPlaca":1365.571899,"ConsDiaRede":328.3294067,"ConsMesRede":328.3294067,"Status":"REDE"}