{"CorrPlaca":5,"TensPlaca":25,"CorrRede":0.462000012,"TensRede":0,"ConsDiaPlaca":16423.53516,"ConsMesPlaca":16423.53516,"ConsDiaRede":574.5696411,"ConsMesRede":574.5696411,"Status":"REDE"}