{"CorrPlaca":0,"TensPlaca":6.586999893,"CorrRede":0.809000015,"TensRede":0.115000002,"ConsDiaPlaca":86.70198059,"ConsMesPlaca":86.70198059,"ConsDiaRede":41.29708481,"ConsMesRede":41.29708481,"Status":"REDE"}