{"CorrPlaca":0,"TensPlaca":0.792999983,"CorrRede":0.451999992,"TensRede":0.40200001,"ConsDiaPlaca":0.015044723,"ConsMesPlaca":0.015044723,"ConsDiaRede":0.643877208,"ConsMesRede":0.643877208,"Status":"REDE"}