{"CorrPlaca":0,"TensPlaca":3.217000008,"CorrRede":0.611999989,"TensRede":0.067000002,"ConsDiaPlaca":4910.316406,"ConsMesPlaca":4910.316406,"ConsDiaRede":474.7240601,"ConsMesRede":474.7240601,"Status":"REDE"}