{"Corrente":15.14299965,"Tensao":0,"Consumo":0.792368889,"Status":"REDE"}