{"Corrente":14.55000019,"Tensao":0,"Consumo":1.197687745,"Status":"REDE"}