{"corrente":0,"tensao":1.879999995,"consumo":0.077996299}