{"CorrPlaca":0,"TensPlaca":6.703000069,"CorrRede":0.819999993,"TensRede":0.389999986,"ConsDiaPlaca":1.522501469,"ConsMesPlaca":1.522501469,"ConsDiaRede":5.327747345,"ConsMesRede":5.327747345,"Status":"REDE"}