{"Corrente":2.753000021,"Tensao":28.41600037,"Consumo":0.393696845,"Status":"PLACA"}