{"CorrPlaca":2.029000044,"TensPlaca":18.06999969,"CorrRede":2.815999985,"TensRede":6.800000191,"ConsDiaPlaca":1451.881226,"ConsMesPlaca":1451.881226,"ConsDiaRede":587.3526611,"ConsMesRede":587.3526611,"Status":"REDE"}