{"CorrPlaca":5,"TensPlaca":25,"CorrRede":1.753999949,"TensRede":5.201000214,"ConsDiaPlaca":31110.94141,"ConsMesPlaca":31110.94141,"ConsDiaRede":1293.089844,"ConsMesRede":1293.089844,"Status":"REDE"}