{"CorrPlaca":5,"TensPlaca":25,"CorrRede":0.522000015,"TensRede":0,"ConsDiaPlaca":25069.31445,"ConsMesPlaca":25069.31445,"ConsDiaRede":1023.081909,"ConsMesRede":1023.081909,"Status":"REDE"}