{"Corrente":175.4290009,"Tensao":0.194999993,"Consumo":15.50081444,"Status":"REDE"}