{"CorrPlaca":0,"TensPlaca":0,"CorrRede":0.643999994,"TensRede":6.642000198,"ConsDiaPlaca":1.587435603,"ConsMesPlaca":1.587435603,"ConsDiaRede":30.74416924,"ConsMesRede":30.74416924,"Status":"REDE"}