{"CorrPlaca":5,"TensPlaca":25,"CorrRede":2.361000061,"TensRede":6.177999973,"ConsDiaPlaca":33333.14844,"ConsMesPlaca":33333.14844,"ConsDiaRede":1378.709229,"ConsMesRede":1378.709229,"Status":"REDE"}