{"Corrente":-1.835000038,"Tensao":5.387000084,"Consumo":0.500808179,"Status":"REDE"}