{"CorrPlaca":2.694999933,"TensPlaca":18.10099983,"CorrRede":3.239000082,"TensRede":8.302000046,"ConsDiaPlaca":2806.633057,"ConsMesPlaca":2806.633057,"ConsDiaRede":1113.28418,"ConsMesRede":1113.28418,"Status":"REDE"}