{"CorrPlaca":1.148000002,"TensPlaca":18.10099983,"CorrRede":2.226999998,"TensRede":3.289999962,"ConsDiaPlaca":2161.604248,"ConsMesPlaca":2161.604248,"ConsDiaRede":676.6343994,"ConsMesRede":676.6343994,"Status":"REDE"}