{"CorrPlaca":0.111000001,"TensPlaca":6.709000111,"CorrRede":1.008000016,"TensRede":0.305000007,"ConsDiaPlaca":32.18913651,"ConsMesPlaca":32.18913651,"ConsDiaRede":10.32213688,"ConsMesRede":10.32213688,"Status":"REDE"}