{"CorrPlaca":0.605000019,"TensPlaca":18.0340004,"CorrRede":1.82099998,"TensRede":0.578999996,"ConsDiaPlaca":999.8585815,"ConsMesPlaca":999.8585815,"ConsDiaRede":312.5619812,"ConsMesRede":312.5619812,"Status":"REDE"}