{"CorrPlaca":0.523000002,"TensPlaca":3.186000109,"CorrRede":0.842000008,"TensRede":0.842000008,"ConsDiaPlaca":135.9647827,"ConsMesPlaca":135.9647827,"ConsDiaRede":131.3442383,"ConsMesRede":131.3442383,"Status":"REDE"}