{"Corrente":0,"Tensao":0.824000001,"Consumo":8.655833881e-6,"Status":"REDE"}