{"Corrente":2.789000034,"Tensao":0,"Consumo":0.099550068,"Status":"REDE"}