{"CorrPlaca":5,"TensPlaca":25,"CorrRede":1.659999967,"TensRede":0.84799999,"ConsDiaPlaca":2152.779053,"ConsMesPlaca":2152.779053,"ConsDiaRede":105.7548523,"ConsMesRede":105.7548523,"Status":"REDE"}