{"CorrPlaca":0.136000007,"TensPlaca":18.0890007,"CorrRede":1.383000016,"TensRede":0,"ConsDiaPlaca":4885.983398,"ConsMesPlaca":4885.983398,"ConsDiaRede":1514.268677,"ConsMesRede":1514.268677,"Status":"REDE"}