{"Corrente":3.647000074,"Tensao":5.914999962,"Consumo":0.036410868,"Status":"PLACA"}