{"CorrPlaca":0.370999992,"TensPlaca":18.06399918,"CorrRede":1.536999941,"TensRede":0.061000001,"ConsDiaPlaca":1938.371216,"ConsMesPlaca":1938.371216,"ConsDiaRede":597.6489868,"ConsMesRede":597.6489868,"Status":"REDE"}