{"CorrPlaca":5,"TensPlaca":0,"CorrRede":0.703999996,"TensRede":0.024,"ConsDiaPlaca":6236.48877,"ConsMesPlaca":6236.48877,"ConsDiaRede":493.4203796,"ConsMesRede":493.4203796,"Status":"REDE"}