{"CorrPlaca":0.111000001,"TensPlaca":6.659999847,"CorrRede":0.904999971,"TensRede":0.164000005,"ConsDiaPlaca":72.84584808,"ConsMesPlaca":72.84584808,"ConsDiaRede":28.00091934,"ConsMesRede":28.00091934,"Status":"REDE"}