{"CorrPlaca":0.009,"TensPlaca":6.684000015,"CorrRede":0.83099997,"TensRede":0.177000001,"ConsDiaPlaca":85.33860779,"ConsMesPlaca":85.33860779,"ConsDiaRede":38.26515198,"ConsMesRede":38.26515198,"Status":"REDE"}