{"CorrPlaca":0,"TensPlaca":0,"CorrRede":0.467999995,"TensRede":0.317000002,"ConsDiaPlaca":11.38347912,"ConsMesPlaca":11.38347912,"ConsDiaRede":2.123887777,"ConsMesRede":2.123887777,"Status":"REDE"}