{"CorrPlaca":5,"TensPlaca":25,"CorrRede":1.667000055,"TensRede":0,"ConsDiaPlaca":20798.50781,"ConsMesPlaca":20798.50781,"ConsDiaRede":801.9970703,"ConsMesRede":801.9970703,"Status":"REDE"}