{"CorrPlaca":5,"TensPlaca":25,"CorrRede":1.101999998,"TensRede":0,"ConsDiaPlaca":22604.05273,"ConsMesPlaca":22604.05273,"ConsDiaRede":877.3388672,"ConsMesRede":877.3388672,"Status":"REDE"}