{"CorrPlaca":0.898000002,"TensPlaca":3.198999882,"CorrRede":1.195000052,"TensRede":3.601000071,"ConsDiaPlaca":4886.935059,"ConsMesPlaca":4886.935059,"ConsDiaRede":432.777832,"ConsMesRede":432.777832,"Status":"REDE"}