{"CorrPlaca":5,"TensPlaca":25,"CorrRede":0.495000005,"TensRede":0,"ConsDiaPlaca":11319.40234,"ConsMesPlaca":11319.40234,"ConsDiaRede":348.3877563,"ConsMesRede":348.3877563,"Status":"REDE"}