{"Corrente":-3.332999945,"Tensao":5.354000092,"Consumo":0.474668533,"Status":"REDE"}