{"CorrPlaca":0,"TensPlaca":0,"CorrRede":0.578999996,"TensRede":0.108999997,"ConsDiaPlaca":1.587435603,"ConsMesPlaca":1.587435603,"ConsDiaRede":18.046978,"ConsMesRede":18.046978,"Status":"REDE"}