{"CorrPlaca":0.045000002,"TensPlaca":6.544000149,"CorrRede":0.936999977,"TensRede":0.115000002,"ConsDiaPlaca":64.51287079,"ConsMesPlaca":64.51287079,"ConsDiaRede":24.52272415,"ConsMesRede":24.52272415,"Status":"REDE"}