{"CorrPlaca":0.028000001,"TensPlaca":6.56799984,"CorrRede":0.839999974,"TensRede":0.097000003,"ConsDiaPlaca":84.50713348,"ConsMesPlaca":84.50713348,"ConsDiaRede":36.362854,"ConsMesRede":36.362854,"Status":"REDE"}