{"CorrPlaca":0,"TensPlaca":6.709000111,"CorrRede":0.818000019,"TensRede":0.347000003,"ConsDiaPlaca":1.533571362,"ConsMesPlaca":1.533571362,"ConsDiaRede":9.201769829,"ConsMesRede":9.201769829,"Status":"REDE"}