{"Corrente":16.05900002,"Tensao":1.822000027,"Consumo":0.624232948,"Status":"REDE"}