{"CorrPlaca":5,"TensPlaca":10.48200035,"CorrRede":1.034000039,"TensRede":0.897000015,"ConsDiaPlaca":6443.123535,"ConsMesPlaca":6443.123535,"ConsDiaRede":499.2960205,"ConsMesRede":499.2960205,"Status":"REDE"}