{"Corrente":-3.332999945,"Tensao":0,"Consumo":0.071570419,"Status":"REDE"}