{"CorrPlaca":0.561999977,"TensPlaca":18.07600021,"CorrRede":1.715000033,"TensRede":0.213,"ConsDiaPlaca":190.7348022,"ConsMesPlaca":190.7348022,"ConsDiaRede":59.16081619,"ConsMesRede":59.16081619,"Status":"REDE"}