{"CorrPlaca":0.128000006,"TensPlaca":6.647999763,"CorrRede":0.998000026,"TensRede":0.389999986,"ConsDiaPlaca":9.634545326,"ConsMesPlaca":9.634545326,"ConsDiaRede":3.52545023,"ConsMesRede":3.52545023,"Status":"REDE"}