{"CorrPlaca":5,"TensPlaca":25,"CorrRede":2.039999962,"TensRede":3.278000116,"ConsDiaPlaca":29305.39844,"ConsMesPlaca":29305.39844,"ConsDiaRede":1200.485718,"ConsMesRede":1200.485718,"Status":"REDE"}