{"CorrPlaca":1.628000021,"TensPlaca":18.125,"CorrRede":2.394999981,"TensRede":1.166000009,"ConsDiaPlaca":486.4118958,"ConsMesPlaca":486.4118958,"ConsDiaRede":154.3401031,"ConsMesRede":154.3401031,"Status":"REDE"}