{"CorrPlaca":0.936999977,"TensPlaca":18.1439991,"CorrRede":1.853000045,"TensRede":0.035999998,"ConsDiaPlaca":2313.894287,"ConsMesPlaca":2313.894287,"ConsDiaRede":909.1092529,"ConsMesRede":909.1092529,"Status":"REDE"}