{"CorrPlaca":0.061999999,"TensPlaca":6.56799984,"CorrRede":0.977999985,"TensRede":0.201000005,"ConsDiaPlaca":28.72599411,"ConsMesPlaca":28.72599411,"ConsDiaRede":9.146385193,"ConsMesRede":9.146385193,"Status":"REDE"}