{"corrente":-0.002,"tensao":0.683000028,"consumo":-0.000094617}