{"CorrPlaca":2.572000027,"TensPlaca":3.186000109,"CorrRede":2.655999899,"TensRede":6.459000111,"ConsDiaPlaca":4902.23877,"ConsMesPlaca":4902.23877,"ConsDiaRede":466.5504761,"ConsMesRede":466.5504761,"Status":"REDE"}