{"CorrPlaca":0,"TensPlaca":6.684000015,"CorrRede":0.800000012,"TensRede":0.389999986,"ConsDiaPlaca":1.533571362,"ConsMesPlaca":1.533571362,"ConsDiaRede":12.62834072,"ConsMesRede":12.62834072,"Status":"REDE"}