{"CorrPlaca":5,"TensPlaca":25,"CorrRede":2.180999994,"TensRede":3.875999928,"ConsDiaPlaca":18367.96875,"ConsMesPlaca":18367.96875,"ConsDiaRede":681.107666,"ConsMesRede":681.107666,"Status":"REDE"}