{"CorrPlaca":0.057999998,"TensPlaca":6.544000149,"CorrRede":0.913999975,"TensRede":0.182999998,"ConsDiaPlaca":69.68719482,"ConsMesPlaca":69.68719482,"ConsDiaRede":27.09952354,"ConsMesRede":27.09952354,"Status":"REDE"}