{"CorrPlaca":5,"TensPlaca":18.06399918,"CorrRede":2.638999939,"TensRede":0.476000011,"ConsDiaPlaca":3870.356201,"ConsMesPlaca":3870.356201,"ConsDiaRede":402.6524963,"ConsMesRede":402.6524963,"Status":"REDE"}