{"CorrPlaca":0.328000009,"TensPlaca":18.10700035,"CorrRede":1.562000036,"TensRede":1.23300004,"ConsDiaPlaca":1218.281738,"ConsMesPlaca":1218.281738,"ConsDiaRede":497.4801025,"ConsMesRede":497.4801025,"Status":"REDE"}