{"CorrPlaca":0.093999997,"TensPlaca":6.684000015,"CorrRede":0.930000007,"TensRede":0.298999995,"ConsDiaPlaca":69.0556488,"ConsMesPlaca":69.0556488,"ConsDiaRede":26.81770515,"ConsMesRede":26.81770515,"Status":"REDE"}