{"CorrPlaca":0.174999997,"TensPlaca":6.642000198,"CorrRede":0.907999992,"TensRede":0.158000007,"ConsDiaPlaca":72.28973389,"ConsMesPlaca":72.28973389,"ConsDiaRede":27.87486076,"ConsMesRede":27.87486076,"Status":"REDE"}