{"CorrPlaca":0.02,"TensPlaca":6.732999802,"CorrRede":0.819000006,"TensRede":0.177000001,"ConsDiaPlaca":86.73938751,"ConsMesPlaca":86.73938751,"ConsDiaRede":41.33735275,"ConsMesRede":41.33735275,"Status":"REDE"}