{"CorrPlaca":0.097999997,"TensPlaca":6.732999802,"CorrRede":0.981999993,"TensRede":0.231000006,"ConsDiaPlaca":39.87001038,"ConsMesPlaca":39.87001038,"ConsDiaRede":12.81887627,"ConsMesRede":12.81887627,"Status":"REDE"}