{"CorrPlaca":0.838,"TensPlaca":18.06999969,"CorrRede":1.848999977,"TensRede":0,"ConsDiaPlaca":5447.854492,"ConsMesPlaca":5447.854492,"ConsDiaRede":1716.569702,"ConsMesRede":1716.569702,"Status":"REDE"}