{"CorrPlaca":0.411000013,"TensPlaca":18.13699913,"CorrRede":1.603000045,"TensRede":1.567999959,"ConsDiaPlaca":2206.197754,"ConsMesPlaca":2206.197754,"ConsDiaRede":878.5922241,"ConsMesRede":878.5922241,"Status":"REDE"}