{"CorrPlaca":0,"TensPlaca":0,"CorrRede":0.593999982,"TensRede":0.035999998,"ConsDiaPlaca":1.587435603,"ConsMesPlaca":1.587435603,"ConsDiaRede":186.9137726,"ConsMesRede":186.9137726,"Status":"REDE"}