{"CorrPlaca":0,"TensPlaca":25,"CorrRede":1.97300005,"TensRede":2.094000101,"ConsDiaPlaca":13586.93066,"ConsMesPlaca":13586.93066,"ConsDiaRede":586.1530762,"ConsMesRede":586.1530762,"Status":"REDE"}