{"CorrPlaca":1.289000034,"TensPlaca":18.08300018,"CorrRede":2.131000042,"TensRede":0.432999998,"ConsDiaPlaca":363.3994141,"ConsMesPlaca":363.3994141,"ConsDiaRede":114.2388306,"ConsMesRede":114.2388306,"Status":"REDE"}