{"CorrPlaca":0,"TensPlaca":0.628000021,"CorrRede":0.488999993,"TensRede":0.384000003,"ConsDiaPlaca":0.008335277,"ConsMesPlaca":0.008335277,"ConsDiaRede":0.421862513,"ConsMesRede":0.421862513,"Status":"REDE"}