{"Corrente":2.269000053,"Tensao":6.940999985,"Consumo":0.08779905,"Status":"PLACA"}