{"CorrPlaca":5,"TensPlaca":0,"CorrRede":0.216000006,"TensRede":0,"ConsDiaPlaca":6734.087891,"ConsMesPlaca":6734.087891,"ConsDiaRede":514.4550171,"ConsMesRede":514.4550171,"Status":"REDE"}