{"CorrPlaca":0,"TensPlaca":6.544000149,"CorrRede":0.782999992,"TensRede":0.097000003,"ConsDiaPlaca":87.81695557,"ConsMesPlaca":87.81695557,"ConsDiaRede":44.35904312,"ConsMesRede":44.35904312,"Status":"REDE"}