{"CorrPlaca":0.93599999,"TensPlaca":25,"CorrRede":2.846999884,"TensRede":0,"ConsDiaPlaca":1340.724609,"ConsMesPlaca":1340.724609,"ConsDiaRede":327.1221008,"ConsMesRede":327.1221008,"Status":"REDE"}