{"CorrPlaca":5,"TensPlaca":25,"CorrRede":0.714999974,"TensRede":0.915000021,"ConsDiaPlaca":32048.43555,"ConsMesPlaca":32048.43555,"ConsDiaRede":1320.979248,"ConsMesRede":1320.979248,"Status":"REDE"}