{"CorrPlaca":0.100000001,"TensPlaca":6.697000027,"CorrRede":0.996999979,"TensRede":0.261999995,"ConsDiaPlaca":32.59300995,"ConsMesPlaca":32.59300995,"ConsDiaRede":10.45327187,"ConsMesRede":10.45327187,"Status":"REDE"}