{"CorrPlaca":0.721000016,"TensPlaca":2.471999884,"CorrRede":0.763999999,"TensRede":1.654000044,"ConsDiaPlaca":63.32480621,"ConsMesPlaca":63.32480621,"ConsDiaRede":55.15623856,"ConsMesRede":55.15623856,"Status":"REDE"}