{"CorrPlaca":0,"TensPlaca":18.04599953,"CorrRede":1.172999978,"TensRede":0,"ConsDiaPlaca":4193.600586,"ConsMesPlaca":4193.600586,"ConsDiaRede":1635.961304,"ConsMesRede":1635.961304,"Status":"REDE"}