{"CorrPlaca":5,"TensPlaca":25,"CorrRede":0.533999979,"TensRede":0,"ConsDiaPlaca":18645.74414,"ConsMesPlaca":18645.74414,"ConsDiaRede":703.4515381,"ConsMesRede":703.4515381,"Status":"REDE"}