{"CorrPlaca":5,"TensPlaca":25,"CorrRede":1.136000037,"TensRede":2.338000059,"ConsDiaPlaca":28749.8457,"ConsMesPlaca":28749.8457,"ConsDiaRede":1173.640625,"ConsMesRede":1173.640625,"Status":"REDE"}