{"CorrPlaca":5,"TensPlaca":25,"CorrRede":1.873999953,"TensRede":1.562000036,"ConsDiaPlaca":13482.08496,"ConsMesPlaca":13482.08496,"ConsDiaRede":574.5974121,"ConsMesRede":574.5974121,"Status":"REDE"}