{"CorrPlaca":0.039000001,"TensPlaca":6.642000198,"CorrRede":0.884000003,"TensRede":0.231000006,"ConsDiaPlaca":79.5952301,"ConsMesPlaca":79.5952301,"ConsDiaRede":30.20884323,"ConsMesRede":30.20884323,"Status":"REDE"}