{"CorrPlaca":0.017999999,"TensPlaca":6.544000149,"CorrRede":0.861999989,"TensRede":0.134000003,"ConsDiaPlaca":81.4380188,"ConsMesPlaca":81.4380188,"ConsDiaRede":31.89098167,"ConsMesRede":31.89098167,"Status":"REDE"}