{"CorrPlaca":5,"TensPlaca":25,"CorrRede":0.481000006,"TensRede":0,"ConsDiaPlaca":25451.25586,"ConsMesPlaca":25451.25586,"ConsDiaRede":1028.660156,"ConsMesRede":1028.660156,"Status":"REDE"}