{"CorrPlaca":0,"TensPlaca":6.727000237,"CorrRede":0.786000013,"TensRede":0.286000013,"ConsDiaPlaca":1.533571362,"ConsMesPlaca":1.533571362,"ConsDiaRede":15.23918247,"ConsMesRede":15.23918247,"Status":"REDE"}