{"CorrPlaca":3.5,"TensPlaca":25,"CorrRede":2.114000082,"TensRede":2.611999989,"ConsDiaPlaca":16229.37695,"ConsMesPlaca":16229.37695,"ConsDiaRede":626.6742554,"ConsMesRede":626.6742554,"Status":"REDE"}