{"CorrPlaca":0.035999998,"TensPlaca":6.732999802,"CorrRede":0.953999996,"TensRede":0.231000006,"ConsDiaPlaca":62.67503357,"ConsMesPlaca":62.67503357,"ConsDiaRede":23.5681839,"ConsMesRede":23.5681839,"Status":"REDE"}