{"CorrPlaca":5,"TensPlaca":25,"CorrRede":0.800000012,"TensRede":0,"ConsDiaPlaca":14999.93359,"ConsMesPlaca":14999.93359,"ConsDiaRede":511.7451172,"ConsMesRede":511.7451172,"Status":"REDE"}