{"CorrPlaca":2.982000113,"TensPlaca":18.13699913,"CorrRede":3.589999914,"TensRede":7.770999908,"ConsDiaPlaca":594.0822754,"ConsMesPlaca":594.0822754,"ConsDiaRede":189.6142426,"ConsMesRede":189.6142426,"Status":"REDE"}