{"CorrPlaca":5,"TensPlaca":25,"CorrRede":0.81400001,"TensRede":0,"ConsDiaPlaca":34374.85547,"ConsMesPlaca":34374.85547,"ConsDiaRede":1398.499878,"ConsMesRede":1398.499878,"Status":"REDE"}