{"CorrPlaca":5,"TensPlaca":18.08300018,"CorrRede":2.253000021,"TensRede":0,"ConsDiaPlaca":3845.267334,"ConsMesPlaca":3845.267334,"ConsDiaRede":402.3035583,"ConsMesRede":402.3035583,"Status":"REDE"}