{"Corrente":0.382999986,"Tensao":0,"Consumo":0.053693287,"Status":"REDE"}