{"Corrente":0.068000004,"Tensao":0,"Consumo":0.053693287,"Status":"REDE"}