{"CorrPlaca":0.101000004,"TensPlaca":6.630000114,"CorrRede":0.985000014,"TensRede":0.054000001,"ConsDiaPlaca":17.97243881,"ConsMesPlaca":17.97243881,"ConsDiaRede":6.318975449,"ConsMesRede":6.318975449,"Status":"REDE"}