{"CorrPlaca":5,"TensPlaca":25,"CorrRede":0.620999992,"TensRede":0.305000007,"ConsDiaPlaca":16249.92578,"ConsMesPlaca":16249.92578,"ConsDiaRede":573.3253174,"ConsMesRede":573.3253174,"Status":"REDE"}