{"CorrPlaca":1.263000011,"TensPlaca":18.13100052,"CorrRede":2.084000111,"TensRede":0.029999999,"ConsDiaPlaca":1275.15332,"ConsMesPlaca":1275.15332,"ConsDiaRede":404.8480835,"ConsMesRede":404.8480835,"Status":"REDE"}