{"CorrPlaca":2.752000093,"TensPlaca":18.07600021,"CorrRede":3.296999931,"TensRede":8.333000183,"ConsDiaPlaca":4221.763672,"ConsMesPlaca":4221.763672,"ConsDiaRede":1651.490723,"ConsMesRede":1651.490723,"Status":"REDE"}