{"Corrente":2.204999924,"Tensao":0,"Consumo":0.070479967,"Status":"REDE"}