{"Corrente":-3.332999945,"Tensao":0.097000003,"Consumo":0.22476311,"Status":"REDE"}