{"CorrPlaca":0,"TensPlaca":0.683000028,"CorrRede":0.495000005,"TensRede":0.586000025,"ConsDiaPlaca":0,"ConsMesPlaca":0,"ConsDiaRede":0.888516128,"ConsMesRede":0.888516128,"Status":"REDE"}