{"Corrente":14.00300026,"Tensao":2.65199995,"Consumo":7.541674137,"Status":"REDE"}