{"CorrPlaca":5,"TensPlaca":3.22300005,"CorrRede":0.588,"TensRede":0.708000004,"ConsDiaPlaca":4867.678223,"ConsMesPlaca":4867.678223,"ConsDiaRede":423.7941284,"ConsMesRede":423.7941284,"Status":"REDE"}