{"CorrPlaca":0,"TensPlaca":6.56799984,"CorrRede":0.782999992,"TensRede":0.305000007,"ConsDiaPlaca":1.533571362,"ConsMesPlaca":1.533571362,"ConsDiaRede":10.40708065,"ConsMesRede":10.40708065,"Status":"REDE"}