{"CorrPlaca":5,"TensPlaca":25,"CorrRede":0.442999989,"TensRede":0,"ConsDiaPlaca":347.222229,"ConsMesPlaca":347.222229,"ConsDiaRede":10.54403305,"ConsMesRede":10.54403305,"Status":"REDE"}