{"CorrPlaca":0.008,"TensPlaca":6.671999931,"CorrRede":0.846000016,"TensRede":0.213,"ConsDiaPlaca":85.16527557,"ConsMesPlaca":85.16527557,"ConsDiaRede":37.85539627,"ConsMesRede":37.85539627,"Status":"REDE"}