{"CorrPlaca":5,"TensPlaca":25,"CorrRede":2.584000111,"TensRede":6.842999935,"ConsDiaPlaca":2291.667969,"ConsMesPlaca":2291.667969,"ConsDiaRede":117.3448792,"ConsMesRede":117.3448792,"Status":"REDE"}