{"Corrente":16.16900063,"Tensao":4.085999966,"Consumo":0.466790944,"Status":"REDE"}