{"CorrPlaca":0,"TensPlaca":6.659999847,"CorrRede":0.781000018,"TensRede":0.298999995,"ConsDiaPlaca":1.533571362,"ConsMesPlaca":1.533571362,"ConsDiaRede":14.8198595,"ConsMesRede":14.8198595,"Status":"REDE"}