{"CorrPlaca":0.936999977,"TensPlaca":3.217000008,"CorrRede":1.195000052,"TensRede":2.832000017,"ConsDiaPlaca":121.5427399,"ConsMesPlaca":121.5427399,"ConsDiaRede":118.4473877,"ConsMesRede":118.4473877,"Status":"REDE"}