{"CorrPlaca":0,"TensPlaca":6.677999973,"CorrRede":0.796999991,"TensRede":0.305000007,"ConsDiaPlaca":1.533571362,"ConsMesPlaca":1.533571362,"ConsDiaRede":11.30533218,"ConsMesRede":11.30533218,"Status":"REDE"}