{"CorrPlaca":0.092,"TensPlaca":6.538000107,"CorrRede":0.978999972,"TensRede":0.194999993,"ConsDiaPlaca":36.52815628,"ConsMesPlaca":36.52815628,"ConsDiaRede":11.70318222,"ConsMesRede":11.70318222,"Status":"REDE"}