{"CorrPlaca":2.180999994,"TensPlaca":25,"CorrRede":3.5,"TensRede":2.289000034,"ConsDiaPlaca":548.5234985,"ConsMesPlaca":548.5234985,"ConsDiaRede":208.842804,"ConsMesRede":208.842804,"Status":"REDE"}