{"CorrPlaca":0.018999999,"TensPlaca":6.727000237,"CorrRede":0.843999982,"TensRede":0.207000002,"ConsDiaPlaca":84.66548157,"ConsMesPlaca":84.66548157,"ConsDiaRede":36.53418732,"ConsMesRede":36.53418732,"Status":"REDE"}