{"Corrente":-3.332999945,"Tensao":0,"Consumo":0.381431878,"Status":"REDE"}