{"CorrPlaca":5,"TensPlaca":25,"CorrRede":1.378000021,"TensRede":3.28399992,"ConsDiaPlaca":27673.46484,"ConsMesPlaca":27673.46484,"ConsDiaRede":1120.379395,"ConsMesRede":1120.379395,"Status":"REDE"}