{"CorrPlaca":0.097999997,"TensPlaca":6.732999802,"CorrRede":0.995999992,"TensRede":0.256000012,"ConsDiaPlaca":48.59617996,"ConsMesPlaca":48.59617996,"ConsDiaRede":16.54141426,"ConsMesRede":16.54141426,"Status":"REDE"}