{"CorrPlaca":5,"TensPlaca":25,"CorrRede":1.873999953,"TensRede":5.763000011,"ConsDiaPlaca":27222.07813,"ConsMesPlaca":27222.07813,"ConsDiaRede":1103.744141,"ConsMesRede":1103.744141,"Status":"REDE"}