{"CorrPlaca":0.059,"TensPlaca":6.636000156,"CorrRede":0.94599998,"TensRede":0.273999989,"ConsDiaPlaca":67.53610992,"ConsMesPlaca":67.53610992,"ConsDiaRede":26.06857491,"ConsMesRede":26.06857491,"Status":"REDE"}