{"CorrPlaca":5,"TensPlaca":25,"CorrRede":1.674999952,"TensRede":1.281999946,"ConsDiaPlaca":17465.19531,"ConsMesPlaca":17465.19531,"ConsDiaRede":623.5432129,"ConsMesRede":623.5432129,"Status":"REDE"}