{"CorrPlaca":1.246000051,"TensPlaca":18.04000092,"CorrRede":2.125999928,"TensRede":0.140000001,"ConsDiaPlaca":779.0192871,"ConsMesPlaca":779.0192871,"ConsDiaRede":248.4961243,"ConsMesRede":248.4961243,"Status":"REDE"}