{"CorrPlaca":3.536000013,"TensPlaca":25,"CorrRede":1.001999974,"TensRede":0,"ConsDiaPlaca":29821.70117,"ConsMesPlaca":29821.70117,"ConsDiaRede":756.6659546,"ConsMesRede":756.6659546,"Status":"REDE"}