{"Corrente":0,"Tensao":0.902999997,"Consumo":0.07707084,"Status":"REDE"}