{"CorrPlaca":1.139999986,"TensPlaca":18.05800056,"CorrRede":1.991000056,"TensRede":0.108999997,"ConsDiaPlaca":2954.83252,"ConsMesPlaca":2954.83252,"ConsDiaRede":912.5509644,"ConsMesRede":912.5509644,"Status":"REDE"}