{"CorrPlaca":0,"TensPlaca":0.757000029,"CorrRede":0.462000012,"TensRede":0.103,"ConsDiaPlaca":0.013378889,"ConsMesPlaca":0.013378889,"ConsDiaRede":0.749464989,"ConsMesRede":0.749464989,"Status":"REDE"}