{"CorrPlaca":0,"TensPlaca":18.19199944,"CorrRede":1.268000007,"TensRede":0.213,"ConsDiaPlaca":4642.120605,"ConsMesPlaca":4642.120605,"ConsDiaRede":1811.225586,"ConsMesRede":1811.225586,"Status":"REDE"}