{"CorrPlaca":0.114,"TensPlaca":6.697000027,"CorrRede":1.023000002,"TensRede":0.097000003,"ConsDiaPlaca":23.55160713,"ConsMesPlaca":23.55160713,"ConsDiaRede":7.684411526,"ConsMesRede":7.684411526,"Status":"REDE"}