{"CorrPlaca":0.722000003,"TensPlaca":5.763000011,"CorrRede":1.399999976,"TensRede":3.454999924,"ConsDiaPlaca":21.86262512,"ConsMesPlaca":21.86262512,"ConsDiaRede":16.15942764,"ConsMesRede":16.15942764,"Status":"REDE"}