{"CorrPlaca":0.760999978,"TensPlaca":18.11300087,"CorrRede":1.675999999,"TensRede":0,"ConsDiaPlaca":3347.569092,"ConsMesPlaca":3347.569092,"ConsDiaRede":1308.698242,"ConsMesRede":1308.698242,"Status":"REDE"}