{"CorrPlaca":0.021,"TensPlaca":6.677999973,"CorrRede":0.876999974,"TensRede":0.182999998,"ConsDiaPlaca":82.20469666,"ConsMesPlaca":82.20469666,"ConsDiaRede":32.78857803,"ConsMesRede":32.78857803,"Status":"REDE"}