{"corrente":1.503000021,"tensao":0.890999973,"consumo":0.850360632}