{"Corrente":169.5070038,"Tensao":8.251000404,"Consumo":20.45726585,"Status":"PLACA"}