{"CorrPlaca":5,"TensPlaca":25,"CorrRede":3.786000013,"TensRede":3.03399992,"ConsDiaPlaca":1694.343018,"ConsMesPlaca":1694.343018,"ConsDiaRede":349.8161621,"ConsMesRede":349.8161621,"Status":"REDE"}