{"CorrPlaca":0,"TensPlaca":6.642000198,"CorrRede":0.763999999,"TensRede":0.085000001,"ConsDiaPlaca":1.587435603,"ConsMesPlaca":1.587435603,"ConsDiaRede":18.85782623,"ConsMesRede":18.85782623,"Status":"REDE"}