{"CorrPlaca":2.34100008,"TensPlaca":25,"CorrRede":3.594000101,"TensRede":0.421000004,"ConsDiaPlaca":1181.092773,"ConsMesPlaca":1181.092773,"ConsDiaRede":309.3283386,"ConsMesRede":309.3283386,"Status":"REDE"}