{"CorrPlaca":0,"TensPlaca":6.671999931,"CorrRede":0.801999986,"TensRede":0.389999986,"ConsDiaPlaca":1.533571362,"ConsMesPlaca":1.533571362,"ConsDiaRede":8.755438805,"ConsMesRede":8.755438805,"Status":"REDE"}