{"CorrPlaca":0,"TensPlaca":25,"CorrRede":2.078999996,"TensRede":1.807000041,"ConsDiaPlaca":13586.93066,"ConsMesPlaca":13586.93066,"ConsDiaRede":593.5259399,"ConsMesRede":593.5259399,"Status":"REDE"}