{"Corrente":14.72099972,"Tensao":0.25999999,"Consumo":4.90814352,"Status":"REDE"}