{"CorrPlaca":0.773999989,"TensPlaca":18.11300087,"CorrRede":1.949000001,"TensRede":1.422000051,"ConsDiaPlaca":1456.562622,"ConsMesPlaca":1456.562622,"ConsDiaRede":459.3931885,"ConsMesRede":459.3931885,"Status":"REDE"}