{"CorrPlaca":0.453999996,"TensPlaca":18.13699913,"CorrRede":1.710000038,"TensRede":1.659999967,"ConsDiaPlaca":1133.049683,"ConsMesPlaca":1133.049683,"ConsDiaRede":499.102478,"ConsMesRede":499.102478,"Status":"REDE"}