{"CorrPlaca":0.078000002,"TensPlaca":6.738999844,"CorrRede":0.975000024,"TensRede":0.231000006,"ConsDiaPlaca":57.60531616,"ConsMesPlaca":57.60531616,"ConsDiaRede":20.91274261,"ConsMesRede":20.91274261,"Status":"REDE"}