{"CorrPlaca":0,"TensPlaca":6.727000237,"CorrRede":0.763000011,"TensRede":0.115000002,"ConsDiaPlaca":1.587435603,"ConsMesPlaca":1.587435603,"ConsDiaRede":20.44593239,"ConsMesRede":20.44593239,"Status":"REDE"}