{"CorrPlaca":1.465000033,"TensPlaca":25,"CorrRede":3.114000082,"TensRede":0,"ConsDiaPlaca":196.5374146,"ConsMesPlaca":196.5374146,"ConsDiaRede":170.5098114,"ConsMesRede":170.5098114,"Status":"REDE"}