{"CorrPlaca":0.683000028,"TensPlaca":18.13699913,"CorrRede":1.656000018,"TensRede":0,"ConsDiaPlaca":3263.181885,"ConsMesPlaca":3263.181885,"ConsDiaRede":1281.406372,"ConsMesRede":1281.406372,"Status":"REDE"}