{"CorrPlaca":0.018999999,"TensPlaca":6.732999802,"CorrRede":0.867999971,"TensRede":0.256000012,"ConsDiaPlaca":83.49619293,"ConsMesPlaca":83.49619293,"ConsDiaRede":34.36420822,"ConsMesRede":34.36420822,"Status":"REDE"}