{"CorrPlaca":2.394999981,"TensPlaca":18.06399918,"CorrRede":3,"TensRede":4.926000118,"ConsDiaPlaca":3112.175293,"ConsMesPlaca":3112.175293,"ConsDiaRede":959.2109375,"ConsMesRede":959.2109375,"Status":"REDE"}