{"CorrPlaca":2.40199995,"TensPlaca":18.125,"CorrRede":2.957999945,"TensRede":5.585999966,"ConsDiaPlaca":4400.494141,"ConsMesPlaca":4400.494141,"ConsDiaRede":1711.390015,"ConsMesRede":1711.390015,"Status":"REDE"}