{"CorrPlaca":1.075000048,"TensPlaca":18.10099983,"CorrRede":2.105999947,"TensRede":2.039000034,"ConsDiaPlaca":130.0479279,"ConsMesPlaca":130.0479279,"ConsDiaRede":34.69978333,"ConsMesRede":34.69978333,"Status":"REDE"}