{"Corrente":-3.332999945,"Tensao":1.855000019,"Consumo":0.296066403,"Status":"REDE"}