{"Corrente":15.07800007,"Tensao":17.51199913,"Consumo":0.770819187,"Status":"PLACA"}