{"CorrPlaca":0,"TensPlaca":0,"CorrRede":0.606000006,"TensRede":0.128000006,"ConsDiaPlaca":1.587435603,"ConsMesPlaca":1.587435603,"ConsDiaRede":187.4048004,"ConsMesRede":187.4048004,"Status":"REDE"}