{"CorrPlaca":0,"TensPlaca":6.684000015,"CorrRede":0.799000025,"TensRede":0.293000013,"ConsDiaPlaca":1.533571362,"ConsMesPlaca":1.533571362,"ConsDiaRede":7.91745472,"ConsMesRede":7.91745472,"Status":"REDE"}