{"CorrPlaca":0.050999999,"TensPlaca":18.10099983,"CorrRede":1.299999952,"TensRede":0.286000013,"ConsDiaPlaca":2360.138184,"ConsMesPlaca":2360.138184,"ConsDiaRede":931.6255493,"ConsMesRede":931.6255493,"Status":"REDE"}