{"Corrente":0,"Tensao":0.873000026,"Consumo":8.655833881e-6,"Status":"REDE"}