{"CorrPlaca":0.090999998,"TensPlaca":6.709000111,"CorrRede":0.973999977,"TensRede":0.293000013,"ConsDiaPlaca":62.17892075,"ConsMesPlaca":62.17892075,"ConsDiaRede":23.29859352,"ConsMesRede":23.29859352,"Status":"REDE"}