{"Corrente":15.37100029,"Tensao":4.21600008,"Consumo":0.674766362,"Status":"REDE"}