{"CorrPlaca":0,"TensPlaca":6.642000198,"CorrRede":0.75999999,"TensRede":0.194999993,"ConsDiaPlaca":1.587435603,"ConsMesPlaca":1.587435603,"ConsDiaRede":18.59464455,"ConsMesRede":18.59464455,"Status":"REDE"}