{"corrente":0.741999984,"tensao":0.683000028,"consumo":0.011674017}