{"Corrente":2.119999886,"Tensao":0,"Consumo":0.070479967,"Status":"REDE"}