{"CorrPlaca":0.561999977,"TensPlaca":18.05800056,"CorrRede":1.616999984,"TensRede":0,"ConsDiaPlaca":661.9606323,"ConsMesPlaca":661.9606323,"ConsDiaRede":271.9444885,"ConsMesRede":271.9444885,"Status":"REDE"}