{"CorrPlaca":3.062000036,"TensPlaca":18.04000092,"CorrRede":3.513999939,"TensRede":7.222000122,"ConsDiaPlaca":1097.973755,"ConsMesPlaca":1097.973755,"ConsDiaRede":346.7635803,"ConsMesRede":346.7635803,"Status":"REDE"}