{"CorrPlaca":0.141000003,"TensPlaca":6.703000069,"CorrRede":0.995000005,"TensRede":0.218999997,"ConsDiaPlaca":38.42498398,"ConsMesPlaca":38.42498398,"ConsDiaRede":12.35335255,"ConsMesRede":12.35335255,"Status":"REDE"}