{"CorrPlaca":0,"TensPlaca":0,"CorrRede":0.586000025,"TensRede":0,"ConsDiaPlaca":1.587435603,"ConsMesPlaca":1.587435603,"ConsDiaRede":21.72050476,"ConsMesRede":21.72050476,"Status":"REDE"}