{"CorrPlaca":0,"TensPlaca":6.665999889,"CorrRede":0.791999996,"TensRede":0.238000005,"ConsDiaPlaca":1.533571362,"ConsMesPlaca":1.533571362,"ConsDiaRede":16.00940323,"ConsMesRede":16.00940323,"Status":"REDE"}