{"CorrPlaca":0.064999998,"TensPlaca":18.08300018,"CorrRede":1.345999956,"TensRede":0.298999995,"ConsDiaPlaca":972.5071411,"ConsMesPlaca":972.5071411,"ConsDiaRede":398.6384888,"ConsMesRede":398.6384888,"Status":"REDE"}