{"Corrente":0,"Tensao":0.592000008,"Consumo":0.07707084,"Status":"REDE"}