{"CorrPlaca":5,"TensPlaca":25,"CorrRede":2.269000053,"TensRede":4.017000198,"ConsDiaPlaca":5624.993652,"ConsMesPlaca":5624.993652,"ConsDiaRede":196.9493256,"ConsMesRede":196.9493256,"Status":"REDE"}