{"CorrPlaca":2.944999933,"TensPlaca":17.99099922,"CorrRede":3.450000048,"TensRede":8.791000366,"ConsDiaPlaca":1542.925903,"ConsMesPlaca":1542.925903,"ConsDiaRede":626.2339478,"ConsMesRede":626.2339478,"Status":"REDE"}