{"CorrPlaca":1.350999951,"TensPlaca":18.08300018,"CorrRede":2.395999908,"TensRede":4.847000122,"ConsDiaPlaca":1171.724243,"ConsMesPlaca":1171.724243,"ConsDiaRede":519.1034546,"ConsMesRede":519.1034546,"Status":"REDE"}