{"CorrPlaca":0,"TensPlaca":6.684000015,"CorrRede":0.85799998,"TensRede":0.238000005,"ConsDiaPlaca":83.12780762,"ConsMesPlaca":83.12780762,"ConsDiaRede":33.7262764,"ConsMesRede":33.7262764,"Status":"REDE"}