{"CorrPlaca":0.936999977,"TensPlaca":18.10700035,"CorrRede":2.059000015,"TensRede":2.832000017,"ConsDiaPlaca":4587.556641,"ConsMesPlaca":4587.556641,"ConsDiaRede":1429.802979,"ConsMesRede":1429.802979,"Status":"REDE"}