{"corrente":0.869000018,"tensao":2.069000006,"consumo":0.00734043}