{"CorrPlaca":3.378000021,"TensPlaca":25,"CorrRede":2.391000032,"TensRede":3.25999999,"ConsDiaPlaca":29991.0918,"ConsMesPlaca":29991.0918,"ConsDiaRede":767.1715088,"ConsMesRede":767.1715088,"Status":"REDE"}