{"CorrPlaca":2.891000032,"TensPlaca":18.09499931,"CorrRede":3.395999908,"TensRede":8.699000359,"ConsDiaPlaca":2424.10791,"ConsMesPlaca":2424.10791,"ConsDiaRede":961.338623,"ConsMesRede":961.338623,"Status":"REDE"}