{"CorrPlaca":0,"TensPlaca":0.781000018,"CorrRede":0.416000009,"TensRede":0.024,"ConsDiaPlaca":0.006763611,"ConsMesPlaca":0.006763611,"ConsDiaRede":0.842788637,"ConsMesRede":0.842788637,"Status":"REDE"}