{"corrente":-2.895999908,"tensao":0,"consumo":0.103743449}