{"CorrPlaca":0.081,"TensPlaca":6.709000111,"CorrRede":0.912999988,"TensRede":0.328999996,"ConsDiaPlaca":78.5424118,"ConsMesPlaca":78.5424118,"ConsDiaRede":29.61798286,"ConsMesRede":29.61798286,"Status":"REDE"}