{"CorrPlaca":3.54399991,"TensPlaca":25,"CorrRede":1.460000038,"TensRede":2.917999983,"ConsDiaPlaca":29600.64648,"ConsMesPlaca":29600.64648,"ConsDiaRede":747.9517822,"ConsMesRede":747.9517822,"Status":"REDE"}