{"CorrPlaca":0,"TensPlaca":0.621999979,"CorrRede":0.44600001,"TensRede":0.414999992,"ConsDiaPlaca":0,"ConsMesPlaca":0,"ConsDiaRede":0.939930022,"ConsMesRede":0.939930022,"Status":"REDE"}