{"Corrente":0.500999987,"Tensao":0,"Consumo":0.004195239,"Status":"REDE"}