{"CorrPlaca":0,"TensPlaca":6.697000027,"CorrRede":0.856999993,"TensRede":0.555000007,"ConsDiaPlaca":1.431021214,"ConsMesPlaca":1.431021214,"ConsDiaRede":3.631113052,"ConsMesRede":3.631113052,"Status":"REDE"}