{"CorrPlaca":5,"TensPlaca":18.06399918,"CorrRede":1.710999966,"TensRede":1.654000044,"ConsDiaPlaca":9498.614258,"ConsMesPlaca":9498.614258,"ConsDiaRede":532.442627,"ConsMesRede":532.442627,"Status":"REDE"}