{"CorrPlaca":0.025,"TensPlaca":6.697000027,"CorrRede":0.833000004,"TensRede":0.224999994,"ConsDiaPlaca":85.54956055,"ConsMesPlaca":85.54956055,"ConsDiaRede":38.56946564,"ConsMesRede":38.56946564,"Status":"REDE"}