{"CorrPlaca":0.187999994,"TensPlaca":3.180000067,"CorrRede":0.598999977,"TensRede":0,"ConsDiaPlaca":181.0592041,"ConsMesPlaca":181.0592041,"ConsDiaRede":166.5891266,"ConsMesRede":166.5891266,"Status":"REDE"}