{"Corrente":9.180999756,"Tensao":3.516000032,"Consumo":0.120950527,"Status":"REDE"}