{"CorrPlaca":0.488000005,"TensPlaca":18.06999969,"CorrRede":1.534000039,"TensRede":0,"ConsDiaPlaca":1779.435913,"ConsMesPlaca":1779.435913,"ConsDiaRede":710.3857422,"ConsMesRede":710.3857422,"Status":"REDE"}