{"corrente":0.693000019,"tensao":3.519000053,"consumo":0.088363998}