{"CorrPlaca":5,"TensPlaca":25,"CorrRede":0.765999973,"TensRede":0.890999973,"ConsDiaPlaca":10729.12793,"ConsMesPlaca":10729.12793,"ConsDiaRede":325.9612427,"ConsMesRede":325.9612427,"Status":"REDE"}