{"CorrPlaca":2.144999981,"TensPlaca":18.13699913,"CorrRede":2.881999969,"TensRede":6.050000191,"ConsDiaPlaca":2425.278809,"ConsMesPlaca":2425.278809,"ConsDiaRede":760.3544312,"ConsMesRede":760.3544312,"Status":"REDE"}