{"CorrPlaca":2.818000078,"TensPlaca":18.05800056,"CorrRede":3.282000065,"TensRede":7.484000206,"ConsDiaPlaca":2050.55249,"ConsMesPlaca":2050.55249,"ConsDiaRede":822.6264038,"ConsMesRede":822.6264038,"Status":"REDE"}