{"CorrPlaca":5,"TensPlaca":1.226999998,"CorrRede":0.582000017,"TensRede":0,"ConsDiaPlaca":6835.347168,"ConsMesPlaca":6835.347168,"ConsDiaRede":525.6646118,"ConsMesRede":525.6646118,"Status":"REDE"}