{"Corrente":171.4320068,"Tensao":0.064999998,"Consumo":1.497485399,"Status":"REDE"}