{"Corrente":14.67099953,"Tensao":0,"Consumo":0.792368889,"Status":"REDE"}