{"Corrente":3.815999985,"Tensao":5.940000057,"Consumo":0.030418646,"Status":"PLACA"}