{"CorrPlaca":0.07,"TensPlaca":6.561999798,"CorrRede":0.897000015,"TensRede":0.097000003,"ConsDiaPlaca":69.1832428,"ConsMesPlaca":69.1832428,"ConsDiaRede":26.84187508,"ConsMesRede":26.84187508,"Status":"REDE"}