{"CorrPlaca":0,"TensPlaca":0.836000025,"CorrRede":0.515999973,"TensRede":1.567999959,"ConsDiaPlaca":0,"ConsMesPlaca":0,"ConsDiaRede":0.224746674,"ConsMesRede":0.224746674,"Status":"REDE"}