{"CorrPlaca":0.233999997,"TensPlaca":18.04000092,"CorrRede":1.458999991,"TensRede":0.915000021,"ConsDiaPlaca":1809.161133,"ConsMesPlaca":1809.161133,"ConsDiaRede":720.3321533,"ConsMesRede":720.3321533,"Status":"REDE"}