{"Corrente":0.140000001,"Tensao":5.763000011,"Consumo":0.003622983,"Status":"REDE"}