{"CorrPlaca":0,"TensPlaca":6.697000027,"CorrRede":0.81099999,"TensRede":0.213,"ConsDiaPlaca":87.08555603,"ConsMesPlaca":87.08555603,"ConsDiaRede":42.28451538,"ConsMesRede":42.28451538,"Status":"REDE"}