{"CorrPlaca":0.753000021,"TensPlaca":18.11300087,"CorrRede":1.73300004,"TensRede":0,"ConsDiaPlaca":531.4632568,"ConsMesPlaca":531.4632568,"ConsDiaRede":216.7161255,"ConsMesRede":216.7161255,"Status":"REDE"}