{"CorrPlaca":0.93599999,"TensPlaca":0,"CorrRede":0.882000029,"TensRede":3.680999994,"ConsDiaPlaca":182.0374146,"ConsMesPlaca":182.0374146,"ConsDiaRede":168.6532745,"ConsMesRede":168.6532745,"Status":"REDE"}