{"CorrPlaca":0.379000008,"TensPlaca":3.118999958,"CorrRede":0.731999993,"TensRede":0.164000005,"ConsDiaPlaca":156.5198822,"ConsMesPlaca":156.5198822,"ConsDiaRede":147.1230469,"ConsMesRede":147.1230469,"Status":"REDE"}