{"CorrPlaca":2.390000105,"TensPlaca":18.16799927,"CorrRede":2.957999945,"TensRede":4.774000168,"ConsDiaPlaca":2575.33667,"ConsMesPlaca":2575.33667,"ConsDiaRede":799.3243408,"ConsMesRede":799.3243408,"Status":"REDE"}