{"CorrPlaca":0,"TensPlaca":0.781000018,"CorrRede":0.428000003,"TensRede":0.097000003,"ConsDiaPlaca":0.004695833,"ConsMesPlaca":0.004695833,"ConsDiaRede":0.50022006,"ConsMesRede":0.50022006,"Status":"REDE"}