{"CorrPlaca":0.048,"TensPlaca":6.671999931,"CorrRede":0.882000029,"TensRede":0.006,"ConsDiaPlaca":80.48288727,"ConsMesPlaca":80.48288727,"ConsDiaRede":30.81331253,"ConsMesRede":30.81331253,"Status":"REDE"}