{"CorrPlaca":0.136000007,"TensPlaca":18.15600014,"CorrRede":1.386999965,"TensRede":0,"ConsDiaPlaca":4255.903809,"ConsMesPlaca":4255.903809,"ConsDiaRede":1330.992554,"ConsMesRede":1330.992554,"Status":"REDE"}