{"CorrPlaca":0.957000017,"TensPlaca":25,"CorrRede":3.006999969,"TensRede":1.006999969,"ConsDiaPlaca":840.9678955,"ConsMesPlaca":840.9678955,"ConsDiaRede":258.1140442,"ConsMesRede":258.1140442,"Status":"REDE"}