{"CorrPlaca":5,"TensPlaca":25,"CorrRede":2.506000042,"TensRede":7.239999771,"ConsDiaPlaca":18055.4707,"ConsMesPlaca":18055.4707,"ConsDiaRede":663.4682007,"ConsMesRede":663.4682007,"Status":"REDE"}