{"CorrPlaca":2.213999987,"TensPlaca":18.15600014,"CorrRede":2.855000019,"TensRede":4.590000153,"ConsDiaPlaca":5459.020508,"ConsMesPlaca":5459.020508,"ConsDiaRede":1720.209839,"ConsMesRede":1720.209839,"Status":"REDE"}