{"CorrPlaca":0,"TensPlaca":0,"CorrRede":0.652999997,"TensRede":6.769999981,"ConsDiaPlaca":1.587435603,"ConsMesPlaca":1.587435603,"ConsDiaRede":101.9231415,"ConsMesRede":101.9231415,"Status":"REDE"}