{"CorrPlaca":0.93599999,"TensPlaca":18.0890007,"CorrRede":1.82099998,"TensRede":0.182999998,"ConsDiaPlaca":4090.633789,"ConsMesPlaca":4090.633789,"ConsDiaRede":1591.473755,"ConsMesRede":1591.473755,"Status":"REDE"}