{"CorrPlaca":0.660000026,"TensPlaca":18.08300018,"CorrRede":1.659000039,"TensRede":0,"ConsDiaPlaca":1045.682373,"ConsMesPlaca":1045.682373,"ConsDiaRede":429.1263733,"ConsMesRede":429.1263733,"Status":"REDE"}