{"CorrPlaca":0.125,"TensPlaca":6.544000149,"CorrRede":0.976000011,"TensRede":0.213,"ConsDiaPlaca":25.68772507,"ConsMesPlaca":25.68772507,"ConsDiaRede":8.131889343,"ConsMesRede":8.131889343,"Status":"REDE"}