{"CorrPlaca":0.409999996,"TensPlaca":18.10700035,"CorrRede":1.600999951,"TensRede":1.708999991,"ConsDiaPlaca":4106.922852,"ConsMesPlaca":4106.922852,"ConsDiaRede":1595.765991,"ConsMesRede":1595.765991,"Status":"REDE"}