{"CorrPlaca":0,"TensPlaca":6.697000027,"CorrRede":0.839999974,"TensRede":0.488000005,"ConsDiaPlaca":1.522501469,"ConsMesPlaca":1.522501469,"ConsDiaRede":4.756527424,"ConsMesRede":4.756527424,"Status":"REDE"}