{"CorrPlaca":0.061000001,"TensPlaca":6.721000195,"CorrRede":0.986999989,"TensRede":0.213,"ConsDiaPlaca":49.40480804,"ConsMesPlaca":49.40480804,"ConsDiaRede":16.84891891,"ConsMesRede":16.84891891,"Status":"REDE"}