{"CorrPlaca":5,"TensPlaca":25,"CorrRede":2.381999969,"TensRede":5.09100008,"ConsDiaPlaca":13298.55566,"ConsMesPlaca":13298.55566,"ConsDiaRede":443.2952576,"ConsMesRede":443.2952576,"Status":"REDE"}