{"CorrPlaca":1.340999961,"TensPlaca":18.06399918,"CorrRede":2.372999907,"TensRede":4.730999947,"ConsDiaPlaca":1517.506836,"ConsMesPlaca":1517.506836,"ConsDiaRede":687.1933594,"ConsMesRede":687.1933594,"Status":"REDE"}