{"CorrPlaca":5,"TensPlaca":25,"CorrRede":0.801999986,"TensRede":0,"ConsDiaPlaca":34479.02734,"ConsMesPlaca":34479.02734,"ConsDiaRede":1399.404053,"ConsMesRede":1399.404053,"Status":"REDE"}