{"CorrPlaca":0.158000007,"TensPlaca":6.727000237,"CorrRede":1.003999949,"TensRede":0.305000007,"ConsDiaPlaca":5.885573864,"ConsMesPlaca":5.885573864,"ConsDiaRede":2.224942923,"ConsMesRede":2.224942923,"Status":"REDE"}