{"CorrPlaca":2.532000065,"TensPlaca":18.06399918,"CorrRede":3.171999931,"TensRede":7.136000156,"ConsDiaPlaca":2870.592773,"ConsMesPlaca":2870.592773,"ConsDiaRede":895.3661499,"ConsMesRede":895.3661499,"Status":"REDE"}