{"Corrente":15.8380003,"Tensao":0.569000006,"Consumo":0.626736224,"Status":"REDE"}