{"CorrPlaca":0.495999992,"TensPlaca":3.217000008,"CorrRede":0.81099999,"TensRede":0.683000028,"ConsDiaPlaca":136.6246643,"ConsMesPlaca":136.6246643,"ConsDiaRede":131.5450897,"ConsMesRede":131.5450897,"Status":"REDE"}