{"Corrente":14.52600002,"Tensao":0,"Consumo":1.197687745,"Status":"REDE"}