{"CorrPlaca":1.764000058,"TensPlaca":18.02799988,"CorrRede":2.617000103,"TensRede":5.890999794,"ConsDiaPlaca":4803.848145,"ConsMesPlaca":4803.848145,"ConsDiaRede":1879.852417,"ConsMesRede":1879.852417,"Status":"REDE"}