{"CorrPlaca":2.08100009,"TensPlaca":18.01499939,"CorrRede":2.869999886,"TensRede":5.860000134,"ConsDiaPlaca":2275.622803,"ConsMesPlaca":2275.622803,"ConsDiaRede":711.3457642,"ConsMesRede":711.3457642,"Status":"REDE"}