{"CorrPlaca":0.194999993,"TensPlaca":18.07600021,"CorrRede":1.465000033,"TensRede":0.908999979,"ConsDiaPlaca":4412.433105,"ConsMesPlaca":4412.433105,"ConsDiaRede":1717.274048,"ConsMesRede":1717.274048,"Status":"REDE"}