{"CorrPlaca":5,"TensPlaca":18.06999969,"CorrRede":1.55400002,"TensRede":0.061000001,"ConsDiaPlaca":12039.08008,"ConsMesPlaca":12039.08008,"ConsDiaRede":536.8013916,"ConsMesRede":536.8013916,"Status":"REDE"}