{"CorrPlaca":0,"TensPlaca":0.671000004,"CorrRede":0.435000002,"TensRede":0.939999998,"ConsDiaPlaca":0,"ConsMesPlaca":0,"ConsDiaRede":0.327694446,"ConsMesRede":0.327694446,"Status":"REDE"}