{"CorrPlaca":5,"TensPlaca":25,"CorrRede":1.815000057,"TensRede":5.487999916,"ConsDiaPlaca":24201.26367,"ConsMesPlaca":24201.26367,"ConsDiaRede":974.980896,"ConsMesRede":974.980896,"Status":"REDE"}