{"CorrPlaca":0.665000021,"TensPlaca":6.165999889,"CorrRede":1.511999965,"TensRede":4.230000019,"ConsDiaPlaca":37.60151291,"ConsMesPlaca":37.60151291,"ConsDiaRede":31.21637535,"ConsMesRede":31.21637535,"Status":"REDE"}