{"CorrPlaca":0,"TensPlaca":0.787,"CorrRede":0.552999973,"TensRede":0.505999982,"ConsDiaPlaca":0,"ConsMesPlaca":0,"ConsDiaRede":0.401457757,"ConsMesRede":0.401457757,"Status":"REDE"}