{"CorrPlaca":5,"TensPlaca":0,"CorrRede":0.372000009,"TensRede":0,"ConsDiaPlaca":6734.087891,"ConsMesPlaca":6734.087891,"ConsDiaRede":512.7352295,"ConsMesRede":512.7352295,"Status":"REDE"}