{"CorrPlaca":5,"TensPlaca":25,"CorrRede":1.478000045,"TensRede":3.973999977,"ConsDiaPlaca":27256.80078,"ConsMesPlaca":27256.80078,"ConsDiaRede":1105.37561,"ConsMesRede":1105.37561,"Status":"REDE"}