{"Corrente":0.286000013,"Tensao":25,"Consumo":0.038004171,"Status":"REDE"}