{"CorrPlaca":0.444999993,"TensPlaca":18.13100052,"CorrRede":1.559999943,"TensRede":0,"ConsDiaPlaca":223.6515808,"ConsMesPlaca":223.6515808,"ConsDiaRede":80.19309235,"ConsMesRede":80.19309235,"Status":"REDE"}