{"CorrPlaca":0.623000026,"TensPlaca":18.07600021,"CorrRede":1.713999987,"TensRede":0.238000005,"ConsDiaPlaca":133.1760712,"ConsMesPlaca":133.1760712,"ConsDiaRede":34.81309891,"ConsMesRede":34.81309891,"Status":"REDE"}