{"CorrPlaca":3.868999958,"TensPlaca":25,"CorrRede":1.593000054,"TensRede":0.256000012,"ConsDiaPlaca":15855.47754,"ConsMesPlaca":15855.47754,"ConsDiaRede":599.2277222,"ConsMesRede":599.2277222,"Status":"REDE"}