{"CorrPlaca":0.025,"TensPlaca":6.703000069,"CorrRede":0.827000022,"TensRede":0.207000002,"ConsDiaPlaca":85.61839294,"ConsMesPlaca":85.61839294,"ConsDiaRede":38.70653915,"ConsMesRede":38.70653915,"Status":"REDE"}