{"CorrPlaca":0,"TensPlaca":6.671999931,"CorrRede":0.800000012,"TensRede":0,"ConsDiaPlaca":1.533571362,"ConsMesPlaca":1.533571362,"ConsDiaRede":6.403324127,"ConsMesRede":6.403324127,"Status":"REDE"}