{"CorrPlaca":0.123000003,"TensPlaca":6.709000111,"CorrRede":1.018000007,"TensRede":0.097000003,"ConsDiaPlaca":38.65420532,"ConsMesPlaca":38.65420532,"ConsDiaRede":12.38078213,"ConsMesRede":12.38078213,"Status":"REDE"}