{"CorrPlaca":0,"TensPlaca":0,"CorrRede":0.643000007,"TensRede":0.238000005,"ConsDiaPlaca":1.587435603,"ConsMesPlaca":1.587435603,"ConsDiaRede":17.01403236,"ConsMesRede":17.01403236,"Status":"REDE"}