{"CorrPlaca":2.357000113,"TensPlaca":18.11300087,"CorrRede":3.046999931,"TensRede":6.703000069,"ConsDiaPlaca":2310.893311,"ConsMesPlaca":2310.893311,"ConsDiaRede":720.9520874,"ConsMesRede":720.9520874,"Status":"REDE"}