{"Corrente":2.256000042,"Tensao":0,"Consumo":0.149639666,"Status":"REDE"}