{"Corrente":0.65200001,"Tensao":5.914999962,"Consumo":0.056717023,"Status":"PLACA"}