{"CorrPlaca":0.360000014,"TensPlaca":18.06999969,"CorrRede":1.536000013,"TensRede":0,"ConsDiaPlaca":1557.102051,"ConsMesPlaca":1557.102051,"ConsDiaRede":484.4987488,"ConsMesRede":484.4987488,"Status":"REDE"}