{"CorrPlaca":0.713,"TensPlaca":1.006999969,"CorrRede":0.386999995,"TensRede":0,"ConsDiaPlaca":56.12545395,"ConsMesPlaca":56.12545395,"ConsDiaRede":48.32043457,"ConsMesRede":48.32043457,"Status":"REDE"}