{"CorrPlaca":0.462000012,"TensPlaca":18.10700035,"CorrRede":1.661000013,"TensRede":0,"ConsDiaPlaca":614.7818604,"ConsMesPlaca":614.7818604,"ConsDiaRede":197.4990387,"ConsMesRede":197.4990387,"Status":"REDE"}