{"CorrPlaca":0.671999991,"TensPlaca":18.06999969,"CorrRede":1.692000031,"TensRede":0,"ConsDiaPlaca":4548.129395,"ConsMesPlaca":4548.129395,"ConsDiaRede":1422.06543,"ConsMesRede":1422.06543,"Status":"REDE"}