{"CorrPlaca":0.128999993,"TensPlaca":18.10099983,"CorrRede":1.38499999,"TensRede":0,"ConsDiaPlaca":5098.959473,"ConsMesPlaca":5098.959473,"ConsDiaRede":1591.422119,"ConsMesRede":1591.422119,"Status":"REDE"}