{"CorrPlaca":0.527999997,"TensPlaca":18.13100052,"CorrRede":1.694000006,"TensRede":1.879999995,"ConsDiaPlaca":2926.667236,"ConsMesPlaca":2926.667236,"ConsDiaRede":1159.304321,"ConsMesRede":1159.304321,"Status":"REDE"}