{"CorrPlaca":0.041999999,"TensPlaca":6.738999844,"CorrRede":0.869000018,"TensRede":0.293000013,"ConsDiaPlaca":84.36872101,"ConsMesPlaca":84.36872101,"ConsDiaRede":36.19603729,"ConsMesRede":36.19603729,"Status":"REDE"}