{"CorrPlaca":0,"TensPlaca":0.792999983,"CorrRede":0.432999998,"TensRede":0.097000003,"ConsDiaPlaca":0.001762222,"ConsMesPlaca":0.001762222,"ConsDiaRede":0.514577508,"ConsMesRede":0.514577508,"Status":"REDE"}