{"CorrPlaca":2.599999905,"TensPlaca":18.125,"CorrRede":3.255000114,"TensRede":8.307999611,"ConsDiaPlaca":894.0152588,"ConsMesPlaca":894.0152588,"ConsDiaRede":364.0046082,"ConsMesRede":364.0046082,"Status":"REDE"}