{"CorrPlaca":0,"TensPlaca":6.532000065,"CorrRede":0.84799999,"TensRede":0.103,"ConsDiaPlaca":83.66157532,"ConsMesPlaca":83.66157532,"ConsDiaRede":34.6370697,"ConsMesRede":34.6370697,"Status":"REDE"}