{"corrente":0.483999997,"tensao":0,"consumo":0.007096325}