{"CorrPlaca":0,"TensPlaca":6.544000149,"CorrRede":0.791999996,"TensRede":0.188999996,"ConsDiaPlaca":1.533571362,"ConsMesPlaca":1.533571362,"ConsDiaRede":10.51360989,"ConsMesRede":10.51360989,"Status":"REDE"}