{"CorrPlaca":1.100000024,"TensPlaca":18.11300087,"CorrRede":2.217999935,"TensRede":4.046999931,"ConsDiaPlaca":678.2969971,"ConsMesPlaca":678.2969971,"ConsDiaRede":277.5939331,"ConsMesRede":277.5939331,"Status":"REDE"}