{"CorrPlaca":5,"TensPlaca":25,"CorrRede":1.146999955,"TensRede":2.380000114,"ConsDiaPlaca":28229.01563,"ConsMesPlaca":28229.01563,"ConsDiaRede":1157.073853,"ConsMesRede":1157.073853,"Status":"REDE"}