{"CorrPlaca":0.683000028,"TensPlaca":0,"CorrRede":0.082999997,"TensRede":0,"ConsDiaPlaca":48.9884491,"ConsMesPlaca":48.9884491,"ConsDiaRede":42.17668533,"ConsMesRede":42.17668533,"Status":"REDE"}