{"CorrPlaca":0,"TensPlaca":0,"CorrRede":0.582000017,"TensRede":0.012,"ConsDiaPlaca":1.587435603,"ConsMesPlaca":1.587435603,"ConsDiaRede":22.1837883,"ConsMesRede":22.1837883,"Status":"REDE"}