{"CorrPlaca":0,"TensPlaca":0.676999986,"CorrRede":0.49000001,"TensRede":0.40200001,"ConsDiaPlaca":0.010498056,"ConsMesPlaca":0.010498056,"ConsDiaRede":1.212397337,"ConsMesRede":1.212397337,"Status":"REDE"}