{"CorrPlaca":5,"TensPlaca":25,"CorrRede":2.648000002,"TensRede":6.897999763,"ConsDiaPlaca":902.7780762,"ConsMesPlaca":902.7780762,"ConsDiaRede":51.35625076,"ConsMesRede":51.35625076,"Status":"REDE"}