{"CorrPlaca":0.704999983,"TensPlaca":5.610000134,"CorrRede":1.404000044,"TensRede":4.138999939,"ConsDiaPlaca":58.64590836,"ConsMesPlaca":58.64590836,"ConsDiaRede":51.65874481,"ConsMesRede":51.65874481,"Status":"REDE"}