{"Corrente":14.37899971,"Tensao":6.330999851,"Consumo":0.940832675,"Status":"PLACA"}