{"CorrPlaca":0,"TensPlaca":6.745999813,"CorrRede":0.781000018,"TensRede":0.293000013,"ConsDiaPlaca":1.587435603,"ConsMesPlaca":1.587435603,"ConsDiaRede":19.01789665,"ConsMesRede":19.01789665,"Status":"REDE"}