{"Corrente":176.7610016,"Tensao":0.162,"Consumo":15.47704124,"Status":"REDE"}