{"CorrPlaca":1.927000046,"TensPlaca":18.125,"CorrRede":2.585999966,"TensRede":3.437000036,"ConsDiaPlaca":4237.879883,"ConsMesPlaca":4237.879883,"ConsDiaRede":1654.766357,"ConsMesRede":1654.766357,"Status":"REDE"}