{"corrente":1.621000051,"tensao":8.161999702,"consumo":0.036751673}