{"CorrPlaca":0.370999992,"TensPlaca":18.0890007,"CorrRede":1.544999957,"TensRede":1.312000036,"ConsDiaPlaca":2304.694824,"ConsMesPlaca":2304.694824,"ConsDiaRede":908.9492798,"ConsMesRede":908.9492798,"Status":"REDE"}