{"Corrente":0.493999988,"Tensao":0,"Consumo":0.006886377,"Status":"REDE"}