{"CorrPlaca":0,"TensPlaca":18.125,"CorrRede":1.360999942,"TensRede":0,"ConsDiaPlaca":773.5024414,"ConsMesPlaca":773.5024414,"ConsDiaRede":308.9723816,"ConsMesRede":308.9723816,"Status":"REDE"}