{"CorrPlaca":0,"TensPlaca":6.745999813,"CorrRede":0.781000018,"TensRede":0.158000007,"ConsDiaPlaca":1.587435603,"ConsMesPlaca":1.587435603,"ConsDiaRede":18.32972527,"ConsMesRede":18.32972527,"Status":"REDE"}