{"CorrPlaca":5,"TensPlaca":0,"CorrRede":0.640999973,"TensRede":0,"ConsDiaPlaca":6236.48877,"ConsMesPlaca":6236.48877,"ConsDiaRede":494.0276184,"ConsMesRede":494.0276184,"Status":"REDE"}