{"CorrPlaca":0.846000016,"TensPlaca":18.05800056,"CorrRede":1.820000052,"TensRede":0,"ConsDiaPlaca":1333.059814,"ConsMesPlaca":1333.059814,"ConsDiaRede":424.5765381,"ConsMesRede":424.5765381,"Status":"REDE"}