{"CorrPlaca":0.061999999,"TensPlaca":6.580999851,"CorrRede":0.917999983,"TensRede":0.140000001,"ConsDiaPlaca":67.81702423,"ConsMesPlaca":67.81702423,"ConsDiaRede":26.17268372,"ConsMesRede":26.17268372,"Status":"REDE"}