{"CorrPlaca":0.722000003,"TensPlaca":18.06999969,"CorrRede":1.699000001,"TensRede":0,"ConsDiaPlaca":96.26421356,"ConsMesPlaca":96.26421356,"ConsDiaRede":37.64305496,"ConsMesRede":37.64305496,"Status":"REDE"}