{"CorrPlaca":5,"TensPlaca":25,"CorrRede":1.202999949,"TensRede":2.637000084,"ConsDiaPlaca":30590.11133,"ConsMesPlaca":30590.11133,"ConsDiaRede":1271.545654,"ConsMesRede":1271.545654,"Status":"REDE"}