{"Corrente":0.476999998,"Tensao":0,"Consumo":0.057277199,"Status":"REDE"}