{"CorrPlaca":2.196000099,"TensPlaca":18.07600021,"CorrRede":2.957000017,"TensRede":7.245999813,"ConsDiaPlaca":1566.068237,"ConsMesPlaca":1566.068237,"ConsDiaRede":712.0142822,"ConsMesRede":712.0142822,"Status":"REDE"}