{"CorrPlaca":3.691999912,"TensPlaca":25,"CorrRede":1.218000054,"TensRede":1.312000036,"ConsDiaPlaca":16770.41016,"ConsMesPlaca":16770.41016,"ConsDiaRede":645.1046753,"ConsMesRede":645.1046753,"Status":"REDE"}