{"CorrPlaca":5,"TensPlaca":25,"CorrRede":1.722000003,"TensRede":1.343000054,"ConsDiaPlaca":22847.10547,"ConsMesPlaca":22847.10547,"ConsDiaRede":894.2518921,"ConsMesRede":894.2518921,"Status":"REDE"}