{"CorrPlaca":5,"TensPlaca":18.0890007,"CorrRede":2.585999966,"TensRede":0.976000011,"ConsDiaPlaca":3543.9104,"ConsMesPlaca":3543.9104,"ConsDiaRede":393.8525085,"ConsMesRede":393.8525085,"Status":"REDE"}