{"CorrPlaca":0.944999993,"TensPlaca":18.07600021,"CorrRede":2.151000023,"TensRede":3.516000032,"ConsDiaPlaca":994.0133057,"ConsMesPlaca":994.0133057,"ConsDiaRede":439.610321,"ConsMesRede":439.610321,"Status":"REDE"}