{"CorrPlaca":0,"TensPlaca":6.709000111,"CorrRede":0.799000025,"TensRede":0.177000001,"ConsDiaPlaca":87.17843628,"ConsMesPlaca":87.17843628,"ConsDiaRede":42.57883072,"ConsMesRede":42.57883072,"Status":"REDE"}