{"CorrPlaca":0.008,"TensPlaca":6.732999802,"CorrRede":0.836000025,"TensRede":0.201000005,"ConsDiaPlaca":86.46592712,"ConsMesPlaca":86.46592712,"ConsDiaRede":40.36500549,"ConsMesRede":40.36500549,"Status":"REDE"}