{"CorrPlaca":3.096999884,"TensPlaca":18.01499939,"CorrRede":3.653000116,"TensRede":7.81400013,"ConsDiaPlaca":640.6951294,"ConsMesPlaca":640.6951294,"ConsDiaRede":205.5644226,"ConsMesRede":205.5644226,"Status":"REDE"}