{"CorrPlaca":0,"TensPlaca":0.792999983,"CorrRede":0.514999986,"TensRede":0.238000005,"ConsDiaPlaca":0,"ConsMesPlaca":0,"ConsDiaRede":0.423386395,"ConsMesRede":0.423386395,"Status":"REDE"}