{"Corrente":14.59399986,"Tensao":0.455000013,"Consumo":6.6602211,"Status":"REDE"}