{"Corrente":0,"Tensao":6.15899992,"Consumo":0.057277199,"Status":"REDE"}