{"Corrente":0.481000006,"Tensao":0,"Consumo":0.005563721,"Status":"REDE"}