{"CorrPlaca":2.000999928,"TensPlaca":25,"CorrRede":3.262000084,"TensRede":1.934999943,"ConsDiaPlaca":390.822113,"ConsMesPlaca":390.822113,"ConsDiaRede":189.1197815,"ConsMesRede":189.1197815,"Status":"REDE"}