{"CorrPlaca":5,"TensPlaca":25,"CorrRede":1.123999953,"TensRede":0,"ConsDiaPlaca":21840.16797,"ConsMesPlaca":21840.16797,"ConsDiaRede":849.8066406,"ConsMesRede":849.8066406,"Status":"REDE"}