{"CorrPlaca":0.904999971,"TensPlaca":18.06999969,"CorrRede":1.791000009,"TensRede":0,"ConsDiaPlaca":89.24997711,"ConsMesPlaca":89.24997711,"ConsDiaRede":20.79340744,"ConsMesRede":20.79340744,"Status":"REDE"}