{"CorrPlaca":0,"TensPlaca":6.477000237,"CorrRede":0.847000003,"TensRede":0.207000002,"ConsDiaPlaca":83.86122131,"ConsMesPlaca":83.86122131,"ConsDiaRede":34.94428253,"ConsMesRede":34.94428253,"Status":"REDE"}