{"Corrente":175.9470062,"Tensao":0.291999996,"Consumo":15.49131203,"Status":"REDE"}