{"CorrPlaca":0.370999992,"TensPlaca":18.10700035,"CorrRede":1.554999948,"TensRede":1.465000033,"ConsDiaPlaca":3849.347412,"ConsMesPlaca":3849.347412,"ConsDiaRede":1495.652588,"ConsMesRede":1495.652588,"Status":"REDE"}