{"CorrPlaca":5,"TensPlaca":3.217000008,"CorrRede":0.683000028,"TensRede":0.354000002,"ConsDiaPlaca":4033.861816,"ConsMesPlaca":4033.861816,"ConsDiaRede":409.5485229,"ConsMesRede":409.5485229,"Status":"REDE"}