{"CorrPlaca":5,"TensPlaca":25,"CorrRede":0.81400001,"TensRede":1.074000001,"ConsDiaPlaca":18715.1875,"ConsMesPlaca":18715.1875,"ConsDiaRede":703.694397,"ConsMesRede":703.694397,"Status":"REDE"}