{"Corrente":0.493999988,"Tensao":0,"Consumo":0.005563721,"Status":"REDE"}