{"CorrPlaca":0.01,"TensPlaca":6.544000149,"CorrRede":0.839999974,"TensRede":0.158000007,"ConsDiaPlaca":84.28646088,"ConsMesPlaca":84.28646088,"ConsDiaRede":36.09883118,"ConsMesRede":36.09883118,"Status":"REDE"}