{"CorrPlaca":2.786999941,"TensPlaca":18.0890007,"CorrRede":3.380000114,"TensRede":8.925000191,"ConsDiaPlaca":1857.70752,"ConsMesPlaca":1857.70752,"ConsDiaRede":844.1952515,"ConsMesRede":844.1952515,"Status":"REDE"}