{"CorrPlaca":2.680000067,"TensPlaca":18.11300087,"CorrRede":3.180999994,"TensRede":6.665999889,"ConsDiaPlaca":1388.282104,"ConsMesPlaca":1388.282104,"ConsDiaRede":555.8145142,"ConsMesRede":555.8145142,"Status":"REDE"}