{"CorrPlaca":0,"TensPlaca":6.684000015,"CorrRede":0.787999988,"TensRede":0.298999995,"ConsDiaPlaca":1.533571362,"ConsMesPlaca":1.533571362,"ConsDiaRede":13.56850243,"ConsMesRede":13.56850243,"Status":"REDE"}