{"Corrente":2.243999958,"Tensao":7.007999897,"Consumo":0.083424293,"Status":"PLACA"}