{"CorrPlaca":5,"TensPlaca":25,"CorrRede":1.093999982,"TensRede":0,"ConsDiaPlaca":26597.08203,"ConsMesPlaca":26597.08203,"ConsDiaRede":1066.023315,"ConsMesRede":1066.023315,"Status":"REDE"}