{"CorrPlaca":0,"TensPlaca":6.738999844,"CorrRede":0.787999988,"TensRede":0.140000001,"ConsDiaPlaca":1.587435603,"ConsMesPlaca":1.587435603,"ConsDiaRede":18.8884716,"ConsMesRede":18.8884716,"Status":"REDE"}