{"CorrPlaca":0,"TensPlaca":0.293000013,"CorrRede":0.081,"TensRede":0.792999983,"ConsDiaPlaca":4893.407227,"ConsMesPlaca":4893.407227,"ConsDiaRede":444.1485291,"ConsMesRede":444.1485291,"Status":"REDE"}