{"CorrPlaca":0.133000001,"TensPlaca":18.23500061,"CorrRede":1.289000034,"TensRede":0,"ConsDiaPlaca":1466.188477,"ConsMesPlaca":1466.188477,"ConsDiaRede":664.2957153,"ConsMesRede":664.2957153,"Status":"REDE"}