{"CorrPlaca":1.748999953,"TensPlaca":18.10099983,"CorrRede":2.451999903,"TensRede":2.673000097,"ConsDiaPlaca":1569.430054,"ConsMesPlaca":1569.430054,"ConsDiaRede":634.3573608,"ConsMesRede":634.3573608,"Status":"REDE"}