{"CorrPlaca":5,"TensPlaca":25,"CorrRede":2.545000076,"TensRede":5.177000046,"ConsDiaPlaca":15729.0957,"ConsMesPlaca":15729.0957,"ConsDiaRede":546.8477173,"ConsMesRede":546.8477173,"Status":"REDE"}