{"CorrPlaca":5,"TensPlaca":18.15600014,"CorrRede":1.333999991,"TensRede":0,"ConsDiaPlaca":8644.013672,"ConsMesPlaca":8644.013672,"ConsDiaRede":529.864502,"ConsMesRede":529.864502,"Status":"REDE"}