{"CorrPlaca":0,"TensPlaca":6.721000195,"CorrRede":0.824000001,"TensRede":0.201000005,"ConsDiaPlaca":86.27039337,"ConsMesPlaca":86.27039337,"ConsDiaRede":39.99665451,"ConsMesRede":39.99665451,"Status":"REDE"}