{"CorrPlaca":5,"TensPlaca":25,"CorrRede":0.488000005,"TensRede":0,"ConsDiaPlaca":20555.45313,"ConsMesPlaca":20555.45313,"ConsDiaRede":792.6644287,"ConsMesRede":792.6644287,"Status":"REDE"}