{"CorrPlaca":0,"TensPlaca":18.06399918,"CorrRede":1.238999963,"TensRede":0,"ConsDiaPlaca":491.5289612,"ConsMesPlaca":491.5289612,"ConsDiaRede":204.4396973,"ConsMesRede":204.4396973,"Status":"REDE"}