{"CorrPlaca":0.026000001,"TensPlaca":0.586000025,"CorrRede":0.488000005,"TensRede":0.976000011,"ConsDiaPlaca":0.008858055,"ConsMesPlaca":0.008858055,"ConsDiaRede":0.590672255,"ConsMesRede":0.590672255,"Status":"REDE"}