{"Corrente":2.755000114,"Tensao":7.013999939,"Consumo":0.072597802,"Status":"PLACA"}