{"CorrPlaca":0.015,"TensPlaca":6.684000015,"CorrRede":0.824000001,"TensRede":0.231000006,"ConsDiaPlaca":87.34609985,"ConsMesPlaca":87.34609985,"ConsDiaRede":43.09241104,"ConsMesRede":43.09241104,"Status":"REDE"}