{"CorrPlaca":0.93599999,"TensPlaca":18.02799988,"CorrRede":1.894000053,"TensRede":0,"ConsDiaPlaca":1381.120239,"ConsMesPlaca":1381.120239,"ConsDiaRede":437.9313965,"ConsMesRede":437.9313965,"Status":"REDE"}