{"CorrPlaca":2.411999941,"TensPlaca":18.09499931,"CorrRede":3.046000004,"TensRede":5.018000126,"ConsDiaPlaca":952.6708374,"ConsMesPlaca":952.6708374,"ConsDiaRede":420.5023499,"ConsMesRede":420.5023499,"Status":"REDE"}