{"CorrPlaca":0,"TensPlaca":0.757000029,"CorrRede":0.449000001,"TensRede":0.720000029,"ConsDiaPlaca":0.014104721,"ConsMesPlaca":0.014104721,"ConsDiaRede":1.253883839,"ConsMesRede":1.253883839,"Status":"REDE"}