{"CorrPlaca":3.582999945,"TensPlaca":18.05200005,"CorrRede":3.664999962,"TensRede":11.02499962,"ConsDiaPlaca":445.76297,"ConsMesPlaca":445.76297,"ConsDiaRede":175.6198425,"ConsMesRede":175.6198425,"Status":"REDE"}