{"CorrPlaca":5,"TensPlaca":25,"CorrRede":0.500999987,"TensRede":0,"ConsDiaPlaca":1701.389771,"ConsMesPlaca":1701.389771,"ConsDiaRede":92.11737823,"ConsMesRede":92.11737823,"Status":"REDE"}