{"CorrPlaca":0.021,"TensPlaca":0.792999983,"CorrRede":0.481999993,"TensRede":0.976000011,"ConsDiaPlaca":0.004625834,"ConsMesPlaca":0.004625834,"ConsDiaRede":0.45837,"ConsMesRede":0.45837,"Status":"REDE"}