{"Corrente":2.308000088,"Tensao":0,"Consumo":0.070479967,"Status":"REDE"}