{"CorrPlaca":0.524999976,"TensPlaca":25,"CorrRede":1.868999958,"TensRede":0,"ConsDiaPlaca":13593.46484,"ConsMesPlaca":13593.46484,"ConsDiaRede":595.9899292,"ConsMesRede":595.9899292,"Status":"REDE"}