{"CorrPlaca":0.174999997,"TensPlaca":18.05800056,"CorrRede":1.386999965,"TensRede":0,"ConsDiaPlaca":4496.213867,"ConsMesPlaca":4496.213867,"ConsDiaRede":1406.669189,"ConsMesRede":1406.669189,"Status":"REDE"}