{"CorrPlaca":5,"TensPlaca":25,"CorrRede":1.901000023,"TensRede":4.609000206,"ConsDiaPlaca":5347.217285,"ConsMesPlaca":5347.217285,"ConsDiaRede":184.2571869,"ConsMesRede":184.2571869,"Status":"REDE"}