{"CorrPlaca":0,"TensPlaca":0,"CorrRede":0.556999981,"TensRede":0.029999999,"ConsDiaPlaca":1.587435603,"ConsMesPlaca":1.587435603,"ConsDiaRede":21.36491394,"ConsMesRede":21.36491394,"Status":"REDE"}