{"corrente":3.631999969,"tensao":2.753000021,"consumo":0.121047705}