{"CorrPlaca":0,"TensPlaca":3.180000067,"CorrRede":0.245000005,"TensRede":0,"ConsDiaPlaca":118.9064865,"ConsMesPlaca":118.9064865,"ConsDiaRede":115.3450089,"ConsMesRede":115.3450089,"Status":"REDE"}