{"CorrPlaca":5,"TensPlaca":18.13100052,"CorrRede":2.653000116,"TensRede":1.434000015,"ConsDiaPlaca":3016.072998,"ConsMesPlaca":3016.072998,"ConsDiaRede":373.7112732,"ConsMesRede":373.7112732,"Status":"REDE"}