{"CorrPlaca":0.079999998,"TensPlaca":6.738999844,"CorrRede":0.908999979,"TensRede":0.194999993,"ConsDiaPlaca":73.37143707,"ConsMesPlaca":73.37143707,"ConsDiaRede":28.18662834,"ConsMesRede":28.18662834,"Status":"REDE"}