{"CorrPlaca":1.625,"TensPlaca":18.02799988,"CorrRede":2.335999966,"TensRede":1.299999952,"ConsDiaPlaca":1852.478638,"ConsMesPlaca":1852.478638,"ConsDiaRede":567.9507446,"ConsMesRede":567.9507446,"Status":"REDE"}