{"CorrPlaca":5,"TensPlaca":25,"CorrRede":0.70599997,"TensRede":0.256000012,"ConsDiaPlaca":34305.40625,"ConsMesPlaca":34305.40625,"ConsDiaRede":1398.469238,"ConsMesRede":1398.469238,"Status":"REDE"}