{"CorrPlaca":0.449000001,"TensPlaca":18.05200005,"CorrRede":1.465000033,"TensRede":0,"ConsDiaPlaca":3389.276367,"ConsMesPlaca":3389.276367,"ConsDiaRede":1327.567017,"ConsMesRede":1327.567017,"Status":"REDE"}