{"Corrente":0.481999993,"Tensao":0.324999988,"Consumo":0.000370902,"Status":"REDE"}