{"CorrPlaca":0.671999991,"TensPlaca":18.11899948,"CorrRede":1.746999979,"TensRede":0,"ConsDiaPlaca":254.9100037,"ConsMesPlaca":254.9100037,"ConsDiaRede":90.16831207,"ConsMesRede":90.16831207,"Status":"REDE"}