{"CorrPlaca":0.075000003,"TensPlaca":6.653999805,"CorrRede":0.977999985,"TensRede":0.261999995,"ConsDiaPlaca":51.2063942,"ConsMesPlaca":51.2063942,"ConsDiaRede":17.76686668,"ConsMesRede":17.76686668,"Status":"REDE"}