{"CorrPlaca":5,"TensPlaca":0,"CorrRede":0.451000005,"TensRede":0.268000007,"ConsDiaPlaca":6236.48877,"ConsMesPlaca":6236.48877,"ConsDiaRede":493.3913574,"ConsMesRede":493.3913574,"Status":"REDE"}