{"CorrPlaca":5,"TensPlaca":25,"CorrRede":0.512000024,"TensRede":0,"ConsDiaPlaca":24479.03906,"ConsMesPlaca":24479.03906,"ConsDiaRede":994.8727417,"ConsMesRede":994.8727417,"Status":"REDE"}