{"corrente":0.750999987,"tensao":3.628999949,"consumo":0.022692826}