{"Corrente":14.57999992,"Tensao":0,"Consumo":1.197687745,"Status":"REDE"}