{"CorrPlaca":0,"TensPlaca":6.647999763,"CorrRede":0.75,"TensRede":0.207000002,"ConsDiaPlaca":1.587435603,"ConsMesPlaca":1.587435603,"ConsDiaRede":20.29899788,"ConsMesRede":20.29899788,"Status":"REDE"}