{"CorrPlaca":2.421999931,"TensPlaca":18.06999969,"CorrRede":3.111999989,"TensRede":7.710000038,"ConsDiaPlaca":1058.27771,"ConsMesPlaca":1058.27771,"ConsDiaRede":435.9407349,"ConsMesRede":435.9407349,"Status":"REDE"}