{"CorrPlaca":0.039000001,"TensPlaca":6.642000198,"CorrRede":0.879000008,"TensRede":0.75,"ConsDiaPlaca":1.006043911,"ConsMesPlaca":1.006043911,"ConsDiaRede":1.774971604,"ConsMesRede":1.774971604,"Status":"REDE"}