{"CorrPlaca":0,"TensPlaca":25,"CorrRede":1.932000041,"TensRede":1.074000001,"ConsDiaPlaca":13586.93066,"ConsMesPlaca":13586.93066,"ConsDiaRede":586.7294312,"ConsMesRede":586.7294312,"Status":"REDE"}