{"Corrente":2.361000061,"Tensao":0,"Consumo":0.070479967,"Status":"REDE"}