{"CorrPlaca":2.694999933,"TensPlaca":18.10099983,"CorrRede":3.167000055,"TensRede":5.958000183,"ConsDiaPlaca":2514.408203,"ConsMesPlaca":2514.408203,"ConsDiaRede":780.8526001,"ConsMesRede":780.8526001,"Status":"REDE"}