{"CorrPlaca":0,"TensPlaca":6.684000015,"CorrRede":0.842999995,"TensRede":0.218999997,"ConsDiaPlaca":84.70648193,"ConsMesPlaca":84.70648193,"ConsDiaRede":36.69404602,"ConsMesRede":36.69404602,"Status":"REDE"}