{"Corrente":14.19400024,"Tensao":26.3010006,"Consumo":5.388699532,"Status":"PLACA"}