{"Corrente":2.923000097,"Tensao":0,"Consumo":0.099550068,"Status":"REDE"}