{"Corrente":5,"Tensao":3.278000116,"Consumo":0.004552778,"Status":"REDE"}