{"CorrPlaca":0.023,"TensPlaca":6.671999931,"CorrRede":0.968999982,"TensRede":0.164000005,"ConsDiaPlaca":62.44672012,"ConsMesPlaca":62.44672012,"ConsDiaRede":23.41716957,"ConsMesRede":23.41716957,"Status":"REDE"}