{"CorrPlaca":0.702000022,"TensPlaca":2.477999926,"CorrRede":0.760999978,"TensRede":2.197000027,"ConsDiaPlaca":61.85701752,"ConsMesPlaca":61.85701752,"ConsDiaRede":53.97126389,"ConsMesRede":53.97126389,"Status":"REDE"}