{"CorrPlaca":5,"TensPlaca":25,"CorrRede":1.30400002,"TensRede":2.734999895,"ConsDiaPlaca":16805.47852,"ConsMesPlaca":16805.47852,"ConsDiaRede":592.9088745,"ConsMesRede":592.9088745,"Status":"REDE"}