{"Corrente":0,"Tensao":0.115000002,"Consumo":0.07707084,"Status":"REDE"}