{"Corrente":15.07800007,"Tensao":28.14900017,"Consumo":0.899320364,"Status":"PLACA"}