{"Corrente":3.661000013,"Tensao":0,"Consumo":0.057277199,"Status":"REDE"}