{"Corrente":0,"Tensao":0.273999989,"Consumo":0.07707084,"Status":"REDE"}