{"Corrente":-0.162,"Tensao":11.01799965,"Consumo":0.302658379,"Status":"REDE"}