{"CorrPlaca":0,"TensPlaca":0.720000029,"CorrRede":0.509000003,"TensRede":0.305000007,"ConsDiaPlaca":0,"ConsMesPlaca":0,"ConsDiaRede":0.898550212,"ConsMesRede":0.898550212,"Status":"REDE"}