{"CorrPlaca":2.947999954,"TensPlaca":18.16200066,"CorrRede":3.49000001,"TensRede":9.272999763,"ConsDiaPlaca":1835.691284,"ConsMesPlaca":1835.691284,"ConsDiaRede":831.6016235,"ConsMesRede":831.6016235,"Status":"REDE"}