{"CorrPlaca":5,"TensPlaca":25,"CorrRede":1.062000036,"TensRede":1.855000019,"ConsDiaPlaca":451.3888855,"ConsMesPlaca":451.3888855,"ConsDiaRede":17.72773933,"ConsMesRede":17.72773933,"Status":"REDE"}