{"CorrPlaca":0,"TensPlaca":6.703000069,"CorrRede":0.82099998,"TensRede":0.389999986,"ConsDiaPlaca":1.533571362,"ConsMesPlaca":1.533571362,"ConsDiaRede":7.154248238,"ConsMesRede":7.154248238,"Status":"REDE"}