{"CorrPlaca":0.079999998,"TensPlaca":6.684000015,"CorrRede":0.963999987,"TensRede":0.293000013,"ConsDiaPlaca":60.24476242,"ConsMesPlaca":60.24476242,"ConsDiaRede":22.23359871,"ConsMesRede":22.23359871,"Status":"REDE"}