{"Corrente":2.226999998,"Tensao":6.965000153,"Consumo":0.1439531,"Status":"PLACA"}