{"CorrPlaca":5,"TensPlaca":25,"CorrRede":2.470000029,"TensRede":6.80700016,"ConsDiaPlaca":32673.43164,"ConsMesPlaca":32673.43164,"ConsDiaRede":1340.129639,"ConsMesRede":1340.129639,"Status":"REDE"}