{"Corrente":0.584999979,"Tensao":0,"Consumo":0.006886377,"Status":"REDE"}