{"Corrente":2.911000013,"Tensao":0,"Consumo":0.099550068,"Status":"REDE"}