{"CorrPlaca":0.819000006,"TensPlaca":25,"CorrRede":2.881999969,"TensRede":0.621999979,"ConsDiaPlaca":1132.266357,"ConsMesPlaca":1132.266357,"ConsDiaRede":304.5567322,"ConsMesRede":304.5567322,"Status":"REDE"}