{"CorrPlaca":0,"TensPlaca":0,"CorrRede":0.643000007,"TensRede":6.738999844,"ConsDiaPlaca":1.587435603,"ConsMesPlaca":1.587435603,"ConsDiaRede":169.634201,"ConsMesRede":169.634201,"Status":"REDE"}