{"CorrPlaca":0.177000001,"TensPlaca":3.191999912,"CorrRede":0.54400003,"TensRede":0,"ConsDiaPlaca":4883.023926,"ConsMesPlaca":4883.023926,"ConsDiaRede":429.50354,"ConsMesRede":429.50354,"Status":"REDE"}