{"CorrPlaca":0.074000001,"TensPlaca":6.721000195,"CorrRede":0.995000005,"TensRede":0.207000002,"ConsDiaPlaca":48.27944183,"ConsMesPlaca":48.27944183,"ConsDiaRede":16.41248703,"ConsMesRede":16.41248703,"Status":"REDE"}