{"CorrPlaca":0,"TensPlaca":0,"CorrRede":0.623000026,"TensRede":0.072999999,"ConsDiaPlaca":1.587435603,"ConsMesPlaca":1.587435603,"ConsDiaRede":188.8238525,"ConsMesRede":188.8238525,"Status":"REDE"}