{"CorrPlaca":5,"TensPlaca":25,"CorrRede":1.692999959,"TensRede":1.593000054,"ConsDiaPlaca":30972.05469,"ConsMesPlaca":30972.05469,"ConsDiaRede":1283.885864,"ConsMesRede":1283.885864,"Status":"REDE"}