{"Corrente":14.46700001,"Tensao":0,"Consumo":1.197687745,"Status":"REDE"}