{"corrente":0.722000003,"tensao":0.666000009,"consumo":0.032700598}