{"CorrPlaca":1.598999977,"TensPlaca":18.11300087,"CorrRede":2.342999935,"TensRede":1.799999952,"ConsDiaPlaca":750.0506592,"ConsMesPlaca":750.0506592,"ConsDiaRede":298.2702942,"ConsMesRede":298.2702942,"Status":"REDE"}