{"CorrPlaca":1.738999963,"TensPlaca":18.04000092,"CorrRede":2.621999979,"TensRede":5.285999775,"ConsDiaPlaca":3901.074707,"ConsMesPlaca":3901.074707,"ConsDiaRede":1215.755249,"ConsMesRede":1215.755249,"Status":"REDE"}