{"Corrente":14.33100033,"Tensao":2.278000116,"Consumo":4.376732826,"Status":"REDE"}