{"CorrPlaca":0.02,"TensPlaca":6.709000111,"CorrRede":0.802999973,"TensRede":0.122000001,"ConsDiaPlaca":87.6868515,"ConsMesPlaca":87.6868515,"ConsDiaRede":43.88721085,"ConsMesRede":43.88721085,"Status":"REDE"}