{"CorrPlaca":0.467999995,"TensPlaca":18.08300018,"CorrRede":1.610000014,"TensRede":0,"ConsDiaPlaca":1160.98999,"ConsMesPlaca":1160.98999,"ConsDiaRede":360.4177246,"ConsMesRede":360.4177246,"Status":"REDE"}