{"CorrPlaca":1.15199995,"TensPlaca":18.13699913,"CorrRede":2.035000086,"TensRede":0,"ConsDiaPlaca":1836.575439,"ConsMesPlaca":1836.575439,"ConsDiaRede":566.3309326,"ConsMesRede":566.3309326,"Status":"REDE"}