{"CorrPlaca":0.057999998,"TensPlaca":6.684000015,"CorrRede":0.89200002,"TensRede":0.286000013,"ConsDiaPlaca":80.29512787,"ConsMesPlaca":80.29512787,"ConsDiaRede":30.77676201,"ConsMesRede":30.77676201,"Status":"REDE"}