{"CorrPlaca":2.351000071,"TensPlaca":25,"CorrRede":3.89199996,"TensRede":3.901000023,"ConsDiaPlaca":966.1275635,"ConsMesPlaca":966.1275635,"ConsDiaRede":275.533783,"ConsMesRede":275.533783,"Status":"REDE"}