{"CorrPlaca":0,"TensPlaca":6.727000237,"CorrRede":0.833000004,"TensRede":0.505999982,"ConsDiaPlaca":1.522501469,"ConsMesPlaca":1.522501469,"ConsDiaRede":5.238914013,"ConsMesRede":5.238914013,"Status":"REDE"}