{"Corrente":0.416000009,"Tensao":1.284999967,"Consumo":0.006543794,"Status":"REDE"}