{"CorrPlaca":0.340000004,"TensPlaca":18.05200005,"CorrRede":1.425999999,"TensRede":0,"ConsDiaPlaca":17.10843086,"ConsMesPlaca":17.10843086,"ConsDiaRede":8.606126785,"ConsMesRede":8.606126785,"Status":"REDE"}