{"CorrPlaca":0,"TensPlaca":0,"CorrRede":0.582000017,"TensRede":0,"ConsDiaPlaca":1.587435603,"ConsMesPlaca":1.587435603,"ConsDiaRede":21.21916771,"ConsMesRede":21.21916771,"Status":"REDE"}