{"CorrPlaca":0.018999999,"TensPlaca":6.56799984,"CorrRede":0.861999989,"TensRede":0.621999979,"ConsDiaPlaca":1.410824776,"ConsMesPlaca":1.410824776,"ConsDiaRede":2.935868263,"ConsMesRede":2.935868263,"Status":"REDE"}