{"corrente":1.815999985,"tensao":10.01799965,"consumo":0.381006062}