{"Corrente":2.289999962,"Tensao":29.37000084,"Consumo":0.283177495,"Status":"PLACA"}