{"CorrPlaca":5,"TensPlaca":25,"CorrRede":1.835000038,"TensRede":5.512000084,"ConsDiaPlaca":12152.73047,"ConsMesPlaca":12152.73047,"ConsDiaRede":374.3930054,"ConsMesRede":374.3930054,"Status":"REDE"}