{"CorrPlaca":0.282000005,"TensPlaca":18.14999962,"CorrRede":1.449000001,"TensRede":0,"ConsDiaPlaca":2745.243896,"ConsMesPlaca":2745.243896,"ConsDiaRede":851.9953613,"ConsMesRede":851.9953613,"Status":"REDE"}