{"CorrPlaca":0.046999998,"TensPlaca":6.519999981,"CorrRede":0.99000001,"TensRede":0.158000007,"ConsDiaPlaca":49.29092407,"ConsMesPlaca":49.29092407,"ConsDiaRede":16.79051971,"ConsMesRede":16.79051971,"Status":"REDE"}