{"CorrPlaca":0.013,"TensPlaca":6.732999802,"CorrRede":0.839999974,"TensRede":0.213,"ConsDiaPlaca":85.81350708,"ConsMesPlaca":85.81350708,"ConsDiaRede":39.11049652,"ConsMesRede":39.11049652,"Status":"REDE"}