{"Corrente":172.2460022,"Tensao":26.3010006,"Consumo":17.88542175,"Status":"PLACA"}