{"CorrPlaca":0.041999999,"TensPlaca":6.703000069,"CorrRede":0.822000027,"TensRede":0.201000005,"ConsDiaPlaca":87.48745728,"ConsMesPlaca":87.48745728,"ConsDiaRede":43.25903702,"ConsMesRede":43.25903702,"Status":"REDE"}