{"CorrPlaca":0.057999998,"TensPlaca":6.544000149,"CorrRede":0.967999995,"TensRede":0.177000001,"ConsDiaPlaca":55.41712189,"ConsMesPlaca":55.41712189,"ConsDiaRede":19.727314,"ConsMesRede":19.727314,"Status":"REDE"}