{"CorrPlaca":5,"TensPlaca":25,"CorrRede":0.493999988,"TensRede":0,"ConsDiaPlaca":18749.91016,"ConsMesPlaca":18749.91016,"ConsDiaRede":703.694397,"ConsMesRede":703.694397,"Status":"REDE"}