{"corrente":0.111000001,"tensao":3.234999895,"consumo":0.378422558}