{"CorrPlaca":0.02,"TensPlaca":6.677999973,"CorrRede":0.825999975,"TensRede":0.280000001,"ConsDiaPlaca":87.54869843,"ConsMesPlaca":87.54869843,"ConsDiaRede":43.4765892,"ConsMesRede":43.4765892,"Status":"REDE"}