{"CorrPlaca":5,"TensPlaca":0,"CorrRede":1.047999978,"TensRede":1.476999998,"ConsDiaPlaca":6734.087891,"ConsMesPlaca":6734.087891,"ConsDiaRede":517.293457,"ConsMesRede":517.293457,"Status":"REDE"}