{"CorrPlaca":0,"TensPlaca":6.544000149,"CorrRede":0.796999991,"TensRede":0.122000001,"ConsDiaPlaca":87.64395142,"ConsMesPlaca":87.64395142,"ConsDiaRede":43.59365082,"ConsMesRede":43.59365082,"Status":"REDE"}