{"CorrPlaca":5,"TensPlaca":25,"CorrRede":1.246999979,"TensRede":2.819999933,"ConsDiaPlaca":23506.82422,"ConsMesPlaca":23506.82422,"ConsDiaRede":926.8873901,"ConsMesRede":926.8873901,"Status":"REDE"}