{"CorrPlaca":0.848999977,"TensPlaca":3.118999958,"CorrRede":1.097000003,"TensRede":2.130000114,"ConsDiaPlaca":146.62323,"ConsMesPlaca":146.62323,"ConsDiaRede":140.278244,"ConsMesRede":140.278244,"Status":"REDE"}