{"CorrPlaca":5,"TensPlaca":25,"CorrRede":0.73299998,"TensRede":0.694999993,"ConsDiaPlaca":20902.67383,"ConsMesPlaca":20902.67383,"ConsDiaRede":802.1385498,"ConsMesRede":802.1385498,"Status":"REDE"}