{"Corrente":2.197999954,"Tensao":0,"Consumo":0.070479967,"Status":"REDE"}