{"Corrente":3.631999969,"Tensao":0,"Consumo":0.057277199,"Status":"REDE"}