{"CorrPlaca":2.15199995,"TensPlaca":18.06999969,"CorrRede":2.782000065,"TensRede":4.084000111,"ConsDiaPlaca":672.7625122,"ConsMesPlaca":672.7625122,"ConsDiaRede":275.1005249,"ConsMesRede":275.1005249,"Status":"REDE"}