{"CorrPlaca":0.025,"TensPlaca":0.818000019,"CorrRede":0.578999996,"TensRede":0.665000021,"ConsDiaPlaca":0.005680555,"ConsMesPlaca":0.005680555,"ConsDiaRede":0.473228902,"ConsMesRede":0.473228902,"Status":"REDE"}