{"CorrPlaca":5,"TensPlaca":25,"CorrRede":0.546999991,"TensRede":0,"ConsDiaPlaca":16354.0918,"ConsMesPlaca":16354.0918,"ConsDiaRede":574.5696411,"ConsMesRede":574.5696411,"Status":"REDE"}