{"CorrPlaca":3.095000029,"TensPlaca":18.15600014,"CorrRede":3.631999969,"TensRede":9.32199955,"ConsDiaPlaca":1727.758423,"ConsMesPlaca":1727.758423,"ConsDiaRede":777.4416504,"ConsMesRede":777.4416504,"Status":"REDE"}