{"CorrPlaca":0.275000006,"TensPlaca":18.06999969,"CorrRede":1.460999966,"TensRede":0,"ConsDiaPlaca":2262.839355,"ConsMesPlaca":2262.839355,"ConsDiaRede":706.6740112,"ConsMesRede":706.6740112,"Status":"REDE"}