{"CorrPlaca":1.940000057,"TensPlaca":25,"CorrRede":3.230999947,"TensRede":0.818000019,"ConsDiaPlaca":369.342926,"ConsMesPlaca":369.342926,"ConsDiaRede":186.6651611,"ConsMesRede":186.6651611,"Status":"REDE"}