{"Corrente":2.286000013,"Tensao":0,"Consumo":0.070479967,"Status":"REDE"}