{"CorrPlaca":0,"TensPlaca":0.726000011,"CorrRede":0.421000004,"TensRede":0.488000005,"ConsDiaPlaca":0.014104721,"ConsMesPlaca":0.014104721,"ConsDiaRede":0.910661221,"ConsMesRede":0.910661221,"Status":"REDE"}