{"Corrente":170.246994,"Tensao":25.84499931,"Consumo":19.42438316,"Status":"PLACA"}