{"Corrente":0.477999985,"Tensao":0,"Consumo":0.000573213,"Status":"REDE"}