{"CorrPlaca":2.951999903,"TensPlaca":18.01499939,"CorrRede":3.510999918,"TensRede":7.576000214,"ConsDiaPlaca":1395.892456,"ConsMesPlaca":1395.892456,"ConsDiaRede":445.3201294,"ConsMesRede":445.3201294,"Status":"REDE"}