{"CorrPlaca":0.179000005,"TensPlaca":18.11300087,"CorrRede":1.432999969,"TensRede":0.768999994,"ConsDiaPlaca":2739.515869,"ConsMesPlaca":2739.515869,"ConsDiaRede":1087.13147,"ConsMesRede":1087.13147,"Status":"REDE"}