{"CorrPlaca":0,"TensPlaca":6.738999844,"CorrRede":0.875999987,"TensRede":0.177000001,"ConsDiaPlaca":81.0842514,"ConsMesPlaca":81.0842514,"ConsDiaRede":31.43642998,"ConsMesRede":31.43642998,"Status":"REDE"}