{"CorrPlaca":2.226999998,"TensPlaca":18.06999969,"CorrRede":2.887000084,"TensRede":4.638999939,"ConsDiaPlaca":1256.351196,"ConsMesPlaca":1256.351196,"ConsDiaRede":558.3337402,"ConsMesRede":558.3337402,"Status":"REDE"}