{"CorrPlaca":0.231000006,"TensPlaca":18.06999969,"CorrRede":1.406000018,"TensRede":0,"ConsDiaPlaca":4908.302734,"ConsMesPlaca":4908.302734,"ConsDiaRede":1518.737793,"ConsMesRede":1518.737793,"Status":"REDE"}