{"CorrPlaca":0,"TensPlaca":18.05800056,"CorrRede":1.222000003,"TensRede":0,"ConsDiaPlaca":578.0145874,"ConsMesPlaca":578.0145874,"ConsDiaRede":239.4255066,"ConsMesRede":239.4255066,"Status":"REDE"}