{"CorrPlaca":0.026000001,"TensPlaca":3.204999924,"CorrRede":0.538999975,"TensRede":0.097000003,"ConsDiaPlaca":4884.643555,"ConsMesPlaca":4884.643555,"ConsDiaRede":430.0459595,"ConsMesRede":430.0459595,"Status":"REDE"}