{"CorrPlaca":5,"TensPlaca":25,"CorrRede":2.25999999,"TensRede":4.290999889,"ConsDiaPlaca":14583.26953,"ConsMesPlaca":14583.26953,"ConsDiaRede":494.3265076,"ConsMesRede":494.3265076,"Status":"REDE"}