{"CorrPlaca":5,"TensPlaca":25,"CorrRede":0.671999991,"TensRede":0,"ConsDiaPlaca":17256.86328,"ConsMesPlaca":17256.86328,"ConsDiaRede":613.6599121,"ConsMesRede":613.6599121,"Status":"REDE"}