{"CorrPlaca":0.785000026,"TensPlaca":18.06999969,"CorrRede":1.736999989,"TensRede":0,"ConsDiaPlaca":1702.792847,"ConsMesPlaca":1702.792847,"ConsDiaRede":763.331665,"ConsMesRede":763.331665,"Status":"REDE"}