{"CorrPlaca":0.703000009,"TensPlaca":4.620999813,"CorrRede":1.182999969,"TensRede":3.631999969,"ConsDiaPlaca":70.3671875,"ConsMesPlaca":70.3671875,"ConsDiaRede":62.13941193,"ConsMesRede":62.13941193,"Status":"REDE"}