{"CorrPlaca":0.268000007,"TensPlaca":18.09499931,"CorrRede":1.427000046,"TensRede":0,"ConsDiaPlaca":3513.745361,"ConsMesPlaca":3513.745361,"ConsDiaRede":1098.396973,"ConsMesRede":1098.396973,"Status":"REDE"}