{"CorrPlaca":5,"TensPlaca":25,"CorrRede":1.554999948,"TensRede":0,"ConsDiaPlaca":6768.810059,"ConsMesPlaca":6768.810059,"ConsDiaRede":522.9978027,"ConsMesRede":522.9978027,"Status":"REDE"}