{"CorrPlaca":5,"TensPlaca":15.62199974,"CorrRede":1.583999991,"TensRede":0.377999991,"ConsDiaPlaca":6018.506836,"ConsMesPlaca":6018.506836,"ConsDiaRede":488.9292603,"ConsMesRede":488.9292603,"Status":"REDE"}