{"CorrPlaca":1.919999957,"TensPlaca":18.06999969,"CorrRede":2.717000008,"TensRede":6.379000187,"ConsDiaPlaca":4989.701172,"ConsMesPlaca":4989.701172,"ConsDiaRede":1964.190918,"ConsMesRede":1964.190918,"Status":"REDE"}