{"Corrente":0.47299999,"Tensao":0.324999988,"Consumo":0.000573213,"Status":"REDE"}