{"CorrPlaca":5,"TensPlaca":25,"CorrRede":0.916000009,"TensRede":1.422000051,"ConsDiaPlaca":16701.3125,"ConsMesPlaca":16701.3125,"ConsDiaRede":590.9411011,"ConsMesRede":590.9411011,"Status":"REDE"}