{"corrente":0.731999993,"tensao":1.952999949,"consumo":0.022059431}