{"CorrPlaca":0.824000001,"TensPlaca":3.204999924,"CorrRede":1.072000027,"TensRede":1.848999977,"ConsDiaPlaca":123.8918076,"ConsMesPlaca":123.8918076,"ConsDiaRede":120.5325012,"ConsMesRede":120.5325012,"Status":"REDE"}