{"CorrPlaca":0.057999998,"TensPlaca":6.580999851,"CorrRede":0.973999977,"TensRede":0,"ConsDiaPlaca":59.11537552,"ConsMesPlaca":59.11537552,"ConsDiaRede":21.72572708,"ConsMesRede":21.72572708,"Status":"REDE"}