{"CorrPlaca":0,"TensPlaca":18.09499931,"CorrRede":1.129999995,"TensRede":0,"ConsDiaPlaca":384.6092529,"ConsMesPlaca":384.6092529,"ConsDiaRede":148.4866028,"ConsMesRede":148.4866028,"Status":"REDE"}