{"CorrPlaca":0.623000026,"TensPlaca":18.10700035,"CorrRede":1.675999999,"TensRede":0,"ConsDiaPlaca":4513.085938,"ConsMesPlaca":4513.085938,"ConsDiaRede":1413.433838,"ConsMesRede":1413.433838,"Status":"REDE"}