{"CorrPlaca":0.012,"TensPlaca":6.671999931,"CorrRede":0.838,"TensRede":0.224999994,"ConsDiaPlaca":86.04569244,"ConsMesPlaca":86.04569244,"ConsDiaRede":39.52640915,"ConsMesRede":39.52640915,"Status":"REDE"}