{"CorrPlaca":2.299000025,"TensPlaca":18.06999969,"CorrRede":2.948999882,"TensRede":4.938000202,"ConsDiaPlaca":1098.673096,"ConsMesPlaca":1098.673096,"ConsDiaRede":484.7156067,"ConsMesRede":484.7156067,"Status":"REDE"}