{"CorrPlaca":5,"TensPlaca":25,"CorrRede":2.444999933,"TensRede":5.578999996,"ConsDiaPlaca":14895.76758,"ConsMesPlaca":14895.76758,"ConsDiaRede":505.1534424,"ConsMesRede":505.1534424,"Status":"REDE"}