{"CorrPlaca":0.041000001,"TensPlaca":6.550000191,"CorrRede":0.941999972,"TensRede":0.194999993,"ConsDiaPlaca":61.88504791,"ConsMesPlaca":61.88504791,"ConsDiaRede":23.14442062,"ConsMesRede":23.14442062,"Status":"REDE"}