{"Corrente":4.914000034,"Tensao":30.20700073,"Consumo":0.422664434,"Status":"PLACA"}