{"CorrPlaca":5,"TensPlaca":18.23500061,"CorrRede":1.398000002,"TensRede":1.335999966,"ConsDiaPlaca":9322.694336,"ConsMesPlaca":9322.694336,"ConsDiaRede":530.5975342,"ConsMesRede":530.5975342,"Status":"REDE"}