{"CorrPlaca":1.970999956,"TensPlaca":18.15600014,"CorrRede":2.621000051,"TensRede":2.734999895,"ConsDiaPlaca":2229.4104,"ConsMesPlaca":2229.4104,"ConsDiaRede":699.40271,"ConsMesRede":699.40271,"Status":"REDE"}