{"Corrente":0.356999993,"Tensao":0,"Consumo":0.053693287,"Status":"REDE"}