{"CorrPlaca":0.166999996,"TensPlaca":18.15600014,"CorrRede":1.386999965,"TensRede":0.781000018,"ConsDiaPlaca":3997.321045,"ConsMesPlaca":3997.321045,"ConsDiaRede":1551.651611,"ConsMesRede":1551.651611,"Status":"REDE"}