{"CorrPlaca":0.813000023,"TensPlaca":3.118999958,"CorrRede":1.128000021,"TensRede":2.71600008,"ConsDiaPlaca":173.9606476,"ConsMesPlaca":173.9606476,"ConsDiaRede":161.2156219,"ConsMesRede":161.2156219,"Status":"REDE"}