{"CorrPlaca":5,"TensPlaca":25,"CorrRede":1.952000022,"TensRede":6.037000179,"ConsDiaPlaca":32569.26563,"ConsMesPlaca":32569.26563,"ConsDiaRede":1335.266113,"ConsMesRede":1335.266113,"Status":"REDE"}