{"CorrPlaca":0.536000013,"TensPlaca":18.16799927,"CorrRede":1.625,"TensRede":0,"ConsDiaPlaca":603.4331055,"ConsMesPlaca":603.4331055,"ConsDiaRede":273.8158569,"ConsMesRede":273.8158569,"Status":"REDE"}