{"Corrente":174.4660034,"Tensao":3.677999973,"Consumo":1.4840343,"Status":"REDE"}