{"Corrente":14.46199989,"Tensao":0.519999981,"Consumo":6.752453327,"Status":"REDE"}