{"Corrente":14.11600018,"Tensao":14.72900009,"Consumo":4.440500736,"Status":"PLACA"}