{"CorrPlaca":0.540000021,"TensPlaca":18.06999969,"CorrRede":1.756999969,"TensRede":1.366999984,"ConsDiaPlaca":4656.098633,"ConsMesPlaca":4656.098633,"ConsDiaRede":1452.708008,"ConsMesRede":1452.708008,"Status":"REDE"}