{"CorrPlaca":5,"TensPlaca":25,"CorrRede":2.029999971,"TensRede":2.062999964,"ConsDiaPlaca":1770.834229,"ConsMesPlaca":1770.834229,"ConsDiaRede":93.2806778,"ConsMesRede":93.2806778,"Status":"REDE"}