{"CorrPlaca":0.510999978,"TensPlaca":18.06399918,"CorrRede":1.677999973,"TensRede":1.940999985,"ConsDiaPlaca":1959.548218,"ConsMesPlaca":1959.548218,"ConsDiaRede":782.3674927,"ConsMesRede":782.3674927,"Status":"REDE"}