{"CorrPlaca":0,"TensPlaca":0.774999976,"CorrRede":0.51700002,"TensRede":0.286000013,"ConsDiaPlaca":0.005104722,"ConsMesPlaca":0.005104722,"ConsDiaRede":0.363278896,"ConsMesRede":0.363278896,"Status":"REDE"}