{"CorrPlaca":5,"TensPlaca":25,"CorrRede":1.427000046,"TensRede":2.819999933,"ConsDiaPlaca":33194.26172,"ConsMesPlaca":33194.26172,"ConsDiaRede":1372.08374,"ConsMesRede":1372.08374,"Status":"REDE"}