{"CorrPlaca":2.332000017,"TensPlaca":18.05200005,"CorrRede":3.019000053,"TensRede":7.637000084,"ConsDiaPlaca":1915.157349,"ConsMesPlaca":1915.157349,"ConsDiaRede":771.0394897,"ConsMesRede":771.0394897,"Status":"REDE"}