{"CorrPlaca":0,"TensPlaca":6.709000111,"CorrRede":0.86500001,"TensRede":0.31099999,"ConsDiaPlaca":85.08203888,"ConsMesPlaca":85.08203888,"ConsDiaRede":37.36048508,"ConsMesRede":37.36048508,"Status":"REDE"}