{"CorrPlaca":5,"TensPlaca":25,"CorrRede":3.532000065,"TensRede":2.135999918,"ConsDiaPlaca":1590.17627,"ConsMesPlaca":1590.17627,"ConsDiaRede":342.661377,"ConsMesRede":342.661377,"Status":"REDE"}