{"CorrPlaca":1.853999972,"TensPlaca":25,"CorrRede":3.680000067,"TensRede":3.479000092,"ConsDiaPlaca":1126.578857,"ConsMesPlaca":1126.578857,"ConsDiaRede":304.0587769,"ConsMesRede":304.0587769,"Status":"REDE"}