{"Corrente":14.57999992,"Tensao":27.56999969,"Consumo":2.548830271,"Status":"PLACA"}