{"CorrPlaca":0,"TensPlaca":3.22300005,"CorrRede":0.252000004,"TensRede":0,"ConsDiaPlaca":167.6712036,"ConsMesPlaca":167.6712036,"ConsDiaRede":155.5170288,"ConsMesRede":155.5170288,"Status":"REDE"}