{"CorrPlaca":0,"TensPlaca":0,"CorrRede":0.568000019,"TensRede":0.017999999,"ConsDiaPlaca":1.587435603,"ConsMesPlaca":1.587435603,"ConsDiaRede":17.46327972,"ConsMesRede":17.46327972,"Status":"REDE"}