{"Corrente":14.375,"Tensao":3.905999899,"Consumo":4.083676338,"Status":"REDE"}