{"CorrPlaca":0,"TensPlaca":0,"CorrRede":0.603999972,"TensRede":0.048,"ConsDiaPlaca":1.587435603,"ConsMesPlaca":1.587435603,"ConsDiaRede":188.8840637,"ConsMesRede":188.8840637,"Status":"REDE"}