{"CorrPlaca":0.545000017,"TensPlaca":18.08300018,"CorrRede":1.735000014,"TensRede":2.344000101,"ConsDiaPlaca":4292.980469,"ConsMesPlaca":4292.980469,"ConsDiaRede":1670.553955,"ConsMesRede":1670.553955,"Status":"REDE"}