{"Corrente":14.57499981,"Tensao":1.562000036,"Consumo":1.00026083,"Status":"REDE"}