{"CorrPlaca":0,"TensPlaca":0,"CorrRede":0.252999991,"TensRede":0.029999999,"ConsDiaPlaca":4909.9375,"ConsMesPlaca":4909.9375,"ConsDiaRede":474.0308838,"ConsMesRede":474.0308838,"Status":"REDE"}