{"CorrPlaca":0,"TensPlaca":0,"CorrRede":0.575999975,"TensRede":0.134000003,"ConsDiaPlaca":1.587435603,"ConsMesPlaca":1.587435603,"ConsDiaRede":21.4162674,"ConsMesRede":21.4162674,"Status":"REDE"}