{"CorrPlaca":5,"TensPlaca":25,"CorrRede":0.527999997,"TensRede":0,"ConsDiaPlaca":28333.18164,"ConsMesPlaca":28333.18164,"ConsDiaRede":1158.288086,"ConsMesRede":1158.288086,"Status":"REDE"}