{"CorrPlaca":5,"TensPlaca":18.13699913,"CorrRede":1.067000031,"TensRede":0,"ConsDiaPlaca":9825.601563,"ConsMesPlaca":9825.601563,"ConsDiaRede":534.5064087,"ConsMesRede":534.5064087,"Status":"REDE"}