{"CorrPlaca":2.286000013,"TensPlaca":18.04000092,"CorrRede":2.994999886,"TensRede":7.576000214,"ConsDiaPlaca":1554.381226,"ConsMesPlaca":1554.381226,"ConsDiaRede":632.5367432,"ConsMesRede":632.5367432,"Status":"REDE"}