{"Corrente":168.322998,"Tensao":24.98200035,"Consumo":11.01270103,"Status":"PLACA"}