{"CorrPlaca":0,"TensPlaca":18.06399918,"CorrRede":1.172999978,"TensRede":0,"ConsDiaPlaca":4773.241699,"ConsMesPlaca":4773.241699,"ConsDiaRede":1867.403809,"ConsMesRede":1867.403809,"Status":"REDE"}