{"CorrPlaca":5,"TensPlaca":3.03399992,"CorrRede":0.675000012,"TensRede":0.921000004,"ConsDiaPlaca":6677.092285,"ConsMesPlaca":6677.092285,"ConsDiaRede":508.3514099,"ConsMesRede":508.3514099,"Status":"REDE"}