{"CorrPlaca":0.492000014,"TensPlaca":18.04000092,"CorrRede":1.722000003,"TensRede":1.776000023,"ConsDiaPlaca":659.1415405,"ConsMesPlaca":659.1415405,"ConsDiaRede":271.9444885,"ConsMesRede":271.9444885,"Status":"REDE"}