{"CorrPlaca":0,"TensPlaca":0,"CorrRede":0.623000026,"TensRede":6.653999805,"ConsDiaPlaca":1.587435603,"ConsMesPlaca":1.587435603,"ConsDiaRede":23.71183968,"ConsMesRede":23.71183968,"Status":"REDE"}