{"CorrPlaca":0.002,"TensPlaca":6.56799984,"CorrRede":0.852999985,"TensRede":0.188999996,"ConsDiaPlaca":83.37008667,"ConsMesPlaca":83.37008667,"ConsDiaRede":34.09498215,"ConsMesRede":34.09498215,"Status":"REDE"}