{"CorrPlaca":0,"TensPlaca":18.0890007,"CorrRede":1.307000041,"TensRede":0,"ConsDiaPlaca":167.5886078,"ConsMesPlaca":167.5886078,"ConsDiaRede":59.14099121,"ConsMesRede":59.14099121,"Status":"REDE"}