{"CorrPlaca":5,"TensPlaca":25,"CorrRede":2.073999882,"TensRede":3.112999916,"ConsDiaPlaca":14965.21191,"ConsMesPlaca":14965.21191,"ConsDiaRede":511.7451172,"ConsMesRede":511.7451172,"Status":"REDE"}