{"CorrPlaca":0.31099999,"TensPlaca":18.04599953,"CorrRede":1.386999965,"TensRede":0,"ConsDiaPlaca":4451.094727,"ConsMesPlaca":4451.094727,"ConsDiaRede":1733.146362,"ConsMesRede":1733.146362,"Status":"REDE"}