{"CorrPlaca":0,"TensPlaca":18.0890007,"CorrRede":1.167000055,"TensRede":0,"ConsDiaPlaca":4122.888672,"ConsMesPlaca":4122.888672,"ConsDiaRede":1600.447998,"ConsMesRede":1600.447998,"Status":"REDE"}