{"CorrPlaca":3.107000113,"TensPlaca":18.05800056,"CorrRede":3.654000044,"TensRede":9.223999977,"ConsDiaPlaca":1301.234863,"ConsMesPlaca":1301.234863,"ConsDiaRede":583.8165283,"ConsMesRede":583.8165283,"Status":"REDE"}