{"CorrPlaca":0,"TensPlaca":0,"CorrRede":0.65200001,"TensRede":6.671999931,"ConsDiaPlaca":1.587435603,"ConsMesPlaca":1.587435603,"ConsDiaRede":33.1479454,"ConsMesRede":33.1479454,"Status":"REDE"}