{"CorrPlaca":2.865999937,"TensPlaca":18.09499931,"CorrRede":3.362999916,"TensRede":7.130000114,"ConsDiaPlaca":3099.330811,"ConsMesPlaca":3099.330811,"ConsDiaRede":955.105957,"ConsMesRede":955.105957,"Status":"REDE"}