{"CorrPlaca":5,"TensPlaca":25,"CorrRede":2.450000048,"TensRede":6.000999928,"ConsDiaPlaca":27152.63477,"ConsMesPlaca":27152.63477,"ConsDiaRede":1097.75708,"ConsMesRede":1097.75708,"Status":"REDE"}