{"CorrPlaca":0.335999995,"TensPlaca":18.05200005,"CorrRede":1.565000057,"TensRede":0,"ConsDiaPlaca":1734.404907,"ConsMesPlaca":1734.404907,"ConsDiaRede":538.9697266,"ConsMesRede":538.9697266,"Status":"REDE"}