{"Corrente":0,"Tensao":0.970000029,"Consumo":8.655833881e-6,"Status":"REDE"}