{"CorrPlaca":3.446000099,"TensPlaca":3.180000067,"CorrRede":2.434000015,"TensRede":9.737000465,"ConsDiaPlaca":4896.607422,"ConsMesPlaca":4896.607422,"ConsDiaRede":450.9382629,"ConsMesRede":450.9382629,"Status":"REDE"}