{"CorrPlaca":0.067000002,"TensPlaca":6.727000237,"CorrRede":0.907000005,"TensRede":0.305000007,"ConsDiaPlaca":78.91067505,"ConsMesPlaca":78.91067505,"ConsDiaRede":29.8109169,"ConsMesRede":29.8109169,"Status":"REDE"}