{"CorrPlaca":0,"TensPlaca":6.684000015,"CorrRede":0.781000018,"TensRede":0.273999989,"ConsDiaPlaca":1.587435603,"ConsMesPlaca":1.587435603,"ConsDiaRede":20.20836067,"ConsMesRede":20.20836067,"Status":"REDE"}