{"CorrPlaca":0.014,"TensPlaca":18.10700035,"CorrRede":1.315000057,"TensRede":0.140000001,"ConsDiaPlaca":1475.586914,"ConsMesPlaca":1475.586914,"ConsDiaRede":665.9591064,"ConsMesRede":665.9591064,"Status":"REDE"}