{"CorrPlaca":0,"TensPlaca":0,"CorrRede":0.588,"TensRede":0.177000001,"ConsDiaPlaca":1.587435603,"ConsMesPlaca":1.587435603,"ConsDiaRede":17.37546539,"ConsMesRede":17.37546539,"Status":"REDE"}