{"CorrPlaca":0.467000008,"TensPlaca":18.13699913,"CorrRede":1.667000055,"TensRede":1.886000037,"ConsDiaPlaca":3616.60498,"ConsMesPlaca":3616.60498,"ConsDiaRede":1412.866577,"ConsMesRede":1412.866577,"Status":"REDE"}