{"corrente":0.021,"tensao":3.362999916,"consumo":0.241285563}