{"Corrente":0,"Tensao":0.908999979,"Consumo":8.655833881e-6,"Status":"REDE"}