{"CorrPlaca":0,"TensPlaca":0,"CorrRede":0.148000002,"TensRede":0,"ConsDiaPlaca":35340.04688,"ConsMesPlaca":35340.04688,"ConsDiaRede":1449.747559,"ConsMesRede":1449.747559,"Status":"REDE"}