{"CorrPlaca":0.001,"TensPlaca":6.659999847,"CorrRede":0.875,"TensRede":0.213,"ConsDiaPlaca":81.43986511,"ConsMesPlaca":81.43986511,"ConsDiaRede":31.94275475,"ConsMesRede":31.94275475,"Status":"REDE"}