{"CorrPlaca":0,"TensPlaca":3.069999933,"CorrRede":0.331999987,"TensRede":0,"ConsDiaPlaca":118.9064865,"ConsMesPlaca":118.9064865,"ConsDiaRede":115.3450089,"ConsMesRede":115.3450089,"Status":"REDE"}