{"CorrPlaca":0.411000013,"TensPlaca":18.16200066,"CorrRede":1.649000049,"TensRede":0.995000005,"ConsDiaPlaca":347.1492615,"ConsMesPlaca":347.1492615,"ConsDiaRede":158.1069946,"ConsMesRede":158.1069946,"Status":"REDE"}