{"Corrente":0,"Tensao":0.409000009,"Consumo":0.07707084,"Status":"REDE"}