{"CorrPlaca":5,"TensPlaca":25,"CorrRede":0.917999983,"TensRede":1.54400003,"ConsDiaPlaca":27326.24414,"ConsMesPlaca":27326.24414,"ConsDiaRede":1107.515503,"ConsMesRede":1107.515503,"Status":"REDE"}