{"CorrPlaca":5,"TensPlaca":25,"CorrRede":0.648000002,"TensRede":0.518000007,"ConsDiaPlaca":1562.500732,"ConsMesPlaca":1562.500732,"ConsDiaRede":91.58076477,"ConsMesRede":91.58076477,"Status":"REDE"}