{"CorrPlaca":0.433999985,"TensPlaca":18.05200005,"CorrRede":1.503999949,"TensRede":0,"ConsDiaPlaca":3215.933594,"ConsMesPlaca":3215.933594,"ConsDiaRede":995.6581421,"ConsMesRede":995.6581421,"Status":"REDE"}