{"CorrPlaca":0.046,"TensPlaca":18.06999969,"CorrRede":1.343000054,"TensRede":0.122000001,"ConsDiaPlaca":1534.270752,"ConsMesPlaca":1534.270752,"ConsDiaRede":696.2973633,"ConsMesRede":696.2973633,"Status":"REDE"}