{"CorrPlaca":0,"TensPlaca":0.81099999,"CorrRede":0.389999986,"TensRede":0.323000014,"ConsDiaPlaca":0.002339445,"ConsMesPlaca":0.002339445,"ConsDiaRede":0.62543112,"ConsMesRede":0.62543112,"Status":"REDE"}