{"CorrPlaca":0.713999987,"TensPlaca":2.765000105,"CorrRede":0.781000018,"TensRede":2.124000072,"ConsDiaPlaca":19.53872299,"ConsMesPlaca":19.53872299,"ConsDiaRede":14.76416206,"ConsMesRede":14.76416206,"Status":"REDE"}