{"CorrPlaca":2.444999933,"TensPlaca":18.06999969,"CorrRede":3.124000072,"TensRede":7.782999992,"ConsDiaPlaca":762.3232422,"ConsMesPlaca":762.3232422,"ConsDiaRede":305.0242004,"ConsMesRede":305.0242004,"Status":"REDE"}