{"CorrPlaca":0.875,"TensPlaca":3.118999958,"CorrRede":1.210999966,"TensRede":2.832000017,"ConsDiaPlaca":4908.848633,"ConsMesPlaca":4908.848633,"ConsDiaRede":472.4751282,"ConsMesRede":472.4751282,"Status":"REDE"}