{"CorrPlaca":2.174000025,"TensPlaca":18.13699913,"CorrRede":2.864000082,"TensRede":4.394999981,"ConsDiaPlaca":234.6043091,"ConsMesPlaca":234.6043091,"ConsDiaRede":83.68955994,"ConsMesRede":83.68955994,"Status":"REDE"}