{"CorrPlaca":0.449999988,"TensPlaca":18.06999969,"CorrRede":1.592000008,"TensRede":0,"ConsDiaPlaca":1145.879883,"ConsMesPlaca":1145.879883,"ConsDiaRede":356.0675964,"ConsMesRede":356.0675964,"Status":"REDE"}