{"CorrPlaca":1.47300005,"TensPlaca":25,"CorrRede":3.318000078,"TensRede":1.593000054,"ConsDiaPlaca":822.3359375,"ConsMesPlaca":822.3359375,"ConsDiaRede":254.1269073,"ConsMesRede":254.1269073,"Status":"REDE"}