{"CorrPlaca":5,"TensPlaca":25,"CorrRede":1.56099999,"TensRede":0.683000028,"ConsDiaPlaca":23576.26758,"ConsMesPlaca":23576.26758,"ConsDiaRede":930.7556152,"ConsMesRede":930.7556152,"Status":"REDE"}