{"CorrPlaca":0.078000002,"TensPlaca":6.715000153,"CorrRede":0.991999984,"TensRede":0.354000002,"ConsDiaPlaca":45.9203949,"ConsMesPlaca":45.9203949,"ConsDiaRede":15.26209831,"ConsMesRede":15.26209831,"Status":"REDE"}