{"CorrPlaca":0,"TensPlaca":0.799000025,"CorrRede":0.514999986,"TensRede":0.414999992,"ConsDiaPlaca":0,"ConsMesPlaca":0,"ConsDiaRede":0.997052491,"ConsMesRede":0.997052491,"Status":"REDE"}