{"CorrPlaca":0.662999988,"TensPlaca":6.538000107,"CorrRede":1.562000036,"TensRede":4.461999893,"ConsDiaPlaca":51.35967255,"ConsMesPlaca":51.35967255,"ConsDiaRede":44.54267883,"ConsMesRede":44.54267883,"Status":"REDE"}