{"CorrPlaca":0,"TensPlaca":6.544000149,"CorrRede":0.774999976,"TensRede":0.280000001,"ConsDiaPlaca":1.533571362,"ConsMesPlaca":1.533571362,"ConsDiaRede":15.95704269,"ConsMesRede":15.95704269,"Status":"REDE"}