{"CorrPlaca":2.086999893,"TensPlaca":18.06999969,"CorrRede":2.740999937,"TensRede":3.559000015,"ConsDiaPlaca":3327.846924,"ConsMesPlaca":3327.846924,"ConsDiaRede":1030.318359,"ConsMesRede":1030.318359,"Status":"REDE"}