{"CorrPlaca":0.754999995,"TensPlaca":18.0890007,"CorrRede":1.764000058,"TensRede":0,"ConsDiaPlaca":5367.077148,"ConsMesPlaca":5367.077148,"ConsDiaRede":1690.228882,"ConsMesRede":1690.228882,"Status":"REDE"}