{"CorrPlaca":0.116999999,"TensPlaca":6.732999802,"CorrRede":0.980000019,"TensRede":0.231000006,"ConsDiaPlaca":30.90463257,"ConsMesPlaca":30.90463257,"ConsDiaRede":9.881158829,"ConsMesRede":9.881158829,"Status":"REDE"}