{"CorrPlaca":5,"TensPlaca":25,"CorrRede":0.465999991,"TensRede":0,"ConsDiaPlaca":5451.383301,"ConsMesPlaca":5451.383301,"ConsDiaRede":184.8648682,"ConsMesRede":184.8648682,"Status":"REDE"}