{"CorrPlaca":0.273000002,"TensPlaca":18.06999969,"CorrRede":1.542999983,"TensRede":0.995000005,"ConsDiaPlaca":2625.25708,"ConsMesPlaca":2625.25708,"ConsDiaRede":1036.571289,"ConsMesRede":1036.571289,"Status":"REDE"}