{"CorrPlaca":5,"TensPlaca":25,"CorrRede":2.559000015,"TensRede":7.130000114,"ConsDiaPlaca":12743.00391,"ConsMesPlaca":12743.00391,"ConsDiaRede":410.0418091,"ConsMesRede":410.0418091,"Status":"REDE"}