{"CorrPlaca":5,"TensPlaca":0,"CorrRede":0.768000007,"TensRede":0.603999972,"ConsDiaPlaca":6428.564941,"ConsMesPlaca":6428.564941,"ConsDiaRede":499.0383911,"ConsMesRede":499.0383911,"Status":"REDE"}