{"CorrPlaca":0,"TensPlaca":0,"CorrRede":0.578000009,"TensRede":0.035999998,"ConsDiaPlaca":1.587435603,"ConsMesPlaca":1.587435603,"ConsDiaRede":17.5132122,"ConsMesRede":17.5132122,"Status":"REDE"}