{"Corrente":-3.332999945,"Tensao":0,"Consumo":0.289278239,"Status":"REDE"}