{"CorrPlaca":0.018999999,"TensPlaca":6.715000153,"CorrRede":0.879000008,"TensRede":0.201000005,"ConsDiaPlaca":81.21511841,"ConsMesPlaca":81.21511841,"ConsDiaRede":31.54178047,"ConsMesRede":31.54178047,"Status":"REDE"}