{"CorrPlaca":0.050999999,"TensPlaca":18.10700035,"CorrRede":1.305999994,"TensRede":0.389999986,"ConsDiaPlaca":2304.951172,"ConsMesPlaca":2304.951172,"ConsDiaRede":909.0907593,"ConsMesRede":909.0907593,"Status":"REDE"}