{"CorrPlaca":1.802999973,"TensPlaca":18.06999969,"CorrRede":2.609999895,"TensRede":6.019000053,"ConsDiaPlaca":3277.141113,"ConsMesPlaca":3277.141113,"ConsDiaRede":1285.81958,"ConsMesRede":1285.81958,"Status":"REDE"}