{"CorrPlaca":0.111000001,"TensPlaca":6.574999809,"CorrRede":0.99000001,"TensRede":0.273999989,"ConsDiaPlaca":16.2385025,"ConsMesPlaca":16.2385025,"ConsDiaRede":5.854752064,"ConsMesRede":5.854752064,"Status":"REDE"}