{"CorrPlaca":0.035999998,"TensPlaca":18.10099983,"CorrRede":1.230000019,"TensRede":0,"ConsDiaPlaca":3110.641113,"ConsMesPlaca":3110.641113,"ConsDiaRede":1229.51355,"ConsMesRede":1229.51355,"Status":"REDE"}