{"CorrPlaca":0.097000003,"TensPlaca":18.04599953,"CorrRede":1.269000053,"TensRede":0,"ConsDiaPlaca":4532.895508,"ConsMesPlaca":4532.895508,"ConsDiaRede":1766.720581,"ConsMesRede":1766.720581,"Status":"REDE"}