{"CorrPlaca":3.58100009,"TensPlaca":25,"CorrRede":2.420000076,"TensRede":3.704999924,"ConsDiaPlaca":30601.74414,"ConsMesPlaca":30601.74414,"ConsDiaRede":799.0308228,"ConsMesRede":799.0308228,"Status":"REDE"}