{"CorrPlaca":0,"TensPlaca":0.781000018,"CorrRede":0.409999996,"TensRede":0.097000003,"ConsDiaPlaca":0.004216944,"ConsMesPlaca":0.004216944,"ConsDiaRede":0.269202471,"ConsMesRede":0.269202471,"Status":"REDE"}