{"CorrPlaca":0.021,"TensPlaca":0.805000007,"CorrRede":0.611999989,"TensRede":2.086999893,"ConsDiaPlaca":0.004695833,"ConsMesPlaca":0.004695833,"ConsDiaRede":0.354790002,"ConsMesRede":0.354790002,"Status":"REDE"}