{"CorrPlaca":0,"TensPlaca":0.603999972,"CorrRede":0.550000012,"TensRede":0.347000003,"ConsDiaPlaca":0.002766667,"ConsMesPlaca":0.002766667,"ConsDiaRede":0.88961947,"ConsMesRede":0.88961947,"Status":"REDE"}