{"CorrPlaca":0,"TensPlaca":6.659999847,"CorrRede":0.745999992,"TensRede":0,"ConsDiaPlaca":1.587435603,"ConsMesPlaca":1.587435603,"ConsDiaRede":22.40946198,"ConsMesRede":22.40946198,"Status":"REDE"}