{"CorrPlaca":0.085000001,"TensPlaca":3.217000008,"CorrRede":0.714999974,"TensRede":0.676999986,"ConsDiaPlaca":4910.013672,"ConsMesPlaca":4910.013672,"ConsDiaRede":474.4856262,"ConsMesRede":474.4856262,"Status":"REDE"}