{"CorrPlaca":1.702000022,"TensPlaca":18.06999969,"CorrRede":2.404000044,"TensRede":2.319000006,"ConsDiaPlaca":2981.42749,"ConsMesPlaca":2981.42749,"ConsDiaRede":1180.090088,"ConsMesRede":1180.090088,"Status":"REDE"}