{"CorrPlaca":0,"TensPlaca":18.07600021,"CorrRede":1.172000051,"TensRede":0,"ConsDiaPlaca":3210.616211,"ConsMesPlaca":3210.616211,"ConsDiaRede":1268.274658,"ConsMesRede":1268.274658,"Status":"REDE"}