{"CorrPlaca":0.735000014,"TensPlaca":18.07600021,"CorrRede":1.873999953,"TensRede":1.648000002,"ConsDiaPlaca":1965.391602,"ConsMesPlaca":1965.391602,"ConsDiaRede":606.7716064,"ConsMesRede":606.7716064,"Status":"REDE"}