{"CorrPlaca":0.703999996,"TensPlaca":0,"CorrRede":0.236000001,"TensRede":0.151999995,"ConsDiaPlaca":78.09436798,"ConsMesPlaca":78.09436798,"ConsDiaRede":71.00884247,"ConsMesRede":71.00884247,"Status":"REDE"}