{"CorrPlaca":2.852999926,"TensPlaca":18.05200005,"CorrRede":3.453999996,"TensRede":8.887999535,"ConsDiaPlaca":1510.777954,"ConsMesPlaca":1510.777954,"ConsDiaRede":684.0748901,"ConsMesRede":684.0748901,"Status":"REDE"}