{"CorrPlaca":0.101999998,"TensPlaca":6.703000069,"CorrRede":0.985000014,"TensRede":0.213,"ConsDiaPlaca":46.72771072,"ConsMesPlaca":46.72771072,"ConsDiaRede":15.57894707,"ConsMesRede":15.57894707,"Status":"REDE"}