{"CorrPlaca":5,"TensPlaca":25,"CorrRede":2.382999897,"TensRede":4.505000114,"ConsDiaPlaca":10173.57617,"ConsMesPlaca":10173.57617,"ConsDiaRede":296.1893616,"ConsMesRede":296.1893616,"Status":"REDE"}