{"CorrPlaca":0.135000005,"TensPlaca":18.125,"CorrRede":1.411000013,"TensRede":0,"ConsDiaPlaca":5015.657227,"ConsMesPlaca":5015.657227,"ConsDiaRede":1562.003174,"ConsMesRede":1562.003174,"Status":"REDE"}