{"CorrPlaca":0,"TensPlaca":0.781000018,"CorrRede":0.414999992,"TensRede":0.012,"ConsDiaPlaca":0.010343335,"ConsMesPlaca":0.010343335,"ConsDiaRede":0.652482271,"ConsMesRede":0.652482271,"Status":"REDE"}