{"CorrPlaca":2.943000078,"TensPlaca":18.16200066,"CorrRede":3.450000048,"TensRede":8.736000061,"ConsDiaPlaca":1081.841919,"ConsMesPlaca":1081.841919,"ConsDiaRede":445.4814758,"ConsMesRede":445.4814758,"Status":"REDE"}