{"CorrPlaca":0,"TensPlaca":6.598999977,"CorrRede":0.73299998,"TensRede":0.012,"ConsDiaPlaca":1.587435603,"ConsMesPlaca":1.587435603,"ConsDiaRede":22.30444717,"ConsMesRede":22.30444717,"Status":"REDE"}