{"corrente":5,"tensao":4.242000103,"consumo":0.241089389}