{"CorrPlaca":5,"TensPlaca":25,"CorrRede":1.680999994,"TensRede":0.481999993,"ConsDiaPlaca":5243.05127,"ConsMesPlaca":5243.05127,"ConsDiaRede":181.318573,"ConsMesRede":181.318573,"Status":"REDE"}