{"CorrPlaca":5,"TensPlaca":25,"CorrRede":0.920000017,"TensRede":1.470999956,"ConsDiaPlaca":10451.35156,"ConsMesPlaca":10451.35156,"ConsDiaRede":308.928772,"ConsMesRede":308.928772,"Status":"REDE"}