{"CorrPlaca":0.064999998,"TensPlaca":18.06999969,"CorrRede":1.322000027,"TensRede":0,"ConsDiaPlaca":234.9305725,"ConsMesPlaca":234.9305725,"ConsDiaRede":83.68955994,"ConsMesRede":83.68955994,"Status":"REDE"}