{"Corrente":0.391000003,"Tensao":6.037000179,"Consumo":0.054755248,"Status":"REDE"}