{"CorrPlaca":1.133000016,"TensPlaca":18.08300018,"CorrRede":2.285000086,"TensRede":4.017000198,"ConsDiaPlaca":1051.05957,"ConsMesPlaca":1051.05957,"ConsDiaRede":462.3705139,"ConsMesRede":462.3705139,"Status":"REDE"}