{"Corrente":2.707999945,"Tensao":0,"Consumo":0.099550068,"Status":"REDE"}