{"CorrPlaca":0,"TensPlaca":0,"CorrRede":0.616999984,"TensRede":0,"ConsDiaPlaca":1.587435603,"ConsMesPlaca":1.587435603,"ConsDiaRede":188.3289795,"ConsMesRede":188.3289795,"Status":"REDE"}