{"CorrPlaca":0,"TensPlaca":0,"CorrRede":0.621999979,"TensRede":6.732999802,"ConsDiaPlaca":1.587435603,"ConsMesPlaca":1.587435603,"ConsDiaRede":114.0326309,"ConsMesRede":114.0326309,"Status":"REDE"}