{"CorrPlaca":0.577000022,"TensPlaca":18.11300087,"CorrRede":1.600999951,"TensRede":0,"ConsDiaPlaca":4271.665039,"ConsMesPlaca":4271.665039,"ConsDiaRede":1335.939941,"ConsMesRede":1335.939941,"Status":"REDE"}