{"CorrPlaca":5,"TensPlaca":25,"CorrRede":0.890999973,"TensRede":1.269000053,"ConsDiaPlaca":29479.00781,"ConsMesPlaca":29479.00781,"ConsDiaRede":1211.603638,"ConsMesRede":1211.603638,"Status":"REDE"}