{"CorrPlaca":5,"TensPlaca":25,"CorrRede":0.703000009,"TensRede":0,"ConsDiaPlaca":25902.64258,"ConsMesPlaca":25902.64258,"ConsDiaRede":1037.04126,"ConsMesRede":1037.04126,"Status":"REDE"}