{"Corrente":2.109999895,"Tensao":7.05700016,"Consumo":0.113501176,"Status":"PLACA"}