{"CorrPlaca":0,"TensPlaca":6.721000195,"CorrRede":0.81099999,"TensRede":0.145999998,"ConsDiaPlaca":86.38220978,"ConsMesPlaca":86.38220978,"ConsDiaRede":40.25060654,"ConsMesRede":40.25060654,"Status":"REDE"}