{"CorrPlaca":5,"TensPlaca":25,"CorrRede":2.467000008,"TensRede":7.130000114,"ConsDiaPlaca":23472.10156,"ConsMesPlaca":23472.10156,"ConsDiaRede":925.9105835,"ConsMesRede":925.9105835,"Status":"REDE"}