{"CorrPlaca":0.039000001,"TensPlaca":6.727000237,"CorrRede":0.879000008,"TensRede":0.207000002,"ConsDiaPlaca":83.06806183,"ConsMesPlaca":83.06806183,"ConsDiaRede":33.48495865,"ConsMesRede":33.48495865,"Status":"REDE"}