{"CorrPlaca":0.101000004,"TensPlaca":6.659999847,"CorrRede":1.014999986,"TensRede":0.151999995,"ConsDiaPlaca":14.79378223,"ConsMesPlaca":14.79378223,"ConsDiaRede":5.356984138,"ConsMesRede":5.356984138,"Status":"REDE"}