{"CorrPlaca":0.671999991,"TensPlaca":3.118999958,"CorrRede":0.967999995,"TensRede":1.398000002,"ConsDiaPlaca":164.6502228,"ConsMesPlaca":164.6502228,"ConsDiaRede":153.5763702,"ConsMesRede":153.5763702,"Status":"REDE"}