{"Corrente":0,"Tensao":0.505999982,"Consumo":0.07707084,"Status":"REDE"}