{"CorrPlaca":5,"TensPlaca":25,"CorrRede":1.761000037,"TensRede":1.726999998,"ConsDiaPlaca":29860.94922,"ConsMesPlaca":29860.94922,"ConsDiaRede":1233.29834,"ConsMesRede":1233.29834,"Status":"REDE"}