{"CorrPlaca":1.039000034,"TensPlaca":18.06999969,"CorrRede":2.131000042,"TensRede":3.112999916,"ConsDiaPlaca":3971.482666,"ConsMesPlaca":3971.482666,"ConsDiaRede":1237.889038,"ConsMesRede":1237.889038,"Status":"REDE"}