{"CorrPlaca":0,"TensPlaca":0,"CorrRede":0.609000027,"TensRede":0.103,"ConsDiaPlaca":1.587435603,"ConsMesPlaca":1.587435603,"ConsDiaRede":188.7826233,"ConsMesRede":188.7826233,"Status":"REDE"}