{"Corrente":0.372000009,"Tensao":0,"Consumo":0.053693287,"Status":"REDE"}