{"CorrPlaca":1.725000024,"TensPlaca":18.08300018,"CorrRede":2.489000082,"TensRede":2.270999908,"ConsDiaPlaca":678.9418335,"ConsMesPlaca":678.9418335,"ConsDiaRede":300.6158752,"ConsMesRede":300.6158752,"Status":"REDE"}