{"CorrPlaca":0.046999998,"TensPlaca":25,"CorrRede":1.873000026,"TensRede":0.792999983,"ConsDiaPlaca":13586.57715,"ConsMesPlaca":13586.57715,"ConsDiaRede":578.1866455,"ConsMesRede":578.1866455,"Status":"REDE"}