{"CorrPlaca":0.488999993,"TensPlaca":7.337999821,"CorrRede":1.202999949,"TensRede":2.130000114,"ConsDiaPlaca":0.99674499,"ConsMesPlaca":0.99674499,"ConsDiaRede":0.711775005,"ConsMesRede":0.711775005,"Status":"REDE"}