{"CorrPlaca":2.303999901,"TensPlaca":18.125,"CorrRede":2.926000118,"TensRede":5.114999771,"ConsDiaPlaca":4919.994141,"ConsMesPlaca":4919.994141,"ConsDiaRede":1934.077637,"ConsMesRede":1934.077637,"Status":"REDE"}