{"CorrPlaca":0,"TensPlaca":6.56799984,"CorrRede":0.782999992,"TensRede":0.293000013,"ConsDiaPlaca":1.533571362,"ConsMesPlaca":1.533571362,"ConsDiaRede":10.57733822,"ConsMesRede":10.57733822,"Status":"REDE"}