{"CorrPlaca":0,"TensPlaca":0.578999996,"CorrRede":0.448000014,"TensRede":0.012,"ConsDiaPlaca":0,"ConsMesPlaca":0,"ConsDiaRede":0.314805567,"ConsMesRede":0.314805567,"Status":"REDE"}