{"CorrPlaca":2.953000069,"TensPlaca":18.07600021,"CorrRede":3.484999895,"TensRede":8.760000229,"ConsDiaPlaca":1096.669189,"ConsMesPlaca":1096.669189,"ConsDiaRede":453.9616394,"ConsMesRede":453.9616394,"Status":"REDE"}