{"CorrPlaca":5,"TensPlaca":25,"CorrRede":2.417999983,"TensRede":7.197000027,"ConsDiaPlaca":12083.28613,"ConsMesPlaca":12083.28613,"ConsDiaRede":370.6385803,"ConsMesRede":370.6385803,"Status":"REDE"}