{"Corrente":169.7290039,"Tensao":12.4989996,"Consumo":2.086775064,"Status":"PLACA"}