{"CorrPlaca":2.186000109,"TensPlaca":18.08300018,"CorrRede":2.792999983,"TensRede":3.338999987,"ConsDiaPlaca":1440.302368,"ConsMesPlaca":1440.302368,"ConsDiaRede":455.2610474,"ConsMesRede":455.2610474,"Status":"REDE"}