{"CorrPlaca":5,"TensPlaca":25,"CorrRede":0.880999982,"TensRede":1.440000057,"ConsDiaPlaca":30034.56055,"ConsMesPlaca":30034.56055,"ConsDiaRede":1243.276245,"ConsMesRede":1243.276245,"Status":"REDE"}