{"CorrPlaca":0.680999994,"TensPlaca":1.868000031,"CorrRede":0.549000025,"TensRede":0,"ConsDiaPlaca":51.71303558,"ConsMesPlaca":51.71303558,"ConsDiaRede":44.54267883,"ConsMesRede":44.54267883,"Status":"REDE"}