{"Corrente":14.4090004,"Tensao":0.43900001,"Consumo":1.884571195,"Status":"REDE"}