{"Corrente":3.510999918,"Tensao":0,"Consumo":0.057277199,"Status":"REDE"}