{"CorrPlaca":0,"TensPlaca":0,"CorrRede":0.598999977,"TensRede":0.164000005,"ConsDiaPlaca":1.587435603,"ConsMesPlaca":1.587435603,"ConsDiaRede":17.5599575,"ConsMesRede":17.5599575,"Status":"REDE"}