{"CorrPlaca":0.115000002,"TensPlaca":0.853999972,"CorrRede":0.643000007,"TensRede":2.637000084,"ConsDiaPlaca":0.027280556,"ConsMesPlaca":0.027280556,"ConsDiaRede":0.470997512,"ConsMesRede":0.470997512,"Status":"REDE"}