{"Corrente":15.23400021,"Tensao":30.64599991,"Consumo":0.678664446,"Status":"PLACA"}