{"corrente":0.615999997,"tensao":0,"consumo":0.850360632}