{"Corrente":-3.332999945,"Tensao":0,"Consumo":0.326522917,"Status":"REDE"}