{"Corrente":0.481000006,"Tensao":0.426999986,"Consumo":0.000530512,"Status":"REDE"}