{"CorrPlaca":0.094999999,"TensPlaca":6.550000191,"CorrRede":0.980000019,"TensRede":0.293000013,"ConsDiaPlaca":30.38218307,"ConsMesPlaca":30.38218307,"ConsDiaRede":9.707351685,"ConsMesRede":9.707351685,"Status":"REDE"}