{"Corrente":2.75999999,"Tensao":0,"Consumo":0.099550068,"Status":"REDE"}