{"CorrPlaca":0.920000017,"TensPlaca":18.07600021,"CorrRede":2.032000065,"TensRede":3.484999895,"ConsDiaPlaca":1996.725342,"ConsMesPlaca":1996.725342,"ConsDiaRede":799.9280396,"ConsMesRede":799.9280396,"Status":"REDE"}