{"CorrPlaca":0.004,"TensPlaca":3.112999916,"CorrRede":0.527999997,"TensRede":0.488000005,"ConsDiaPlaca":119.400322,"ConsMesPlaca":119.400322,"ConsDiaRede":116.0282516,"ConsMesRede":116.0282516,"Status":"REDE"}