{"CorrPlaca":2.473999977,"TensPlaca":18.00900078,"CorrRede":3.085999966,"TensRede":5.531000137,"ConsDiaPlaca":989.2683716,"ConsMesPlaca":989.2683716,"ConsDiaRede":437.509491,"ConsMesRede":437.509491,"Status":"REDE"}