{"Corrente":-3.332999945,"Tensao":0,"Consumo":0.273234516,"Status":"REDE"}