{"CorrPlaca":0.100000001,"TensPlaca":6.684000015,"CorrRede":0.980000019,"TensRede":0.293000013,"ConsDiaPlaca":12.7405529,"ConsMesPlaca":12.7405529,"ConsDiaRede":4.701767445,"ConsMesRede":4.701767445,"Status":"REDE"}