{"Corrente":177.7230072,"Tensao":24.85199928,"Consumo":22.7022934,"Status":"PLACA"}