{"CorrPlaca":1.631000042,"TensPlaca":18.10099983,"CorrRede":2.387000084,"TensRede":1.702999949,"ConsDiaPlaca":4318.145996,"ConsMesPlaca":4318.145996,"ConsDiaRede":1346.62085,"ConsMesRede":1346.62085,"Status":"REDE"}