{"CorrPlaca":0.032000002,"TensPlaca":6.684000015,"CorrRede":0.836000025,"TensRede":0.097000003,"ConsDiaPlaca":85.92145538,"ConsMesPlaca":85.92145538,"ConsDiaRede":39.2392807,"ConsMesRede":39.2392807,"Status":"REDE"}