{"CorrPlaca":0.075000003,"TensPlaca":6.709000111,"CorrRede":0.978999972,"TensRede":0.328999996,"ConsDiaPlaca":47.04416656,"ConsMesPlaca":47.04416656,"ConsDiaRede":15.80082035,"ConsMesRede":15.80082035,"Status":"REDE"}