{"CorrPlaca":5,"TensPlaca":18.20499992,"CorrRede":1.687000036,"TensRede":1.48300004,"ConsDiaPlaca":9523.899414,"ConsMesPlaca":9523.899414,"ConsDiaRede":533.1375732,"ConsMesRede":533.1375732,"Status":"REDE"}