{"CorrPlaca":2.14199996,"TensPlaca":18.14999962,"CorrRede":2.921000004,"TensRede":6.311999798,"ConsDiaPlaca":4964.895996,"ConsMesPlaca":4964.895996,"ConsDiaRede":1542.672852,"ConsMesRede":1542.672852,"Status":"REDE"}