{"CorrPlaca":0.090000004,"TensPlaca":6.732999802,"CorrRede":0.970000029,"TensRede":0.164000005,"ConsDiaPlaca":59.74881744,"ConsMesPlaca":59.74881744,"ConsDiaRede":22.04455376,"ConsMesRede":22.04455376,"Status":"REDE"}