{"CorrPlaca":0.072999999,"TensPlaca":6.738999844,"CorrRede":0.980000019,"TensRede":0.298999995,"ConsDiaPlaca":53.47940063,"ConsMesPlaca":53.47940063,"ConsDiaRede":18.78868103,"ConsMesRede":18.78868103,"Status":"REDE"}