{"CorrPlaca":5,"TensPlaca":25,"CorrRede":2.487999916,"TensRede":6.244999886,"ConsDiaPlaca":24722.09375,"ConsMesPlaca":24722.09375,"ConsDiaRede":1012.684082,"ConsMesRede":1012.684082,"Status":"REDE"}