{"corrente":-0.009,"tensao":0.708000004,"consumo":-0.000212722}