{"Corrente":2.365999937,"Tensao":6.636000156,"Consumo":0.017966565,"Status":"PLACA"}