{"CorrPlaca":0,"TensPlaca":18.00300026,"CorrRede":1.271000028,"TensRede":0.151999995,"ConsDiaPlaca":1805.421265,"ConsMesPlaca":1805.421265,"ConsDiaRede":813.7853394,"ConsMesRede":813.7853394,"Status":"REDE"}