{"CorrPlaca":5,"TensPlaca":25,"CorrRede":0.930999994,"TensRede":1.526000023,"ConsDiaPlaca":27534.57617,"ConsMesPlaca":27534.57617,"ConsDiaRede":1116.344116,"ConsMesRede":1116.344116,"Status":"REDE"}