{"CorrPlaca":0,"TensPlaca":0,"CorrRede":0.614000022,"TensRede":0.335000008,"ConsDiaPlaca":1.587435603,"ConsMesPlaca":1.587435603,"ConsDiaRede":17.33193779,"ConsMesRede":17.33193779,"Status":"REDE"}