{"CorrPlaca":0.316000015,"TensPlaca":25,"CorrRede":1.980000019,"TensRede":1.213999987,"ConsDiaPlaca":13589.125,"ConsMesPlaca":13589.125,"ConsDiaRede":594.9388428,"ConsMesRede":594.9388428,"Status":"REDE"}