{"Corrente":0.449000001,"Tensao":1.414999962,"Consumo":0.004894936,"Status":"REDE"}