{"CorrPlaca":3.572999954,"TensPlaca":25,"CorrRede":1.146000028,"TensRede":0,"ConsDiaPlaca":16744.77148,"ConsMesPlaca":16744.77148,"ConsDiaRede":644.6608276,"ConsMesRede":644.6608276,"Status":"REDE"}