{"CorrPlaca":3.578000069,"TensPlaca":25,"CorrRede":0.92900002,"TensRede":0.085000001,"ConsDiaPlaca":29895.21875,"ConsMesPlaca":29895.21875,"ConsDiaRede":760.5629272,"ConsMesRede":760.5629272,"Status":"REDE"}