{"corrente":-2.03399992,"tensao":0.915000021,"consumo":-0.00516975}