{"CorrPlaca":0.054000001,"TensPlaca":0.781000018,"CorrRede":0.568000019,"TensRede":1.085999966,"ConsDiaPlaca":0.054073885,"ConsMesPlaca":0.054073885,"ConsDiaRede":1.073035479,"ConsMesRede":1.073035479,"Status":"REDE"}