{"CorrPlaca":0,"TensPlaca":0.647000015,"CorrRede":0.409999996,"TensRede":0.158000007,"ConsDiaPlaca":0.023467777,"ConsMesPlaca":0.023467777,"ConsDiaRede":0.90067029,"ConsMesRede":0.90067029,"Status":"REDE"}