{"Corrente":0.31099999,"Tensao":0,"Consumo":0.057277199,"Status":"REDE"}