{"CorrPlaca":0.105999999,"TensPlaca":6.653999805,"CorrRede":0.985000014,"TensRede":0.213,"ConsDiaPlaca":33.78517914,"ConsMesPlaca":33.78517914,"ConsDiaRede":10.81186581,"ConsMesRede":10.81186581,"Status":"REDE"}