{"CorrPlaca":0,"TensPlaca":6.690999985,"CorrRede":0.800000012,"TensRede":0.177000001,"ConsDiaPlaca":1.533571362,"ConsMesPlaca":1.533571362,"ConsDiaRede":8.939682961,"ConsMesRede":8.939682961,"Status":"REDE"}