{"CorrPlaca":5,"TensPlaca":25,"CorrRede":0.851999998,"TensRede":1.19599998,"ConsDiaPlaca":31874.82617,"ConsMesPlaca":31874.82617,"ConsDiaRede":1315.814575,"ConsMesRede":1315.814575,"Status":"REDE"}