{"CorrPlaca":2.030999899,"TensPlaca":18.11300087,"CorrRede":2.671999931,"TensRede":4.028999805,"ConsDiaPlaca":3776.25,"ConsMesPlaca":3776.25,"ConsDiaRede":1475.967041,"ConsMesRede":1475.967041,"Status":"REDE"}