{"CorrPlaca":0.917999983,"TensPlaca":18.10700035,"CorrRede":1.858999968,"TensRede":0.079000004,"ConsDiaPlaca":1674.870239,"ConsMesPlaca":1674.870239,"ConsDiaRede":757.5334473,"ConsMesRede":757.5334473,"Status":"REDE"}