{"Corrente":171.7279968,"Tensao":0.781000018,"Consumo":0.844256282,"Status":"REDE"}