{"CorrPlaca":5,"TensPlaca":18.125,"CorrRede":3.165999889,"TensRede":3.028000116,"ConsDiaPlaca":3895.529785,"ConsMesPlaca":3895.529785,"ConsDiaRede":405.3154602,"ConsMesRede":405.3154602,"Status":"REDE"}