{"CorrPlaca":0,"TensPlaca":0.787,"CorrRede":0.395999998,"TensRede":0,"ConsDiaPlaca":0.000650833,"ConsMesPlaca":0.000650833,"ConsDiaRede":0.586417496,"ConsMesRede":0.586417496,"Status":"REDE"}