{"Corrente":-3.332999945,"Tensao":0,"Consumo":0.302658379,"Status":"REDE"}