{"CorrPlaca":5,"TensPlaca":25,"CorrRede":0.83099997,"TensRede":0,"ConsDiaPlaca":33506.76172,"ConsMesPlaca":33506.76172,"ConsDiaRede":1384.405396,"ConsMesRede":1384.405396,"Status":"REDE"}