{"CorrPlaca":2.691999912,"TensPlaca":18.26600075,"CorrRede":3.346999884,"TensRede":7.270999908,"ConsDiaPlaca":356.9246826,"ConsMesPlaca":356.9246826,"ConsDiaRede":113.9825134,"ConsMesRede":113.9825134,"Status":"REDE"}