{"CorrPlaca":0.177000001,"TensPlaca":18.0890007,"CorrRede":1.361999989,"TensRede":0,"ConsDiaPlaca":4390.805176,"ConsMesPlaca":4390.805176,"ConsDiaRede":1370.737427,"ConsMesRede":1370.737427,"Status":"REDE"}