{"CorrPlaca":3.519999981,"TensPlaca":25,"CorrRede":1.190999985,"TensRede":1.312000036,"ConsDiaPlaca":16351.39746,"ConsMesPlaca":16351.39746,"ConsDiaRede":634.3799438,"ConsMesRede":634.3799438,"Status":"REDE"}