{"CorrPlaca":5,"TensPlaca":0,"CorrRede":0.609000027,"TensRede":0.683000028,"ConsDiaPlaca":6428.564941,"ConsMesPlaca":6428.564941,"ConsDiaRede":498.9095764,"ConsMesRede":498.9095764,"Status":"REDE"}