{"CorrPlaca":5,"TensPlaca":25,"CorrRede":0.467999995,"TensRede":0,"ConsDiaPlaca":13784.66406,"ConsMesPlaca":13784.66406,"ConsDiaRede":469.2987976,"ConsMesRede":469.2987976,"Status":"REDE"}