{"CorrPlaca":0.375999987,"TensPlaca":6.421999931,"CorrRede":1.10800004,"TensRede":0.409000009,"ConsDiaPlaca":13.25613213,"ConsMesPlaca":13.25613213,"ConsDiaRede":3.047127247,"ConsMesRede":3.047127247,"Status":"REDE"}