{"CorrPlaca":0,"TensPlaca":0.836000025,"CorrRede":0.481999993,"TensRede":0.432999998,"ConsDiaPlaca":0.009997778,"ConsMesPlaca":0.009997778,"ConsDiaRede":0.640672505,"ConsMesRede":0.640672505,"Status":"REDE"}