{"Corrente":13.98400021,"Tensao":18.04899979,"Consumo":7.722849846,"Status":"PLACA"}