{"CorrPlaca":2.102999926,"TensPlaca":18.08300018,"CorrRede":2.891000032,"TensRede":6.965000153,"ConsDiaPlaca":597.1466675,"ConsMesPlaca":597.1466675,"ConsDiaRede":246.5198669,"ConsMesRede":246.5198669,"Status":"REDE"}