{"CorrPlaca":1.039999962,"TensPlaca":18.13699913,"CorrRede":2.108999968,"TensRede":3.948999882,"ConsDiaPlaca":4180.18457,"ConsMesPlaca":4180.18457,"ConsDiaRede":1629.922607,"ConsMesRede":1629.922607,"Status":"REDE"}