{"CorrPlaca":0.644999981,"TensPlaca":18.06399918,"CorrRede":1.611999989,"TensRede":0,"ConsDiaPlaca":3697.930176,"ConsMesPlaca":3697.930176,"ConsDiaRede":1444.458496,"ConsMesRede":1444.458496,"Status":"REDE"}