{"CorrPlaca":5,"TensPlaca":18.10700035,"CorrRede":1.536999941,"TensRede":0.40200001,"ConsDiaPlaca":12692.75781,"ConsMesPlaca":12692.75781,"ConsDiaRede":541.232605,"ConsMesRede":541.232605,"Status":"REDE"}