{"CorrPlaca":0,"TensPlaca":18.10099983,"CorrRede":1.16900003,"TensRede":0,"ConsDiaPlaca":1286.379028,"ConsMesPlaca":1286.379028,"ConsDiaRede":521.3208008,"ConsMesRede":521.3208008,"Status":"REDE"}