{"CorrPlaca":5,"TensPlaca":15.89099979,"CorrRede":1.485000014,"TensRede":0.549000025,"ConsDiaPlaca":6236.48877,"ConsMesPlaca":6236.48877,"ConsDiaRede":493.0890503,"ConsMesRede":493.0890503,"Status":"REDE"}