{"CorrPlaca":0.012,"TensPlaca":0.829999983,"CorrRede":0.586000025,"TensRede":0.488000005,"ConsDiaPlaca":0.002766667,"ConsMesPlaca":0.002766667,"ConsDiaRede":0.522738576,"ConsMesRede":0.522738576,"Status":"REDE"}