{"CorrPlaca":0.119999997,"TensPlaca":6.709000111,"CorrRede":0.995999992,"TensRede":0.293000013,"ConsDiaPlaca":17.35061264,"ConsMesPlaca":17.35061264,"ConsDiaRede":6.2085495,"ConsMesRede":6.2085495,"Status":"REDE"}