{"CorrPlaca":0.601000011,"TensPlaca":3.210999966,"CorrRede":0.841000021,"TensRede":0,"ConsDiaPlaca":151.8666229,"ConsMesPlaca":151.8666229,"ConsDiaRede":143.4093781,"ConsMesRede":143.4093781,"Status":"REDE"}