{"CorrPlaca":5,"TensPlaca":25,"CorrRede":1.81400001,"TensRede":5.293000221,"ConsDiaPlaca":15451.32031,"ConsMesPlaca":15451.32031,"ConsDiaRede":531.9871216,"ConsMesRede":531.9871216,"Status":"REDE"}