{"CorrPlaca":0.684000015,"TensPlaca":5.103000164,"CorrRede":1.307999969,"TensRede":4.004000187,"ConsDiaPlaca":71.33676147,"ConsMesPlaca":71.33676147,"ConsDiaRede":63.59578705,"ConsMesRede":63.59578705,"Status":"REDE"}