{"Corrente":14.54500008,"Tensao":15.44499969,"Consumo":2.694089413,"Status":"PLACA"}