{"CorrPlaca":0,"TensPlaca":6.684000015,"CorrRede":0.851999998,"TensRede":0.207000002,"ConsDiaPlaca":84.86306763,"ConsMesPlaca":84.86306763,"ConsDiaRede":36.87378311,"ConsMesRede":36.87378311,"Status":"REDE"}