{"CorrPlaca":0.744000018,"TensPlaca":18.02099991,"CorrRede":1.717000008,"TensRede":0,"ConsDiaPlaca":3892.360596,"ConsMesPlaca":3892.360596,"ConsDiaRede":1211.905273,"ConsMesRede":1211.905273,"Status":"REDE"}