{"CorrPlaca":0,"TensPlaca":18.10700035,"CorrRede":1.184000015,"TensRede":0,"ConsDiaPlaca":77.96739197,"ConsMesPlaca":77.96739197,"ConsDiaRede":34.58667755,"ConsMesRede":34.58667755,"Status":"REDE"}