{"Corrente":0,"Tensao":7.643000126,"Consumo":0.014868441,"Status":"REDE"}