{"CorrPlaca":1.036999941,"TensPlaca":18.15600014,"CorrRede":1.914000034,"TensRede":0,"ConsDiaPlaca":4323.375977,"ConsMesPlaca":4323.375977,"ConsDiaRede":1346.62085,"ConsMesRede":1346.62085,"Status":"REDE"}