{"CorrPlaca":2.424000025,"TensPlaca":18.07600021,"CorrRede":3.105999947,"TensRede":6.978000164,"ConsDiaPlaca":5053.995605,"ConsMesPlaca":5053.995605,"ConsDiaRede":1579.270264,"ConsMesRede":1579.270264,"Status":"REDE"}