{"Corrente":5,"Tensao":2.661000013,"Consumo":0.073577784,"Status":"REDE"}