{"CorrPlaca":5,"TensPlaca":25,"CorrRede":2.375999928,"TensRede":5.256000042,"ConsDiaPlaca":20381.84375,"ConsMesPlaca":20381.84375,"ConsDiaRede":788.7963867,"ConsMesRede":788.7963867,"Status":"REDE"}