{"Corrente":3.539000034,"Tensao":0,"Consumo":0.057277199,"Status":"REDE"}