{"Corrente":14.44799995,"Tensao":0.488000005,"Consumo":0.784365773,"Status":"REDE"}