{"CorrPlaca":5,"TensPlaca":25,"CorrRede":1.77699995,"TensRede":1.09800005,"ConsDiaPlaca":11249.95801,"ConsMesPlaca":11249.95801,"ConsDiaRede":348.3877563,"ConsMesRede":348.3877563,"Status":"REDE"}