{"CorrPlaca":2.757999897,"TensPlaca":18.14999962,"CorrRede":3.322000027,"TensRede":7.27699995,"ConsDiaPlaca":4383.536133,"ConsMesPlaca":4383.536133,"ConsDiaRede":1370.382935,"ConsMesRede":1370.382935,"Status":"REDE"}