{"CorrPlaca":1.616000056,"TensPlaca":25,"CorrRede":3.046999931,"TensRede":0.108999997,"ConsDiaPlaca":1004.634521,"ConsMesPlaca":1004.634521,"ConsDiaRede":282.4737549,"ConsMesRede":282.4737549,"Status":"REDE"}