{"Corrente":14.54100037,"Tensao":0,"Consumo":1.197687745,"Status":"REDE"}