{"CorrPlaca":0,"TensPlaca":6.703000069,"CorrRede":0.824999988,"TensRede":0,"ConsDiaPlaca":86.83493805,"ConsMesPlaca":86.83493805,"ConsDiaRede":41.75503922,"ConsMesRede":41.75503922,"Status":"REDE"}