{"CorrPlaca":0.957000017,"TensPlaca":18.05200005,"CorrRede":2.102999926,"TensRede":1.654000044,"ConsDiaPlaca":505.7145386,"ConsMesPlaca":505.7145386,"ConsDiaRede":158.9598694,"ConsMesRede":158.9598694,"Status":"REDE"}