{"Corrente":0,"Tensao":0.256000012,"Consumo":8.655833881e-6,"Status":"REDE"}