{"CorrPlaca":2.226999998,"TensPlaca":18.0890007,"CorrRede":2.874000072,"TensRede":4.541999817,"ConsDiaPlaca":4791.222168,"ConsMesPlaca":4791.222168,"ConsDiaRede":1489.71106,"ConsMesRede":1489.71106,"Status":"REDE"}