{"CorrPlaca":1.550999999,"TensPlaca":18.10099983,"CorrRede":2.35800004,"TensRede":1.873999953,"ConsDiaPlaca":211.348938,"ConsMesPlaca":211.348938,"ConsDiaRede":77.41190338,"ConsMesRede":77.41190338,"Status":"REDE"}