{"CorrPlaca":1.055999994,"TensPlaca":18.0340004,"CorrRede":1.896999955,"TensRede":0.293000013,"ConsDiaPlaca":2991.847168,"ConsMesPlaca":2991.847168,"ConsDiaRede":1180.339722,"ConsMesRede":1180.339722,"Status":"REDE"}