{"CorrPlaca":1.266000032,"TensPlaca":18.06399918,"CorrRede":2.316999912,"TensRede":4.693999767,"ConsDiaPlaca":1734.11084,"ConsMesPlaca":1734.11084,"ConsDiaRede":780.4627686,"ConsMesRede":780.4627686,"Status":"REDE"}