{"CorrPlaca":0,"TensPlaca":3.204999924,"CorrRede":0.238000005,"TensRede":0,"ConsDiaPlaca":127.3615189,"ConsMesPlaca":127.3615189,"ConsDiaRede":123.8816223,"ConsMesRede":123.8816223,"Status":"REDE"}