{"Corrente":14.37899971,"Tensao":11.81499958,"Consumo":7.530127048,"Status":"PLACA"}