{"CorrPlaca":0,"TensPlaca":6.721000195,"CorrRede":0.797999978,"TensRede":0.335000008,"ConsDiaPlaca":1.533571362,"ConsMesPlaca":1.533571362,"ConsDiaRede":13.50305367,"ConsMesRede":13.50305367,"Status":"REDE"}