{"CorrPlaca":0.741999984,"TensPlaca":18.05800056,"CorrRede":1.894000053,"TensRede":2.924000025,"ConsDiaPlaca":5054.847168,"ConsMesPlaca":5054.847168,"ConsDiaRede":1988.089355,"ConsMesRede":1988.089355,"Status":"REDE"}