{"CorrPlaca":0,"TensPlaca":0,"CorrRede":0.006,"TensRede":0,"ConsDiaPlaca":35325.42578,"ConsMesPlaca":35325.42578,"ConsDiaRede":1442.744385,"ConsMesRede":1442.744385,"Status":"REDE"}