{"CorrPlaca":0,"TensPlaca":0,"CorrRede":0.670000017,"TensRede":6.703000069,"ConsDiaPlaca":1.587435603,"ConsMesPlaca":1.587435603,"ConsDiaRede":138.2994385,"ConsMesRede":138.2994385,"Status":"REDE"}