{"CorrPlaca":5,"TensPlaca":25,"CorrRede":0.442999989,"TensRede":0,"ConsDiaPlaca":2534.723633,"ConsMesPlaca":2534.723633,"ConsDiaRede":122.7628479,"ConsMesRede":122.7628479,"Status":"REDE"}