{"CorrPlaca":5,"TensPlaca":15.62199974,"CorrRede":1.268000007,"TensRede":0.647000015,"ConsDiaPlaca":5865.624023,"ConsMesPlaca":5865.624023,"ConsDiaRede":488.1187439,"ConsMesRede":488.1187439,"Status":"REDE"}