{"CorrPlaca":0.021,"TensPlaca":6.659999847,"CorrRede":0.834999979,"TensRede":0.268000007,"ConsDiaPlaca":86.70198059,"ConsMesPlaca":86.70198059,"ConsDiaRede":41.24963379,"ConsMesRede":41.24963379,"Status":"REDE"}