{"CorrPlaca":0.547999978,"TensPlaca":18.06399918,"CorrRede":1.707999945,"TensRede":0.939999998,"ConsDiaPlaca":3211.488037,"ConsMesPlaca":3211.488037,"ConsDiaRede":995.3190918,"ConsMesRede":995.3190918,"Status":"REDE"}