{"CorrPlaca":0.340000004,"TensPlaca":18.15600014,"CorrRede":1.526000023,"TensRede":0,"ConsDiaPlaca":1884.831299,"ConsMesPlaca":1884.831299,"ConsDiaRede":577.6164551,"ConsMesRede":577.6164551,"Status":"REDE"}