{"CorrPlaca":5,"TensPlaca":25,"CorrRede":0.476999998,"TensRede":0,"ConsDiaPlaca":13888.83008,"ConsMesPlaca":13888.83008,"ConsDiaRede":469.3616943,"ConsMesRede":469.3616943,"Status":"REDE"}