{"CorrPlaca":1.940000057,"TensPlaca":18.10099983,"CorrRede":2.650000095,"TensRede":5.475999832,"ConsDiaPlaca":3565.623535,"ConsMesPlaca":3565.623535,"ConsDiaRede":1392.504639,"ConsMesRede":1392.504639,"Status":"REDE"}