{"CorrPlaca":0,"TensPlaca":0,"CorrRede":0.602999985,"TensRede":0,"ConsDiaPlaca":1.587435603,"ConsMesPlaca":1.587435603,"ConsDiaRede":187.8886261,"ConsMesRede":187.8886261,"Status":"REDE"}