{"CorrPlaca":0.097000003,"TensPlaca":6.738999844,"CorrRede":0.913999975,"TensRede":0.286000013,"ConsDiaPlaca":77.84970856,"ConsMesPlaca":77.84970856,"ConsDiaRede":29.34981155,"ConsMesRede":29.34981155,"Status":"REDE"}