{"CorrPlaca":3.178999901,"TensPlaca":18.13699913,"CorrRede":3.713999987,"TensRede":9.315999985,"ConsDiaPlaca":1196.910645,"ConsMesPlaca":1196.910645,"ConsDiaRede":533.1980591,"ConsMesRede":533.1980591,"Status":"REDE"}