{"CorrPlaca":0.195999995,"TensPlaca":6.715000153,"CorrRede":1.019000053,"TensRede":0.328999996,"ConsDiaPlaca":4.800535202,"ConsMesPlaca":4.800535202,"ConsDiaRede":1.841569662,"ConsMesRede":1.841569662,"Status":"REDE"}