{"corrente":1.672999978,"tensao":8.94299984,"consumo":0.078311779}