{"CorrPlaca":2.747999907,"TensPlaca":18.18000031,"CorrRede":3.296999931,"TensRede":8.362999916,"ConsDiaPlaca":4306.85791,"ConsMesPlaca":4306.85791,"ConsDiaRede":1678.213135,"ConsMesRede":1678.213135,"Status":"REDE"}