{"CorrPlaca":0.510999978,"TensPlaca":18.00900078,"CorrRede":1.659000039,"TensRede":0.067000002,"ConsDiaPlaca":91.80625916,"ConsMesPlaca":91.80625916,"ConsDiaRede":20.8242836,"ConsMesRede":20.8242836,"Status":"REDE"}