{"CorrPlaca":0,"TensPlaca":3.191999912,"CorrRede":0.257999986,"TensRede":0,"ConsDiaPlaca":134.7259369,"ConsMesPlaca":134.7259369,"ConsDiaRede":130.3726654,"ConsMesRede":130.3726654,"Status":"REDE"}