{"CorrPlaca":0.208000004,"TensPlaca":18.04000092,"CorrRede":1.445000052,"TensRede":0,"ConsDiaPlaca":4324.418457,"ConsMesPlaca":4324.418457,"ConsDiaRede":1346.62085,"ConsMesRede":1346.62085,"Status":"REDE"}