{"CorrPlaca":0,"TensPlaca":6.732999802,"CorrRede":0.753000021,"TensRede":0.041999999,"ConsDiaPlaca":1.587435603,"ConsMesPlaca":1.587435603,"ConsDiaRede":22.25328445,"ConsMesRede":22.25328445,"Status":"REDE"}