{"CorrPlaca":3.529000044,"TensPlaca":25,"CorrRede":2.273000002,"TensRede":3.601000071,"ConsDiaPlaca":30477.62305,"ConsMesPlaca":30477.62305,"ConsDiaRede":789.5374756,"ConsMesRede":789.5374756,"Status":"REDE"}