{"CorrPlaca":0,"TensPlaca":6.653999805,"CorrRede":0.787999988,"TensRede":0.335000008,"ConsDiaPlaca":1.533571362,"ConsMesPlaca":1.533571362,"ConsDiaRede":7.692726135,"ConsMesRede":7.692726135,"Status":"REDE"}