{"CorrPlaca":0.052999999,"TensPlaca":6.544000149,"CorrRede":0.964999974,"TensRede":0.170000002,"ConsDiaPlaca":50.11005402,"ConsMesPlaca":50.11005402,"ConsDiaRede":17.20871162,"ConsMesRede":17.20871162,"Status":"REDE"}