{"CorrPlaca":5,"TensPlaca":25,"CorrRede":0.890999973,"TensRede":0,"ConsDiaPlaca":30208.16992,"ConsMesPlaca":30208.16992,"ConsDiaRede":1253.206543,"ConsMesRede":1253.206543,"Status":"REDE"}