{"CorrPlaca":0.015,"TensPlaca":0.781000018,"CorrRede":0.546999991,"TensRede":0.921000004,"ConsDiaPlaca":0.018298889,"ConsMesPlaca":0.018298889,"ConsDiaRede":0.838188589,"ConsMesRede":0.838188589,"Status":"REDE"}