{"corrente":0.330000013,"tensao":2.24000001,"consumo":0.119398832}