{"CorrPlaca":0,"TensPlaca":0,"CorrRede":0.416999996,"TensRede":0.067000002,"ConsDiaPlaca":168.0245667,"ConsMesPlaca":168.0245667,"ConsDiaRede":10.7375164,"ConsMesRede":10.7375164,"Status":"REDE"}