{"CorrPlaca":0,"TensPlaca":6.586999893,"CorrRede":0.771000028,"TensRede":0.115000002,"ConsDiaPlaca":1.587435603,"ConsMesPlaca":1.587435603,"ConsDiaRede":20.7798748,"ConsMesRede":20.7798748,"Status":"REDE"}