{"CorrPlaca":5,"TensPlaca":15.62199974,"CorrRede":1.713000059,"TensRede":0.201000005,"ConsDiaPlaca":5581.57666,"ConsMesPlaca":5581.57666,"ConsDiaRede":477.9868469,"ConsMesRede":477.9868469,"Status":"REDE"}