{"CorrPlaca":5,"TensPlaca":15.81099987,"CorrRede":1.659000039,"TensRede":2.338000059,"ConsDiaPlaca":5843.926758,"ConsMesPlaca":5843.926758,"ConsDiaRede":487.8908691,"ConsMesRede":487.8908691,"Status":"REDE"}