{"CorrPlaca":1.659000039,"TensPlaca":18.11300087,"CorrRede":2.630000114,"TensRede":5.90899992,"ConsDiaPlaca":1180.071411,"ConsMesPlaca":1180.071411,"ConsDiaRede":523.4202881,"ConsMesRede":523.4202881,"Status":"REDE"}