{"CorrPlaca":5,"TensPlaca":25,"CorrRede":0.560000002,"TensRede":0,"ConsDiaPlaca":31944.26953,"ConsMesPlaca":31944.26953,"ConsDiaRede":1316.514038,"ConsMesRede":1316.514038,"Status":"REDE"}