{"corrente":1.754999995,"tensao":9.614999771,"consumo":1.18434763}