{"CorrPlaca":2.746000051,"TensPlaca":18.13699913,"CorrRede":3.301000118,"TensRede":8.302000046,"ConsDiaPlaca":4464.929199,"ConsMesPlaca":4464.929199,"ConsDiaRede":1740.758911,"ConsMesRede":1740.758911,"Status":"REDE"}