{"CorrPlaca":0,"TensPlaca":0,"CorrRede":0.606000006,"TensRede":0.097000003,"ConsDiaPlaca":1.587435603,"ConsMesPlaca":1.587435603,"ConsDiaRede":188.4092255,"ConsMesRede":188.4092255,"Status":"REDE"}