{"CorrPlaca":2.852999926,"TensPlaca":18.10700035,"CorrRede":3.46600008,"TensRede":8.918999672,"ConsDiaPlaca":1211.260376,"ConsMesPlaca":1211.260376,"ConsDiaRede":541.7850342,"ConsMesRede":541.7850342,"Status":"REDE"}