{"CorrPlaca":2.960000038,"TensPlaca":18.10700035,"CorrRede":3.421999931,"TensRede":8.069999695,"ConsDiaPlaca":2090.399902,"ConsMesPlaca":2090.399902,"ConsDiaRede":838.8058472,"ConsMesRede":838.8058472,"Status":"REDE"}