{"CorrPlaca":0.003,"TensPlaca":6.665999889,"CorrRede":0.83099997,"TensRede":0.103,"ConsDiaPlaca":85.30887604,"ConsMesPlaca":85.30887604,"ConsDiaRede":38.14175034,"ConsMesRede":38.14175034,"Status":"REDE"}