{"Corrente":-3.332999945,"Tensao":0.179000005,"Consumo":0.287713766,"Status":"REDE"}