{"CorrPlaca":0.875999987,"TensPlaca":18.06399918,"CorrRede":1.779999971,"TensRede":0,"ConsDiaPlaca":1560.635864,"ConsMesPlaca":1560.635864,"ConsDiaRede":632.5367432,"ConsMesRede":632.5367432,"Status":"REDE"}