{"CorrPlaca":0,"TensPlaca":6.703000069,"CorrRede":0.810000002,"TensRede":0.145999998,"ConsDiaPlaca":87.08555603,"ConsMesPlaca":87.08555603,"ConsDiaRede":42.12191772,"ConsMesRede":42.12191772,"Status":"REDE"}