{"CorrPlaca":0,"TensPlaca":0,"CorrRede":0.616999984,"TensRede":0,"ConsDiaPlaca":1.587435603,"ConsMesPlaca":1.587435603,"ConsDiaRede":188.4776154,"ConsMesRede":188.4776154,"Status":"REDE"}