{"CorrPlaca":0.587000012,"TensPlaca":18.06399918,"CorrRede":1.751999974,"TensRede":0.976000011,"ConsDiaPlaca":2398.796631,"ConsMesPlaca":2398.796631,"ConsDiaRede":755.1525879,"ConsMesRede":755.1525879,"Status":"REDE"}