{"CorrPlaca":0,"TensPlaca":6.721000195,"CorrRede":0.829999983,"TensRede":0.067000002,"ConsDiaPlaca":87.64958191,"ConsMesPlaca":87.64958191,"ConsDiaRede":43.83876801,"ConsMesRede":43.83876801,"Status":"REDE"}