{"CorrPlaca":1.600999951,"TensPlaca":18.09499931,"CorrRede":2.302000046,"TensRede":1.89199996,"ConsDiaPlaca":3755.159912,"ConsMesPlaca":3755.159912,"ConsDiaRede":1467.219238,"ConsMesRede":1467.219238,"Status":"REDE"}