{"CorrPlaca":0.467999995,"TensPlaca":18.10099983,"CorrRede":1.695000052,"TensRede":1.868000031,"ConsDiaPlaca":2003.686157,"ConsMesPlaca":2003.686157,"ConsDiaRede":912.4584961,"ConsMesRede":912.4584961,"Status":"REDE"}