{"CorrPlaca":0.012,"TensPlaca":6.684000015,"CorrRede":0.80400002,"TensRede":0.177000001,"ConsDiaPlaca":87.51159668,"ConsMesPlaca":87.51159668,"ConsDiaRede":43.38123322,"ConsMesRede":43.38123322,"Status":"REDE"}