{"CorrPlaca":0,"TensPlaca":0.671000004,"CorrRede":0.522000015,"TensRede":0.542999983,"ConsDiaPlaca":0.004695833,"ConsMesPlaca":0.004695833,"ConsDiaRede":0.433525026,"ConsMesRede":0.433525026,"Status":"REDE"}