{"CorrPlaca":0,"TensPlaca":3.217000008,"CorrRede":0.361999989,"TensRede":0,"ConsDiaPlaca":178.7357941,"ConsMesPlaca":178.7357941,"ConsDiaRede":165.0285797,"ConsMesRede":165.0285797,"Status":"REDE"}