{"CorrPlaca":0.018999999,"TensPlaca":6.659999847,"CorrRede":0.856999993,"TensRede":0.177000001,"ConsDiaPlaca":84.10515594,"ConsMesPlaca":84.10515594,"ConsDiaRede":35.59163666,"ConsMesRede":35.59163666,"Status":"REDE"}