{"CorrPlaca":0,"TensPlaca":0,"CorrRede":0.605000019,"TensRede":0.108999997,"ConsDiaPlaca":1.587435603,"ConsMesPlaca":1.587435603,"ConsDiaRede":21.49777031,"ConsMesRede":21.49777031,"Status":"REDE"}