{"CorrPlaca":0,"TensPlaca":6.715000153,"CorrRede":0.745999992,"TensRede":0.194999993,"ConsDiaPlaca":1.539162278,"ConsMesPlaca":1.539162278,"ConsDiaRede":16.51775551,"ConsMesRede":16.51775551,"Status":"REDE"}