{"CorrPlaca":0.074000001,"TensPlaca":6.874000072,"CorrRede":0.995000005,"TensRede":0.201000005,"ConsDiaPlaca":45.61351395,"ConsMesPlaca":45.61351395,"ConsDiaRede":15.11661434,"ConsMesRede":15.11661434,"Status":"REDE"}