{"CorrPlaca":5,"TensPlaca":18.06399918,"CorrRede":1.458999991,"TensRede":0.151999995,"ConsDiaPlaca":12667.60938,"ConsMesPlaca":12667.60938,"ConsDiaRede":541.0609741,"ConsMesRede":541.0609741,"Status":"REDE"}