{"CorrPlaca":5,"TensPlaca":25,"CorrRede":0.722000003,"TensRede":0,"ConsDiaPlaca":14687.43555,"ConsMesPlaca":14687.43555,"ConsDiaRede":495.339447,"ConsMesRede":495.339447,"Status":"REDE"}