{"CorrPlaca":0.565999985,"TensPlaca":18.0340004,"CorrRede":1.753000021,"TensRede":0.799000025,"ConsDiaPlaca":1668.190186,"ConsMesPlaca":1668.190186,"ConsDiaRede":514.9795532,"ConsMesRede":514.9795532,"Status":"REDE"}