{"CorrPlaca":0,"TensPlaca":0,"CorrRede":0.605000019,"TensRede":0.115000002,"ConsDiaPlaca":1.587435603,"ConsMesPlaca":1.587435603,"ConsDiaRede":187.5488129,"ConsMesRede":187.5488129,"Status":"REDE"}