{"CorrPlaca":2.911999941,"TensPlaca":18.01499939,"CorrRede":3.382999897,"TensRede":8.394000053,"ConsDiaPlaca":4058.272461,"ConsMesPlaca":4058.272461,"ConsDiaRede":1577.390503,"ConsMesRede":1577.390503,"Status":"REDE"}