{"CorrPlaca":1.059000015,"TensPlaca":18.06999969,"CorrRede":2.137000084,"TensRede":4.004000187,"ConsDiaPlaca":5011.288574,"ConsMesPlaca":5011.288574,"ConsDiaRede":1970.963989,"ConsMesRede":1970.963989,"Status":"REDE"}