{"CorrPlaca":2.227999926,"TensPlaca":18.06399918,"CorrRede":2.868000031,"TensRede":4.522999763,"ConsDiaPlaca":4805.01123,"ConsMesPlaca":4805.01123,"ConsDiaRede":1493.314331,"ConsMesRede":1493.314331,"Status":"REDE"}