{"Corrente":15.17599964,"Tensao":0,"Consumo":0.146355033,"Status":"REDE"}