{"CorrPlaca":0.202000007,"TensPlaca":18.07600021,"CorrRede":1.463000059,"TensRede":0.763000011,"ConsDiaPlaca":698.4040527,"ConsMesPlaca":698.4040527,"ConsDiaRede":280.8739624,"ConsMesRede":280.8739624,"Status":"REDE"}