{"Corrente":0,"Tensao":0.432999998,"Consumo":8.655833881e-6,"Status":"REDE"}