{"CorrPlaca":5,"TensPlaca":25,"CorrRede":1.090999961,"TensRede":0,"ConsDiaPlaca":11631.90039,"ConsMesPlaca":11631.90039,"ConsDiaRede":355.2416687,"ConsMesRede":355.2416687,"Status":"REDE"}