{"CorrPlaca":5,"TensPlaca":25,"CorrRede":2.194000006,"TensRede":6.842999935,"ConsDiaPlaca":32083.1582,"ConsMesPlaca":32083.1582,"ConsDiaRede":1325.149658,"ConsMesRede":1325.149658,"Status":"REDE"}