{"Corrente":5,"Tensao":2.515000105,"Consumo":0.07707084,"Status":"REDE"}