{"CorrPlaca":0.676999986,"TensPlaca":3.204999924,"CorrRede":1.052000046,"TensRede":2.611999989,"ConsDiaPlaca":173.2562714,"ConsMesPlaca":173.2562714,"ConsDiaRede":160.3646088,"ConsMesRede":160.3646088,"Status":"REDE"}