{"Corrente":-3.332999945,"Tensao":10.57900047,"Consumo":0.38390246,"Status":"REDE"}