{"Corrente":14.18299961,"Tensao":0,"Consumo":0.146355033,"Status":"REDE"}