{"Corrente":14.61900043,"Tensao":26.82099915,"Consumo":5.497615337,"Status":"PLACA"}