{"CorrPlaca":0.342999995,"TensPlaca":18.06999969,"CorrRede":1.626999974,"TensRede":1.141000032,"ConsDiaPlaca":1045.100952,"ConsMesPlaca":1045.100952,"ConsDiaRede":459.6749573,"ConsMesRede":459.6749573,"Status":"REDE"}