{"Corrente":14.08600044,"Tensao":16.40500069,"Consumo":6.829450607,"Status":"PLACA"}