{"CorrPlaca":0,"TensPlaca":0.842000008,"CorrRede":0.449000001,"TensRede":1.305999994,"ConsDiaPlaca":0,"ConsMesPlaca":0,"ConsDiaRede":0.162887216,"ConsMesRede":0.162887216,"Status":"REDE"}