{"CorrPlaca":0.052000001,"TensPlaca":6.684000015,"CorrRede":0.981000006,"TensRede":0.140000001,"ConsDiaPlaca":50.01371002,"ConsMesPlaca":50.01371002,"ConsDiaRede":17.16314125,"ConsMesRede":17.16314125,"Status":"REDE"}