{"Corrente":177.3529968,"Tensao":1.577999949,"Consumo":18.1128788,"Status":"REDE"}