{"CorrPlaca":0,"TensPlaca":6.745999813,"CorrRede":0.773999989,"TensRede":0.293000013,"ConsDiaPlaca":1.587435603,"ConsMesPlaca":1.587435603,"ConsDiaRede":18.2954464,"ConsMesRede":18.2954464,"Status":"REDE"}