{"CorrPlaca":0.111000001,"TensPlaca":6.605000019,"CorrRede":0.985000014,"TensRede":0.280000001,"ConsDiaPlaca":17.12697983,"ConsMesPlaca":17.12697983,"ConsDiaRede":6.127485752,"ConsMesRede":6.127485752,"Status":"REDE"}