{"CorrPlaca":0.476999998,"TensPlaca":18.04000092,"CorrRede":1.511000037,"TensRede":0,"ConsDiaPlaca":2191.113281,"ConsMesPlaca":2191.113281,"ConsDiaRede":874.4295044,"ConsMesRede":874.4295044,"Status":"REDE"}