{"Corrente":2.263999939,"Tensao":0,"Consumo":0.070479967,"Status":"REDE"}