{"CorrPlaca":5,"TensPlaca":25,"CorrRede":0.495000005,"TensRede":0,"ConsDiaPlaca":19409.62891,"ConsMesPlaca":19409.62891,"ConsDiaRede":742.3029175,"ConsMesRede":742.3029175,"Status":"REDE"}