{"CorrPlaca":5,"TensPlaca":15.75699997,"CorrRede":1.623000026,"TensRede":0.879000008,"ConsDiaPlaca":6149.157715,"ConsMesPlaca":6149.157715,"ConsDiaRede":492.3759155,"ConsMesRede":492.3759155,"Status":"REDE"}