{"CorrPlaca":5,"TensPlaca":18.10700035,"CorrRede":2.936000109,"TensRede":1.855000019,"ConsDiaPlaca":3493.689697,"ConsMesPlaca":3493.689697,"ConsDiaRede":390.8916626,"ConsMesRede":390.8916626,"Status":"REDE"}