{"CorrPlaca":0.144999996,"TensPlaca":6.677999973,"CorrRede":0.917999983,"TensRede":0.286000013,"ConsDiaPlaca":76.05561066,"ConsMesPlaca":76.05561066,"ConsDiaRede":28.85887146,"ConsMesRede":28.85887146,"Status":"REDE"}