{"Corrente":5,"Tensao":2.434999943,"Consumo":0.015386112,"Status":"REDE"}