{"CorrPlaca":0.855000019,"TensPlaca":3.210999966,"CorrRede":1.128000021,"TensRede":2.263999939,"ConsDiaPlaca":158.9107513,"ConsMesPlaca":158.9107513,"ConsDiaRede":149.0744171,"ConsMesRede":149.0744171,"Status":"REDE"}