{"CorrPlaca":0.018999999,"TensPlaca":6.684000015,"CorrRede":0.855000019,"TensRede":0.213,"ConsDiaPlaca":83.72841644,"ConsMesPlaca":83.72841644,"ConsDiaRede":34.74881363,"ConsMesRede":34.74881363,"Status":"REDE"}