{"CorrPlaca":4.139999866,"TensPlaca":18.07600021,"CorrRede":4.041999817,"TensRede":12.99100018,"ConsDiaPlaca":484.1835632,"ConsMesPlaca":484.1835632,"ConsDiaRede":202.2053528,"ConsMesRede":202.2053528,"Status":"REDE"}