{"CorrPlaca":0.090999998,"TensPlaca":6.703000069,"CorrRede":0.912,"TensRede":0.25,"ConsDiaPlaca":74.42014313,"ConsMesPlaca":74.42014313,"ConsDiaRede":28.53889275,"ConsMesRede":28.53889275,"Status":"REDE"}