{"CorrPlaca":2.714999914,"TensPlaca":18.125,"CorrRede":3.282000065,"TensRede":8.333000183,"ConsDiaPlaca":2823.646973,"ConsMesPlaca":2823.646973,"ConsDiaRede":1120.880981,"ConsMesRede":1120.880981,"Status":"REDE"}