{"CorrPlaca":5,"TensPlaca":25,"CorrRede":2.223999977,"TensRede":3.278000116,"ConsDiaPlaca":10104.13184,"ConsMesPlaca":10104.13184,"ConsDiaRede":293.2073059,"ConsMesRede":293.2073059,"Status":"REDE"}