{"CorrPlaca":1.17900002,"TensPlaca":18.17399979,"CorrRede":1.970000029,"TensRede":0.469999999,"ConsDiaPlaca":3124.411621,"ConsMesPlaca":3124.411621,"ConsDiaRede":1230.875977,"ConsMesRede":1230.875977,"Status":"REDE"}