{"CorrPlaca":0,"TensPlaca":6.727000237,"CorrRede":0.813000023,"TensRede":0.134000003,"ConsDiaPlaca":87.85235596,"ConsMesPlaca":87.85235596,"ConsDiaRede":44.50320435,"ConsMesRede":44.50320435,"Status":"REDE"}