{"CorrPlaca":2.967999935,"TensPlaca":18.10099983,"CorrRede":3.427000046,"TensRede":8.704999924,"ConsDiaPlaca":1874.890381,"ConsMesPlaca":1874.890381,"ConsDiaRede":752.7537842,"ConsMesRede":752.7537842,"Status":"REDE"}