{"CorrPlaca":1.184000015,"TensPlaca":18.06999969,"CorrRede":2.089999914,"TensRede":0.090999998,"ConsDiaPlaca":817.855835,"ConsMesPlaca":817.855835,"ConsDiaRede":259.0141296,"ConsMesRede":259.0141296,"Status":"REDE"}