{"CorrPlaca":0.589999974,"TensPlaca":18.17399979,"CorrRede":1.75999999,"TensRede":1.245000005,"ConsDiaPlaca":3012.431152,"ConsMesPlaca":3012.431152,"ConsDiaRede":930.8833008,"ConsMesRede":930.8833008,"Status":"REDE"}