{"CorrPlaca":0.89200002,"TensPlaca":18.08300018,"CorrRede":1.830000043,"TensRede":0,"ConsDiaPlaca":4288.421387,"ConsMesPlaca":4288.421387,"ConsDiaRede":1339.016602,"ConsMesRede":1339.016602,"Status":"REDE"}