{"CorrPlaca":0,"TensPlaca":0,"CorrRede":0.654999971,"TensRede":6.642000198,"ConsDiaPlaca":1.587435603,"ConsMesPlaca":1.587435603,"ConsDiaRede":130.9431763,"ConsMesRede":130.9431763,"Status":"REDE"}