{"CorrPlaca":0.430999994,"TensPlaca":18.0890007,"CorrRede":1.677999973,"TensRede":0.566999972,"ConsDiaPlaca":2292.212891,"ConsMesPlaca":2292.212891,"ConsDiaRede":714.9920044,"ConsMesRede":714.9920044,"Status":"REDE"}