{"CorrPlaca":0.008,"TensPlaca":0.549000025,"CorrRede":0.465000004,"TensRede":0.456999987,"ConsDiaPlaca":0.023467777,"ConsMesPlaca":0.023467777,"ConsDiaRede":0.882675827,"ConsMesRede":0.882675827,"Status":"REDE"}