{"CorrPlaca":5,"TensPlaca":25,"CorrRede":1.205000043,"TensRede":2.569999933,"ConsDiaPlaca":18298.52344,"ConsMesPlaca":18298.52344,"ConsDiaRede":673.8757935,"ConsMesRede":673.8757935,"Status":"REDE"}