{"Corrente":0.488000005,"Tensao":1.350000024,"Consumo":0.00261226,"Status":"REDE"}