{"CorrPlaca":5,"TensPlaca":25,"CorrRede":2.637000084,"TensRede":6.836999893,"ConsDiaPlaca":5520.827637,"ConsMesPlaca":5520.827637,"ConsDiaRede":189.8729858,"ConsMesRede":189.8729858,"Status":"REDE"}