{"CorrPlaca":2.859999895,"TensPlaca":18.0340004,"CorrRede":3.305000067,"TensRede":6.727000237,"ConsDiaPlaca":2325.220215,"ConsMesPlaca":2325.220215,"ConsDiaRede":727.1278076,"ConsMesRede":727.1278076,"Status":"REDE"}