{"CorrPlaca":0,"TensPlaca":6.738999844,"CorrRede":0.818000019,"TensRede":0.158000007,"ConsDiaPlaca":86.80936432,"ConsMesPlaca":86.80936432,"ConsDiaRede":41.59685135,"ConsMesRede":41.59685135,"Status":"REDE"}