{"Corrente":2.180999994,"Tensao":0,"Consumo":0.149639666,"Status":"REDE"}