{"CorrPlaca":3.605999947,"TensPlaca":25,"CorrRede":1.424000025,"TensRede":2.325999975,"ConsDiaPlaca":16695.41797,"ConsMesPlaca":16695.41797,"ConsDiaRede":644.6608276,"ConsMesRede":644.6608276,"Status":"REDE"}