{"CorrPlaca":5,"TensPlaca":18.42399979,"CorrRede":1.106999993,"TensRede":0.726000011,"ConsDiaPlaca":13024.39648,"ConsMesPlaca":13024.39648,"ConsDiaRede":566.0496826,"ConsMesRede":566.0496826,"Status":"REDE"}