{"CorrPlaca":0,"TensPlaca":6.671999931,"CorrRede":0.839999974,"TensRede":0.231000006,"ConsDiaPlaca":85.15044403,"ConsMesPlaca":85.15044403,"ConsDiaRede":37.7448616,"ConsMesRede":37.7448616,"Status":"REDE"}