{"CorrPlaca":0,"TensPlaca":6.738999844,"CorrRede":0.800000012,"TensRede":0.25,"ConsDiaPlaca":1.533571362,"ConsMesPlaca":1.533571362,"ConsDiaRede":9.257325172,"ConsMesRede":9.257325172,"Status":"REDE"}