{"CorrPlaca":0.765999973,"TensPlaca":18.08300018,"CorrRede":1.766000032,"TensRede":0,"ConsDiaPlaca":1542.330444,"ConsMesPlaca":1542.330444,"ConsDiaRede":480.0137329,"ConsMesRede":480.0137329,"Status":"REDE"}