{"CorrPlaca":0.039999999,"TensPlaca":6.727000237,"CorrRede":0.953999996,"TensRede":0.041999999,"ConsDiaPlaca":65.37432098,"ConsMesPlaca":65.37432098,"ConsDiaRede":24.95095253,"ConsMesRede":24.95095253,"Status":"REDE"}