{"Corrente":14.14000034,"Tensao":26.39800072,"Consumo":6.232331276,"Status":"PLACA"}