{"CorrPlaca":0.342999995,"TensPlaca":18.14999962,"CorrRede":1.577999949,"TensRede":0.090999998,"ConsDiaPlaca":1617.857178,"ConsMesPlaca":1617.857178,"ConsDiaRede":502.4191895,"ConsMesRede":502.4191895,"Status":"REDE"}