{"CorrPlaca":5,"TensPlaca":25,"CorrRede":2.499000072,"TensRede":3.66899991,"ConsDiaPlaca":11493.01172,"ConsMesPlaca":11493.01172,"ConsDiaRede":354.52771,"ConsMesRede":354.52771,"Status":"REDE"}