{"CorrPlaca":0,"TensPlaca":0,"CorrRede":0.665000021,"TensRede":6.745999813,"ConsDiaPlaca":1.587435603,"ConsMesPlaca":1.587435603,"ConsDiaRede":115.2787628,"ConsMesRede":115.2787628,"Status":"REDE"}