{"CorrPlaca":0.465999991,"TensPlaca":18.10700035,"CorrRede":1.514999986,"TensRede":0,"ConsDiaPlaca":1247.42041,"ConsMesPlaca":1247.42041,"ConsDiaRede":506.6190186,"ConsMesRede":506.6190186,"Status":"REDE"}