{"CorrPlaca":0,"TensPlaca":0,"CorrRede":0.602999985,"TensRede":0.067000002,"ConsDiaPlaca":1.587435603,"ConsMesPlaca":1.587435603,"ConsDiaRede":188.6052246,"ConsMesRede":188.6052246,"Status":"REDE"}