{"CorrPlaca":0.349999994,"TensPlaca":18.05800056,"CorrRede":1.664999962,"TensRede":1.404000044,"ConsDiaPlaca":2618.328613,"ConsMesPlaca":2618.328613,"ConsDiaRede":1034.563232,"ConsMesRede":1034.563232,"Status":"REDE"}