{"CorrPlaca":0,"TensPlaca":0.836000025,"CorrRede":0.519999981,"TensRede":0.586000025,"ConsDiaPlaca":0,"ConsMesPlaca":0,"ConsDiaRede":0.274956942,"ConsMesRede":0.274956942,"Status":"REDE"}