{"CorrPlaca":1.815999985,"TensPlaca":18.06399918,"CorrRede":2.65199995,"TensRede":5.34100008,"ConsDiaPlaca":3983.309082,"ConsMesPlaca":3983.309082,"ConsDiaRede":1241.823486,"ConsMesRede":1241.823486,"Status":"REDE"}