{"CorrPlaca":0.935000002,"TensPlaca":18.09499931,"CorrRede":2.069999933,"TensRede":2.857000113,"ConsDiaPlaca":3815.068115,"ConsMesPlaca":3815.068115,"ConsDiaRede":1186.604736,"ConsMesRede":1186.604736,"Status":"REDE"}