{"CorrPlaca":0.082999997,"TensPlaca":6.738999844,"CorrRede":0.985000014,"TensRede":0,"ConsDiaPlaca":14.41463757,"ConsMesPlaca":14.41463757,"ConsDiaRede":5.233879566,"ConsMesRede":5.233879566,"Status":"REDE"}