{"CorrPlaca":0,"TensPlaca":18.05200005,"CorrRede":1.144999981,"TensRede":0,"ConsDiaPlaca":2359.881836,"ConsMesPlaca":2359.881836,"ConsDiaRede":931.5223389,"ConsMesRede":931.5223389,"Status":"REDE"}