{"CorrPlaca":0.620999992,"TensPlaca":3.186000109,"CorrRede":1.031999946,"TensRede":2.496000051,"ConsDiaPlaca":4906.311523,"ConsMesPlaca":4906.311523,"ConsDiaRede":470.4025879,"ConsMesRede":470.4025879,"Status":"REDE"}