{"Corrente":0,"Tensao":6.123000145,"Consumo":0.014868441,"Status":"REDE"}