{"CorrPlaca":0,"TensPlaca":6.709000111,"CorrRede":0.788999975,"TensRede":0.238000005,"ConsDiaPlaca":1.587435603,"ConsMesPlaca":1.587435603,"ConsDiaRede":22.53795052,"ConsMesRede":22.53795052,"Status":"REDE"}