{"CorrPlaca":0,"TensPlaca":0.665000021,"CorrRede":0.564999998,"TensRede":0.603999972,"ConsDiaPlaca":0.002766667,"ConsMesPlaca":0.002766667,"ConsDiaRede":0.694838583,"ConsMesRede":0.694838583,"Status":"REDE"}