{"CorrPlaca":0.134000003,"TensPlaca":18.06999969,"CorrRede":1.406000018,"TensRede":0.555000007,"ConsDiaPlaca":1153.472534,"ConsMesPlaca":1153.472534,"ConsDiaRede":477.9642944,"ConsMesRede":477.9642944,"Status":"REDE"}