{"CorrPlaca":3.647000074,"TensPlaca":25,"CorrRede":0.907999992,"TensRede":0,"ConsDiaPlaca":16670.37695,"ConsMesPlaca":16670.37695,"ConsDiaRede":643.7407227,"ConsMesRede":643.7407227,"Status":"REDE"}