{"CorrPlaca":0.021,"TensPlaca":0.781000018,"CorrRede":0.583999991,"TensRede":0.610000014,"ConsDiaPlaca":0.004555834,"ConsMesPlaca":0.004555834,"ConsDiaRede":0.352389187,"ConsMesRede":0.352389187,"Status":"REDE"}