{"CorrPlaca":0.115000002,"TensPlaca":6.636000156,"CorrRede":1.003000021,"TensRede":0.224999994,"ConsDiaPlaca":35.21870041,"ConsMesPlaca":35.21870041,"ConsDiaRede":11.31473541,"ConsMesRede":11.31473541,"Status":"REDE"}