{"CorrPlaca":0.469999999,"TensPlaca":18.16799927,"CorrRede":1.514999986,"TensRede":0,"ConsDiaPlaca":3618.977051,"ConsMesPlaca":3618.977051,"ConsDiaRede":1412.866577,"ConsMesRede":1412.866577,"Status":"REDE"}