{"CorrPlaca":0.003,"TensPlaca":6.703000069,"CorrRede":0.80400002,"TensRede":0.134000003,"ConsDiaPlaca":86.10173035,"ConsMesPlaca":86.10173035,"ConsDiaRede":39.65805054,"ConsMesRede":39.65805054,"Status":"REDE"}