{"CorrPlaca":1.322999954,"TensPlaca":18.13699913,"CorrRede":2.148000002,"TensRede":0.365999997,"ConsDiaPlaca":656.6834717,"ConsMesPlaca":656.6834717,"ConsDiaRede":209.6815033,"ConsMesRede":209.6815033,"Status":"REDE"}