{"CorrPlaca":5,"TensPlaca":25,"CorrRede":0.469999999,"TensRede":0,"ConsDiaPlaca":520.833313,"ConsMesPlaca":520.833313,"ConsDiaRede":20.09144592,"ConsMesRede":20.09144592,"Status":"REDE"}