{"CorrPlaca":0,"TensPlaca":0,"CorrRede":0.229000002,"TensRede":0,"ConsDiaPlaca":4909.9375,"ConsMesPlaca":4909.9375,"ConsDiaRede":474.3351135,"ConsMesRede":474.3351135,"Status":"REDE"}