{"CorrPlaca":0,"TensPlaca":6.598999977,"CorrRede":0.796999991,"TensRede":0.188999996,"ConsDiaPlaca":87.71098328,"ConsMesPlaca":87.71098328,"ConsDiaRede":44.01408768,"ConsMesRede":44.01408768,"Status":"REDE"}