{"CorrPlaca":1.23300004,"TensPlaca":18.22299957,"CorrRede":2.075999975,"TensRede":0.207000002,"ConsDiaPlaca":1464.843994,"ConsMesPlaca":1464.843994,"ConsDiaRede":459.5643311,"ConsMesRede":459.5643311,"Status":"REDE"}