{"CorrPlaca":0.852999985,"TensPlaca":18.16799927,"CorrRede":2.012000084,"TensRede":1.44599998,"ConsDiaPlaca":1143.621094,"ConsMesPlaca":1143.621094,"ConsDiaRede":356.0675964,"ConsMesRede":356.0675964,"Status":"REDE"}