{"CorrPlaca":3.124000072,"TensPlaca":18.07600021,"CorrRede":3.582999945,"TensRede":8.687000275,"ConsDiaPlaca":1975.661743,"ConsMesPlaca":1975.661743,"ConsDiaRede":903.2102051,"ConsMesRede":903.2102051,"Status":"REDE"}