{"Corrente":0,"Tensao":0.542999983,"Consumo":8.655833881e-6,"Status":"REDE"}