{"CorrPlaca":3.028000116,"TensPlaca":18.05800056,"CorrRede":3.516000032,"TensRede":7.81400013,"ConsDiaPlaca":500.1934814,"ConsMesPlaca":500.1934814,"ConsDiaRede":232.5360107,"ConsMesRede":232.5360107,"Status":"REDE"}