{"corrente":2.898999929,"tensao":7.434999943,"consumo":0.332409829}