{"CorrPlaca":0,"TensPlaca":6.684000015,"CorrRede":0.785000026,"TensRede":0.268000007,"ConsDiaPlaca":1.587435603,"ConsMesPlaca":1.587435603,"ConsDiaRede":18.6530838,"ConsMesRede":18.6530838,"Status":"REDE"}