{"Corrente":2.270999908,"Tensao":0,"Consumo":0.070479967,"Status":"REDE"}