{"CorrPlaca":1.284999967,"TensPlaca":18.06999969,"CorrRede":2.118000031,"TensRede":0.628000021,"ConsDiaPlaca":3842.483887,"ConsMesPlaca":3842.483887,"ConsDiaRede":1192.575439,"ConsMesRede":1192.575439,"Status":"REDE"}