{"Corrente":15.42000008,"Tensao":0,"Consumo":0.792368889,"Status":"REDE"}