{"CorrPlaca":0.01,"TensPlaca":6.727000237,"CorrRede":0.837000012,"TensRede":0,"ConsDiaPlaca":86.27039337,"ConsMesPlaca":86.27039337,"ConsDiaRede":39.95064926,"ConsMesRede":39.95064926,"Status":"REDE"}