{"CorrPlaca":0,"TensPlaca":6.550000191,"CorrRede":0.781000018,"TensRede":0.140000001,"ConsDiaPlaca":87.77067566,"ConsMesPlaca":87.77067566,"ConsDiaRede":44.13521194,"ConsMesRede":44.13521194,"Status":"REDE"}