{"CorrPlaca":1.738999963,"TensPlaca":25,"CorrRede":3.049999952,"TensRede":0.224999994,"ConsDiaPlaca":434.9332275,"ConsMesPlaca":434.9332275,"ConsDiaRede":194.7237549,"ConsMesRede":194.7237549,"Status":"REDE"}