{"CorrPlaca":0.001,"TensPlaca":6.665999889,"CorrRede":0.806999981,"TensRede":0.115000002,"ConsDiaPlaca":87.48931122,"ConsMesPlaca":87.48931122,"ConsDiaRede":43.34170151,"ConsMesRede":43.34170151,"Status":"REDE"}