{"CorrPlaca":2.394999981,"TensPlaca":18.10099983,"CorrRede":3.061000109,"TensRede":6.80700016,"ConsDiaPlaca":2473.241943,"ConsMesPlaca":2473.241943,"ConsDiaRede":772.4551392,"ConsMesRede":772.4551392,"Status":"REDE"}