{"Corrente":2.253999949,"Tensao":0,"Consumo":0.070479967,"Status":"REDE"}