{"CorrPlaca":0.289000005,"TensPlaca":18.06999969,"CorrRede":1.50999999,"TensRede":0.231000006,"ConsDiaPlaca":3332.684326,"ConsMesPlaca":3332.684326,"ConsDiaRede":1030.878174,"ConsMesRede":1030.878174,"Status":"REDE"}