{"Corrente":15.28800011,"Tensao":23.55900002,"Consumo":0.672613442,"Status":"PLACA"}