{"CorrPlaca":0.083999999,"TensPlaca":6.697000027,"CorrRede":0.975000024,"TensRede":0.207000002,"ConsDiaPlaca":60.83053207,"ConsMesPlaca":60.83053207,"ConsDiaRede":22.53074265,"ConsMesRede":22.53074265,"Status":"REDE"}