{"CorrPlaca":0.711000025,"TensPlaca":5.940000057,"CorrRede":1.501000047,"TensRede":3.614000082,"ConsDiaPlaca":104.5239868,"ConsMesPlaca":104.5239868,"ConsDiaRede":90.86338806,"ConsMesRede":90.86338806,"Status":"REDE"}