{"CorrPlaca":0,"TensPlaca":0.787,"CorrRede":0.550000012,"TensRede":0.505999982,"ConsDiaPlaca":0.002766667,"ConsMesPlaca":0.002766667,"ConsDiaRede":0.600044131,"ConsMesRede":0.600044131,"Status":"REDE"}