{"Corrente":14.24800014,"Tensao":8.512000084,"Consumo":2.00560689,"Status":"PLACA"}