{"CorrPlaca":5,"TensPlaca":25,"CorrRede":1.105999947,"TensRede":1.978000045,"ConsDiaPlaca":5381.939453,"ConsMesPlaca":5381.939453,"ConsDiaRede":184.8648682,"ConsMesRede":184.8648682,"Status":"REDE"}