{"Corrente":14.51599979,"Tensao":0,"Consumo":1.197687745,"Status":"REDE"}