{"CorrPlaca":0.123999998,"TensPlaca":6.732999802,"CorrRede":0.984000027,"TensRede":0.213,"ConsDiaPlaca":33.23035431,"ConsMesPlaca":33.23035431,"ConsDiaRede":10.66238308,"ConsMesRede":10.66238308,"Status":"REDE"}