{"CorrPlaca":0,"TensPlaca":0.658999979,"CorrRede":0.561999977,"TensRede":0.360000014,"ConsDiaPlaca":0,"ConsMesPlaca":0,"ConsDiaRede":0.268928885,"ConsMesRede":0.268928885,"Status":"REDE"}