{"CorrPlaca":0,"TensPlaca":6.703000069,"CorrRede":0.800000012,"TensRede":0.323000014,"ConsDiaPlaca":1.533571362,"ConsMesPlaca":1.533571362,"ConsDiaRede":12.47672558,"ConsMesRede":12.47672558,"Status":"REDE"}