{"CorrPlaca":5,"TensPlaca":25,"CorrRede":1.654000044,"TensRede":4.774000168,"ConsDiaPlaca":17013.81055,"ConsMesPlaca":17013.81055,"ConsDiaRede":603.4511108,"ConsMesRede":603.4511108,"Status":"REDE"}