{"CorrPlaca":0,"TensPlaca":6.538000107,"CorrRede":0.771000028,"TensRede":0.224999994,"ConsDiaPlaca":1.533571362,"ConsMesPlaca":1.533571362,"ConsDiaRede":11.77790165,"ConsMesRede":11.77790165,"Status":"REDE"}