{"corrente":0.693000019,"tensao":0.666000009,"consumo":0.053933043}