{"CorrPlaca":5,"TensPlaca":18.21100044,"CorrRede":1.646999955,"TensRede":1.465000033,"ConsDiaPlaca":12315.99512,"ConsMesPlaca":12315.99512,"ConsDiaRede":539.208374,"ConsMesRede":539.208374,"Status":"REDE"}