{"CorrPlaca":2.404999971,"TensPlaca":18.09499931,"CorrRede":3.086999893,"TensRede":6.769999981,"ConsDiaPlaca":2031.607788,"ConsMesPlaca":2031.607788,"ConsDiaRede":631.7469482,"ConsMesRede":631.7469482,"Status":"REDE"}