{"CorrPlaca":5,"TensPlaca":25,"CorrRede":1.199000001,"TensRede":2.563999891,"ConsDiaPlaca":28576.23633,"ConsMesPlaca":28576.23633,"ConsDiaRede":1165.973145,"ConsMesRede":1165.973145,"Status":"REDE"}