{"CorrPlaca":5,"TensPlaca":25,"CorrRede":1.521999955,"TensRede":0.524999976,"ConsDiaPlaca":23124.88281,"ConsMesPlaca":23124.88281,"ConsDiaRede":903.9515991,"ConsMesRede":903.9515991,"Status":"REDE"}