{"CorrPlaca":0,"TensPlaca":3.118999958,"CorrRede":0.202000007,"TensRede":0,"ConsDiaPlaca":4879.587402,"ConsMesPlaca":4879.587402,"ConsDiaRede":426.8380432,"ConsMesRede":426.8380432,"Status":"REDE"}