{"CorrPlaca":0.156000003,"TensPlaca":6.659999847,"CorrRede":1.003999949,"TensRede":0.360000014,"ConsDiaPlaca":19.39841843,"ConsMesPlaca":19.39841843,"ConsDiaRede":6.795003891,"ConsMesRede":6.795003891,"Status":"REDE"}