{"corrente":0,"tensao":2.270999908,"consumo":0.379429787}