{"CorrPlaca":0.671999991,"TensPlaca":5.866000175,"CorrRede":1.452000022,"TensRede":3.217000008,"ConsDiaPlaca":67.31655884,"ConsMesPlaca":67.31655884,"ConsDiaRede":58.61032104,"ConsMesRede":58.61032104,"Status":"REDE"}