{"CorrPlaca":0.654999971,"TensPlaca":18.21699905,"CorrRede":1.695000052,"TensRede":0,"ConsDiaPlaca":652.3649902,"ConsMesPlaca":652.3649902,"ConsDiaRede":293.7112122,"ConsMesRede":293.7112122,"Status":"REDE"}