{"CorrPlaca":0.268000007,"TensPlaca":6.965000153,"CorrRede":1.06400001,"TensRede":0.488000005,"ConsDiaPlaca":9.757447243,"ConsMesPlaca":9.757447243,"ConsDiaRede":3.427704573,"ConsMesRede":3.427704573,"Status":"REDE"}