{"CorrPlaca":5,"TensPlaca":3.191999912,"CorrRede":1.075000048,"TensRede":3.614000082,"ConsDiaPlaca":4832.416016,"ConsMesPlaca":4832.416016,"ConsDiaRede":422.528717,"ConsMesRede":422.528717,"Status":"REDE"}