{"CorrPlaca":0.42899999,"TensPlaca":18.16200066,"CorrRede":1.450999975,"TensRede":0,"ConsDiaPlaca":2627.421143,"ConsMesPlaca":2627.421143,"ConsDiaRede":1036.571289,"ConsMesRede":1036.571289,"Status":"REDE"}