{"CorrPlaca":5,"TensPlaca":25,"CorrRede":2.23300004,"TensRede":3.961999893,"ConsDiaPlaca":15763.81836,"ConsMesPlaca":15763.81836,"ConsDiaRede":549.3052368,"ConsMesRede":549.3052368,"Status":"REDE"}