{"Corrente":3.000999928,"Tensao":20.86499977,"Consumo":0.088963717,"Status":"PLACA"}