{"CorrPlaca":0.691999972,"TensPlaca":18.13699913,"CorrRede":1.738000035,"TensRede":0,"ConsDiaPlaca":896.3122559,"ConsMesPlaca":896.3122559,"ConsDiaRede":278.459259,"ConsMesRede":278.459259,"Status":"REDE"}