{"corrente":0.477999985,"tensao":0,"consumo":0.0090743}