{"CorrPlaca":0.716000021,"TensPlaca":0,"CorrRede":0.126000002,"TensRede":0,"ConsDiaPlaca":109.7441177,"ConsMesPlaca":109.7441177,"ConsDiaRede":95.11206055,"ConsMesRede":95.11206055,"Status":"REDE"}