{"CorrPlaca":0.083999999,"TensPlaca":6.659999847,"CorrRede":0.920000017,"TensRede":0.231000006,"ConsDiaPlaca":70.96279144,"ConsMesPlaca":70.96279144,"ConsDiaRede":27.5714016,"ConsMesRede":27.5714016,"Status":"REDE"}