{"CorrPlaca":0.522000015,"TensPlaca":3.198999882,"CorrRede":0.91900003,"TensRede":2.099999905,"ConsDiaPlaca":126.5524597,"ConsMesPlaca":126.5524597,"ConsDiaRede":123.1905365,"ConsMesRede":123.1905365,"Status":"REDE"}