{"CorrPlaca":0.013,"TensPlaca":6.665999889,"CorrRede":0.843999982,"TensRede":0.182999998,"ConsDiaPlaca":83.9590683,"ConsMesPlaca":83.9590683,"ConsDiaRede":35.3079834,"ConsMesRede":35.3079834,"Status":"REDE"}