{"CorrPlaca":0.075000003,"TensPlaca":6.544000149,"CorrRede":0.986999989,"TensRede":0.25,"ConsDiaPlaca":38.97231674,"ConsMesPlaca":38.97231674,"ConsDiaRede":12.50066853,"ConsMesRede":12.50066853,"Status":"REDE"}