{"CorrPlaca":0.003,"TensPlaca":6.677999973,"CorrRede":0.819000006,"TensRede":0.207000002,"ConsDiaPlaca":87.77623749,"ConsMesPlaca":87.77623749,"ConsDiaRede":44.18230438,"ConsMesRede":44.18230438,"Status":"REDE"}