{"Corrente":14.44799995,"Tensao":19.12299919,"Consumo":0.915545583,"Status":"PLACA"}