{"CorrPlaca":5,"TensPlaca":25,"CorrRede":0.649999976,"TensRede":0.372000009,"ConsDiaPlaca":28437.34766,"ConsMesPlaca":28437.34766,"ConsDiaRede":1158.995728,"ConsMesRede":1158.995728,"Status":"REDE"}