{"CorrPlaca":0.039000001,"TensPlaca":6.697000027,"CorrRede":0.917999983,"TensRede":0.231000006,"ConsDiaPlaca":68.15338898,"ConsMesPlaca":68.15338898,"ConsDiaRede":26.3619194,"ConsMesRede":26.3619194,"Status":"REDE"}