{"CorrPlaca":0,"TensPlaca":18.18600082,"CorrRede":1.235999942,"TensRede":0,"ConsDiaPlaca":1422.314819,"ConsMesPlaca":1422.314819,"ConsDiaRede":646.5355225,"ConsMesRede":646.5355225,"Status":"REDE"}