{"CorrPlaca":1.68900001,"TensPlaca":18.06999969,"CorrRede":2.615999937,"TensRede":4.626999855,"ConsDiaPlaca":1448.780273,"ConsMesPlaca":1448.780273,"ConsDiaRede":458.6233521,"ConsMesRede":458.6233521,"Status":"REDE"}