{"CorrPlaca":0.601000011,"TensPlaca":18.14999962,"CorrRede":1.605999947,"TensRede":0,"ConsDiaPlaca":1894.041992,"ConsMesPlaca":1894.041992,"ConsDiaRede":861.6734619,"ConsMesRede":861.6734619,"Status":"REDE"}