{"CorrPlaca":5,"TensPlaca":25,"CorrRede":0.904999971,"TensRede":0.432999998,"ConsDiaPlaca":277.777771,"ConsMesPlaca":277.777771,"ConsDiaRede":10.47654152,"ConsMesRede":10.47654152,"Status":"REDE"}