{"CorrPlaca":0,"TensPlaca":0.781000018,"CorrRede":0.465999991,"TensRede":0.268000007,"ConsDiaPlaca":0,"ConsMesPlaca":0,"ConsDiaRede":0.419675529,"ConsMesRede":0.419675529,"Status":"REDE"}