{"CorrPlaca":0.68900001,"TensPlaca":18.06399918,"CorrRede":1.718999982,"TensRede":0,"ConsDiaPlaca":2918.97998,"ConsMesPlaca":2918.97998,"ConsDiaRede":903.9041138,"ConsMesRede":903.9041138,"Status":"REDE"}