{"CorrPlaca":0,"TensPlaca":0,"CorrRede":0.660000026,"TensRede":6.647999763,"ConsDiaPlaca":1.587435603,"ConsMesPlaca":1.587435603,"ConsDiaRede":184.2189636,"ConsMesRede":184.2189636,"Status":"REDE"}