{"CorrPlaca":2.346999884,"TensPlaca":18.11899948,"CorrRede":3.10800004,"TensRede":6.111000061,"ConsDiaPlaca":537.9143066,"ConsMesPlaca":537.9143066,"ConsDiaRede":170.7114563,"ConsMesRede":170.7114563,"Status":"REDE"}