{"CorrPlaca":2.039999962,"TensPlaca":18.11300087,"CorrRede":2.792999983,"TensRede":6.732999802,"ConsDiaPlaca":4712.669922,"ConsMesPlaca":4712.669922,"ConsDiaRede":1842.870361,"ConsMesRede":1842.870361,"Status":"REDE"}