{"CorrPlaca":0,"TensPlaca":25,"CorrRede":1.771000028,"TensRede":0.389999986,"ConsDiaPlaca":13597.06152,"ConsMesPlaca":13597.06152,"ConsDiaRede":597.0703735,"ConsMesRede":597.0703735,"Status":"REDE"}