{"CorrPlaca":5,"TensPlaca":25,"CorrRede":2.460000038,"TensRede":5.902999878,"ConsDiaPlaca":23194.32617,"ConsMesPlaca":23194.32617,"ConsDiaRede":907.9852905,"ConsMesRede":907.9852905,"Status":"REDE"}