{"CorrPlaca":0.116999999,"TensPlaca":6.684000015,"CorrRede":0.991999984,"TensRede":0.224999994,"ConsDiaPlaca":39.51139069,"ConsMesPlaca":39.51139069,"ConsDiaRede":12.7114048,"ConsMesRede":12.7114048,"Status":"REDE"}