{"CorrPlaca":0.524999976,"TensPlaca":18.07600021,"CorrRede":1.753000021,"TensRede":0.280000001,"ConsDiaPlaca":617.4179077,"ConsMesPlaca":617.4179077,"ConsDiaRede":197.635376,"ConsMesRede":197.635376,"Status":"REDE"}