{"CorrPlaca":1.771000028,"TensPlaca":18.10700035,"CorrRede":2.414999962,"TensRede":2.532999992,"ConsDiaPlaca":3322.737549,"ConsMesPlaca":3322.737549,"ConsDiaRede":1302.59375,"ConsMesRede":1302.59375,"Status":"REDE"}