{"CorrPlaca":2.082999945,"TensPlaca":18.0890007,"CorrRede":2.819999933,"TensRede":6.732999802,"ConsDiaPlaca":3483.593994,"ConsMesPlaca":3483.593994,"ConsDiaRede":1364.363525,"ConsMesRede":1364.363525,"Status":"REDE"}