{"Corrente":2.078000069,"Tensao":0,"Consumo":0.070479967,"Status":"REDE"}