{"Corrente":0,"Tensao":0.128000006,"Consumo":0.07707084,"Status":"REDE"}