{"CorrPlaca":0.035,"TensPlaca":18.13100052,"CorrRede":1.312000036,"TensRede":0.140000001,"ConsDiaPlaca":779.2492676,"ConsMesPlaca":779.2492676,"ConsDiaRede":309.059967,"ConsMesRede":309.059967,"Status":"REDE"}