{"CorrPlaca":0.021,"TensPlaca":6.697000027,"CorrRede":0.882000029,"TensRede":0.261999995,"ConsDiaPlaca":80.66581726,"ConsMesPlaca":80.66581726,"ConsDiaRede":30.99523735,"ConsMesRede":30.99523735,"Status":"REDE"}