{"Corrente":0.402999997,"Tensao":1.822000027,"Consumo":0.001065731,"Status":"REDE"}