{"CorrPlaca":5,"TensPlaca":25,"CorrRede":0.513999999,"TensRede":0,"ConsDiaPlaca":23090.16016,"ConsMesPlaca":23090.16016,"ConsDiaRede":903.7296753,"ConsMesRede":903.7296753,"Status":"REDE"}