{"Corrente":14.2670002,"Tensao":2.262000084,"Consumo":4.213905811,"Status":"REDE"}