{"CorrPlaca":5,"TensPlaca":0,"CorrRede":0.800000012,"TensRede":1.488999963,"ConsDiaPlaca":6884.029297,"ConsMesPlaca":6884.029297,"ConsDiaRede":526.5932007,"ConsMesRede":526.5932007,"Status":"REDE"}