{"CorrPlaca":5,"TensPlaca":25,"CorrRede":1.355000019,"TensRede":0,"ConsDiaPlaca":17534.64063,"ConsMesPlaca":17534.64063,"ConsDiaRede":628.19104,"ConsMesRede":628.19104,"Status":"REDE"}