{"CorrPlaca":5,"TensPlaca":25,"CorrRede":0.644999981,"TensRede":0,"ConsDiaPlaca":20937.39648,"ConsMesPlaca":20937.39648,"ConsDiaRede":802.1385498,"ConsMesRede":802.1385498,"Status":"REDE"}