{"CorrPlaca":0.006,"TensPlaca":6.715000153,"CorrRede":0.839999974,"TensRede":0.054000001,"ConsDiaPlaca":85.32189941,"ConsMesPlaca":85.32189941,"ConsDiaRede":38.22429276,"ConsMesRede":38.22429276,"Status":"REDE"}