{"CorrPlaca":0,"TensPlaca":6.709000111,"CorrRede":0.796999991,"TensRede":0.218999997,"ConsDiaPlaca":87.77623749,"ConsMesPlaca":87.77623749,"ConsDiaRede":44.27155685,"ConsMesRede":44.27155685,"Status":"REDE"}