{"CorrPlaca":0.742999971,"TensPlaca":18.06999969,"CorrRede":1.715000033,"TensRede":0,"ConsDiaPlaca":3602.992432,"ConsMesPlaca":3602.992432,"ConsDiaRede":1124.811157,"ConsMesRede":1124.811157,"Status":"REDE"}