{"Corrente":2.292999983,"Tensao":0,"Consumo":0.149639666,"Status":"REDE"}