{"CorrPlaca":0.012,"TensPlaca":0.640999973,"CorrRede":0.515999973,"TensRede":1.042999983,"ConsDiaPlaca":0.016241388,"ConsMesPlaca":0.016241388,"ConsDiaRede":1.462391615,"ConsMesRede":1.462391615,"Status":"REDE"}