{"CorrPlaca":2.928999901,"TensPlaca":18.17399979,"CorrRede":3.424000025,"TensRede":8.631999969,"ConsDiaPlaca":2409.57666,"ConsMesPlaca":2409.57666,"ConsDiaRede":953.1325684,"ConsMesRede":953.1325684,"Status":"REDE"}