{"CorrPlaca":5,"TensPlaca":25,"CorrRede":0.474000007,"TensRede":0,"ConsDiaPlaca":21874.89063,"ConsMesPlaca":21874.89063,"ConsDiaRede":849.8066406,"ConsMesRede":849.8066406,"Status":"REDE"}