{"CorrPlaca":0.086000003,"TensPlaca":6.703000069,"CorrRede":0.99000001,"TensRede":0.323000014,"ConsDiaPlaca":57.45930481,"ConsMesPlaca":57.45930481,"ConsDiaRede":20.85017967,"ConsMesRede":20.85017967,"Status":"REDE"}