{"CorrPlaca":5,"TensPlaca":25,"CorrRede":3.470999956,"TensRede":1.404000044,"ConsDiaPlaca":1659.620728,"ConsMesPlaca":1659.620728,"ConsDiaRede":346.6253967,"ConsMesRede":346.6253967,"Status":"REDE"}