{"CorrPlaca":0.400999993,"TensPlaca":3.198999882,"CorrRede":0.838,"TensRede":1.677999973,"ConsDiaPlaca":4878.875,"ConsMesPlaca":4878.875,"ConsDiaRede":426.0537109,"ConsMesRede":426.0537109,"Status":"REDE"}