{"CorrPlaca":0.94599998,"TensPlaca":18.10099983,"CorrRede":2.107000113,"TensRede":2.917999983,"ConsDiaPlaca":5229.148438,"ConsMesPlaca":5229.148438,"ConsDiaRede":1644.779785,"ConsMesRede":1644.779785,"Status":"REDE"}