{"CorrPlaca":5,"TensPlaca":3.118999958,"CorrRede":0.726999998,"TensRede":0,"ConsDiaPlaca":6262.709961,"ConsMesPlaca":6262.709961,"ConsDiaRede":495.311615,"ConsMesRede":495.311615,"Status":"REDE"}