{"CorrPlaca":3.263999939,"TensPlaca":18.16799927,"CorrRede":3.743999958,"TensRede":10.07900047,"ConsDiaPlaca":146.5275726,"ConsMesPlaca":146.5275726,"ConsDiaRede":69.17630768,"ConsMesRede":69.17630768,"Status":"REDE"}