{"CorrPlaca":0,"TensPlaca":0,"CorrRede":0.578999996,"TensRede":0.145999998,"ConsDiaPlaca":1.587435603,"ConsMesPlaca":1.587435603,"ConsDiaRede":17.60482216,"ConsMesRede":17.60482216,"Status":"REDE"}