{"Corrente":14.5010004,"Tensao":1.302000046,"Consumo":7.482935905,"Status":"REDE"}