{"Corrente":14.29599953,"Tensao":27.81399918,"Consumo":4.849059582,"Status":"PLACA"}