{"CorrPlaca":5,"TensPlaca":25,"CorrRede":1.77699995,"TensRede":1.690999985,"ConsDiaPlaca":22916.55078,"ConsMesPlaca":22916.55078,"ConsDiaRede":895.0865479,"ConsMesRede":895.0865479,"Status":"REDE"}