{"CorrPlaca":0.261999995,"TensPlaca":18.06999969,"CorrRede":1.465999961,"TensRede":1.013000011,"ConsDiaPlaca":2580.89502,"ConsMesPlaca":2580.89502,"ConsDiaRede":1025.340454,"ConsMesRede":1025.340454,"Status":"REDE"}