{"CorrPlaca":0.256999999,"TensPlaca":18.00300026,"CorrRede":1.35800004,"TensRede":0,"ConsDiaPlaca":4778.481934,"ConsMesPlaca":4778.481934,"ConsDiaRede":1867.403809,"ConsMesRede":1867.403809,"Status":"REDE"}