{"CorrPlaca":3.500999928,"TensPlaca":25,"CorrRede":0.802999973,"TensRede":0,"ConsDiaPlaca":21155.90039,"ConsMesPlaca":21155.90039,"ConsDiaRede":721.807312,"ConsMesRede":721.807312,"Status":"REDE"}