{"CorrPlaca":0,"TensPlaca":6.671999931,"CorrRede":0.759000003,"TensRede":0.108999997,"ConsDiaPlaca":1.587435603,"ConsMesPlaca":1.587435603,"ConsDiaRede":18.91145134,"ConsMesRede":18.91145134,"Status":"REDE"}