{"CorrPlaca":5,"TensPlaca":25,"CorrRede":1.738000035,"TensRede":1.769999981,"ConsDiaPlaca":32465.09961,"ConsMesPlaca":32465.09961,"ConsDiaRede":1331.868896,"ConsMesRede":1331.868896,"Status":"REDE"}