{"CorrPlaca":5,"TensPlaca":25,"CorrRede":0.722000003,"TensRede":0,"ConsDiaPlaca":17569.36133,"ConsMesPlaca":17569.36133,"ConsDiaRede":628.19104,"ConsMesRede":628.19104,"Status":"REDE"}