{"CorrPlaca":2.611000061,"TensPlaca":18.08300018,"CorrRede":3.234999895,"TensRede":7.472000122,"ConsDiaPlaca":649.0504761,"ConsMesPlaca":649.0504761,"ConsDiaRede":293.7112122,"ConsMesRede":293.7112122,"Status":"REDE"}