{"CorrPlaca":2.273999929,"TensPlaca":25,"CorrRede":3.572999954,"TensRede":2.49000001,"ConsDiaPlaca":512.3637695,"ConsMesPlaca":512.3637695,"ConsDiaRede":204.8957672,"ConsMesRede":204.8957672,"Status":"REDE"}