{"CorrPlaca":5,"TensPlaca":25,"CorrRede":0.97299999,"TensRede":1.666000009,"ConsDiaPlaca":1840.278809,"ConsMesPlaca":1840.278809,"ConsDiaRede":98.14573669,"ConsMesRede":98.14573669,"Status":"REDE"}