{"corrente":2.951999903,"tensao":14.92599964,"consumo":0.321016073}