{"CorrPlaca":5,"TensPlaca":25,"CorrRede":0.564999998,"TensRede":0.090999998,"ConsDiaPlaca":17083.25391,"ConsMesPlaca":17083.25391,"ConsDiaRede":606.1658936,"ConsMesRede":606.1658936,"Status":"REDE"}