{"CorrPlaca":5,"TensPlaca":25,"CorrRede":1.835000038,"TensRede":0.781000018,"ConsDiaPlaca":13447.36328,"ConsMesPlaca":13447.36328,"ConsDiaRede":573.1490479,"ConsMesRede":573.1490479,"Status":"REDE"}