{"CorrPlaca":0.221000001,"TensPlaca":18.06999969,"CorrRede":1.444000006,"TensRede":0.926999986,"ConsDiaPlaca":3741.221924,"ConsMesPlaca":3741.221924,"ConsDiaRede":1465.643311,"ConsMesRede":1465.643311,"Status":"REDE"}