{"Corrente":15.84399986,"Tensao":5.221000195,"Consumo":0.770409882,"Status":"PLACA"}