{"CorrPlaca":0.056000002,"TensPlaca":18.06999969,"CorrRede":1.32099998,"TensRede":0.524999976,"ConsDiaPlaca":3806.058594,"ConsMesPlaca":3806.058594,"ConsDiaRede":1484.024536,"ConsMesRede":1484.024536,"Status":"REDE"}