{"CorrPlaca":0,"TensPlaca":6.738999844,"CorrRede":0.760999978,"TensRede":0.194999993,"ConsDiaPlaca":1.587435603,"ConsMesPlaca":1.587435603,"ConsDiaRede":20.42155838,"ConsMesRede":20.42155838,"Status":"REDE"}