{"CorrPlaca":0.363000005,"TensPlaca":18.17399979,"CorrRede":1.562000036,"TensRede":0.537,"ConsDiaPlaca":3515.577637,"ConsMesPlaca":3515.577637,"ConsDiaRede":1098.630005,"ConsMesRede":1098.630005,"Status":"REDE"}