{"CorrPlaca":0,"TensPlaca":0.763000011,"CorrRede":0.462000012,"TensRede":0.293000013,"ConsDiaPlaca":0.000650833,"ConsMesPlaca":0.000650833,"ConsDiaRede":0.624019146,"ConsMesRede":0.624019146,"Status":"REDE"}