{"corrente":0.572000027,"tensao":0,"consumo":0.850360632}