{"CorrPlaca":0,"TensPlaca":0,"CorrRede":0.578999996,"TensRede":0.158000007,"ConsDiaPlaca":1.587435603,"ConsMesPlaca":1.587435603,"ConsDiaRede":17.713871,"ConsMesRede":17.713871,"Status":"REDE"}