{"CorrPlaca":0,"TensPlaca":6.703000069,"CorrRede":0.77700001,"TensRede":0.207000002,"ConsDiaPlaca":1.533571362,"ConsMesPlaca":1.533571362,"ConsDiaRede":13.646451,"ConsMesRede":13.646451,"Status":"REDE"}