{"Corrente":15.13099957,"Tensao":4.474999905,"Consumo":0.697473109,"Status":"REDE"}