{"CorrPlaca":0.694000006,"TensPlaca":3.736000061,"CorrRede":0.991999984,"TensRede":1.269000053,"ConsDiaPlaca":86.48827362,"ConsMesPlaca":86.48827362,"ConsDiaRede":76.46812439,"ConsMesRede":76.46812439,"Status":"REDE"}