{"CorrPlaca":0.52700001,"TensPlaca":18.04000092,"CorrRede":1.534000039,"TensRede":0,"ConsDiaPlaca":4584.20459,"ConsMesPlaca":4584.20459,"ConsDiaRede":1783.55249,"ConsMesRede":1783.55249,"Status":"REDE"}