{"CorrPlaca":3.124000072,"TensPlaca":18.06999969,"CorrRede":3.64199996,"TensRede":7.71600008,"ConsDiaPlaca":672.3642578,"ConsMesPlaca":672.3642578,"ConsDiaRede":217.4875183,"ConsMesRede":217.4875183,"Status":"REDE"}