{"CorrPlaca":0.293000013,"TensPlaca":3.204999924,"CorrRede":0.726000011,"TensRede":1.335999966,"ConsDiaPlaca":124.8542099,"ConsMesPlaca":124.8542099,"ConsDiaRede":121.2423248,"ConsMesRede":121.2423248,"Status":"REDE"}