{"CorrPlaca":0.007,"TensPlaca":0.59799999,"CorrRede":0.56099999,"TensRede":0.512000024,"ConsDiaPlaca":0.001813611,"ConsMesPlaca":0.001813611,"ConsDiaRede":0.703805864,"ConsMesRede":0.703805864,"Status":"REDE"}