{"CorrPlaca":1.682999969,"TensPlaca":18.13699913,"CorrRede":2.565000057,"TensRede":5.781000137,"ConsDiaPlaca":3132.890381,"ConsMesPlaca":3132.890381,"ConsDiaRede":1234.994995,"ConsMesRede":1234.994995,"Status":"REDE"}