{"CorrPlaca":0,"TensPlaca":6.488999844,"CorrRede":0.768000007,"TensRede":0.108999997,"ConsDiaPlaca":1.533571362,"ConsMesPlaca":1.533571362,"ConsDiaRede":12.22444916,"ConsMesRede":12.22444916,"Status":"REDE"}