{"corrente":0.145999998,"tensao":2.648999929,"consumo":0.27253744}