{"CorrPlaca":2.703999996,"TensPlaca":18.13100052,"CorrRede":3.279999971,"TensRede":7.355999947,"ConsDiaPlaca":4495.335938,"ConsMesPlaca":4495.335938,"ConsDiaRede":1406.669189,"ConsMesRede":1406.669189,"Status":"REDE"}