{"CorrPlaca":1.269000053,"TensPlaca":18.04599953,"CorrRede":2.036000013,"TensRede":0.59799999,"ConsDiaPlaca":2606.165283,"ConsMesPlaca":2606.165283,"ConsDiaRede":1032.961792,"ConsMesRede":1032.961792,"Status":"REDE"}