{"CorrPlaca":0.078000002,"TensPlaca":6.574999809,"CorrRede":0.968999982,"TensRede":0.194999993,"ConsDiaPlaca":56.75194168,"ConsMesPlaca":56.75194168,"ConsDiaRede":20.47609711,"ConsMesRede":20.47609711,"Status":"REDE"}