{"CorrPlaca":5,"TensPlaca":25,"CorrRede":0.748000026,"TensRede":0.054000001,"ConsDiaPlaca":34270.68359,"ConsMesPlaca":34270.68359,"ConsDiaRede":1398.418945,"ConsMesRede":1398.418945,"Status":"REDE"}