{"Corrente":19.13299942,"Tensao":4.264999866,"Consumo":0.022667289,"Status":"REDE"}