{"CorrPlaca":0,"TensPlaca":6.677999973,"CorrRede":0.800000012,"TensRede":0.140000001,"ConsDiaPlaca":87.51159668,"ConsMesPlaca":87.51159668,"ConsDiaRede":43.41234207,"ConsMesRede":43.41234207,"Status":"REDE"}