{"CorrPlaca":5,"TensPlaca":25,"CorrRede":2.826999903,"TensRede":0,"ConsDiaPlaca":1763.787476,"ConsMesPlaca":1763.787476,"ConsDiaRede":349.9697571,"ConsMesRede":349.9697571,"Status":"REDE"}