{"CorrPlaca":0,"TensPlaca":6.544000149,"CorrRede":0.769999981,"TensRede":0.328999996,"ConsDiaPlaca":1.533571362,"ConsMesPlaca":1.533571362,"ConsDiaRede":10.64770699,"ConsMesRede":10.64770699,"Status":"REDE"}