{"CorrPlaca":0,"TensPlaca":3.191999912,"CorrRede":0.377999991,"TensRede":0,"ConsDiaPlaca":124.8542099,"ConsMesPlaca":124.8542099,"ConsDiaRede":121.2423248,"ConsMesRede":121.2423248,"Status":"REDE"}