{"CorrPlaca":5,"TensPlaca":25,"CorrRede":2.40899992,"TensRede":7.124000072,"ConsDiaPlaca":27708.18555,"ConsMesPlaca":27708.18555,"ConsDiaRede":1125.146484,"ConsMesRede":1125.146484,"Status":"REDE"}