{"Corrente":2.298000097,"Tensao":0,"Consumo":0.070479967,"Status":"REDE"}