{"CorrPlaca":1.131000042,"TensPlaca":18.06999969,"CorrRede":2.207000017,"TensRede":3.479000092,"ConsDiaPlaca":2659.119141,"ConsMesPlaca":2659.119141,"ConsDiaRede":817.1635132,"ConsMesRede":817.1635132,"Status":"REDE"}