{"CorrPlaca":0.718999982,"TensPlaca":5.610000134,"CorrRede":1.414999962,"TensRede":2.881000042,"ConsDiaPlaca":105.6444321,"ConsMesPlaca":105.6444321,"ConsDiaRede":91.99578094,"ConsMesRede":91.99578094,"Status":"REDE"}