{"CorrPlaca":1.824000001,"TensPlaca":18.16799927,"CorrRede":2.489000082,"TensRede":2.789000034,"ConsDiaPlaca":2173.772705,"ConsMesPlaca":2173.772705,"ConsDiaRede":869.2229614,"ConsMesRede":869.2229614,"Status":"REDE"}