{"CorrPlaca":5,"TensPlaca":25,"CorrRede":2.380000114,"TensRede":7.026000023,"ConsDiaPlaca":26492.91602,"ConsMesPlaca":26492.91602,"ConsDiaRede":1065.154175,"ConsMesRede":1065.154175,"Status":"REDE"}