{"CorrPlaca":0.680000007,"TensPlaca":18.07600021,"CorrRede":1.873999953,"TensRede":1.159000039,"ConsDiaPlaca":1406.651611,"ConsMesPlaca":1406.651611,"ConsDiaRede":447.4017639,"ConsMesRede":447.4017639,"Status":"REDE"}