{"corrente":0.829999983,"tensao":0,"consumo":0.00478192}