{"CorrPlaca":0,"TensPlaca":0,"CorrRede":0.644999981,"TensRede":6.659999847,"ConsDiaPlaca":1.587435603,"ConsMesPlaca":1.587435603,"ConsDiaRede":75.45144653,"ConsMesRede":75.45144653,"Status":"REDE"}