{"CorrPlaca":0,"TensPlaca":3.118999958,"CorrRede":0.331999987,"TensRede":0,"ConsDiaPlaca":4883.023926,"ConsMesPlaca":4883.023926,"ConsDiaRede":429.50354,"ConsMesRede":429.50354,"Status":"REDE"}