{"CorrPlaca":0.256000012,"TensPlaca":18.10099983,"CorrRede":1.531999946,"TensRede":0,"ConsDiaPlaca":2660.406494,"ConsMesPlaca":2660.406494,"ConsDiaRede":817.1635132,"ConsMesRede":817.1635132,"Status":"REDE"}