{"CorrPlaca":0,"TensPlaca":0,"CorrRede":0.683000028,"TensRede":6.677999973,"ConsDiaPlaca":1.587435603,"ConsMesPlaca":1.587435603,"ConsDiaRede":152.7343445,"ConsMesRede":152.7343445,"Status":"REDE"}