{"CorrPlaca":0,"TensPlaca":0,"CorrRede":0.588,"TensRede":0.048,"ConsDiaPlaca":1.587435603,"ConsMesPlaca":1.587435603,"ConsDiaRede":22.21488571,"ConsMesRede":22.21488571,"Status":"REDE"}