{"CorrPlaca":0,"TensPlaca":6.738999844,"CorrRede":0.856999993,"TensRede":0.231000006,"ConsDiaPlaca":83.11473083,"ConsMesPlaca":83.11473083,"ConsDiaRede":33.61083984,"ConsMesRede":33.61083984,"Status":"REDE"}