{"CorrPlaca":0,"TensPlaca":6.659999847,"CorrRede":0.800000012,"TensRede":0.377999991,"ConsDiaPlaca":1.533571362,"ConsMesPlaca":1.533571362,"ConsDiaRede":9.817563057,"ConsMesRede":9.817563057,"Status":"REDE"}