{"CorrPlaca":0.023,"TensPlaca":0.647000015,"CorrRede":0.51700002,"TensRede":0.75,"ConsDiaPlaca":0.010498056,"ConsMesPlaca":0.010498056,"ConsDiaRede":1.157680631,"ConsMesRede":1.157680631,"Status":"REDE"}