{"CorrPlaca":5,"TensPlaca":25,"CorrRede":0.556999981,"TensRede":0,"ConsDiaPlaca":16284.64844,"ConsMesPlaca":16284.64844,"ConsDiaRede":573.3253174,"ConsMesRede":573.3253174,"Status":"REDE"}