{"CorrPlaca":2.621000051,"TensPlaca":18.07600021,"CorrRede":3.210000038,"TensRede":8.168000221,"ConsDiaPlaca":2599.803955,"ConsMesPlaca":2599.803955,"ConsDiaRede":1032.623657,"ConsMesRede":1032.623657,"Status":"REDE"}