{"CorrPlaca":0.648999989,"TensPlaca":18.04599953,"CorrRede":1.753000021,"TensRede":0.463,"ConsDiaPlaca":49.37999725,"ConsMesPlaca":49.37999725,"ConsDiaRede":7.981464863,"ConsMesRede":7.981464863,"Status":"REDE"}