{"CorrPlaca":5,"TensPlaca":25,"CorrRede":0.916000009,"TensRede":1.526000023,"ConsDiaPlaca":1631.94519,"ConsMesPlaca":1631.94519,"ConsDiaRede":91.96904755,"ConsMesRede":91.96904755,"Status":"REDE"}