{"CorrPlaca":0.118000001,"TensPlaca":6.659999847,"CorrRede":0.978999972,"TensRede":0.108999997,"ConsDiaPlaca":33.58925629,"ConsMesPlaca":33.58925629,"ConsDiaRede":10.75358677,"ConsMesRede":10.75358677,"Status":"REDE"}