{"CorrPlaca":0,"TensPlaca":18.06399918,"CorrRede":1.15199995,"TensRede":0,"ConsDiaPlaca":3469.137695,"ConsMesPlaca":3469.137695,"ConsDiaRede":1359.089355,"ConsMesRede":1359.089355,"Status":"REDE"}