{"CorrPlaca":5,"TensPlaca":25,"CorrRede":1.36500001,"TensRede":3.22300005,"ConsDiaPlaca":24965.14844,"ConsMesPlaca":24965.14844,"ConsDiaRede":1018.2052,"ConsMesRede":1018.2052,"Status":"REDE"}