{"CorrPlaca":1.026000023,"TensPlaca":3.210999966,"CorrRede":1.093999982,"TensRede":0.493999988,"ConsDiaPlaca":4883.938965,"ConsMesPlaca":4883.938965,"ConsDiaRede":429.653656,"ConsMesRede":429.653656,"Status":"REDE"}