{"corrente":0.634000003,"tensao":0,"consumo":0.00478192}