{"CorrPlaca":0.097000003,"TensPlaca":6.721000195,"CorrRede":0.989000022,"TensRede":0.224999994,"ConsDiaPlaca":40.76852798,"ConsMesPlaca":40.76852798,"ConsDiaRede":13.14485073,"ConsMesRede":13.14485073,"Status":"REDE"}