{"CorrPlaca":0.444000006,"TensPlaca":18.125,"CorrRede":1.47300005,"TensRede":0,"ConsDiaPlaca":4309.093262,"ConsMesPlaca":4309.093262,"ConsDiaRede":1678.213135,"ConsMesRede":1678.213135,"Status":"REDE"}