{"CorrPlaca":0.709999979,"TensPlaca":18.0890007,"CorrRede":1.705000043,"TensRede":0,"ConsDiaPlaca":3558.28418,"ConsMesPlaca":3558.28418,"ConsDiaRede":1108.637695,"ConsMesRede":1108.637695,"Status":"REDE"}