{"CorrPlaca":0,"TensPlaca":0,"CorrRede":0.657999992,"TensRede":6.738999844,"ConsDiaPlaca":1.587435603,"ConsMesPlaca":1.587435603,"ConsDiaRede":170.8659363,"ConsMesRede":170.8659363,"Status":"REDE"}