{"CorrPlaca":0.108000003,"TensPlaca":6.574999809,"CorrRede":0.890999973,"TensRede":0.140000001,"ConsDiaPlaca":77.13135529,"ConsMesPlaca":77.13135529,"ConsDiaRede":29.06907463,"ConsMesRede":29.06907463,"Status":"REDE"}