{"Corrente":15.56400013,"Tensao":0.048,"Consumo":0.602059007,"Status":"REDE"}