{"CorrPlaca":5,"TensPlaca":25,"CorrRede":1.210999966,"TensRede":2.441999912,"ConsDiaPlaca":21249.89453,"ConsMesPlaca":21249.89453,"ConsDiaRede":808.3673096,"ConsMesRede":808.3673096,"Status":"REDE"}