{"CorrPlaca":0.182999998,"TensPlaca":18.18600082,"CorrRede":1.393000007,"TensRede":0,"ConsDiaPlaca":3224.478027,"ConsMesPlaca":3224.478027,"ConsDiaRede":996.4484253,"ConsMesRede":996.4484253,"Status":"REDE"}