{"CorrPlaca":0,"TensPlaca":0,"CorrRede":0.574999988,"TensRede":0,"ConsDiaPlaca":1.587435603,"ConsMesPlaca":1.587435603,"ConsDiaRede":21.3948288,"ConsMesRede":21.3948288,"Status":"REDE"}