{"CorrPlaca":0.018999999,"TensPlaca":18.0340004,"CorrRede":1.266000032,"TensRede":0.188999996,"ConsDiaPlaca":3277.236328,"ConsMesPlaca":3277.236328,"ConsDiaRede":1285.886108,"ConsMesRede":1285.886108,"Status":"REDE"}