{"Corrente":8.878000259,"Tensao":4.980999947,"Consumo":0.111983754,"Status":"REDE"}