{"Corrente":0,"Tensao":0.108999997,"Consumo":0.07707084,"Status":"REDE"}