{"CorrPlaca":0.583999991,"TensPlaca":18.125,"CorrRede":1.598999977,"TensRede":0,"ConsDiaPlaca":2075.511963,"ConsMesPlaca":2075.511963,"ConsDiaRede":831.0800781,"ConsMesRede":831.0800781,"Status":"REDE"}