{"CorrPlaca":0,"TensPlaca":6.732999802,"CorrRede":0.84799999,"TensRede":0.188999996,"ConsDiaPlaca":84.03287506,"ConsMesPlaca":84.03287506,"ConsDiaRede":35.52697372,"ConsMesRede":35.52697372,"Status":"REDE"}