{"CorrPlaca":0.321999997,"TensPlaca":3.180000067,"CorrRede":0.787,"TensRede":1.495000005,"ConsDiaPlaca":166.1593323,"ConsMesPlaca":166.1593323,"ConsDiaRede":154.8904877,"ConsMesRede":154.8904877,"Status":"REDE"}