{"corrente":-4.666999817,"tensao":0.213,"consumo":-0.080077916}