{"CorrPlaca":1.932000041,"TensPlaca":18.00300026,"CorrRede":2.582000017,"TensRede":3.357000113,"ConsDiaPlaca":2274.182129,"ConsMesPlaca":2274.182129,"ConsDiaRede":900.2771606,"ConsMesRede":900.2771606,"Status":"REDE"}