{"CorrPlaca":2.871000051,"TensPlaca":18.20499992,"CorrRede":3.359999895,"TensRede":8.394000053,"ConsDiaPlaca":4624.035645,"ConsMesPlaca":4624.035645,"ConsDiaRede":1802.111572,"ConsMesRede":1802.111572,"Status":"REDE"}