{"CorrPlaca":5,"TensPlaca":25,"CorrRede":2.049999952,"TensRede":6.513999939,"ConsDiaPlaca":30902.60938,"ConsMesPlaca":30902.60938,"ConsDiaRede":1283.136719,"ConsMesRede":1283.136719,"Status":"REDE"}