{"CorrPlaca":5,"TensPlaca":25,"CorrRede":2.112999916,"TensRede":1.281999946,"ConsDiaPlaca":27638.74219,"ConsMesPlaca":27638.74219,"ConsDiaRede":1119.122314,"ConsMesRede":1119.122314,"Status":"REDE"}