{"CorrPlaca":0,"TensPlaca":0,"CorrRede":0.598999977,"TensRede":0,"ConsDiaPlaca":1.587435603,"ConsMesPlaca":1.587435603,"ConsDiaRede":187.2311707,"ConsMesRede":187.2311707,"Status":"REDE"}