{"CorrPlaca":0.27700001,"TensPlaca":18.16799927,"CorrRede":1.542000055,"TensRede":0.469999999,"ConsDiaPlaca":4837.178223,"ConsMesPlaca":4837.178223,"ConsDiaRede":1500.451172,"ConsMesRede":1500.451172,"Status":"REDE"}