{"CorrPlaca":0.096000001,"TensPlaca":6.671999931,"CorrRede":0.995999992,"TensRede":0.238000005,"ConsDiaPlaca":27.68741417,"ConsMesPlaca":27.68741417,"ConsDiaRede":8.721129417,"ConsMesRede":8.721129417,"Status":"REDE"}