{"CorrPlaca":0.006,"TensPlaca":3.191999912,"CorrRede":0.527999997,"TensRede":0.365999997,"ConsDiaPlaca":178.7357941,"ConsMesPlaca":178.7357941,"ConsDiaRede":165.0285797,"ConsMesRede":165.0285797,"Status":"REDE"}