{"CorrPlaca":0.004,"TensPlaca":6.738999844,"CorrRede":0.86500001,"TensRede":0.182999998,"ConsDiaPlaca":82.1061554,"ConsMesPlaca":82.1061554,"ConsDiaRede":32.71183777,"ConsMesRede":32.71183777,"Status":"REDE"}