{"Corrente":14.60900021,"Tensao":2.180000067,"Consumo":5.165887833,"Status":"REDE"}