{"CorrPlaca":0,"TensPlaca":0,"CorrRede":0.683000028,"TensRede":6.794000149,"ConsDiaPlaca":1.587435603,"ConsMesPlaca":1.587435603,"ConsDiaRede":132.2321625,"ConsMesRede":132.2321625,"Status":"REDE"}