{"CorrPlaca":5,"TensPlaca":25,"CorrRede":0.79400003,"TensRede":0,"ConsDiaPlaca":34826.26953,"ConsMesPlaca":34826.26953,"ConsDiaRede":1405.507446,"ConsMesRede":1405.507446,"Status":"REDE"}