{"CorrPlaca":0,"TensPlaca":6.684000015,"CorrRede":0.797999978,"TensRede":0.293000013,"ConsDiaPlaca":1.533571362,"ConsMesPlaca":1.533571362,"ConsDiaRede":10.77462196,"ConsMesRede":10.77462196,"Status":"REDE"}