{"CorrPlaca":5,"TensPlaca":25,"CorrRede":2.282000065,"TensRede":6.818999767,"ConsDiaPlaca":22499.88672,"ConsMesPlaca":22499.88672,"ConsDiaRede":874.8672485,"ConsMesRede":874.8672485,"Status":"REDE"}