{"CorrPlaca":0,"TensPlaca":0.56099999,"CorrRede":0.409999996,"TensRede":0.298999995,"ConsDiaPlaca":0.022247778,"ConsMesPlaca":0.022247778,"ConsDiaRede":0.707152784,"ConsMesRede":0.707152784,"Status":"REDE"}