{"CorrPlaca":0,"TensPlaca":0.720000029,"CorrRede":0.48300001,"TensRede":0.054000001,"ConsDiaPlaca":0,"ConsMesPlaca":0,"ConsDiaRede":0.830695808,"ConsMesRede":0.830695808,"Status":"REDE"}