{"CorrPlaca":0.483999997,"TensPlaca":18.10700035,"CorrRede":1.583999991,"TensRede":0,"ConsDiaPlaca":1472.995239,"ConsMesPlaca":1472.995239,"ConsDiaRede":459.6186218,"ConsMesRede":459.6186218,"Status":"REDE"}