{"CorrPlaca":1.526000023,"TensPlaca":18.16799927,"CorrRede":2.278000116,"TensRede":1.83099997,"ConsDiaPlaca":3626.678223,"ConsMesPlaca":3626.678223,"ConsDiaRede":1414.025269,"ConsMesRede":1414.025269,"Status":"REDE"}