{"Corrente":-1.340999961,"Tensao":7.30700016,"Consumo":0.150998145,"Status":"REDE"}