{"CorrPlaca":5,"TensPlaca":25,"CorrRede":3.644000053,"TensRede":2.178999901,"ConsDiaPlaca":2492.954834,"ConsMesPlaca":2492.954834,"ConsDiaRede":356.7437134,"ConsMesRede":356.7437134,"Status":"REDE"}