{"CorrPlaca":0.057,"TensPlaca":3.210999966,"CorrRede":0.49000001,"TensRede":0,"ConsDiaPlaca":134.7259369,"ConsMesPlaca":134.7259369,"ConsDiaRede":130.3726654,"ConsMesRede":130.3726654,"Status":"REDE"}