{"CorrPlaca":0,"TensPlaca":6.544000149,"CorrRede":0.792999983,"TensRede":0.090999998,"ConsDiaPlaca":1.533571362,"ConsMesPlaca":1.533571362,"ConsDiaRede":12.30408859,"ConsMesRede":12.30408859,"Status":"REDE"}