{"Corrente":15.22500038,"Tensao":0,"Consumo":0.792368889,"Status":"REDE"}