{"CorrPlaca":1.268000007,"TensPlaca":18.13699913,"CorrRede":2.101000071,"TensRede":0.444999993,"ConsDiaPlaca":3084.925049,"ConsMesPlaca":3084.925049,"ConsDiaRede":948.4453125,"ConsMesRede":948.4453125,"Status":"REDE"}