{"CorrPlaca":0.683000028,"TensPlaca":1.23300004,"CorrRede":0.425999999,"TensRede":0,"ConsDiaPlaca":59.5785141,"ConsMesPlaca":59.5785141,"ConsDiaRede":52.48682404,"ConsMesRede":52.48682404,"Status":"REDE"}