{"CorrPlaca":0,"TensPlaca":0,"CorrRede":0.619000018,"TensRede":0.048,"ConsDiaPlaca":1.587435603,"ConsMesPlaca":1.587435603,"ConsDiaRede":188.4776154,"ConsMesRede":188.4776154,"Status":"REDE"}