{"CorrPlaca":3.575000048,"TensPlaca":25,"CorrRede":0.867999971,"TensRede":0,"ConsDiaPlaca":30626.57031,"ConsMesPlaca":30626.57031,"ConsDiaRede":799.0308228,"ConsMesRede":799.0308228,"Status":"REDE"}