{"CorrPlaca":0.623000026,"TensPlaca":18.06999969,"CorrRede":1.873999953,"TensRede":2.173000097,"ConsDiaPlaca":897.5922852,"ConsMesPlaca":897.5922852,"ConsDiaRede":398.562439,"ConsMesRede":398.562439,"Status":"REDE"}