{"CorrPlaca":0.819999993,"TensPlaca":3.22300005,"CorrRede":1.128999949,"TensRede":2.936000109,"ConsDiaPlaca":130.5636597,"ConsMesPlaca":130.5636597,"ConsDiaRede":126.9698944,"ConsMesRede":126.9698944,"Status":"REDE"}