{"CorrPlaca":0,"TensPlaca":6.532000065,"CorrRede":0.785000026,"TensRede":0.213,"ConsDiaPlaca":1.533571362,"ConsMesPlaca":1.533571362,"ConsDiaRede":15.11982727,"ConsMesRede":15.11982727,"Status":"REDE"}