{"CorrPlaca":0,"TensPlaca":6.732999802,"CorrRede":0.758000016,"TensRede":0.103,"ConsDiaPlaca":1.587435603,"ConsMesPlaca":1.587435603,"ConsDiaRede":22.32613564,"ConsMesRede":22.32613564,"Status":"REDE"}