{"CorrPlaca":2.821000099,"TensPlaca":18.01499939,"CorrRede":3.339999914,"TensRede":7.441999912,"ConsDiaPlaca":2710.096191,"ConsMesPlaca":2710.096191,"ConsDiaRede":838.104187,"ConsMesRede":838.104187,"Status":"REDE"}