{"CorrPlaca":0.476000011,"TensPlaca":18.06399918,"CorrRede":1.659000039,"TensRede":0,"ConsDiaPlaca":619.8063965,"ConsMesPlaca":619.8063965,"ConsDiaRede":197.635376,"ConsMesRede":197.635376,"Status":"REDE"}