{"Corrente":2.288000107,"Tensao":0,"Consumo":0.070479967,"Status":"REDE"}