{"CorrPlaca":0,"TensPlaca":6.580999851,"CorrRede":0.75,"TensRede":0.194999993,"ConsDiaPlaca":1.533571362,"ConsMesPlaca":1.533571362,"ConsDiaRede":13.68707657,"ConsMesRede":13.68707657,"Status":"REDE"}