{"CorrPlaca":0.704999983,"TensPlaca":5.646999836,"CorrRede":1.386999965,"TensRede":1.526000023,"ConsDiaPlaca":82.51829529,"ConsMesPlaca":82.51829529,"ConsDiaRede":73.82439423,"ConsMesRede":73.82439423,"Status":"REDE"}