{"CorrPlaca":0.023,"TensPlaca":3.191999912,"CorrRede":0.549000025,"TensRede":0.59799999,"ConsDiaPlaca":146.8506927,"ConsMesPlaca":146.8506927,"ConsDiaRede":140.6083069,"ConsMesRede":140.6083069,"Status":"REDE"}