{"CorrPlaca":0.507000029,"TensPlaca":6.532000065,"CorrRede":1.194000006,"TensRede":1.190000057,"ConsDiaPlaca":5.231790543,"ConsMesPlaca":5.231790543,"ConsDiaRede":2.321243525,"ConsMesRede":2.321243525,"Status":"REDE"}