{"CorrPlaca":5,"TensPlaca":25,"CorrRede":0.573000014,"TensRede":0.145999998,"ConsDiaPlaca":29756.7832,"ConsMesPlaca":29756.7832,"ConsDiaRede":1227.922119,"ConsMesRede":1227.922119,"Status":"REDE"}