{"CorrPlaca":0.052999999,"TensPlaca":0.774999976,"CorrRede":0.564999998,"TensRede":0.879000008,"ConsDiaPlaca":0.029183609,"ConsMesPlaca":0.029183609,"ConsDiaRede":1.114480615,"ConsMesRede":1.114480615,"Status":"REDE"}