{"Corrente":2.276000023,"Tensao":6.989999771,"Consumo":0.109364994,"Status":"PLACA"}