{"CorrPlaca":0.092,"TensPlaca":0.781000018,"CorrRede":0.592000008,"TensRede":1.312000036,"ConsDiaPlaca":0.042358886,"ConsMesPlaca":0.042358886,"ConsDiaRede":0.901688933,"ConsMesRede":0.901688933,"Status":"REDE"}