{"CorrPlaca":5,"TensPlaca":25,"CorrRede":2.326999903,"TensRede":6.738999844,"ConsDiaPlaca":22951.27148,"ConsMesPlaca":22951.27148,"ConsDiaRede":899.4425659,"ConsMesRede":899.4425659,"Status":"REDE"}