{"CorrPlaca":0.240999997,"TensPlaca":3.118999958,"CorrRede":0.708999991,"TensRede":1.245000005,"ConsDiaPlaca":152.5429993,"ConsMesPlaca":152.5429993,"ConsDiaRede":143.8729095,"ConsMesRede":143.8729095,"Status":"REDE"}