{"CorrPlaca":0,"TensPlaca":0,"CorrRede":0.605000019,"TensRede":0.029999999,"ConsDiaPlaca":1.587435603,"ConsMesPlaca":1.587435603,"ConsDiaRede":188.6953583,"ConsMesRede":188.6953583,"Status":"REDE"}