{"CorrPlaca":0,"TensPlaca":0,"CorrRede":0.58099997,"TensRede":0.072999999,"ConsDiaPlaca":1.587435603,"ConsMesPlaca":1.587435603,"ConsDiaRede":17.34371948,"ConsMesRede":17.34371948,"Status":"REDE"}