{"CorrPlaca":0,"TensPlaca":0.787,"CorrRede":0.545000017,"TensRede":0.592000008,"ConsDiaPlaca":0.000215278,"ConsMesPlaca":0.000215278,"ConsDiaRede":0.521916389,"ConsMesRede":0.521916389,"Status":"REDE"}