{"CorrPlaca":0,"TensPlaca":0,"CorrRede":0.672999978,"TensRede":6.709000111,"ConsDiaPlaca":1.587435603,"ConsMesPlaca":1.587435603,"ConsDiaRede":183.0001678,"ConsMesRede":183.0001678,"Status":"REDE"}