{"CorrPlaca":0.006,"TensPlaca":0.774999976,"CorrRede":0.546999991,"TensRede":0.652999997,"ConsDiaPlaca":0.021109167,"ConsMesPlaca":0.021109167,"ConsDiaRede":1.142279506,"ConsMesRede":1.142279506,"Status":"REDE"}