{"CorrPlaca":0.574999988,"TensPlaca":18.15600014,"CorrRede":1.633999944,"TensRede":0,"ConsDiaPlaca":136.076004,"ConsMesPlaca":136.076004,"ConsDiaRede":34.81309891,"ConsMesRede":34.81309891,"Status":"REDE"}