{"CorrPlaca":1.406999946,"TensPlaca":18.06999969,"CorrRede":2.454999924,"TensRede":3.802999973,"ConsDiaPlaca":1168.052368,"ConsMesPlaca":1168.052368,"ConsDiaRede":363.0111694,"ConsMesRede":363.0111694,"Status":"REDE"}