{"CorrPlaca":0,"TensPlaca":0,"CorrRede":0.621999979,"TensRede":0,"ConsDiaPlaca":1.587435603,"ConsMesPlaca":1.587435603,"ConsDiaRede":188.7957001,"ConsMesRede":188.7957001,"Status":"REDE"}