{"CorrPlaca":0.003,"TensPlaca":6.727000237,"CorrRede":0.861999989,"TensRede":0.201000005,"ConsDiaPlaca":83.27666473,"ConsMesPlaca":83.27666473,"ConsDiaRede":33.98688126,"ConsMesRede":33.98688126,"Status":"REDE"}