{"CorrPlaca":2.667000055,"TensPlaca":18.16200066,"CorrRede":3.180999994,"TensRede":6.580999851,"ConsDiaPlaca":1846.471802,"ConsMesPlaca":1846.471802,"ConsDiaRede":736.8612671,"ConsMesRede":736.8612671,"Status":"REDE"}