{"Corrente":0.540000021,"Tensao":0,"Consumo":0.004195239,"Status":"REDE"}