{"CorrPlaca":5,"TensPlaca":25,"CorrRede":1.812999964,"TensRede":1.886000037,"ConsDiaPlaca":24895.70313,"ConsMesPlaca":24895.70313,"ConsDiaRede":1016.338745,"ConsMesRede":1016.338745,"Status":"REDE"}