{"Corrente":0,"Tensao":5.475999832,"Consumo":0.004998046,"Status":"REDE"}