{"CorrPlaca":1.248999953,"TensPlaca":18.0340004,"CorrRede":2.253000021,"TensRede":4.535999775,"ConsDiaPlaca":3680.282959,"ConsMesPlaca":3680.282959,"ConsDiaRede":1436.430542,"ConsMesRede":1436.430542,"Status":"REDE"}