{"CorrPlaca":0,"TensPlaca":0.818000019,"CorrRede":0.481999993,"TensRede":0.566999972,"ConsDiaPlaca":0.014368889,"ConsMesPlaca":0.014368889,"ConsDiaRede":0.476452798,"ConsMesRede":0.476452798,"Status":"REDE"}