{"Corrente":0,"Tensao":0.414999992,"Consumo":0.07707084,"Status":"REDE"}