{"Corrente":13.77600002,"Tensao":0,"Consumo":0.792368889,"Status":"REDE"}