{"CorrPlaca":0,"TensPlaca":18.08300018,"CorrRede":1.226999998,"TensRede":0.061000001,"ConsDiaPlaca":4773.241699,"ConsMesPlaca":4773.241699,"ConsDiaRede":1867.403809,"ConsMesRede":1867.403809,"Status":"REDE"}