{"CorrPlaca":0.691999972,"TensPlaca":18.06999969,"CorrRede":1.835000038,"TensRede":1.531999946,"ConsDiaPlaca":2776.42749,"ConsMesPlaca":2776.42749,"ConsDiaRede":864.3881836,"ConsMesRede":864.3881836,"Status":"REDE"}