{"Corrente":0,"Tensao":6.000999928,"Consumo":0.055576172,"Status":"REDE"}