{"CorrPlaca":5,"TensPlaca":25,"CorrRede":2.35800004,"TensRede":4.768000126,"ConsDiaPlaca":15902.70605,"ConsMesPlaca":15902.70605,"ConsDiaRede":557.0250244,"ConsMesRede":557.0250244,"Status":"REDE"}