{"CorrPlaca":0.182999998,"TensPlaca":3.118999958,"CorrRede":0.587000012,"TensRede":0,"ConsDiaPlaca":174.1191864,"ConsMesPlaca":174.1191864,"ConsDiaRede":161.2156219,"ConsMesRede":161.2156219,"Status":"REDE"}