{"Corrente":2.036999941,"Tensao":0,"Consumo":0.149639666,"Status":"REDE"}