{"CorrPlaca":0.331999987,"TensPlaca":18.33300018,"CorrRede":1.539999962,"TensRede":0.524999976,"ConsDiaPlaca":5198.952148,"ConsMesPlaca":5198.952148,"ConsDiaRede":1635.394165,"ConsMesRede":1635.394165,"Status":"REDE"}