{"Corrente":0.455000013,"Tensao":0,"Consumo":0.004195239,"Status":"REDE"}