{"CorrPlaca":5,"TensPlaca":25,"CorrRede":1.014000058,"TensRede":1.843000054,"ConsDiaPlaca":30451.22461,"ConsMesPlaca":30451.22461,"ConsDiaRede":1261.019531,"ConsMesRede":1261.019531,"Status":"REDE"}