{"Corrente":3.825000048,"Tensao":5.952000141,"Consumo":0.006324,"Status":"PLACA"}