{"CorrPlaca":0.792999983,"TensPlaca":18.10099983,"CorrRede":1.896000028,"TensRede":3.009000063,"ConsDiaPlaca":2264.520752,"ConsMesPlaca":2264.520752,"ConsDiaRede":897.8695068,"ConsMesRede":897.8695068,"Status":"REDE"}