{"CorrPlaca":5,"TensPlaca":25,"CorrRede":0.930999994,"TensRede":1.531999946,"ConsDiaPlaca":25347.08984,"ConsMesPlaca":25347.08984,"ConsDiaRede":1028.660156,"ConsMesRede":1028.660156,"Status":"REDE"}