{"Corrente":14.56499958,"Tensao":0.470999986,"Consumo":1.571550488,"Status":"REDE"}