{"CorrPlaca":0,"TensPlaca":0.787,"CorrRede":0.412999988,"TensRede":0.097000003,"ConsDiaPlaca":0,"ConsMesPlaca":0,"ConsDiaRede":0.599386632,"ConsMesRede":0.599386632,"Status":"REDE"}