{"CorrPlaca":0,"TensPlaca":6.500999928,"CorrRede":0.809000015,"TensRede":0.103,"ConsDiaPlaca":85.61839294,"ConsMesPlaca":85.61839294,"ConsDiaRede":38.75402832,"ConsMesRede":38.75402832,"Status":"REDE"}