{"CorrPlaca":0,"TensPlaca":18.13100052,"CorrRede":1.15199995,"TensRede":0,"ConsDiaPlaca":3210.616211,"ConsMesPlaca":3210.616211,"ConsDiaRede":1268.274658,"ConsMesRede":1268.274658,"Status":"REDE"}