{"CorrPlaca":2.323999882,"TensPlaca":18.06999969,"CorrRede":2.97300005,"TensRede":5.433000088,"ConsDiaPlaca":396.2744446,"ConsMesPlaca":396.2744446,"ConsDiaRede":152.9733582,"ConsMesRede":152.9733582,"Status":"REDE"}