{"CorrPlaca":0.156000003,"TensPlaca":25,"CorrRede":1.600000024,"TensRede":0.421000004,"ConsDiaPlaca":13110.58594,"ConsMesPlaca":13110.58594,"ConsDiaRede":568.017334,"ConsMesRede":568.017334,"Status":"REDE"}