{"CorrPlaca":1.200000048,"TensPlaca":18.06399918,"CorrRede":2.23300004,"TensRede":4.43200016,"ConsDiaPlaca":2924.008057,"ConsMesPlaca":2924.008057,"ConsDiaRede":1158.4198,"ConsMesRede":1158.4198,"Status":"REDE"}