{"CorrPlaca":0.716000021,"TensPlaca":0.56099999,"CorrRede":0.254999995,"TensRede":0,"ConsDiaPlaca":29.45763779,"ConsMesPlaca":29.45763779,"ConsDiaRede":23.81149483,"ConsMesRede":23.81149483,"Status":"REDE"}