{"CorrPlaca":0,"TensPlaca":6.727000237,"CorrRede":0.782000005,"TensRede":0.213,"ConsDiaPlaca":1.587435603,"ConsMesPlaca":1.587435603,"ConsDiaRede":19.5355587,"ConsMesRede":19.5355587,"Status":"REDE"}