{"CorrPlaca":5,"TensPlaca":25,"CorrRede":0.432000011,"TensRede":0,"ConsDiaPlaca":10624.96191,"ConsMesPlaca":10624.96191,"ConsDiaRede":322.6584167,"ConsMesRede":322.6584167,"Status":"REDE"}