{"CorrPlaca":0.003,"TensPlaca":6.721000195,"CorrRede":0.861999989,"TensRede":0.555000007,"ConsDiaPlaca":1.431021214,"ConsMesPlaca":1.431021214,"ConsDiaRede":3.498992205,"ConsMesRede":3.498992205,"Status":"REDE"}