{"CorrPlaca":0.432000011,"TensPlaca":18.10099983,"CorrRede":1.699000001,"TensRede":1.238999963,"ConsDiaPlaca":5356.199219,"ConsMesPlaca":5356.199219,"ConsDiaRede":1689.491943,"ConsMesRede":1689.491943,"Status":"REDE"}