{"CorrPlaca":0.028000001,"TensPlaca":6.709000111,"CorrRede":0.89200002,"TensRede":0.224999994,"ConsDiaPlaca":79.70326233,"ConsMesPlaca":79.70326233,"ConsDiaRede":30.32987595,"ConsMesRede":30.32987595,"Status":"REDE"}