{"CorrPlaca":2.884000063,"TensPlaca":18.06999969,"CorrRede":3.355000019,"TensRede":6.897999763,"ConsDiaPlaca":2621.349365,"ConsMesPlaca":2621.349365,"ConsDiaRede":807.6538086,"ConsMesRede":807.6538086,"Status":"REDE"}