{"CorrPlaca":5,"TensPlaca":25,"CorrRede":2.224999905,"TensRede":4.620999813,"ConsDiaPlaca":9930.522461,"ConsMesPlaca":9930.522461,"ConsDiaRede":288.0949097,"ConsMesRede":288.0949097,"Status":"REDE"}