{"corrente":-0.005,"tensao":0.952000022,"consumo":-0.000195022}