{"CorrPlaca":0,"TensPlaca":6.732999802,"CorrRede":0.813000023,"TensRede":0.372000009,"ConsDiaPlaca":1.533571362,"ConsMesPlaca":1.533571362,"ConsDiaRede":7.619398594,"ConsMesRede":7.619398594,"Status":"REDE"}