{"CorrPlaca":0.449000001,"TensPlaca":18.13699913,"CorrRede":1.65199995,"TensRede":0.75,"ConsDiaPlaca":2982.815186,"ConsMesPlaca":2982.815186,"ConsDiaRede":921.8013916,"ConsMesRede":921.8013916,"Status":"REDE"}