{"CorrPlaca":0,"TensPlaca":0,"CorrRede":0.610000014,"TensRede":0.079000004,"ConsDiaPlaca":1.587435603,"ConsMesPlaca":1.587435603,"ConsDiaRede":22.17300606,"ConsMesRede":22.17300606,"Status":"REDE"}