{"CorrPlaca":2.871000051,"TensPlaca":18.18600082,"CorrRede":3.384000063,"TensRede":8.607999802,"ConsDiaPlaca":1896.187988,"ConsMesPlaca":1896.187988,"ConsDiaRede":763.9519043,"ConsMesRede":763.9519043,"Status":"REDE"}