{"CorrPlaca":2.493000031,"TensPlaca":18.125,"CorrRede":3.157999992,"TensRede":8.321000099,"ConsDiaPlaca":15.40352058,"ConsMesPlaca":15.40352058,"ConsDiaRede":8.606126785,"ConsMesRede":8.606126785,"Status":"REDE"}