{"CorrPlaca":5,"TensPlaca":25,"CorrRede":0.708999991,"TensRede":0.029999999,"ConsDiaPlaca":33784.54688,"ConsMesPlaca":33784.54688,"ConsDiaRede":1391.239258,"ConsMesRede":1391.239258,"Status":"REDE"}