{"CorrPlaca":0,"TensPlaca":6.647999763,"CorrRede":0.760999978,"TensRede":0.317000002,"ConsDiaPlaca":1.533571362,"ConsMesPlaca":1.533571362,"ConsDiaRede":11.70068073,"ConsMesRede":11.70068073,"Status":"REDE"}