{"CorrPlaca":1.646999955,"TensPlaca":18.13699913,"CorrRede":2.362999916,"TensRede":2.184999943,"ConsDiaPlaca":1152.799927,"ConsMesPlaca":1152.799927,"ConsDiaRede":477.7475281,"ConsMesRede":477.7475281,"Status":"REDE"}