{"CorrPlaca":1.027999997,"TensPlaca":25,"CorrRede":2.969000101,"TensRede":0.658999979,"ConsDiaPlaca":614.9956055,"ConsMesPlaca":614.9956055,"ConsDiaRede":220.5132751,"ConsMesRede":220.5132751,"Status":"REDE"}