{"Corrente":-3.332999945,"Tensao":13.89900017,"Consumo":0.272141159,"Status":"REDE"}