{"CorrPlaca":0,"TensPlaca":0.787,"CorrRede":0.381999999,"TensRede":0.328999996,"ConsDiaPlaca":0.007644444,"ConsMesPlaca":0.007644444,"ConsDiaRede":0.530388892,"ConsMesRede":0.530388892,"Status":"REDE"}