{"Corrente":-3.332999945,"Tensao":0,"Consumo":0.503554046,"Status":"REDE"}