{"CorrPlaca":5,"TensPlaca":25,"CorrRede":0.598999977,"TensRede":0,"ConsDiaPlaca":24826.25977,"ConsMesPlaca":24826.25977,"ConsDiaRede":1013.776611,"ConsMesRede":1013.776611,"Status":"REDE"}