{"CorrPlaca":0.017000001,"TensPlaca":6.550000191,"CorrRede":0.802999973,"TensRede":0.108999997,"ConsDiaPlaca":86.56943512,"ConsMesPlaca":86.56943512,"ConsDiaRede":40.74651718,"ConsMesRede":40.74651718,"Status":"REDE"}