{"CorrPlaca":0.556999981,"TensPlaca":3.186000109,"CorrRede":0.873000026,"TensRede":0.799000025,"ConsDiaPlaca":158.1481476,"ConsMesPlaca":158.1481476,"ConsDiaRede":148.365036,"ConsMesRede":148.365036,"Status":"REDE"}