{"CorrPlaca":0.722000003,"TensPlaca":25,"CorrRede":2.719000101,"TensRede":0,"ConsDiaPlaca":1164.835693,"ConsMesPlaca":1164.835693,"ConsDiaRede":308.90802,"ConsMesRede":308.90802,"Status":"REDE"}