{"CorrPlaca":1.409000039,"TensPlaca":18.10099983,"CorrRede":2.207000017,"TensRede":1.202000022,"ConsDiaPlaca":5363.283691,"ConsMesPlaca":5363.283691,"ConsDiaRede":1690.228882,"ConsMesRede":1690.228882,"Status":"REDE"}