{"CorrPlaca":3.118999958,"TensPlaca":18.05800056,"CorrRede":3.117000103,"TensRede":4.993000031,"ConsDiaPlaca":3230.574219,"ConsMesPlaca":3230.574219,"ConsDiaRede":1272.597778,"ConsMesRede":1272.597778,"Status":"REDE"}