{"CorrPlaca":0,"TensPlaca":0.59799999,"CorrRede":0.400999993,"TensRede":0,"ConsDiaPlaca":0.004555834,"ConsMesPlaca":0.004555834,"ConsDiaRede":0.352389187,"ConsMesRede":0.352389187,"Status":"REDE"}