{"CorrPlaca":0,"TensPlaca":0.781000018,"CorrRede":0.412,"TensRede":0.067000002,"ConsDiaPlaca":0.010343335,"ConsMesPlaca":0.010343335,"ConsDiaRede":0.651098967,"ConsMesRede":0.651098967,"Status":"REDE"}