{"Corrente":3.683000088,"Tensao":6.152999878,"Consumo":0.018044582,"Status":"PLACA"}