{"Corrente":0,"Tensao":7.30700016,"Consumo":0.057277199,"Status":"REDE"}