{"CorrPlaca":0.025,"TensPlaca":6.727000237,"CorrRede":0.815999985,"TensRede":0.194999993,"ConsDiaPlaca":87.9335556,"ConsMesPlaca":87.9335556,"ConsDiaRede":44.61716461,"ConsMesRede":44.61716461,"Status":"REDE"}