{"CorrPlaca":1.824000001,"TensPlaca":18.0890007,"CorrRede":2.515000105,"TensRede":2.832000017,"ConsDiaPlaca":2369.303223,"ConsMesPlaca":2369.303223,"ConsDiaRede":933.6040039,"ConsMesRede":933.6040039,"Status":"REDE"}