{"CorrPlaca":0.046,"TensPlaca":6.544000149,"CorrRede":0.94599998,"TensRede":0.194999993,"ConsDiaPlaca":61.37164688,"ConsMesPlaca":61.37164688,"ConsDiaRede":22.88752747,"ConsMesRede":22.88752747,"Status":"REDE"}