{"corrente":0.537,"tensao":0.666000009,"consumo":0.00823435}