{"Corrente":4.888000011,"Tensao":29.53899956,"Consumo":0.371966511,"Status":"PLACA"}