{"Corrente":0.40200001,"Tensao":6.123000145,"Consumo":0.015552176,"Status":"PLACA"}