{"CorrPlaca":0.495999992,"TensPlaca":18.0890007,"CorrRede":1.549000025,"TensRede":0,"ConsDiaPlaca":77.96739197,"ConsMesPlaca":77.96739197,"ConsDiaRede":34.58667755,"ConsMesRede":34.58667755,"Status":"REDE"}