{"CorrPlaca":5,"TensPlaca":25,"CorrRede":0.703000009,"TensRede":0.573000014,"ConsDiaPlaca":10034.68848,"ConsMesPlaca":10034.68848,"ConsDiaRede":290.5829468,"ConsMesRede":290.5829468,"Status":"REDE"}