{"Corrente":0.735000014,"Tensao":26.82099915,"Consumo":0.200649351,"Status":"PLACA"}