{"CorrPlaca":0.123000003,"TensPlaca":6.703000069,"CorrRede":1.013000011,"TensRede":0.115000002,"ConsDiaPlaca":24.68849373,"ConsMesPlaca":24.68849373,"ConsDiaRede":7.919482231,"ConsMesRede":7.919482231,"Status":"REDE"}