{"CorrPlaca":0,"TensPlaca":0.647000015,"CorrRede":0.504000008,"TensRede":0.555000007,"ConsDiaPlaca":0.000201667,"ConsMesPlaca":0.000201667,"ConsDiaRede":0.747228146,"ConsMesRede":0.747228146,"Status":"REDE"}