{"CorrPlaca":5,"TensPlaca":2.434999943,"CorrRede":0.726999998,"TensRede":0.293000013,"ConsDiaPlaca":6826.98877,"ConsMesPlaca":6826.98877,"ConsDiaRede":525.3833008,"ConsMesRede":525.3833008,"Status":"REDE"}