{"CorrPlaca":0.074000001,"TensPlaca":6.697000027,"CorrRede":0.975000024,"TensRede":0.238000005,"ConsDiaPlaca":30.005867,"ConsMesPlaca":30.005867,"ConsDiaRede":9.589557648,"ConsMesRede":9.589557648,"Status":"REDE"}