{"CorrPlaca":0.68599999,"TensPlaca":4.749000072,"CorrRede":1.174000025,"TensRede":2.24000001,"ConsDiaPlaca":65.01452637,"ConsMesPlaca":65.01452637,"ConsDiaRede":56.29529572,"ConsMesRede":56.29529572,"Status":"REDE"}