{"CorrPlaca":0,"TensPlaca":0.860000014,"CorrRede":0.435000002,"TensRede":1.575000048,"ConsDiaPlaca":0,"ConsMesPlaca":0,"ConsDiaRede":0.190312505,"ConsMesRede":0.190312505,"Status":"REDE"}