{"CorrPlaca":0.709999979,"TensPlaca":5.823999882,"CorrRede":1.460999966,"TensRede":4.119999886,"ConsDiaPlaca":68.46518707,"ConsMesPlaca":68.46518707,"ConsDiaRede":60.28235626,"ConsMesRede":60.28235626,"Status":"REDE"}