{"CorrPlaca":0.782999992,"TensPlaca":18.06399918,"CorrRede":1.774999976,"TensRede":0,"ConsDiaPlaca":528.9287109,"ConsMesPlaca":528.9287109,"ConsDiaRede":242.1223297,"ConsMesRede":242.1223297,"Status":"REDE"}