{"CorrPlaca":0.252999991,"TensPlaca":18.06999969,"CorrRede":1.488000035,"TensRede":1.074000001,"ConsDiaPlaca":4223.033691,"ConsMesPlaca":4223.033691,"ConsDiaRede":1651.93457,"ConsMesRede":1651.93457,"Status":"REDE"}