{"CorrPlaca":5,"TensPlaca":25,"CorrRede":2.576999903,"TensRede":7.489999771,"ConsDiaPlaca":2222.223389,"ConsMesPlaca":2222.223389,"ConsDiaRede":111.8468933,"ConsMesRede":111.8468933,"Status":"REDE"}