{"CorrPlaca":5,"TensPlaca":25,"CorrRede":0.683000028,"TensRede":0.505999982,"ConsDiaPlaca":2777.779541,"ConsMesPlaca":2777.779541,"ConsDiaRede":127.7167435,"ConsMesRede":127.7167435,"Status":"REDE"}