{"CorrPlaca":5,"TensPlaca":25,"CorrRede":0.526000023,"TensRede":0,"ConsDiaPlaca":28541.51367,"ConsMesPlaca":28541.51367,"ConsDiaRede":1165.119141,"ConsMesRede":1165.119141,"Status":"REDE"}