{"Corrente":0.174999997,"Tensao":0,"Consumo":0.053693287,"Status":"REDE"}