{"CorrPlaca":1.194000006,"TensPlaca":18.0340004,"CorrRede":2.266000032,"TensRede":3.717000008,"ConsDiaPlaca":4559.040039,"ConsMesPlaca":4559.040039,"ConsDiaRede":1424.405029,"ConsMesRede":1424.405029,"Status":"REDE"}