{"CorrPlaca":0.061000001,"TensPlaca":0.84799999,"CorrRede":0.538999975,"TensRede":2.24000001,"ConsDiaPlaca":0.014368889,"ConsMesPlaca":0.014368889,"ConsDiaRede":0.335377783,"ConsMesRede":0.335377783,"Status":"REDE"}