{"CorrPlaca":0,"TensPlaca":6.709000111,"CorrRede":0.782000005,"TensRede":0.213,"ConsDiaPlaca":1.533571362,"ConsMesPlaca":1.533571362,"ConsDiaRede":14.24190521,"ConsMesRede":14.24190521,"Status":"REDE"}