{"CorrPlaca":0,"TensPlaca":0,"CorrRede":0.164000005,"TensRede":0,"ConsDiaPlaca":14.15206337,"ConsMesPlaca":14.15206337,"ConsDiaRede":8.156353951,"ConsMesRede":8.156353951,"Status":"REDE"}