{"CorrPlaca":0.086000003,"TensPlaca":6.659999847,"CorrRede":0.912,"TensRede":0.286000013,"ConsDiaPlaca":73.66905975,"ConsMesPlaca":73.66905975,"ConsDiaRede":28.28423119,"ConsMesRede":28.28423119,"Status":"REDE"}