{"CorrPlaca":0.075000003,"TensPlaca":6.684000015,"CorrRede":0.97299999,"TensRede":0.097000003,"ConsDiaPlaca":49.11237335,"ConsMesPlaca":49.11237335,"ConsDiaRede":16.69371605,"ConsMesRede":16.69371605,"Status":"REDE"}