{"CorrPlaca":5,"TensPlaca":0,"CorrRede":0.735000014,"TensRede":0.188999996,"ConsDiaPlaca":6768.810059,"ConsMesPlaca":6768.810059,"ConsDiaRede":523.036377,"ConsMesRede":523.036377,"Status":"REDE"}