{"CorrPlaca":5,"TensPlaca":25,"CorrRede":1.544999957,"TensRede":4.296999931,"ConsDiaPlaca":833.3335571,"ConsMesPlaca":833.3335571,"ConsDiaRede":41.0467453,"ConsMesRede":41.0467453,"Status":"REDE"}