{"CorrPlaca":5,"TensPlaca":25,"CorrRede":0.809000015,"TensRede":0,"ConsDiaPlaca":32326.21289,"ConsMesPlaca":32326.21289,"ConsDiaRede":1328.030273,"ConsMesRede":1328.030273,"Status":"REDE"}