{"CorrPlaca":5,"TensPlaca":25,"CorrRede":2.448999882,"TensRede":6.855000019,"ConsDiaPlaca":29340.11914,"ConsMesPlaca":29340.11914,"ConsDiaRede":1205.149048,"ConsMesRede":1205.149048,"Status":"REDE"}