{"CorrPlaca":0.003,"TensPlaca":6.665999889,"CorrRede":0.815999985,"TensRede":0.213,"ConsDiaPlaca":87.2212677,"ConsMesPlaca":87.2212677,"ConsDiaRede":42.6701622,"ConsMesRede":42.6701622,"Status":"REDE"}