{"CorrPlaca":0.711000025,"TensPlaca":1.697000027,"CorrRede":0.509000003,"TensRede":0,"ConsDiaPlaca":19.87388039,"ConsMesPlaca":19.87388039,"ConsDiaRede":14.76416206,"ConsMesRede":14.76416206,"Status":"REDE"}