{"CorrPlaca":0.331999987,"TensPlaca":1.898000002,"CorrRede":0.331999987,"TensRede":1.373000026,"ConsDiaPlaca":11.38347912,"ConsMesPlaca":11.38347912,"ConsDiaRede":2.082677841,"ConsMesRede":2.082677841,"Status":"REDE"}