{"CorrPlaca":5,"TensPlaca":25,"CorrRede":1.118999958,"TensRede":2.246000051,"ConsDiaPlaca":2118.056641,"ConsMesPlaca":2118.056641,"ConsDiaRede":105.3638306,"ConsMesRede":105.3638306,"Status":"REDE"}