{"CorrPlaca":0.606000006,"TensPlaca":18.16200066,"CorrRede":1.799999952,"TensRede":0.981999993,"ConsDiaPlaca":1842.086548,"ConsMesPlaca":1842.086548,"ConsDiaRede":567.1071777,"ConsMesRede":567.1071777,"Status":"REDE"}