{"Corrente":14.22799969,"Tensao":0,"Consumo":1.197687745,"Status":"REDE"}