{"Corrente":1.148000002,"Tensao":5.940000057,"Consumo":0.009332247,"Status":"PLACA"}