{"CorrPlaca":1.493000031,"TensPlaca":18.06999969,"CorrRede":2.239000082,"TensRede":1.062000036,"ConsDiaPlaca":3233.836182,"ConsMesPlaca":3233.836182,"ConsDiaRede":997.1089478,"ConsMesRede":997.1089478,"Status":"REDE"}