{"Corrente":2.305000067,"Tensao":0,"Consumo":0.070479967,"Status":"REDE"}