{"CorrPlaca":0,"TensPlaca":0.586000025,"CorrRede":0.361999989,"TensRede":0.145999998,"ConsDiaPlaca":0,"ConsMesPlaca":0,"ConsDiaRede":0.343970269,"ConsMesRede":0.343970269,"Status":"REDE"}