{"CorrPlaca":0.375999987,"TensPlaca":18.07600021,"CorrRede":1.582000017,"TensRede":0.273999989,"ConsDiaPlaca":2441.165771,"ConsMesPlaca":2441.165771,"ConsDiaRede":761.1395874,"ConsMesRede":761.1395874,"Status":"REDE"}