{"CorrPlaca":5,"TensPlaca":25,"CorrRede":2.423000097,"TensRede":7.228000164,"ConsDiaPlaca":23854.04492,"ConsMesPlaca":23854.04492,"ConsDiaRede":955.1694946,"ConsMesRede":955.1694946,"Status":"REDE"}