{"CorrPlaca":2.654000044,"TensPlaca":18.02799988,"CorrRede":3.107000113,"TensRede":6.684000015,"ConsDiaPlaca":3431.187012,"ConsMesPlaca":3431.187012,"ConsDiaRede":1345.092407,"ConsMesRede":1345.092407,"Status":"REDE"}