{"CorrPlaca":1.133999944,"TensPlaca":18.11300087,"CorrRede":1.962000012,"TensRede":0.476000011,"ConsDiaPlaca":4364.279297,"ConsMesPlaca":4364.279297,"ConsDiaRede":1700.120117,"ConsMesRede":1700.120117,"Status":"REDE"}