{"CorrPlaca":0.836000025,"TensPlaca":18.14999962,"CorrRede":2.029000044,"TensRede":2.441999912,"ConsDiaPlaca":3009.452637,"ConsMesPlaca":3009.452637,"ConsDiaRede":930.2745972,"ConsMesRede":930.2745972,"Status":"REDE"}