{"CorrPlaca":0.012,"TensPlaca":6.721000195,"CorrRede":0.852999985,"TensRede":0.256000012,"ConsDiaPlaca":85.50305176,"ConsMesPlaca":85.50305176,"ConsDiaRede":38.51740265,"ConsMesRede":38.51740265,"Status":"REDE"}