{"CorrPlaca":0.094999999,"TensPlaca":6.721000195,"CorrRede":0.973999977,"TensRede":0.194999993,"ConsDiaPlaca":48.7735405,"ConsMesPlaca":48.7735405,"ConsDiaRede":16.59417152,"ConsMesRede":16.59417152,"Status":"REDE"}