{"CorrPlaca":0.924000025,"TensPlaca":18.06399918,"CorrRede":1.835000038,"TensRede":0.573000014,"ConsDiaPlaca":165.1830597,"ConsMesPlaca":165.1830597,"ConsDiaRede":71.32203674,"ConsMesRede":71.32203674,"Status":"REDE"}