{"corrente":0.741999984,"tensao":0,"consumo":0.136473447}