{"CorrPlaca":0,"TensPlaca":3.118999958,"CorrRede":0.331999987,"TensRede":0,"ConsDiaPlaca":123.8918076,"ConsMesPlaca":123.8918076,"ConsDiaRede":120.5325012,"ConsMesRede":120.5325012,"Status":"REDE"}