{"Corrente":14.375,"Tensao":13.05200005,"Consumo":5.81152153,"Status":"PLACA"}