{"CorrPlaca":5,"TensPlaca":25,"CorrRede":0.609000027,"TensRede":0.238000005,"ConsDiaPlaca":25485.97852,"ConsMesPlaca":25485.97852,"ConsDiaRede":1028.700317,"ConsMesRede":1028.700317,"Status":"REDE"}