{"CorrPlaca":0.075999998,"TensPlaca":6.715000153,"CorrRede":0.897000015,"TensRede":0.298999995,"ConsDiaPlaca":77.42020416,"ConsMesPlaca":77.42020416,"ConsDiaRede":29.17775726,"ConsMesRede":29.17775726,"Status":"REDE"}