{"CorrPlaca":0.70599997,"TensPlaca":2.411000013,"CorrRede":0.781000018,"TensRede":1.952999949,"ConsDiaPlaca":109.7441177,"ConsMesPlaca":109.7441177,"ConsDiaRede":95.11206055,"ConsMesRede":95.11206055,"Status":"REDE"}