{"CorrPlaca":0.879000008,"TensPlaca":18.06999969,"CorrRede":1.828999996,"TensRede":0,"ConsDiaPlaca":4826.291992,"ConsMesPlaca":4826.291992,"ConsDiaRede":1499.35791,"ConsMesRede":1499.35791,"Status":"REDE"}