{"CorrPlaca":1.383000016,"TensPlaca":18.10700035,"CorrRede":2.171999931,"TensRede":1.19599998,"ConsDiaPlaca":1776.986328,"ConsMesPlaca":1776.986328,"ConsDiaRede":710.3857422,"ConsMesRede":710.3857422,"Status":"REDE"}