{"CorrPlaca":0,"TensPlaca":0.818000019,"CorrRede":0.411000013,"TensRede":1.623000026,"ConsDiaPlaca":0,"ConsMesPlaca":0,"ConsDiaRede":0.185292497,"ConsMesRede":0.185292497,"Status":"REDE"}