{"CorrPlaca":0,"TensPlaca":0,"CorrRede":0.643000007,"TensRede":6.598999977,"ConsDiaPlaca":1.587435603,"ConsMesPlaca":1.587435603,"ConsDiaRede":149.0362244,"ConsMesRede":149.0362244,"Status":"REDE"}