{"CorrPlaca":1.643000007,"TensPlaca":18.0890007,"CorrRede":2.349999905,"TensRede":2.007999897,"ConsDiaPlaca":2850.523438,"ConsMesPlaca":2850.523438,"ConsDiaRede":1126.175171,"ConsMesRede":1126.175171,"Status":"REDE"}