{"CorrPlaca":2.703999996,"TensPlaca":18.1439991,"CorrRede":3.249000072,"TensRede":6.550000191,"ConsDiaPlaca":112.5552521,"ConsMesPlaca":112.5552521,"ConsDiaRede":44.46495056,"ConsMesRede":44.46495056,"Status":"REDE"}