{"CorrPlaca":0,"TensPlaca":0.818000019,"CorrRede":0.416999996,"TensRede":1.781999946,"ConsDiaPlaca":0,"ConsMesPlaca":0,"ConsDiaRede":0.206414998,"ConsMesRede":0.206414998,"Status":"REDE"}