{"CorrPlaca":0.716000021,"TensPlaca":2.796000004,"CorrRede":0.85799998,"TensRede":2.045000076,"ConsDiaPlaca":108.4684601,"ConsMesPlaca":108.4684601,"ConsDiaRede":94.19308472,"ConsMesRede":94.19308472,"Status":"REDE"}