{"CorrPlaca":2.221999884,"TensPlaca":25,"CorrRede":3.40199995,"TensRede":0,"ConsDiaPlaca":666.8012085,"ConsMesPlaca":666.8012085,"ConsDiaRede":225.4793396,"ConsMesRede":225.4793396,"Status":"REDE"}