{"CorrPlaca":5,"TensPlaca":25,"CorrRede":3.420000076,"TensRede":1.067999959,"ConsDiaPlaca":2527.677002,"ConsMesPlaca":2527.677002,"ConsDiaRede":357.7583008,"ConsMesRede":357.7583008,"Status":"REDE"}