{"CorrPlaca":0.018999999,"TensPlaca":6.592999935,"CorrRede":0.870000005,"TensRede":0.207000002,"ConsDiaPlaca":83.27105713,"ConsMesPlaca":83.27105713,"ConsDiaRede":33.93875504,"ConsMesRede":33.93875504,"Status":"REDE"}