{"Corrente":10.00199986,"Tensao":0,"Consumo":0.120950527,"Status":"REDE"}