{"CorrPlaca":1.64199996,"TensPlaca":18.01499939,"CorrRede":2.380000114,"TensRede":1.825000048,"ConsDiaPlaca":4125.313965,"ConsMesPlaca":4125.313965,"ConsDiaRede":1287.83313,"ConsMesRede":1287.83313,"Status":"REDE"}