{"CorrPlaca":0,"TensPlaca":0,"CorrRede":0.637000024,"TensRede":6.703000069,"ConsDiaPlaca":1.587435603,"ConsMesPlaca":1.587435603,"ConsDiaRede":155.1235352,"ConsMesRede":155.1235352,"Status":"REDE"}