{"Corrente":2.242000103,"Tensao":7.001999855,"Consumo":0.104945764,"Status":"PLACA"}