{"corrente":0.018999999,"tensao":3.234999895,"consumo":0.376528084}