{"CorrPlaca":1.871000051,"TensPlaca":18.06399918,"CorrRede":2.598999977,"TensRede":3.028000116,"ConsDiaPlaca":862.5701294,"ConsMesPlaca":862.5701294,"ConsDiaRede":351.1280823,"ConsMesRede":351.1280823,"Status":"REDE"}