{"CorrPlaca":5,"TensPlaca":25,"CorrRede":0.456999987,"TensRede":0,"ConsDiaPlaca":1284.722778,"ConsMesPlaca":1284.722778,"ConsDiaRede":71.74131012,"ConsMesRede":71.74131012,"Status":"REDE"}