{"CorrPlaca":0.703000009,"TensPlaca":3.118999958,"CorrRede":0.880999982,"TensRede":0,"ConsDiaPlaca":103.2928619,"ConsMesPlaca":103.2928619,"ConsDiaRede":89.32280731,"ConsMesRede":89.32280731,"Status":"REDE"}