{"CorrPlaca":5,"TensPlaca":3.118999958,"CorrRede":0.575999975,"TensRede":0.006,"ConsDiaPlaca":6280.173828,"ConsMesPlaca":6280.173828,"ConsDiaRede":497.2102661,"ConsMesRede":497.2102661,"Status":"REDE"}