{"CorrPlaca":0.317999989,"TensPlaca":7.001999855,"CorrRede":1.072999954,"TensRede":0.586000025,"ConsDiaPlaca":4.311867237,"ConsMesPlaca":4.311867237,"ConsDiaRede":1.926560163,"ConsMesRede":1.926560163,"Status":"REDE"}