{"CorrPlaca":0.386999995,"TensPlaca":7.124000072,"CorrRede":1.090999961,"TensRede":0.603999972,"ConsDiaPlaca":1.762574911,"ConsMesPlaca":1.762574911,"ConsDiaRede":0.894820571,"ConsMesRede":0.894820571,"Status":"REDE"}