{"Corrente":14.50599957,"Tensao":0,"Consumo":1.197687745,"Status":"REDE"}