{"CorrPlaca":0.85799998,"TensPlaca":18.07600021,"CorrRede":1.84800005,"TensRede":0.128000006,"ConsDiaPlaca":92.64017487,"ConsMesPlaca":92.64017487,"ConsDiaRede":37.64305496,"ConsMesRede":37.64305496,"Status":"REDE"}