{"CorrPlaca":1.657999992,"TensPlaca":18.06999969,"CorrRede":2.545000076,"TensRede":5.652999878,"ConsDiaPlaca":3937.853516,"ConsMesPlaca":3937.853516,"ConsDiaRede":1530.887695,"ConsMesRede":1530.887695,"Status":"REDE"}