{"CorrPlaca":1.81400001,"TensPlaca":18.06399918,"CorrRede":2.673000097,"TensRede":5.585999966,"ConsDiaPlaca":4775.387695,"ConsMesPlaca":4775.387695,"ConsDiaRede":1486.084961,"ConsMesRede":1486.084961,"Status":"REDE"}