{"CorrPlaca":0.072999999,"TensPlaca":6.586999893,"CorrRede":0.989000022,"TensRede":0,"ConsDiaPlaca":27.95344543,"ConsMesPlaca":27.95344543,"ConsDiaRede":8.773021698,"ConsMesRede":8.773021698,"Status":"REDE"}