{"CorrPlaca":0.268999994,"TensPlaca":18.11300087,"CorrRede":1.432000041,"TensRede":0,"ConsDiaPlaca":3852.08667,"ConsMesPlaca":3852.08667,"ConsDiaRede":1196.161743,"ConsMesRede":1196.161743,"Status":"REDE"}