{"CorrPlaca":0,"TensPlaca":6.721000195,"CorrRede":0.879000008,"TensRede":0.273999989,"ConsDiaPlaca":80.99343872,"ConsMesPlaca":80.99343872,"ConsDiaRede":31.20843315,"ConsMesRede":31.20843315,"Status":"REDE"}