{"CorrPlaca":2.24000001,"TensPlaca":18.15600014,"CorrRede":2.953999996,"TensRede":7.326000214,"ConsDiaPlaca":4857.880859,"ConsMesPlaca":4857.880859,"ConsDiaRede":1907.905518,"ConsMesRede":1907.905518,"Status":"REDE"}