{"CorrPlaca":5,"TensPlaca":25,"CorrRede":2.489000082,"TensRede":5.40199995,"ConsDiaPlaca":10312.46387,"ConsMesPlaca":10312.46387,"ConsDiaRede":308.5528564,"ConsMesRede":308.5528564,"Status":"REDE"}