{"CorrPlaca":0.057999998,"TensPlaca":3.217000008,"CorrRede":0.588999987,"TensRede":0.970000029,"ConsDiaPlaca":124.9060364,"ConsMesPlaca":124.9060364,"ConsDiaRede":121.4010315,"ConsMesRede":121.4010315,"Status":"REDE"}