{"Corrente":0,"Tensao":1.256999969,"Consumo":8.655833881e-6,"Status":"REDE"}