{"CorrPlaca":0,"TensPlaca":6.721000195,"CorrRede":0.781000018,"TensRede":0.213,"ConsDiaPlaca":1.587435603,"ConsMesPlaca":1.587435603,"ConsDiaRede":18.4902401,"ConsMesRede":18.4902401,"Status":"REDE"}