{"corrente":0.037,"tensao":6.092000008,"consumo":0.120024957}