{"Corrente":-2.609999895,"Tensao":10.15499973,"Consumo":0.004189885,"Status":"REDE"}