{"corrente":0.51700002,"tensao":0.694999993,"consumo":0.002343825}