{"CorrPlaca":0.002,"TensPlaca":6.697000027,"CorrRede":0.851999998,"TensRede":0.164000005,"ConsDiaPlaca":85.03491974,"ConsMesPlaca":85.03491974,"ConsDiaRede":37.17072296,"ConsMesRede":37.17072296,"Status":"REDE"}