{"CorrPlaca":0.012,"TensPlaca":18.0890007,"CorrRede":1.146000028,"TensRede":0,"ConsDiaPlaca":3417.89624,"ConsMesPlaca":3417.89624,"ConsDiaRede":1339.32373,"ConsMesRede":1339.32373,"Status":"REDE"}