{"CorrPlaca":0,"TensPlaca":3.101000071,"CorrRede":0.216999993,"TensRede":0,"ConsDiaPlaca":156.1915131,"ConsMesPlaca":156.1915131,"ConsDiaRede":147.0897064,"ConsMesRede":147.0897064,"Status":"REDE"}