{"Corrente":16.25099945,"Tensao":4.414999962,"Consumo":0.042597331,"Status":"REDE"}