{"CorrPlaca":0,"TensPlaca":0,"CorrRede":0.598999977,"TensRede":0.041999999,"ConsDiaPlaca":1.587435603,"ConsMesPlaca":1.587435603,"ConsDiaRede":188.3928833,"ConsMesRede":188.3928833,"Status":"REDE"}