{"CorrPlaca":0.018999999,"TensPlaca":6.684000015,"CorrRede":0.859000027,"TensRede":0.25,"ConsDiaPlaca":84.26828003,"ConsMesPlaca":84.26828003,"ConsDiaRede":36.06196594,"ConsMesRede":36.06196594,"Status":"REDE"}