{"Corrente":0.458000004,"Tensao":0,"Consumo":0.000573213,"Status":"REDE"}