{"CorrPlaca":3.575000048,"TensPlaca":25,"CorrRede":2.34100008,"TensRede":4.980999947,"ConsDiaPlaca":16278.69629,"ConsMesPlaca":16278.69629,"ConsDiaRede":630.1152954,"ConsMesRede":630.1152954,"Status":"REDE"}