{"CorrPlaca":5,"TensPlaca":0,"CorrRede":0.240999997,"TensRede":0,"ConsDiaPlaca":6734.087891,"ConsMesPlaca":6734.087891,"ConsDiaRede":518.230957,"ConsMesRede":518.230957,"Status":"REDE"}