{"CorrPlaca":5,"TensPlaca":25,"CorrRede":0.55400002,"TensRede":0.151999995,"ConsDiaPlaca":173.6111145,"ConsMesPlaca":173.6111145,"ConsDiaRede":7.676734924,"ConsMesRede":7.676734924,"Status":"REDE"}