{"CorrPlaca":1.559000015,"TensPlaca":18.16200066,"CorrRede":2.525000095,"TensRede":5.592000008,"ConsDiaPlaca":1692.976074,"ConsMesPlaca":1692.976074,"ConsDiaRede":678.7363892,"ConsMesRede":678.7363892,"Status":"REDE"}