{"Corrente":14.59899998,"Tensao":0,"Consumo":1.197687745,"Status":"REDE"}