{"CorrPlaca":1.146000028,"TensPlaca":18.10099983,"CorrRede":2.006000042,"TensRede":0.421000004,"ConsDiaPlaca":1298.053955,"ConsMesPlaca":1298.053955,"ConsDiaRede":524.2443848,"ConsMesRede":524.2443848,"Status":"REDE"}