{"CorrPlaca":0,"TensPlaca":3.186000109,"CorrRede":0.356000006,"TensRede":0,"ConsDiaPlaca":4878.518555,"ConsMesPlaca":4878.518555,"ConsDiaRede":425.6631165,"ConsMesRede":425.6631165,"Status":"REDE"}