{"CorrPlaca":5,"TensPlaca":0.505999982,"CorrRede":0.214000002,"TensRede":0,"ConsDiaPlaca":13076.99121,"ConsMesPlaca":13076.99121,"ConsDiaRede":567.2697754,"ConsMesRede":567.2697754,"Status":"REDE"}