{"CorrPlaca":0.041999999,"TensPlaca":6.561999798,"CorrRede":0.922999978,"TensRede":0.238000005,"ConsDiaPlaca":64.10227203,"ConsMesPlaca":64.10227203,"ConsDiaRede":24.3561058,"ConsMesRede":24.3561058,"Status":"REDE"}