{"Corrente":0,"Tensao":0.017999999,"Consumo":0.07707084,"Status":"REDE"}