{"CorrPlaca":5,"TensPlaca":25,"CorrRede":1.080000043,"TensRede":2.148000002,"ConsDiaPlaca":24930.42578,"ConsMesPlaca":24930.42578,"ConsDiaRede":1016.983154,"ConsMesRede":1016.983154,"Status":"REDE"}