{"CorrPlaca":0.291000009,"TensPlaca":18.125,"CorrRede":1.373999953,"TensRede":0,"ConsDiaPlaca":1801.485718,"ConsMesPlaca":1801.485718,"ConsDiaRede":812.9769287,"ConsMesRede":812.9769287,"Status":"REDE"}