{"CorrPlaca":0,"TensPlaca":6.703000069,"CorrRede":0.768000007,"TensRede":0.090999998,"ConsDiaPlaca":1.587435603,"ConsMesPlaca":1.587435603,"ConsDiaRede":18.7168293,"ConsMesRede":18.7168293,"Status":"REDE"}