{"Corrente":2.082999945,"Tensao":0,"Consumo":0.149639666,"Status":"REDE"}