{"Corrente":14.98999977,"Tensao":2.782999992,"Consumo":0.782407284,"Status":"REDE"}