{"CorrPlaca":0,"TensPlaca":0.781000018,"CorrRede":0.391000003,"TensRede":0.323000014,"ConsDiaPlaca":0.006364445,"ConsMesPlaca":0.006364445,"ConsDiaRede":1.049972296,"ConsMesRede":1.049972296,"Status":"REDE"}