{"Corrente":-3.332999945,"Tensao":0,"Consumo":0.006886377,"Status":"REDE"}