{"CorrPlaca":2.79399991,"TensPlaca":18.07600021,"CorrRede":3.38499999,"TensRede":7.222000122,"ConsDiaPlaca":1048.911255,"ConsMesPlaca":1048.911255,"ConsDiaRede":328.5897217,"ConsMesRede":328.5897217,"Status":"REDE"}