{"CorrPlaca":2.441999912,"TensPlaca":18.06999969,"CorrRede":3.10800004,"TensRede":7.124000072,"ConsDiaPlaca":5400.827637,"ConsMesPlaca":5400.827637,"ConsDiaRede":1701.884521,"ConsMesRede":1701.884521,"Status":"REDE"}