{"CorrPlaca":0,"TensPlaca":18.11300087,"CorrRede":1.131000042,"TensRede":0,"ConsDiaPlaca":4520.794434,"ConsMesPlaca":4520.794434,"ConsDiaRede":1762.421875,"ConsMesRede":1762.421875,"Status":"REDE"}