{"CorrPlaca":2.471999884,"TensPlaca":18.10700035,"CorrRede":3.124000072,"TensRede":7.130000114,"ConsDiaPlaca":3499.136963,"ConsMesPlaca":3499.136963,"ConsDiaRede":1098.034302,"ConsMesRede":1098.034302,"Status":"REDE"}