{"CorrPlaca":5,"TensPlaca":25,"CorrRede":1.261999965,"TensRede":2.691999912,"ConsDiaPlaca":13749.94238,"ConsMesPlaca":13749.94238,"ConsDiaRede":469.2987976,"ConsMesRede":469.2987976,"Status":"REDE"}