{"CorrPlaca":1.177000046,"TensPlaca":18.11300087,"CorrRede":2.007999897,"TensRede":0,"ConsDiaPlaca":4159.171875,"ConsMesPlaca":4159.171875,"ConsDiaRede":1296.807495,"ConsMesRede":1296.807495,"Status":"REDE"}