{"CorrPlaca":5,"TensPlaca":0,"CorrRede":1.200999975,"TensRede":3.22300005,"ConsDiaPlaca":6275.841797,"ConsMesPlaca":6275.841797,"ConsDiaRede":497.2093201,"ConsMesRede":497.2093201,"Status":"REDE"}