{"CorrPlaca":0.711000025,"TensPlaca":18.06999969,"CorrRede":1.738000035,"TensRede":0,"ConsDiaPlaca":2118.489502,"ConsMesPlaca":2118.489502,"ConsDiaRede":660.4437256,"ConsMesRede":660.4437256,"Status":"REDE"}