{"CorrPlaca":0.075000003,"TensPlaca":6.561999798,"CorrRede":0.995999992,"TensRede":0.182999998,"ConsDiaPlaca":42.22823334,"ConsMesPlaca":42.22823334,"ConsDiaRede":13.63403034,"ConsMesRede":13.63403034,"Status":"REDE"}