{"CorrPlaca":5,"TensPlaca":18.08300018,"CorrRede":1.082999945,"TensRede":0.012,"ConsDiaPlaca":9549.013672,"ConsMesPlaca":9549.013672,"ConsDiaRede":533.1411743,"ConsMesRede":533.1411743,"Status":"REDE"}