{"CorrPlaca":0,"TensPlaca":0,"CorrRede":0.620000005,"TensRede":0.097000003,"ConsDiaPlaca":1.587435603,"ConsMesPlaca":1.587435603,"ConsDiaRede":187.9688263,"ConsMesRede":187.9688263,"Status":"REDE"}