{"CorrPlaca":0,"TensPlaca":6.642000198,"CorrRede":0.75999999,"TensRede":0.244000003,"ConsDiaPlaca":1.587435603,"ConsMesPlaca":1.587435603,"ConsDiaRede":18.76834106,"ConsMesRede":18.76834106,"Status":"REDE"}