{"Corrente":2.694000006,"Tensao":0,"Consumo":0.099550068,"Status":"REDE"}