{"CorrPlaca":2.890000105,"TensPlaca":18.1439991,"CorrRede":3.365999937,"TensRede":7.27699995,"ConsDiaPlaca":2997.380859,"ConsMesPlaca":2997.380859,"ConsDiaRede":928.6053467,"ConsMesRede":928.6053467,"Status":"REDE"}