{"Corrente":14.63300037,"Tensao":1.253000021,"Consumo":1.584571838,"Status":"REDE"}