{"CorrPlaca":1.046000004,"TensPlaca":25,"CorrRede":2.753999949,"TensRede":0,"ConsDiaPlaca":1139.530273,"ConsMesPlaca":1139.530273,"ConsDiaRede":304.5567322,"ConsMesRede":304.5567322,"Status":"REDE"}