{"CorrPlaca":5,"TensPlaca":25,"CorrRede":2.601000071,"TensRede":8.217000008,"ConsDiaPlaca":31458.16211,"ConsMesPlaca":31458.16211,"ConsDiaRede":1303.637451,"ConsMesRede":1303.637451,"Status":"REDE"}