{"CorrPlaca":0.36500001,"TensPlaca":18.08300018,"CorrRede":1.430999994,"TensRede":0,"ConsDiaPlaca":1574.890137,"ConsMesPlaca":1574.890137,"ConsDiaRede":635.6790161,"ConsMesRede":635.6790161,"Status":"REDE"}