{"CorrPlaca":0.018999999,"TensPlaca":6.574999809,"CorrRede":0.848999977,"TensRede":0.103,"ConsDiaPlaca":83.92759705,"ConsMesPlaca":83.92759705,"ConsDiaRede":35.16265106,"ConsMesRede":35.16265106,"Status":"REDE"}