{"CorrPlaca":2.79399991,"TensPlaca":18.02099991,"CorrRede":3.339999914,"TensRede":7.142000198,"ConsDiaPlaca":3616.97876,"ConsMesPlaca":3616.97876,"ConsDiaRede":1131.437378,"ConsMesRede":1131.437378,"Status":"REDE"}