{"Corrente":3.665999889,"Tensao":0,"Consumo":0.057277199,"Status":"REDE"}