{"CorrPlaca":5,"TensPlaca":3.217000008,"CorrRede":0.958999991,"TensRede":1.13499999,"ConsDiaPlaca":6271.509766,"ConsMesPlaca":6271.509766,"ConsDiaRede":495.807373,"ConsMesRede":495.807373,"Status":"REDE"}