{"CorrPlaca":5,"TensPlaca":25,"CorrRede":2.015000105,"TensRede":6.335999966,"ConsDiaPlaca":29583.17383,"ConsMesPlaca":29583.17383,"ConsDiaRede":1220.714233,"ConsMesRede":1220.714233,"Status":"REDE"}