{"CorrPlaca":0.513999999,"TensPlaca":18.10700035,"CorrRede":1.735000014,"TensRede":0.873000026,"ConsDiaPlaca":2279.739014,"ConsMesPlaca":2279.739014,"ConsDiaRede":711.7664795,"ConsMesRede":711.7664795,"Status":"REDE"}