{"CorrPlaca":0.013,"TensPlaca":6.715000153,"CorrRede":0.838,"TensRede":0.238000005,"ConsDiaPlaca":86.32247162,"ConsMesPlaca":86.32247162,"ConsDiaRede":40.17081451,"ConsMesRede":40.17081451,"Status":"REDE"}