{"CorrPlaca":5,"TensPlaca":25,"CorrRede":0.573000014,"TensRede":0,"ConsDiaPlaca":17881.85938,"ConsMesPlaca":17881.85938,"ConsDiaRede":649.3950806,"ConsMesRede":649.3950806,"Status":"REDE"}