{"CorrPlaca":0.174999997,"TensPlaca":6.751999855,"CorrRede":1.027999997,"TensRede":0.481999993,"ConsDiaPlaca":2.94398427,"ConsMesPlaca":2.94398427,"ConsDiaRede":1.397082567,"ConsMesRede":1.397082567,"Status":"REDE"}