{"Corrente":15.15999985,"Tensao":3.90199995,"Consumo":0.500733495,"Status":"REDE"}