{"CorrPlaca":5,"TensPlaca":18.09499931,"CorrRede":1.559999943,"TensRede":0.244000003,"ConsDiaPlaca":8518.44043,"ConsMesPlaca":8518.44043,"ConsDiaRede":529.671875,"ConsMesRede":529.671875,"Status":"REDE"}