{"Corrente":2.061000109,"Tensao":0,"Consumo":0.070479967,"Status":"REDE"}