{"CorrPlaca":5,"TensPlaca":25,"CorrRede":0.713999987,"TensRede":0,"ConsDiaPlaca":34097.0625,"ConsMesPlaca":34097.0625,"ConsDiaRede":1394.711914,"ConsMesRede":1394.711914,"Status":"REDE"}