{"CorrPlaca":0,"TensPlaca":0,"CorrRede":0.425999999,"TensRede":0.164000005,"ConsDiaPlaca":11.38347912,"ConsMesPlaca":11.38347912,"ConsDiaRede":2.154772758,"ConsMesRede":2.154772758,"Status":"REDE"}