{"CorrPlaca":5,"TensPlaca":25,"CorrRede":2.190000057,"TensRede":6.953000069,"ConsDiaPlaca":17326.30859,"ConsMesPlaca":17326.30859,"ConsDiaRede":617.9094238,"ConsMesRede":617.9094238,"Status":"REDE"}