{"CorrPlaca":0.423999995,"TensPlaca":18.08300018,"CorrRede":1.657999992,"TensRede":0,"ConsDiaPlaca":749.6738281,"ConsMesPlaca":749.6738281,"ConsDiaRede":240.2638092,"ConsMesRede":240.2638092,"Status":"REDE"}