{"CorrPlaca":1.692999959,"TensPlaca":18.0890007,"CorrRede":2.377000093,"TensRede":2.453999996,"ConsDiaPlaca":3824.806885,"ConsMesPlaca":3824.806885,"ConsDiaRede":1486.321289,"ConsMesRede":1486.321289,"Status":"REDE"}