{"CorrPlaca":2.339999914,"TensPlaca":25,"CorrRede":3.660000086,"TensRede":3.204999924,"ConsDiaPlaca":756.3220825,"ConsMesPlaca":756.3220825,"ConsDiaRede":239.8656158,"ConsMesRede":239.8656158,"Status":"REDE"}