{"CorrPlaca":0,"TensPlaca":0.799000025,"CorrRede":0.43900001,"TensRede":0.469999999,"ConsDiaPlaca":0.027280556,"ConsMesPlaca":0.027280556,"ConsDiaRede":0.626018643,"ConsMesRede":0.626018643,"Status":"REDE"}