{"CorrPlaca":5,"TensPlaca":5.823999882,"CorrRede":0.754999995,"TensRede":0,"ConsDiaPlaca":4029.393799,"ConsMesPlaca":4029.393799,"ConsDiaRede":409.4813843,"ConsMesRede":409.4813843,"Status":"REDE"}