{"CorrPlaca":0,"TensPlaca":0,"CorrRede":0.60799998,"TensRede":0.061000001,"ConsDiaPlaca":1.587435603,"ConsMesPlaca":1.587435603,"ConsDiaRede":187.2414703,"ConsMesRede":187.2414703,"Status":"REDE"}