{"CorrPlaca":0,"TensPlaca":0.842000008,"CorrRede":0.453999996,"TensRede":0.451000005,"ConsDiaPlaca":0.000201667,"ConsMesPlaca":0.000201667,"ConsDiaRede":0.890983462,"ConsMesRede":0.890983462,"Status":"REDE"}