{"Corrente":2.532000065,"Tensao":27.96100044,"Consumo":0.170664042,"Status":"PLACA"}