{"Corrente":-3.332999945,"Tensao":0,"Consumo":0.48010686,"Status":"REDE"}