{"CorrPlaca":0,"TensPlaca":0.787,"CorrRede":0.488000005,"TensRede":0.108999997,"ConsDiaPlaca":0.004695833,"ConsMesPlaca":0.004695833,"ConsDiaRede":0.514995635,"ConsMesRede":0.514995635,"Status":"REDE"}