{"CorrPlaca":0,"TensPlaca":6.574999809,"CorrRede":0.763999999,"TensRede":0.218999997,"ConsDiaPlaca":1.533571362,"ConsMesPlaca":1.533571362,"ConsDiaRede":11.96603012,"ConsMesRede":11.96603012,"Status":"REDE"}