{"CorrPlaca":0.663999975,"TensPlaca":18.15600014,"CorrRede":1.654999971,"TensRede":0,"ConsDiaPlaca":3534.261475,"ConsMesPlaca":3534.261475,"ConsDiaRede":1102.442627,"ConsMesRede":1102.442627,"Status":"REDE"}