{"corrente":-0.015,"tensao":0.524999976,"consumo":-0.000049083}