{"CorrPlaca":0.5,"TensPlaca":18.1439991,"CorrRede":1.705000043,"TensRede":1.934999943,"ConsDiaPlaca":2622.747803,"ConsMesPlaca":2622.747803,"ConsDiaRede":1036.144775,"ConsMesRede":1036.144775,"Status":"REDE"}