{"corrente":0.625,"tensao":2.601999998,"consumo":0.067580298}