{"CorrPlaca":3.52699995,"TensPlaca":25,"CorrRede":2.210000038,"TensRede":3.118999958,"ConsDiaPlaca":29846.19531,"ConsMesPlaca":29846.19531,"ConsDiaRede":758.5806885,"ConsMesRede":758.5806885,"Status":"REDE"}