{"CorrPlaca":5,"TensPlaca":25,"CorrRede":1.873999953,"TensRede":2.349999905,"ConsDiaPlaca":17951.30469,"ConsMesPlaca":17951.30469,"ConsDiaRede":654.9215698,"ConsMesRede":654.9215698,"Status":"REDE"}