{"CorrPlaca":0.078000002,"TensPlaca":6.506999969,"CorrRede":0.963,"TensRede":0.103,"ConsDiaPlaca":31.20514679,"ConsMesPlaca":31.20514679,"ConsDiaRede":9.986489296,"ConsMesRede":9.986489296,"Status":"REDE"}