{"CorrPlaca":0.351000011,"TensPlaca":18.08300018,"CorrRede":1.524999976,"TensRede":0,"ConsDiaPlaca":1518.853149,"ConsMesPlaca":1518.853149,"ConsDiaRede":472.8490295,"ConsMesRede":472.8490295,"Status":"REDE"}