{"CorrPlaca":0,"TensPlaca":6.738999844,"CorrRede":0.781000018,"TensRede":0.286000013,"ConsDiaPlaca":1.587435603,"ConsMesPlaca":1.587435603,"ConsDiaRede":21.08817291,"ConsMesRede":21.08817291,"Status":"REDE"}