{"CorrPlaca":2.898999929,"TensPlaca":18.08300018,"CorrRede":3.401000023,"TensRede":8.711000443,"ConsDiaPlaca":2394.373779,"ConsMesPlaca":2394.373779,"ConsDiaRede":944.9225464,"ConsMesRede":944.9225464,"Status":"REDE"}