{"CorrPlaca":0,"TensPlaca":0,"CorrRede":0.588999987,"TensRede":0,"ConsDiaPlaca":1.587435603,"ConsMesPlaca":1.587435603,"ConsDiaRede":17.56477356,"ConsMesRede":17.56477356,"Status":"REDE"}