{"CorrPlaca":0.075999998,"TensPlaca":6.611000061,"CorrRede":0.978999972,"TensRede":0.231000006,"ConsDiaPlaca":41.43486023,"ConsMesPlaca":41.43486023,"ConsDiaRede":13.39993382,"ConsMesRede":13.39993382,"Status":"REDE"}