{"CorrPlaca":0,"TensPlaca":6.721000195,"CorrRede":0.792999983,"TensRede":0.293000013,"ConsDiaPlaca":1.533571362,"ConsMesPlaca":1.533571362,"ConsDiaRede":11.91955376,"ConsMesRede":11.91955376,"Status":"REDE"}