{"Corrente":169.6549988,"Tensao":4.671000004,"Consumo":25.66428375,"Status":"REDE"}