{"CorrPlaca":5,"TensPlaca":8.484999657,"CorrRede":1.618999958,"TensRede":2.832000017,"ConsDiaPlaca":6815.316406,"ConsMesPlaca":6815.316406,"ConsDiaRede":525.0333252,"ConsMesRede":525.0333252,"Status":"REDE"}