{"CorrPlaca":0.039999999,"TensPlaca":6.721000195,"CorrRede":0.870999992,"TensRede":0.683000028,"ConsDiaPlaca":1.376160383,"ConsMesPlaca":1.376160383,"ConsDiaRede":2.786933661,"ConsMesRede":2.786933661,"Status":"REDE"}