{"CorrPlaca":0.105999999,"TensPlaca":6.738999844,"CorrRede":0.995999992,"TensRede":0.293000013,"ConsDiaPlaca":15.17198181,"ConsMesPlaca":15.17198181,"ConsDiaRede":5.514387131,"ConsMesRede":5.514387131,"Status":"REDE"}