{"CorrPlaca":0.191,"TensPlaca":3.118999958,"CorrRede":0.614000022,"TensRede":0,"ConsDiaPlaca":165.5027466,"ConsMesPlaca":165.5027466,"ConsDiaRede":154.452713,"ConsMesRede":154.452713,"Status":"REDE"}