{"CorrPlaca":1.345999956,"TensPlaca":18.06399918,"CorrRede":2.286000013,"TensRede":4.638999939,"ConsDiaPlaca":4939.375977,"ConsMesPlaca":4939.375977,"ConsDiaRede":1943.889282,"ConsMesRede":1943.889282,"Status":"REDE"}