{"CorrPlaca":0.474000007,"TensPlaca":18.06999969,"CorrRede":1.679999948,"TensRede":0.426999986,"ConsDiaPlaca":1660.415649,"ConsMesPlaca":1660.415649,"ConsDiaRede":514.5905151,"ConsMesRede":514.5905151,"Status":"REDE"}