{"CorrPlaca":0.157000005,"TensPlaca":6.715000153,"CorrRede":1.001999974,"TensRede":0.280000001,"ConsDiaPlaca":4.434940815,"ConsMesPlaca":4.434940815,"ConsDiaRede":1.748444438,"ConsMesRede":1.748444438,"Status":"REDE"}