{"CorrPlaca":0.001,"TensPlaca":6.738999844,"CorrRede":0.787,"TensRede":0.006,"ConsDiaPlaca":87.31086731,"ConsMesPlaca":87.31086731,"ConsDiaRede":43.0009079,"ConsMesRede":43.0009079,"Status":"REDE"}