{"CorrPlaca":5,"TensPlaca":25,"CorrRede":1.809999943,"TensRede":0.702000022,"ConsDiaPlaca":13319.72461,"ConsMesPlaca":13319.72461,"ConsDiaRede":571.2000732,"ConsMesRede":571.2000732,"Status":"REDE"}