{"CorrPlaca":5,"TensPlaca":25,"CorrRede":0.75999999,"TensRede":0,"ConsDiaPlaca":16874.92188,"ConsMesPlaca":16874.92188,"ConsDiaRede":597.8582764,"ConsMesRede":597.8582764,"Status":"REDE"}