{"CorrPlaca":0.105999999,"TensPlaca":6.677999973,"CorrRede":0.913999975,"TensRede":0.273999989,"ConsDiaPlaca":76.82086945,"ConsMesPlaca":76.82086945,"ConsDiaRede":29.00799179,"ConsMesRede":29.00799179,"Status":"REDE"}