{"CorrPlaca":2.753999949,"TensPlaca":18.04000092,"CorrRede":3.357000113,"TensRede":8.777999878,"ConsDiaPlaca":1819.221924,"ConsMesPlaca":1819.221924,"ConsDiaRede":821.9708252,"ConsMesRede":821.9708252,"Status":"REDE"}