{"CorrPlaca":0.150000006,"TensPlaca":18.14999962,"CorrRede":1.368000031,"TensRede":0,"ConsDiaPlaca":4291.01709,"ConsMesPlaca":4291.01709,"ConsDiaRede":1339.016602,"ConsMesRede":1339.016602,"Status":"REDE"}