{"CorrPlaca":5,"TensPlaca":25,"CorrRede":0.58099997,"TensRede":0.280000001,"ConsDiaPlaca":14652.71387,"ConsMesPlaca":14652.71387,"ConsDiaRede":495.339447,"ConsMesRede":495.339447,"Status":"REDE"}