{"CorrPlaca":0.057999998,"TensPlaca":6.715000153,"CorrRede":0.977999985,"TensRede":0.103,"ConsDiaPlaca":59.40010452,"ConsMesPlaca":59.40010452,"ConsDiaRede":21.89608002,"ConsMesRede":21.89608002,"Status":"REDE"}