{"CorrPlaca":5,"TensPlaca":25,"CorrRede":2.009000063,"TensRede":0.140000001,"ConsDiaPlaca":12777.72559,"ConsMesPlaca":12777.72559,"ConsDiaRede":410.1199341,"ConsMesRede":410.1199341,"Status":"REDE"}