{"CorrPlaca":0.100000001,"TensPlaca":18.06999969,"CorrRede":1.248999953,"TensRede":0,"ConsDiaPlaca":3938.355469,"ConsMesPlaca":3938.355469,"ConsDiaRede":1530.887695,"ConsMesRede":1530.887695,"Status":"REDE"}