{"CorrPlaca":0.191,"TensPlaca":18.08300018,"CorrRede":1.35800004,"TensRede":0,"ConsDiaPlaca":1059.237183,"ConsMesPlaca":1059.237183,"ConsDiaRede":435.9407349,"ConsMesRede":435.9407349,"Status":"REDE"}