{"CorrPlaca":0,"TensPlaca":18.14999962,"CorrRede":1.16900003,"TensRede":0,"ConsDiaPlaca":1917.576782,"ConsMesPlaca":1917.576782,"ConsDiaRede":874.7317505,"ConsMesRede":874.7317505,"Status":"REDE"}