{"CorrPlaca":0,"TensPlaca":0,"CorrRede":0.611000001,"TensRede":0,"ConsDiaPlaca":1.587435603,"ConsMesPlaca":1.587435603,"ConsDiaRede":188.6537781,"ConsMesRede":188.6537781,"Status":"REDE"}