{"CorrPlaca":2.736999989,"TensPlaca":18.06999969,"CorrRede":3.197000027,"TensRede":6.452000141,"ConsDiaPlaca":3865.824951,"ConsMesPlaca":3865.824951,"ConsDiaRede":1201.891479,"ConsMesRede":1201.891479,"Status":"REDE"}