{"CorrPlaca":0.68599999,"TensPlaca":0,"CorrRede":0.136999995,"TensRede":0,"ConsDiaPlaca":44.17206573,"ConsMesPlaca":44.17206573,"ConsDiaRede":37.41223526,"ConsMesRede":37.41223526,"Status":"REDE"}