{"CorrPlaca":0,"TensPlaca":6.642000198,"CorrRede":0.788999975,"TensRede":0,"ConsDiaPlaca":1.533571362,"ConsMesPlaca":1.533571362,"ConsDiaRede":14.29361439,"ConsMesRede":14.29361439,"Status":"REDE"}