{"CorrPlaca":0.248999998,"TensPlaca":3.191999912,"CorrRede":0.619000018,"TensRede":0,"ConsDiaPlaca":139.076889,"ConsMesPlaca":139.076889,"ConsDiaRede":133.7422791,"ConsMesRede":133.7422791,"Status":"REDE"}