{"CorrPlaca":0,"TensPlaca":0,"CorrRede":0.649999976,"TensRede":6.709000111,"ConsDiaPlaca":1.587435603,"ConsMesPlaca":1.587435603,"ConsDiaRede":123.6476746,"ConsMesRede":123.6476746,"Status":"REDE"}