{"CorrPlaca":0.032000002,"TensPlaca":6.659999847,"CorrRede":0.864000022,"TensRede":0.207000002,"ConsDiaPlaca":83.46065521,"ConsMesPlaca":83.46065521,"ConsDiaRede":34.22597504,"ConsMesRede":34.22597504,"Status":"REDE"}