{"CorrPlaca":0.702000022,"TensPlaca":0.702000022,"CorrRede":0.368999988,"TensRede":0.708000004,"ConsDiaPlaca":47.38496017,"ConsMesPlaca":47.38496017,"ConsDiaRede":40.27328491,"ConsMesRede":40.27328491,"Status":"REDE"}