{"CorrPlaca":0.039000001,"TensPlaca":6.684000015,"CorrRede":0.971000016,"TensRede":0.188999996,"ConsDiaPlaca":50.29832077,"ConsMesPlaca":50.29832077,"ConsDiaRede":17.30414963,"ConsMesRede":17.30414963,"Status":"REDE"}