{"CorrPlaca":0.485000014,"TensPlaca":18.08300018,"CorrRede":1.710999966,"TensRede":0.897000015,"ConsDiaPlaca":2561.017334,"ConsMesPlaca":2561.017334,"ConsDiaRede":795.4016724,"ConsMesRede":795.4016724,"Status":"REDE"}