{"CorrPlaca":0.824000001,"TensPlaca":25,"CorrRede":2.753000021,"TensRede":0.224999994,"ConsDiaPlaca":533.3776855,"ConsMesPlaca":533.3776855,"ConsDiaRede":206.6173706,"ConsMesRede":206.6173706,"Status":"REDE"}