{"CorrPlaca":0.384000003,"TensPlaca":18.06399918,"CorrRede":1.638000011,"TensRede":0.799000025,"ConsDiaPlaca":4828.219238,"ConsMesPlaca":4828.219238,"ConsDiaRede":1499.721436,"ConsMesRede":1499.721436,"Status":"REDE"}