{"corrente":0.370999992,"tensao":0,"consumo":0.004045333}