{"CorrPlaca":2.01699996,"TensPlaca":18.06399918,"CorrRede":2.654000044,"TensRede":2.924000025,"ConsDiaPlaca":2239.53125,"ConsMesPlaca":2239.53125,"ConsDiaRede":701.5582886,"ConsMesRede":701.5582886,"Status":"REDE"}