{"CorrPlaca":0.118000001,"TensPlaca":6.721000195,"CorrRede":0.985000014,"TensRede":0.261999995,"ConsDiaPlaca":42.66986465,"ConsMesPlaca":42.66986465,"ConsDiaRede":13.85317707,"ConsMesRede":13.85317707,"Status":"REDE"}