{"CorrPlaca":0.943000019,"TensPlaca":3.204999924,"CorrRede":1.174999952,"TensRede":2.532999992,"ConsDiaPlaca":118.9064865,"ConsMesPlaca":118.9064865,"ConsDiaRede":115.3450089,"ConsMesRede":115.3450089,"Status":"REDE"}