{"CorrPlaca":5,"TensPlaca":25,"CorrRede":2.437000036,"TensRede":5.714000225,"ConsDiaPlaca":20451.28711,"ConsMesPlaca":20451.28711,"ConsDiaRede":792.6644287,"ConsMesRede":792.6644287,"Status":"REDE"}