{"CorrPlaca":5,"TensPlaca":25,"CorrRede":1.746000051,"TensRede":5.06099987,"ConsDiaPlaca":25694.31055,"ConsMesPlaca":25694.31055,"ConsDiaRede":1036.697266,"ConsMesRede":1036.697266,"Status":"REDE"}