{"CorrPlaca":0,"TensPlaca":0.787,"CorrRede":0.470999986,"TensRede":0.628000021,"ConsDiaPlaca":0.058678329,"ConsMesPlaca":0.058678329,"ConsDiaRede":1.546336174,"ConsMesRede":1.546336174,"Status":"REDE"}