{"CorrPlaca":5,"TensPlaca":25,"CorrRede":2.328000069,"TensRede":6.953000069,"ConsDiaPlaca":29791.50586,"ConsMesPlaca":29791.50586,"ConsDiaRede":1232.418335,"ConsMesRede":1232.418335,"Status":"REDE"}