{"CorrPlaca":0,"TensPlaca":0,"CorrRede":0.59799999,"TensRede":0,"ConsDiaPlaca":1.587435603,"ConsMesPlaca":1.587435603,"ConsDiaRede":188.8112183,"ConsMesRede":188.8112183,"Status":"REDE"}