{"CorrPlaca":5,"TensPlaca":25,"CorrRede":2.427000046,"TensRede":5.879000187,"ConsDiaPlaca":33367.87109,"ConsMesPlaca":33367.87109,"ConsDiaRede":1382.672607,"ConsMesRede":1382.672607,"Status":"REDE"}