{"CorrPlaca":5,"TensPlaca":18.38199997,"CorrRede":1.287999988,"TensRede":1.141000032,"ConsDiaPlaca":12973.98926,"ConsMesPlaca":12973.98926,"ConsDiaRede":565.826416,"ConsMesRede":565.826416,"Status":"REDE"}