{"CorrPlaca":0.703999996,"TensPlaca":1.116999984,"CorrRede":0.488000005,"TensRede":0.757000029,"ConsDiaPlaca":84.69532776,"ConsMesPlaca":84.69532776,"ConsDiaRede":75.04946899,"ConsMesRede":75.04946899,"Status":"REDE"}