{"Corrente":0.481000006,"Tensao":0,"Consumo":0.004195239,"Status":"REDE"}