{"CorrPlaca":0,"TensPlaca":0,"CorrRede":0.643999994,"TensRede":6.665999889,"ConsDiaPlaca":1.587435603,"ConsMesPlaca":1.587435603,"ConsDiaRede":145.4468994,"ConsMesRede":145.4468994,"Status":"REDE"}