{"CorrPlaca":5,"TensPlaca":25,"CorrRede":0.577000022,"TensRede":0.134000003,"ConsDiaPlaca":25798.47656,"ConsMesPlaca":25798.47656,"ConsDiaRede":1036.873169,"ConsMesRede":1036.873169,"Status":"REDE"}