{"CorrPlaca":1.735000014,"TensPlaca":18.01499939,"CorrRede":2.596999884,"TensRede":5.177000046,"ConsDiaPlaca":3886.961182,"ConsMesPlaca":3886.961182,"ConsDiaRede":1211.737671,"ConsMesRede":1211.737671,"Status":"REDE"}