{"CorrPlaca":0,"TensPlaca":6.738999844,"CorrRede":0.791999996,"TensRede":0.140000001,"ConsDiaPlaca":1.587435603,"ConsMesPlaca":1.587435603,"ConsDiaRede":18.23245239,"ConsMesRede":18.23245239,"Status":"REDE"}