{"CorrPlaca":0.704999983,"TensPlaca":1.531999946,"CorrRede":0.488999993,"TensRede":0,"ConsDiaPlaca":90.35573578,"ConsMesPlaca":90.35573578,"ConsDiaRede":78.9677887,"ConsMesRede":78.9677887,"Status":"REDE"}