{"CorrPlaca":0.041999999,"TensPlaca":18.06999969,"CorrRede":1.350000024,"TensRede":0.493999988,"ConsDiaPlaca":370.4632874,"ConsMesPlaca":370.4632874,"ConsDiaRede":143.3168335,"ConsMesRede":143.3168335,"Status":"REDE"}