{"CorrPlaca":5,"TensPlaca":18.0890007,"CorrRede":1.419999957,"TensRede":0,"ConsDiaPlaca":12391.43262,"ConsMesPlaca":12391.43262,"ConsDiaRede":539.4249878,"ConsMesRede":539.4249878,"Status":"REDE"}