{"CorrPlaca":0,"TensPlaca":18.14999962,"CorrRede":1.139999986,"TensRede":0,"ConsDiaPlaca":2309.171631,"ConsMesPlaca":2309.171631,"ConsDiaRede":909.0907593,"ConsMesRede":909.0907593,"Status":"REDE"}