{"CorrPlaca":0.451000005,"TensPlaca":18.16799927,"CorrRede":1.659000039,"TensRede":0.505999982,"ConsDiaPlaca":1828.453369,"ConsMesPlaca":1828.453369,"ConsDiaRede":566.1062012,"ConsMesRede":566.1062012,"Status":"REDE"}