{"CorrPlaca":5,"TensPlaca":25,"CorrRede":0.675999999,"TensRede":0,"ConsDiaPlaca":29027.62109,"ConsMesPlaca":29027.62109,"ConsDiaRede":1183.419922,"ConsMesRede":1183.419922,"Status":"REDE"}