{"CorrPlaca":1.476999998,"TensPlaca":18.0890007,"CorrRede":2.20600009,"TensRede":1.434000015,"ConsDiaPlaca":3505.436768,"ConsMesPlaca":3505.436768,"ConsDiaRede":1369.369995,"ConsMesRede":1369.369995,"Status":"REDE"}