{"Corrente":1.600999951,"Tensao":22.91500092,"Consumo":0.3031542,"Status":"PLACA"}