{"CorrPlaca":0,"TensPlaca":0,"CorrRede":0.643000007,"TensRede":6.647999763,"ConsDiaPlaca":1.587435603,"ConsMesPlaca":1.587435603,"ConsDiaRede":85.07606506,"ConsMesRede":85.07606506,"Status":"REDE"}