{"CorrPlaca":0,"TensPlaca":0,"CorrRede":0.637000024,"TensRede":6.671999931,"ConsDiaPlaca":1.587435603,"ConsMesPlaca":1.587435603,"ConsDiaRede":167.1983643,"ConsMesRede":167.1983643,"Status":"REDE"}