{"CorrPlaca":0.039000001,"TensPlaca":6.732999802,"CorrRede":0.897000015,"TensRede":0.218999997,"ConsDiaPlaca":80.0714798,"ConsMesPlaca":80.0714798,"ConsDiaRede":30.63581848,"ConsMesRede":30.63581848,"Status":"REDE"}