{"CorrPlaca":0.527999997,"TensPlaca":18.15600014,"CorrRede":1.738000035,"TensRede":1.886000037,"ConsDiaPlaca":98.92709351,"ConsMesPlaca":98.92709351,"ConsDiaRede":38.55357361,"ConsMesRede":38.55357361,"Status":"REDE"}