{"CorrPlaca":1.312999964,"TensPlaca":18.10099983,"CorrRede":2.118999958,"TensRede":0.40200001,"ConsDiaPlaca":2125.091309,"ConsMesPlaca":2125.091309,"ConsDiaRede":660.6803589,"ConsMesRede":660.6803589,"Status":"REDE"}