{"CorrPlaca":2.089999914,"TensPlaca":18.17399979,"CorrRede":2.832000017,"TensRede":6.959000111,"ConsDiaPlaca":4789.033203,"ConsMesPlaca":4789.033203,"ConsDiaRede":1872.878174,"ConsMesRede":1872.878174,"Status":"REDE"}