{"CorrPlaca":5,"TensPlaca":25,"CorrRede":0.785000026,"TensRede":0.194999993,"ConsDiaPlaca":34687.37109,"ConsMesPlaca":34687.37109,"ConsDiaRede":1404.272583,"ConsMesRede":1404.272583,"Status":"REDE"}