{"CorrPlaca":0,"TensPlaca":6.738999844,"CorrRede":0.730000019,"TensRede":0.194999993,"ConsDiaPlaca":1.587435603,"ConsMesPlaca":1.587435603,"ConsDiaRede":19.76871109,"ConsMesRede":19.76871109,"Status":"REDE"}