{"CorrPlaca":5,"TensPlaca":25,"CorrRede":2.244999886,"TensRede":3.118999958,"ConsDiaPlaca":32117.88086,"ConsMesPlaca":32117.88086,"ConsDiaRede":1327.094604,"ConsMesRede":1327.094604,"Status":"REDE"}