{"CorrPlaca":0.169,"TensPlaca":18.08300018,"CorrRede":1.327999949,"TensRede":0,"ConsDiaPlaca":1555.04187,"ConsMesPlaca":1555.04187,"ConsDiaRede":706.0625,"ConsMesRede":706.0625,"Status":"REDE"}