{"CorrPlaca":0,"TensPlaca":0,"CorrRede":0.592999995,"TensRede":0.103,"ConsDiaPlaca":1.587435603,"ConsMesPlaca":1.587435603,"ConsDiaRede":21.38188171,"ConsMesRede":21.38188171,"Status":"REDE"}