{"CorrPlaca":2.441999912,"TensPlaca":18.10700035,"CorrRede":3.105999947,"TensRede":7.843999863,"ConsDiaPlaca":2072.571777,"ConsMesPlaca":2072.571777,"ConsDiaRede":831.0800781,"ConsMesRede":831.0800781,"Status":"REDE"}