{"CorrPlaca":5,"TensPlaca":2.252000093,"CorrRede":0.787999988,"TensRede":0.683000028,"ConsDiaPlaca":6818.444336,"ConsMesPlaca":6818.444336,"ConsDiaRede":525.1828003,"ConsMesRede":525.1828003,"Status":"REDE"}