{"CorrPlaca":1.307999969,"TensPlaca":18.0890007,"CorrRede":2.094000101,"TensRede":0.360000014,"ConsDiaPlaca":3285.018555,"ConsMesPlaca":3285.018555,"ConsDiaRede":1013.611328,"ConsMesRede":1013.611328,"Status":"REDE"}