{"CorrPlaca":0,"TensPlaca":18.13100052,"CorrRede":1.172999978,"TensRede":0,"ConsDiaPlaca":5011.288574,"ConsMesPlaca":5011.288574,"ConsDiaRede":1970.963989,"ConsMesRede":1970.963989,"Status":"REDE"}