{"CorrPlaca":1.095000029,"TensPlaca":18.06399918,"CorrRede":2.267999887,"TensRede":2.599999905,"ConsDiaPlaca":695.8729248,"ConsMesPlaca":695.8729248,"ConsDiaRede":226.5852966,"ConsMesRede":226.5852966,"Status":"REDE"}