{"Corrente":14.56000042,"Tensao":9.276000023,"Consumo":1.679594517,"Status":"PLACA"}