{"CorrPlaca":0.006,"TensPlaca":6.642000198,"CorrRede":0.824000001,"TensRede":0.389999986,"ConsDiaPlaca":1.533571362,"ConsMesPlaca":1.533571362,"ConsDiaRede":5.560324669,"ConsMesRede":5.560324669,"Status":"REDE"}