{"CorrPlaca":1.378999949,"TensPlaca":18.06999969,"CorrRede":2.375999928,"TensRede":4.364999771,"ConsDiaPlaca":4175.322754,"ConsMesPlaca":4175.322754,"ConsDiaRede":1301.748413,"ConsMesRede":1301.748413,"Status":"REDE"}