{"CorrPlaca":1.871000051,"TensPlaca":18.05200005,"CorrRede":2.825999975,"TensRede":6.196000099,"ConsDiaPlaca":582.175293,"ConsMesPlaca":582.175293,"ConsDiaRede":264.5038757,"ConsMesRede":264.5038757,"Status":"REDE"}