{"CorrPlaca":0,"TensPlaca":0,"CorrRede":0.611999989,"TensRede":0.097000003,"ConsDiaPlaca":1.587435603,"ConsMesPlaca":1.587435603,"ConsDiaRede":188.4369812,"ConsMesRede":188.4369812,"Status":"REDE"}