{"Corrente":0.351000011,"Tensao":0,"Consumo":0.053693287,"Status":"REDE"}