{"CorrPlaca":0,"TensPlaca":0.737999976,"CorrRede":0.50999999,"TensRede":0.763000011,"ConsDiaPlaca":0.045552503,"ConsMesPlaca":0.045552503,"ConsDiaRede":1.06413877,"ConsMesRede":1.06413877,"Status":"REDE"}