{"Corrente":14.26200008,"Tensao":1.692000031,"Consumo":5.285000324,"Status":"REDE"}