{"corrente":0.138999999,"tensao":3.217000008,"consumo":0.271463126}