{"CorrPlaca":0,"TensPlaca":0.56099999,"CorrRede":0.449000001,"TensRede":0,"ConsDiaPlaca":0.022247778,"ConsMesPlaca":0.022247778,"ConsDiaRede":0.823646665,"ConsMesRede":0.823646665,"Status":"REDE"}