{"CorrPlaca":0.173999995,"TensPlaca":18.05200005,"CorrRede":1.304999948,"TensRede":0,"ConsDiaPlaca":4228.178223,"ConsMesPlaca":4228.178223,"ConsDiaRede":1652.297485,"ConsMesRede":1652.297485,"Status":"REDE"}