{"CorrPlaca":5,"TensPlaca":25,"CorrRede":1.975000024,"TensRede":1.764000058,"ConsDiaPlaca":14617.99219,"ConsMesPlaca":14617.99219,"ConsDiaRede":495.2942505,"ConsMesRede":495.2942505,"Status":"REDE"}