{"CorrPlaca":0.449999988,"TensPlaca":18.06999969,"CorrRede":1.682999969,"TensRede":1.593000054,"ConsDiaPlaca":708.3570557,"ConsMesPlaca":708.3570557,"ConsDiaRede":281.6186829,"ConsMesRede":281.6186829,"Status":"REDE"}