{"CorrPlaca":0,"TensPlaca":3.198999882,"CorrRede":0.360000014,"TensRede":0,"ConsDiaPlaca":146.8506927,"ConsMesPlaca":146.8506927,"ConsDiaRede":140.6083069,"ConsMesRede":140.6083069,"Status":"REDE"}