{"CorrPlaca":0,"TensPlaca":0.768999994,"CorrRede":0.493999988,"TensRede":0.488000005,"ConsDiaPlaca":0.019817501,"ConsMesPlaca":0.019817501,"ConsDiaRede":1.010221481,"ConsMesRede":1.010221481,"Status":"REDE"}