{"CorrPlaca":5,"TensPlaca":25,"CorrRede":2.489000082,"TensRede":6.385000229,"ConsDiaPlaca":29548.45117,"ConsMesPlaca":29548.45117,"ConsDiaRede":1217.167847,"ConsMesRede":1217.167847,"Status":"REDE"}