{"CorrPlaca":0.683000028,"TensPlaca":0,"CorrRede":0.079999998,"TensRede":0,"ConsDiaPlaca":78.09436798,"ConsMesPlaca":78.09436798,"ConsDiaRede":71.00884247,"ConsMesRede":71.00884247,"Status":"REDE"}