{"CorrPlaca":0.846000016,"TensPlaca":18.16200066,"CorrRede":2.019999981,"TensRede":2.654999971,"ConsDiaPlaca":4653.388184,"ConsMesPlaca":4653.388184,"ConsDiaRede":1452.040894,"ConsMesRede":1452.040894,"Status":"REDE"}