{"CorrPlaca":5,"TensPlaca":18.1439991,"CorrRede":2.746999979,"TensRede":0.908999979,"ConsDiaPlaca":3418.380371,"ConsMesPlaca":3418.380371,"ConsDiaRede":385.9414978,"ConsMesRede":385.9414978,"Status":"REDE"}