{"CorrPlaca":2.075000048,"TensPlaca":18.08300018,"CorrRede":2.710000038,"TensRede":3.913000107,"ConsDiaPlaca":3543.456055,"ConsMesPlaca":3543.456055,"ConsDiaRede":1381.766602,"ConsMesRede":1381.766602,"Status":"REDE"}