{"Corrente":-3.332999945,"Tensao":0,"Consumo":0.198576123,"Status":"REDE"}