{"CorrPlaca":0.340000004,"TensPlaca":18.08300018,"CorrRede":1.593999982,"TensRede":0.628000021,"ConsDiaPlaca":4925.473633,"ConsMesPlaca":4925.473633,"ConsDiaRede":1524.885132,"ConsMesRede":1524.885132,"Status":"REDE"}