{"CorrPlaca":0,"TensPlaca":0,"CorrRede":0.614000022,"TensRede":0.048,"ConsDiaPlaca":1.587435603,"ConsMesPlaca":1.587435603,"ConsDiaRede":186.9078217,"ConsMesRede":186.9078217,"Status":"REDE"}