{"CorrPlaca":0.735000014,"TensPlaca":3.362999916,"CorrRede":0.916000009,"TensRede":2.605999947,"ConsDiaPlaca":34.71630096,"ConsMesPlaca":34.71630096,"ConsDiaRede":27.65091515,"ConsMesRede":27.65091515,"Status":"REDE"}