{"CorrPlaca":0,"TensPlaca":6.684000015,"CorrRede":0.879999995,"TensRede":0,"ConsDiaPlaca":80.0714798,"ConsMesPlaca":80.0714798,"ConsDiaRede":30.63581848,"ConsMesRede":30.63581848,"Status":"REDE"}