{"CorrPlaca":0.609000027,"TensPlaca":18.02799988,"CorrRede":1.646999955,"TensRede":0,"ConsDiaPlaca":3381.049561,"ConsMesPlaca":3381.049561,"ConsDiaRede":1048.680054,"ConsMesRede":1048.680054,"Status":"REDE"}