{"CorrPlaca":5,"TensPlaca":25,"CorrRede":1.792999983,"TensRede":0.31099999,"ConsDiaPlaca":6393.842773,"ConsMesPlaca":6393.842773,"ConsDiaRede":498.6774902,"ConsMesRede":498.6774902,"Status":"REDE"}