{"CorrPlaca":0.930999994,"TensPlaca":18.09499931,"CorrRede":1.855000019,"TensRede":0,"ConsDiaPlaca":4454.080566,"ConsMesPlaca":4454.080566,"ConsDiaRede":1391.643799,"ConsMesRede":1391.643799,"Status":"REDE"}