{"CorrPlaca":0,"TensPlaca":6.671999931,"CorrRede":0.779999971,"TensRede":0.286000013,"ConsDiaPlaca":1.533571362,"ConsMesPlaca":1.533571362,"ConsDiaRede":10.70967388,"ConsMesRede":10.70967388,"Status":"REDE"}