{"corrente":0,"tensao":0.354000002,"consumo":0.379429787}