{"Corrente":15.6619997,"Tensao":4.263999939,"Consumo":0.071220368,"Status":"REDE"}