{"CorrPlaca":0.345999986,"TensPlaca":3.204999924,"CorrRede":0.77700001,"TensRede":1.562000036,"ConsDiaPlaca":138.2971802,"ConsMesPlaca":138.2971802,"ConsDiaRede":133.2288666,"ConsMesRede":133.2288666,"Status":"REDE"}