{"CorrPlaca":0.097999997,"TensPlaca":6.544000149,"CorrRede":0.976000011,"TensRede":0.261999995,"ConsDiaPlaca":10.46556854,"ConsMesPlaca":10.46556854,"ConsDiaRede":3.919903278,"ConsMesRede":3.919903278,"Status":"REDE"}