{"CorrPlaca":0,"TensPlaca":6.727000237,"CorrRede":0.839999974,"TensRede":0.469999999,"ConsDiaPlaca":1.533571362,"ConsMesPlaca":1.533571362,"ConsDiaRede":6.921422482,"ConsMesRede":6.921422482,"Status":"REDE"}