{"CorrPlaca":0.99000001,"TensPlaca":18.0890007,"CorrRede":2.075999975,"TensRede":3.674999952,"ConsDiaPlaca":2302.830566,"ConsMesPlaca":2302.830566,"ConsDiaRede":908.3861694,"ConsMesRede":908.3861694,"Status":"REDE"}