{"CorrPlaca":0.449000001,"TensPlaca":18.10700035,"CorrRede":1.521000028,"TensRede":0,"ConsDiaPlaca":1216.631958,"ConsMesPlaca":1216.631958,"ConsDiaRede":496.9450989,"ConsMesRede":496.9450989,"Status":"REDE"}