{"Corrente":176.9089966,"Tensao":2.246000051,"Consumo":1.305788159,"Status":"REDE"}