{"CorrPlaca":0.236000001,"TensPlaca":18.11300087,"CorrRede":1.350999951,"TensRede":0.293000013,"ConsDiaPlaca":17.59948158,"ConsMesPlaca":17.59948158,"ConsDiaRede":8.936530113,"ConsMesRede":8.936530113,"Status":"REDE"}