{"CorrPlaca":0.708000004,"TensPlaca":18.01499939,"CorrRede":1.858999968,"TensRede":2.703999996,"ConsDiaPlaca":1738.528076,"ConsMesPlaca":1738.528076,"ConsDiaRede":696.7941895,"ConsMesRede":696.7941895,"Status":"REDE"}