{"CorrPlaca":0.214000002,"TensPlaca":18.15600014,"CorrRede":1.442999959,"TensRede":0.029999999,"ConsDiaPlaca":4268.762207,"ConsMesPlaca":4268.762207,"ConsDiaRede":1335.939941,"ConsMesRede":1335.939941,"Status":"REDE"}