{"CorrPlaca":2.167000055,"TensPlaca":18.10700035,"CorrRede":2.887000084,"TensRede":7.130000114,"ConsDiaPlaca":3307.665039,"ConsMesPlaca":3307.665039,"ConsDiaRede":1300.88855,"ConsMesRede":1300.88855,"Status":"REDE"}