{"CorrPlaca":5,"TensPlaca":25,"CorrRede":0.658999979,"TensRede":0,"ConsDiaPlaca":28020.68359,"ConsMesPlaca":28020.68359,"ConsDiaRede":1140.407959,"ConsMesRede":1140.407959,"Status":"REDE"}