{"CorrPlaca":5,"TensPlaca":25,"CorrRede":0.723999977,"TensRede":0,"ConsDiaPlaca":33888.71875,"ConsMesPlaca":33888.71875,"ConsDiaRede":1392.232544,"ConsMesRede":1392.232544,"Status":"REDE"}