{"CorrPlaca":1.677000046,"TensPlaca":18.13699913,"CorrRede":2.545000076,"TensRede":5.769000053,"ConsDiaPlaca":3857.796143,"ConsMesPlaca":3857.796143,"ConsDiaRede":1499.730957,"ConsMesRede":1499.730957,"Status":"REDE"}