{"CorrPlaca":0,"TensPlaca":0,"CorrRede":0.615999997,"TensRede":0.006,"ConsDiaPlaca":1.587435603,"ConsMesPlaca":1.587435603,"ConsDiaRede":188.3457642,"ConsMesRede":188.3457642,"Status":"REDE"}