{"CorrPlaca":0,"TensPlaca":0,"CorrRede":0.606000006,"TensRede":0,"ConsDiaPlaca":1.587435603,"ConsMesPlaca":1.587435603,"ConsDiaRede":188.076767,"ConsMesRede":188.076767,"Status":"REDE"}