{"CorrPlaca":1.460999966,"TensPlaca":25,"CorrRede":3.411000013,"TensRede":2.411000013,"ConsDiaPlaca":1334.224609,"ConsMesPlaca":1334.224609,"ConsDiaRede":327.1221008,"ConsMesRede":327.1221008,"Status":"REDE"}