{"CorrPlaca":2.996999979,"TensPlaca":18.05800056,"CorrRede":3.437999964,"TensRede":8.394000053,"ConsDiaPlaca":1589.92334,"ConsMesPlaca":1589.92334,"ConsDiaRede":643.6952515,"ConsMesRede":643.6952515,"Status":"REDE"}