{"CorrPlaca":0.006,"TensPlaca":0,"CorrRede":0.606000006,"TensRede":0.072999999,"ConsDiaPlaca":35340.49609,"ConsMesPlaca":35340.49609,"ConsDiaRede":1450.319702,"ConsMesRede":1450.319702,"Status":"REDE"}