{"CorrPlaca":0.66900003,"TensPlaca":3.118999958,"CorrRede":1.047999978,"TensRede":2.539000034,"ConsDiaPlaca":4906.891113,"ConsMesPlaca":4906.891113,"ConsDiaRede":471.152771,"ConsMesRede":471.152771,"Status":"REDE"}