{"CorrPlaca":5,"TensPlaca":25,"CorrRede":2.460999966,"TensRede":6.769999981,"ConsDiaPlaca":31805.38281,"ConsMesPlaca":31805.38281,"ConsDiaRede":1315.531616,"ConsMesRede":1315.531616,"Status":"REDE"}