{"CorrPlaca":1.957000017,"TensPlaca":18.04000092,"CorrRede":2.605000019,"TensRede":2.673000097,"ConsDiaPlaca":2904.891113,"ConsMesPlaca":2904.891113,"ConsDiaRede":899.1577759,"ConsMesRede":899.1577759,"Status":"REDE"}