{"Corrente":0,"Tensao":0.634000003,"Consumo":8.655833881e-6,"Status":"REDE"}