{"corrente":0.712000012,"tensao":4.875,"consumo":0.063062936}