{"CorrPlaca":0,"TensPlaca":0,"CorrRede":0.640999973,"TensRede":6.709000111,"ConsDiaPlaca":1.587435603,"ConsMesPlaca":1.587435603,"ConsDiaRede":27.21070099,"ConsMesRede":27.21070099,"Status":"REDE"}