{"Corrente":-1.248999953,"Tensao":17.49600029,"Consumo":0.596402943,"Status":"REDE"}