{"CorrPlaca":0.007,"TensPlaca":6.703000069,"CorrRede":0.819000006,"TensRede":0.293000013,"ConsDiaPlaca":87.27352142,"ConsMesPlaca":87.27352142,"ConsDiaRede":42.95981598,"ConsMesRede":42.95981598,"Status":"REDE"}