{"CorrPlaca":5,"TensPlaca":25,"CorrRede":0.509000003,"TensRede":0,"ConsDiaPlaca":20520.73242,"ConsMesPlaca":20520.73242,"ConsDiaRede":792.6644287,"ConsMesRede":792.6644287,"Status":"REDE"}