{"Corrente":3.612999916,"Tensao":32.03099823,"Consumo":0.227644473,"Status":"PLACA"}