{"CorrPlaca":0,"TensPlaca":0.647000015,"CorrRede":0.448000014,"TensRede":0.017999999,"ConsDiaPlaca":0,"ConsMesPlaca":0,"ConsDiaRede":0.561225295,"ConsMesRede":0.561225295,"Status":"REDE"}