{"CorrPlaca":0,"TensPlaca":0.713999987,"CorrRede":0.451999992,"TensRede":0.469999999,"ConsDiaPlaca":0.014104721,"ConsMesPlaca":0.014104721,"ConsDiaRede":1.31289494,"ConsMesRede":1.31289494,"Status":"REDE"}