{"CorrPlaca":0,"TensPlaca":0,"CorrRede":0.597000003,"TensRede":0.194999993,"ConsDiaPlaca":1.587435603,"ConsMesPlaca":1.587435603,"ConsDiaRede":17.74620819,"ConsMesRede":17.74620819,"Status":"REDE"}