{"CorrPlaca":0.583999991,"TensPlaca":18.1439991,"CorrRede":1.657999992,"TensRede":0,"ConsDiaPlaca":3752.964111,"ConsMesPlaca":3752.964111,"ConsDiaRede":1169.687866,"ConsMesRede":1169.687866,"Status":"REDE"}