{"CorrPlaca":2.842999935,"TensPlaca":18.06399918,"CorrRede":3.355999947,"TensRede":7.460000038,"ConsDiaPlaca":3026.696777,"ConsMesPlaca":3026.696777,"ConsDiaRede":937.8377075,"ConsMesRede":937.8377075,"Status":"REDE"}