{"CorrPlaca":0.340999991,"TensPlaca":3.095000029,"CorrRede":0.771000028,"TensRede":1.355000019,"ConsDiaPlaca":147.1438599,"ConsMesPlaca":147.1438599,"ConsDiaRede":140.8985138,"ConsMesRede":140.8985138,"Status":"REDE"}