{"CorrPlaca":4.453999996,"TensPlaca":21.97100067,"CorrRede":4.318999767,"TensRede":1.092000008,"ConsDiaPlaca":143.9900818,"ConsMesPlaca":143.9900818,"ConsDiaRede":8.906439781,"ConsMesRede":8.906439781,"Status":"REDE"}