{"CorrPlaca":0.112999998,"TensPlaca":6.703000069,"CorrRede":1,"TensRede":0,"ConsDiaPlaca":25.28186989,"ConsMesPlaca":25.28186989,"ConsDiaRede":8.047306061,"ConsMesRede":8.047306061,"Status":"REDE"}