{"CorrPlaca":0.722000003,"TensPlaca":4.68200016,"CorrRede":1.210999966,"TensRede":3.687000036,"ConsDiaPlaca":24.08419228,"ConsMesPlaca":24.08419228,"ConsDiaRede":18.3168087,"ConsMesRede":18.3168087,"Status":"REDE"}