{"CorrPlaca":3.200999975,"TensPlaca":18.06999969,"CorrRede":3.614000082,"TensRede":9.059000015,"ConsDiaPlaca":344.6706543,"ConsMesPlaca":344.6706543,"ConsDiaRede":131.6586761,"ConsMesRede":131.6586761,"Status":"REDE"}