{"CorrPlaca":0.029999999,"TensPlaca":6.703000069,"CorrRede":0.897000015,"TensRede":0.261999995,"ConsDiaPlaca":79.6510849,"ConsMesPlaca":79.6510849,"ConsDiaRede":30.27412415,"ConsMesRede":30.27412415,"Status":"REDE"}