{"CorrPlaca":1.511000037,"TensPlaca":18.04000092,"CorrRede":2.242000103,"TensRede":1.746000051,"ConsDiaPlaca":3525.120605,"ConsMesPlaca":3525.120605,"ConsDiaRede":1375.075195,"ConsMesRede":1375.075195,"Status":"REDE"}