{"CorrPlaca":0.716000021,"TensPlaca":5.927000046,"CorrRede":1.48300004,"TensRede":4.205999851,"ConsDiaPlaca":91.5345459,"ConsMesPlaca":91.5345459,"ConsDiaRede":80.70043182,"ConsMesRede":80.70043182,"Status":"REDE"}