{"CorrPlaca":5,"TensPlaca":25,"CorrRede":1.282999992,"TensRede":2.898999929,"ConsDiaPlaca":30312.33594,"ConsMesPlaca":30312.33594,"ConsDiaRede":1255.381836,"ConsMesRede":1255.381836,"Status":"REDE"}