{"CorrPlaca":2.421000004,"TensPlaca":18.10099983,"CorrRede":3.114000082,"TensRede":6.342999935,"ConsDiaPlaca":274.1741028,"ConsMesPlaca":274.1741028,"ConsDiaRede":89.79278564,"ConsMesRede":89.79278564,"Status":"REDE"}