{"Corrente":3.996000051,"Tensao":27.375,"Consumo":0.119349971,"Status":"PLACA"}