{"CorrPlaca":1.154999971,"TensPlaca":25,"CorrRede":2.846999884,"TensRede":0,"ConsDiaPlaca":251.4540863,"ConsMesPlaca":251.4540863,"ConsDiaRede":175.9878998,"ConsMesRede":175.9878998,"Status":"REDE"}