{"CorrPlaca":1.960000038,"TensPlaca":18.06399918,"CorrRede":2.838000059,"TensRede":6.348999977,"ConsDiaPlaca":311.8516846,"ConsMesPlaca":311.8516846,"ConsDiaRede":142.6068726,"ConsMesRede":142.6068726,"Status":"REDE"}