{"CorrPlaca":2.811000109,"TensPlaca":18.06999969,"CorrRede":3.263999939,"TensRede":5.804999828,"ConsDiaPlaca":131.2815399,"ConsMesPlaca":131.2815399,"ConsDiaRede":49.72814941,"ConsMesRede":49.72814941,"Status":"REDE"}