{"CorrPlaca":0.017999999,"TensPlaca":0.805000007,"CorrRede":0.536000013,"TensRede":0.792999983,"ConsDiaPlaca":0.006364445,"ConsMesPlaca":0.006364445,"ConsDiaRede":0.743499994,"ConsMesRede":0.743499994,"Status":"REDE"}