{"CorrPlaca":0,"TensPlaca":6.617000103,"CorrRede":0.760999978,"TensRede":0.170000002,"ConsDiaPlaca":1.587435603,"ConsMesPlaca":1.587435603,"ConsDiaRede":20.52547264,"ConsMesRede":20.52547264,"Status":"REDE"}