{"CorrPlaca":0.763999999,"TensPlaca":25,"CorrRede":2.799000025,"TensRede":0,"ConsDiaPlaca":1308.210693,"ConsMesPlaca":1308.210693,"ConsDiaRede":321.5999756,"ConsMesRede":321.5999756,"Status":"REDE"}