{"CorrPlaca":5,"TensPlaca":25,"CorrRede":1.074000001,"TensRede":2.051000118,"ConsDiaPlaca":23333.21484,"ConsMesPlaca":23333.21484,"ConsDiaRede":913.7714844,"ConsMesRede":913.7714844,"Status":"REDE"}