{"Corrente":2.556999922,"Tensao":6.000999928,"Consumo":0.061325781,"Status":"PLACA"}