{"Corrente":0.469999999,"Tensao":0,"Consumo":0.000573213,"Status":"REDE"}