{"CorrPlaca":5,"TensPlaca":25,"CorrRede":1.453999996,"TensRede":3.907000065,"ConsDiaPlaca":26180.41797,"ConsMesPlaca":26180.41797,"ConsDiaRede":1045.292236,"ConsMesRede":1045.292236,"Status":"REDE"}