{"CorrPlaca":0.699999988,"TensPlaca":18.13699913,"CorrRede":1.855000019,"TensRede":2.857000113,"ConsDiaPlaca":4121.430664,"ConsMesPlaca":4121.430664,"ConsDiaRede":1600.447998,"ConsMesRede":1600.447998,"Status":"REDE"}