{"CorrPlaca":0.924000025,"TensPlaca":18.0340004,"CorrRede":1.856999993,"TensRede":0,"ConsDiaPlaca":4970.406738,"ConsMesPlaca":4970.406738,"ConsDiaRede":1542.672852,"ConsMesRede":1542.672852,"Status":"REDE"}