{"CorrPlaca":2.549000025,"TensPlaca":18.06999969,"CorrRede":3.184000015,"TensRede":6.80700016,"ConsDiaPlaca":171.6324615,"ConsMesPlaca":171.6324615,"ConsDiaRede":50.45807266,"ConsMesRede":50.45807266,"Status":"REDE"}