{"Corrente":2.226999998,"Tensao":0,"Consumo":0.070479967,"Status":"REDE"}