{"CorrPlaca":5,"TensPlaca":25,"CorrRede":1.873999953,"TensRede":2.08100009,"ConsDiaPlaca":1423.611694,"ConsMesPlaca":1423.611694,"ConsDiaRede":83.37676239,"ConsMesRede":83.37676239,"Status":"REDE"}