{"CorrPlaca":0.02,"TensPlaca":6.738999844,"CorrRede":0.825999975,"TensRede":0.268000007,"ConsDiaPlaca":86.87237549,"ConsMesPlaca":86.87237549,"ConsDiaRede":41.81653214,"ConsMesRede":41.81653214,"Status":"REDE"}