{"CorrPlaca":0.569999993,"TensPlaca":18.08300018,"CorrRede":1.751999974,"TensRede":2.105999947,"ConsDiaPlaca":1528.208252,"ConsMesPlaca":1528.208252,"ConsDiaRede":617.8092651,"ConsMesRede":617.8092651,"Status":"REDE"}