{"CorrPlaca":0.772000015,"TensPlaca":18.13100052,"CorrRede":1.799999952,"TensRede":0,"ConsDiaPlaca":1452.668335,"ConsMesPlaca":1452.668335,"ConsDiaRede":458.6233521,"ConsMesRede":458.6233521,"Status":"REDE"}