{"CorrPlaca":0,"TensPlaca":18.04599953,"CorrRede":1.190999985,"TensRede":0,"ConsDiaPlaca":2264.520752,"ConsMesPlaca":2264.520752,"ConsDiaRede":897.8695068,"ConsMesRede":897.8695068,"Status":"REDE"}