{"Corrente":0,"Tensao":1.110999942,"Consumo":8.655833881e-6,"Status":"REDE"}