{"CorrPlaca":2.763000011,"TensPlaca":18.06999969,"CorrRede":3.224999905,"TensRede":6.073999882,"ConsDiaPlaca":2461.199707,"ConsMesPlaca":2461.199707,"ConsDiaRede":766.6672974,"ConsMesRede":766.6672974,"Status":"REDE"}