{"CorrPlaca":0,"TensPlaca":0.640999973,"CorrRede":0.418000013,"TensRede":0.31099999,"ConsDiaPlaca":0.000640833,"ConsMesPlaca":0.000640833,"ConsDiaRede":0.815421164,"ConsMesRede":0.815421164,"Status":"REDE"}