{"CorrPlaca":0.726000011,"TensPlaca":0,"CorrRede":0.041000001,"TensRede":0,"ConsDiaPlaca":88.81515503,"ConsMesPlaca":88.81515503,"ConsDiaRede":78.20222473,"ConsMesRede":78.20222473,"Status":"REDE"}