{"CorrPlaca":2.650000095,"TensPlaca":18.05200005,"CorrRede":3.167999983,"TensRede":6.526000023,"ConsDiaPlaca":940.1657104,"ConsMesPlaca":940.1657104,"ConsDiaRede":381.6995544,"ConsMesRede":381.6995544,"Status":"REDE"}