{"Corrente":2.632999897,"Tensao":6.989999771,"Consumo":0.044402201,"Status":"PLACA"}