{"CorrPlaca":5,"TensPlaca":18.0890007,"CorrRede":1.449000001,"TensRede":0.115000002,"ConsDiaPlaca":12743.03125,"ConsMesPlaca":12743.03125,"ConsDiaRede":541.3414307,"ConsMesRede":541.3414307,"Status":"REDE"}