{"CorrPlaca":0.004,"TensPlaca":6.605000019,"CorrRede":0.838,"TensRede":0.207000002,"ConsDiaPlaca":83.89289093,"ConsMesPlaca":83.89289093,"ConsDiaRede":35.08677673,"ConsMesRede":35.08677673,"Status":"REDE"}