{"Corrente":2.211999893,"Tensao":0,"Consumo":0.070479967,"Status":"REDE"}