{"CorrPlaca":0.859000027,"TensPlaca":3.204999924,"CorrRede":1.121999979,"TensRede":2.24000001,"ConsDiaPlaca":154.925827,"ConsMesPlaca":154.925827,"ConsDiaRede":146.0071411,"ConsMesRede":146.0071411,"Status":"REDE"}