{"CorrPlaca":0,"TensPlaca":6.732999802,"CorrRede":0.809000015,"TensRede":0.377999991,"ConsDiaPlaca":1.533571362,"ConsMesPlaca":1.533571362,"ConsDiaRede":8.618991852,"ConsMesRede":8.618991852,"Status":"REDE"}