{"CorrPlaca":0,"TensPlaca":0,"CorrRede":0.118000001,"TensRede":0.006,"ConsDiaPlaca":182.0374146,"ConsMesPlaca":182.0374146,"ConsDiaRede":167.7514343,"ConsMesRede":167.7514343,"Status":"REDE"}