{"Corrente":0,"Tensao":5.775000095,"Consumo":0.053693287,"Status":"REDE"}