{"corrente":0.750999987,"tensao":0.666000009,"consumo":0.094070636}