{"Corrente":3.476000071,"Tensao":0,"Consumo":0.057277199,"Status":"REDE"}