{"CorrPlaca":0,"TensPlaca":0.781000018,"CorrRede":0.469999999,"TensRede":0.164000005,"ConsDiaPlaca":0.004695833,"ConsMesPlaca":0.004695833,"ConsDiaRede":0.47126779,"ConsMesRede":0.47126779,"Status":"REDE"}