{"CorrPlaca":5,"TensPlaca":25,"CorrRede":2.467000008,"TensRede":7.52699995,"ConsDiaPlaca":19756.84766,"ConsMesPlaca":19756.84766,"ConsDiaRede":760.8032227,"ConsMesRede":760.8032227,"Status":"REDE"}