{"CorrPlaca":5,"TensPlaca":15.91499996,"CorrRede":1.830000043,"TensRede":0.024,"ConsDiaPlaca":5515.882324,"ConsMesPlaca":5515.882324,"ConsDiaRede":477.8475037,"ConsMesRede":477.8475037,"Status":"REDE"}