{"CorrPlaca":0.046999998,"TensPlaca":6.677999973,"CorrRede":0.957000017,"TensRede":0.213,"ConsDiaPlaca":55.73138809,"ConsMesPlaca":55.73138809,"ConsDiaRede":19.89020729,"ConsMesRede":19.89020729,"Status":"REDE"}