{"Corrente":0.455000013,"Tensao":1.904000044,"Consumo":0.004026636,"Status":"REDE"}