{"CorrPlaca":0.469999999,"TensPlaca":3.210999966,"CorrRede":0.879000008,"TensRede":1.898000002,"ConsDiaPlaca":134.3380585,"ConsMesPlaca":134.3380585,"ConsDiaRede":130.3123627,"ConsMesRede":130.3123627,"Status":"REDE"}