{"corrente":0.653999984,"tensao":0,"consumo":0.0090743}