{"CorrPlaca":0,"TensPlaca":0,"CorrRede":0.614000022,"TensRede":0.012,"ConsDiaPlaca":1.587435603,"ConsMesPlaca":1.587435603,"ConsDiaRede":187.5639191,"ConsMesRede":187.5639191,"Status":"REDE"}