{"CorrPlaca":0,"TensPlaca":6.592999935,"CorrRede":0.77700001,"TensRede":0.293000013,"ConsDiaPlaca":1.533571362,"ConsMesPlaca":1.533571362,"ConsDiaRede":8.027553558,"ConsMesRede":8.027553558,"Status":"REDE"}