{"CorrPlaca":2.782000065,"TensPlaca":18.06999969,"CorrRede":3.332999945,"TensRede":7.289000034,"ConsDiaPlaca":3997.272949,"ConsMesPlaca":3997.272949,"ConsDiaRede":1248.571899,"ConsMesRede":1248.571899,"Status":"REDE"}