{"Corrente":0.522000015,"Tensao":17.18700027,"Consumo":0.308474779,"Status":"PLACA"}