{"CorrPlaca":0,"TensPlaca":11.0369997,"CorrRede":2.460999966,"TensRede":4.296999931,"ConsDiaPlaca":116.909935,"ConsMesPlaca":116.909935,"ConsDiaRede":113.1924133,"ConsMesRede":113.1924133,"Status":"REDE"}