{"CorrPlaca":0.025,"TensPlaca":18.13699913,"CorrRede":1.386999965,"TensRede":0.213,"ConsDiaPlaca":1674.996216,"ConsMesPlaca":1674.996216,"ConsDiaRede":757.6154785,"ConsMesRede":757.6154785,"Status":"REDE"}