{"Corrente":0.034000002,"Tensao":2.263999939,"Consumo":0.00117,"Status":"REDE"}