{"CorrPlaca":2.15199995,"TensPlaca":18.06999969,"CorrRede":2.743000031,"TensRede":3.559000015,"ConsDiaPlaca":38.52554321,"ConsMesPlaca":38.52554321,"ConsDiaRede":6.992720604,"ConsMesRede":6.992720604,"Status":"REDE"}