{"CorrPlaca":0,"TensPlaca":0,"CorrRede":0.492000014,"TensRede":0,"ConsDiaPlaca":1.587435603,"ConsMesPlaca":1.587435603,"ConsDiaRede":16.85897636,"ConsMesRede":16.85897636,"Status":"REDE"}