{"CorrPlaca":5,"TensPlaca":18.00300026,"CorrRede":1.172999978,"TensRede":0.421000004,"ConsDiaPlaca":12516.70898,"ConsMesPlaca":12516.70898,"ConsDiaRede":540.2081299,"ConsMesRede":540.2081299,"Status":"REDE"}