{"CorrPlaca":0.061999999,"TensPlaca":6.709000111,"CorrRede":0.92900002,"TensRede":0.213,"ConsDiaPlaca":68.08083344,"ConsMesPlaca":68.08083344,"ConsDiaRede":26.30301476,"ConsMesRede":26.30301476,"Status":"REDE"}