{"CorrPlaca":5,"TensPlaca":25,"CorrRede":1.488000035,"TensRede":0.640999973,"ConsDiaPlaca":33541.48047,"ConsMesPlaca":33541.48047,"ConsDiaRede":1384.67041,"ConsMesRede":1384.67041,"Status":"REDE"}