{"CorrPlaca":0,"TensPlaca":6.745999813,"CorrRede":0.800000012,"TensRede":0.061000001,"ConsDiaPlaca":1.533571362,"ConsMesPlaca":1.533571362,"ConsDiaRede":14.29361439,"ConsMesRede":14.29361439,"Status":"REDE"}