{"Corrente":2.867000103,"Tensao":0,"Consumo":0.099550068,"Status":"REDE"}