{"Corrente":0,"Tensao":1.128999949,"Consumo":8.655833881e-6,"Status":"REDE"}