{"CorrPlaca":0.023,"TensPlaca":6.56799984,"CorrRede":0.82099998,"TensRede":0.072999999,"ConsDiaPlaca":85.70379639,"ConsMesPlaca":85.70379639,"ConsDiaRede":39.00599289,"ConsMesRede":39.00599289,"Status":"REDE"}