{"CorrPlaca":0.174999997,"TensPlaca":6.653999805,"CorrRede":1.011999965,"TensRede":0.389999986,"ConsDiaPlaca":7.105147362,"ConsMesPlaca":7.105147362,"ConsDiaRede":2.633232832,"ConsMesRede":2.633232832,"Status":"REDE"}