{"Corrente":1.008999944,"Tensao":14.32199955,"Consumo":0.279660553,"Status":"PLACA"}