{"CorrPlaca":5,"TensPlaca":25,"CorrRede":1.835999966,"TensRede":5.566999912,"ConsDiaPlaca":29722.0625,"ConsMesPlaca":29722.0625,"ConsDiaRede":1227.898926,"ConsMesRede":1227.898926,"Status":"REDE"}