{"CorrPlaca":5,"TensPlaca":25,"CorrRede":0.533999979,"TensRede":0,"ConsDiaPlaca":26041.5293,"ConsMesPlaca":26041.5293,"ConsDiaRede":1037.90564,"ConsMesRede":1037.90564,"Status":"REDE"}