{"CorrPlaca":2.303999901,"TensPlaca":18.06999969,"CorrRede":3.007999897,"TensRede":6.677999973,"ConsDiaPlaca":3164.51001,"ConsMesPlaca":3164.51001,"ConsDiaRede":980.2123413,"ConsMesRede":980.2123413,"Status":"REDE"}