{"corrente":0.771000028,"tensao":0.621999979,"consumo":0.003675942}