{"CorrPlaca":0,"TensPlaca":18.06999969,"CorrRede":1.307999969,"TensRede":0.097000003,"ConsDiaPlaca":597.1466675,"ConsMesPlaca":597.1466675,"ConsDiaRede":246.5551147,"ConsMesRede":246.5551147,"Status":"REDE"}