{"CorrPlaca":0.897000015,"TensPlaca":18.04000092,"CorrRede":2.056999922,"TensRede":2.892999887,"ConsDiaPlaca":5058.490723,"ConsMesPlaca":5058.490723,"ConsDiaRede":1580.923218,"ConsMesRede":1580.923218,"Status":"REDE"}