{"CorrPlaca":0.018999999,"TensPlaca":6.697000027,"CorrRede":0.827000022,"TensRede":0.194999993,"ConsDiaPlaca":86.80936432,"ConsMesPlaca":86.80936432,"ConsDiaRede":41.42660522,"ConsMesRede":41.42660522,"Status":"REDE"}