{"CorrPlaca":5,"TensPlaca":25,"CorrRede":2.549999952,"TensRede":6.715000153,"ConsDiaPlaca":16145.75977,"ConsMesPlaca":16145.75977,"ConsDiaRede":567.7803955,"ConsMesRede":567.7803955,"Status":"REDE"}