{"Corrente":16.77199936,"Tensao":4.130000114,"Consumo":0.747431695,"Status":"REDE"}