{"CorrPlaca":5,"TensPlaca":25,"CorrRede":0.876999974,"TensRede":1.281999946,"ConsDiaPlaca":27812.35156,"ConsMesPlaca":27812.35156,"ConsDiaRede":1133.247559,"ConsMesRede":1133.247559,"Status":"REDE"}