{"CorrPlaca":2.497999907,"TensPlaca":25,"CorrRede":3.887000084,"TensRede":3.614000082,"ConsDiaPlaca":276.8013,"ConsMesPlaca":276.8013,"ConsDiaRede":180.6007233,"ConsMesRede":180.6007233,"Status":"REDE"}