{"CorrPlaca":0,"TensPlaca":0,"CorrRede":0.661000013,"TensRede":6.732999802,"ConsDiaPlaca":1.587435603,"ConsMesPlaca":1.587435603,"ConsDiaRede":108.0466766,"ConsMesRede":108.0466766,"Status":"REDE"}