{"CorrPlaca":0.331999987,"TensPlaca":3.198999882,"CorrRede":0.786000013,"TensRede":1.598999977,"ConsDiaPlaca":133.6735382,"ConsMesPlaca":133.6735382,"ConsDiaRede":129.7184906,"ConsMesRede":129.7184906,"Status":"REDE"}