{"CorrPlaca":1.85800004,"TensPlaca":18.06399918,"CorrRede":2.796999931,"TensRede":5.018000126,"ConsDiaPlaca":650.0181274,"ConsMesPlaca":650.0181274,"ConsDiaRede":209.4631195,"ConsMesRede":209.4631195,"Status":"REDE"}