{"Corrente":13.82400036,"Tensao":0,"Consumo":0.146355033,"Status":"REDE"}