{"CorrPlaca":1.312000036,"TensPlaca":18.125,"CorrRede":2.282999992,"TensRede":4.676000118,"ConsDiaPlaca":4244.771484,"ConsMesPlaca":4244.771484,"ConsDiaRede":1658.061646,"ConsMesRede":1658.061646,"Status":"REDE"}