{"Corrente":-3.332999945,"Tensao":0,"Consumo":0.195241168,"Status":"REDE"}