{"CorrPlaca":5,"TensPlaca":25,"CorrRede":3.497999907,"TensRede":1.213999987,"ConsDiaPlaca":1520.731689,"ConsMesPlaca":1520.731689,"ConsDiaRede":339.5319519,"ConsMesRede":339.5319519,"Status":"REDE"}