{"Corrente":14.65299988,"Tensao":0.194999993,"Consumo":6.088928699,"Status":"REDE"}