{"CorrPlaca":0,"TensPlaca":0,"CorrRede":0.449999988,"TensRede":0.218999997,"ConsDiaPlaca":11.20844173,"ConsMesPlaca":11.20844173,"ConsDiaRede":1.921045542,"ConsMesRede":1.921045542,"Status":"REDE"}