{"CorrPlaca":0,"TensPlaca":6.532000065,"CorrRede":0.800000012,"TensRede":0.134000003,"ConsDiaPlaca":88.00974274,"ConsMesPlaca":88.00974274,"ConsDiaRede":44.85052872,"ConsMesRede":44.85052872,"Status":"REDE"}