{"Corrente":0,"Tensao":5.835999966,"Consumo":0.016594175,"Status":"REDE"}