{"CorrPlaca":0.057,"TensPlaca":6.592999935,"CorrRede":0.875,"TensRede":0.207000002,"ConsDiaPlaca":82.51273346,"ConsMesPlaca":82.51273346,"ConsDiaRede":33.04200745,"ConsMesRede":33.04200745,"Status":"REDE"}