{"CorrPlaca":4.315000057,"TensPlaca":21.73900032,"CorrRede":2.792000055,"TensRede":0.879000008,"ConsDiaPlaca":37.44008636,"ConsMesPlaca":37.44008636,"ConsDiaRede":2.867734671,"ConsMesRede":2.867734671,"Status":"REDE"}