{"Corrente":2.730000019,"Tensao":7.074999809,"Consumo":0.033116676,"Status":"PLACA"}