{"CorrPlaca":5,"TensPlaca":15.81099987,"CorrRede":1.486999989,"TensRede":0,"ConsDiaPlaca":5712.208496,"ConsMesPlaca":5712.208496,"ConsDiaRede":481.3001099,"ConsMesRede":481.3001099,"Status":"REDE"}