{"CorrPlaca":0,"TensPlaca":0,"CorrRede":0.605000019,"TensRede":0.256000012,"ConsDiaPlaca":1.587435603,"ConsMesPlaca":1.587435603,"ConsDiaRede":17.23250198,"ConsMesRede":17.23250198,"Status":"REDE"}