{"CorrPlaca":0.233999997,"TensPlaca":18.16200066,"CorrRede":1.324000001,"TensRede":0,"ConsDiaPlaca":3308.845459,"ConsMesPlaca":3308.845459,"ConsDiaRede":1300.88855,"ConsMesRede":1300.88855,"Status":"REDE"}