{"CorrPlaca":0.057999998,"TensPlaca":18.16799927,"CorrRede":1.218000054,"TensRede":0,"ConsDiaPlaca":2972.884521,"ConsMesPlaca":2972.884521,"ConsDiaRede":1178.541504,"ConsMesRede":1178.541504,"Status":"REDE"}