{"CorrPlaca":0.409999996,"TensPlaca":6.995999813,"CorrRede":1.133999944,"TensRede":1.141000032,"ConsDiaPlaca":9.977967262,"ConsMesPlaca":9.977967262,"ConsDiaRede":3.888669968,"ConsMesRede":3.888669968,"Status":"REDE"}