{"CorrPlaca":5,"TensPlaca":25,"CorrRede":1.547000051,"TensRede":0.603999972,"ConsDiaPlaca":16736.0332,"ConsMesPlaca":16736.0332,"ConsDiaRede":591.2006836,"ConsMesRede":591.2006836,"Status":"REDE"}