{"CorrPlaca":5,"TensPlaca":0,"CorrRede":1.151000023,"TensRede":2.051000118,"ConsDiaPlaca":6734.087891,"ConsMesPlaca":6734.087891,"ConsDiaRede":513.5518799,"ConsMesRede":513.5518799,"Status":"REDE"}