{"CorrPlaca":2.710999966,"TensPlaca":18.05800056,"CorrRede":3.246000051,"TensRede":7.343999863,"ConsDiaPlaca":3426.040283,"ConsMesPlaca":3426.040283,"ConsDiaRede":1069.35376,"ConsMesRede":1069.35376,"Status":"REDE"}