{"CorrPlaca":0.953000009,"TensPlaca":3.198999882,"CorrRede":1.190000057,"TensRede":2.753000021,"ConsDiaPlaca":129.3362274,"ConsMesPlaca":129.3362274,"ConsDiaRede":125.511528,"ConsMesRede":125.511528,"Status":"REDE"}