{"CorrPlaca":5,"TensPlaca":0,"CorrRede":0.670000017,"TensRede":0.432999998,"ConsDiaPlaca":6236.48877,"ConsMesPlaca":6236.48877,"ConsDiaRede":493.1696472,"ConsMesRede":493.1696472,"Status":"REDE"}