{"CorrPlaca":1.080000043,"TensPlaca":18.17399979,"CorrRede":2.180000067,"TensRede":3.234999895,"ConsDiaPlaca":4130.766113,"ConsMesPlaca":4130.766113,"ConsDiaRede":1289.792114,"ConsMesRede":1289.792114,"Status":"REDE"}