{"CorrPlaca":0.488000005,"TensPlaca":0,"CorrRede":0.621999979,"TensRede":2.075000048,"ConsDiaPlaca":4909.9375,"ConsMesPlaca":4909.9375,"ConsDiaRede":473.5755005,"ConsMesRede":473.5755005,"Status":"REDE"}