{"CorrPlaca":0.377999991,"TensPlaca":18.14999962,"CorrRede":1.465000033,"TensRede":0,"ConsDiaPlaca":985.0533447,"ConsMesPlaca":985.0533447,"ConsDiaRede":399.9318542,"ConsMesRede":399.9318542,"Status":"REDE"}