{"CorrPlaca":5,"TensPlaca":25,"CorrRede":2.742000103,"TensRede":9.907999992,"ConsDiaPlaca":34.72222137,"ConsMesPlaca":34.72222137,"ConsDiaRede":7.546593189,"ConsMesRede":7.546593189,"Status":"REDE"}