{"CorrPlaca":5,"TensPlaca":25,"CorrRede":1.868999958,"TensRede":0.829999983,"ConsDiaPlaca":13389.16895,"ConsMesPlaca":13389.16895,"ConsDiaRede":571.9349976,"ConsMesRede":571.9349976,"Status":"REDE"}