{"CorrPlaca":0,"TensPlaca":0,"CorrRede":0.654999971,"TensRede":6.671999931,"ConsDiaPlaca":1.587435603,"ConsMesPlaca":1.587435603,"ConsDiaRede":98.27002716,"ConsMesRede":98.27002716,"Status":"REDE"}