{"CorrPlaca":5,"TensPlaca":25,"CorrRede":3.529000044,"TensRede":10.23799992,"ConsDiaPlaca":12948.45801,"ConsMesPlaca":12948.45801,"ConsDiaRede":565.4182129,"ConsMesRede":565.4182129,"Status":"REDE"}