{"CorrPlaca":0,"TensPlaca":0,"CorrRede":0.592999995,"TensRede":0.158000007,"ConsDiaPlaca":1.587435603,"ConsMesPlaca":1.587435603,"ConsDiaRede":21.24519348,"ConsMesRede":21.24519348,"Status":"REDE"}