{"CorrPlaca":0,"TensPlaca":6.703000069,"CorrRede":0.84799999,"TensRede":0.218999997,"ConsDiaPlaca":83.89289093,"ConsMesPlaca":83.89289093,"ConsDiaRede":35.13836288,"ConsMesRede":35.13836288,"Status":"REDE"}