{"CorrPlaca":0.083999999,"TensPlaca":6.738999844,"CorrRede":0.995999992,"TensRede":0.194999993,"ConsDiaPlaca":12.34784031,"ConsMesPlaca":12.34784031,"ConsDiaRede":4.540942669,"ConsMesRede":4.540942669,"Status":"REDE"}