{"CorrPlaca":5,"TensPlaca":25,"CorrRede":1.347000003,"TensRede":3.039999962,"ConsDiaPlaca":26909.58008,"ConsMesPlaca":26909.58008,"ConsDiaRede":1083.618286,"ConsMesRede":1083.618286,"Status":"REDE"}