{"CorrPlaca":0.169,"TensPlaca":6.690999985,"CorrRede":0.998000026,"TensRede":0.347000003,"ConsDiaPlaca":19.71252251,"ConsMesPlaca":19.71252251,"ConsDiaRede":6.891200066,"ConsMesRede":6.891200066,"Status":"REDE"}