{"CorrPlaca":0.079000004,"TensPlaca":6.703000069,"CorrRede":0.879000008,"TensRede":0.140000001,"ConsDiaPlaca":77.27844238,"ConsMesPlaca":77.27844238,"ConsDiaRede":29.10325813,"ConsMesRede":29.10325813,"Status":"REDE"}