{"CorrPlaca":5,"TensPlaca":25,"CorrRede":2.441999912,"TensRede":5.90899992,"ConsDiaPlaca":29687.33984,"ConsMesPlaca":29687.33984,"ConsDiaRede":1225.059692,"ConsMesRede":1225.059692,"Status":"REDE"}