{"CorrPlaca":0.768999994,"TensPlaca":3.22300005,"CorrRede":1.105000019,"TensRede":2.746999979,"ConsDiaPlaca":157.6551971,"ConsMesPlaca":157.6551971,"ConsDiaRede":148.1602631,"ConsMesRede":148.1602631,"Status":"REDE"}