{"CorrPlaca":0.206,"TensPlaca":18.16799927,"CorrRede":1.465000033,"TensRede":0.781000018,"ConsDiaPlaca":1355.361206,"ConsMesPlaca":1355.361206,"ConsDiaRede":547.8178711,"ConsMesRede":547.8178711,"Status":"REDE"}