{"CorrPlaca":5,"TensPlaca":25,"CorrRede":2.528000116,"TensRede":6.971000195,"ConsDiaPlaca":15069.37793,"ConsMesPlaca":15069.37793,"ConsDiaRede":516.6403198,"ConsMesRede":516.6403198,"Status":"REDE"}