{"CorrPlaca":5,"TensPlaca":25,"CorrRede":2.48300004,"TensRede":7.026000023,"ConsDiaPlaca":30555.39063,"ConsMesPlaca":30555.39063,"ConsDiaRede":1270.664429,"ConsMesRede":1270.664429,"Status":"REDE"}