{"CorrPlaca":0,"TensPlaca":25,"CorrRede":1.531000018,"TensRede":0,"ConsDiaPlaca":13586.93066,"ConsMesPlaca":13586.93066,"ConsDiaRede":590.2698364,"ConsMesRede":590.2698364,"Status":"REDE"}