{"Corrente":0,"Tensao":3.009000063,"Consumo":8.655833881e-6,"Status":"REDE"}