{"CorrPlaca":0,"TensPlaca":3.217000008,"CorrRede":0.289000005,"TensRede":0,"ConsDiaPlaca":127.0783615,"ConsMesPlaca":127.0783615,"ConsDiaRede":123.8034363,"ConsMesRede":123.8034363,"Status":"REDE"}