{"CorrPlaca":0.032000002,"TensPlaca":6.715000153,"CorrRede":0.822000027,"TensRede":0.194999993,"ConsDiaPlaca":87.77067566,"ConsMesPlaca":87.77067566,"ConsDiaRede":44.10483932,"ConsMesRede":44.10483932,"Status":"REDE"}