{"CorrPlaca":1.824000001,"TensPlaca":18.16799927,"CorrRede":2.525000095,"TensRede":2.71600008,"ConsDiaPlaca":695.2233887,"ConsMesPlaca":695.2233887,"ConsDiaRede":280.5639038,"ConsMesRede":280.5639038,"Status":"REDE"}