{"CorrPlaca":5,"TensPlaca":25,"CorrRede":0.809000015,"TensRede":0.94599998,"ConsDiaPlaca":33819.27344,"ConsMesPlaca":33819.27344,"ConsDiaRede":1391.451904,"ConsMesRede":1391.451904,"Status":"REDE"}