{"Corrente":0.041000001,"Tensao":6.244999886,"Consumo":0.002576317,"Status":"REDE"}