{"CorrPlaca":0.879000008,"TensPlaca":18.05200005,"CorrRede":1.781000018,"TensRede":0,"ConsDiaPlaca":53.78769302,"ConsMesPlaca":53.78769302,"ConsDiaRede":7.981464863,"ConsMesRede":7.981464863,"Status":"REDE"}