{"CorrPlaca":0.034000002,"TensPlaca":6.703000069,"CorrRede":0.879000008,"TensRede":0.231000006,"ConsDiaPlaca":81.37181091,"ConsMesPlaca":81.37181091,"ConsDiaRede":31.75524521,"ConsMesRede":31.75524521,"Status":"REDE"}