{"CorrPlaca":5,"TensPlaca":25,"CorrRede":0.518000007,"TensRede":0,"ConsDiaPlaca":20486.00977,"ConsMesPlaca":20486.00977,"ConsDiaRede":792.6644287,"ConsMesRede":792.6644287,"Status":"REDE"}