{"corrente":5,"tensao":4.290999889,"consumo":0.376357347}