{"CorrPlaca":0.746999979,"TensPlaca":18.15600014,"CorrRede":1.942000031,"TensRede":2.825999975,"ConsDiaPlaca":853.1818848,"ConsMesPlaca":853.1818848,"ConsDiaRede":348.9420166,"ConsMesRede":348.9420166,"Status":"REDE"}