{"Corrente":0.222000003,"Tensao":0,"Consumo":0.014868441,"Status":"REDE"}