{"CorrPlaca":5,"TensPlaca":0,"CorrRede":1.184000015,"TensRede":2.221999884,"ConsDiaPlaca":6734.087891,"ConsMesPlaca":6734.087891,"ConsDiaRede":515.185791,"ConsMesRede":515.185791,"Status":"REDE"}