{"CorrPlaca":0,"TensPlaca":6.732999802,"CorrRede":0.777999997,"TensRede":0,"ConsDiaPlaca":1.587435603,"ConsMesPlaca":1.587435603,"ConsDiaRede":19.40625,"ConsMesRede":19.40625,"Status":"REDE"}