{"CorrPlaca":2.448999882,"TensPlaca":18.08300018,"CorrRede":3.028000116,"TensRede":5.218999863,"ConsDiaPlaca":3182.705566,"ConsMesPlaca":3182.705566,"ConsDiaRede":984.69104,"ConsMesRede":984.69104,"Status":"REDE"}