{"CorrPlaca":2.16899991,"TensPlaca":18.11300087,"CorrRede":2.940000057,"TensRede":5.854000092,"ConsDiaPlaca":1717.877441,"ConsMesPlaca":1717.877441,"ConsDiaRede":531.7296753,"ConsMesRede":531.7296753,"Status":"REDE"}