{"CorrPlaca":5,"TensPlaca":25,"CorrRede":1.172999978,"TensRede":2.441999912,"ConsDiaPlaca":13576.33203,"ConsMesPlaca":13576.33203,"ConsDiaRede":467.6448364,"ConsMesRede":467.6448364,"Status":"REDE"}