{"CorrPlaca":2.940999985,"TensPlaca":18.08300018,"CorrRede":3.509000063,"TensRede":9.090000153,"ConsDiaPlaca":1400.02771,"ConsMesPlaca":1400.02771,"ConsDiaRede":634.406311,"ConsMesRede":634.406311,"Status":"REDE"}