{"CorrPlaca":0.779999971,"TensPlaca":18.06399918,"CorrRede":1.75,"TensRede":0,"ConsDiaPlaca":4282.810059,"ConsMesPlaca":4282.810059,"ConsDiaRede":1338.974976,"ConsMesRede":1338.974976,"Status":"REDE"}