{"CorrPlaca":5,"TensPlaca":3.204999924,"CorrRede":0.777999997,"TensRede":1.404000044,"ConsDiaPlaca":6619.585938,"ConsMesPlaca":6619.585938,"ConsDiaRede":503.9890137,"ConsMesRede":503.9890137,"Status":"REDE"}