{"CorrPlaca":0,"TensPlaca":6.715000153,"CorrRede":0.771000028,"TensRede":0.238000005,"ConsDiaPlaca":1.587435603,"ConsMesPlaca":1.587435603,"ConsDiaRede":19.30891037,"ConsMesRede":19.30891037,"Status":"REDE"}