{"CorrPlaca":0,"TensPlaca":0.781000018,"CorrRede":0.564999998,"TensRede":0.456999987,"ConsDiaPlaca":0.004216944,"ConsMesPlaca":0.004216944,"ConsDiaRede":0.40031302,"ConsMesRede":0.40031302,"Status":"REDE"}