{"Corrente":0,"Tensao":2.319000006,"Consumo":8.655833881e-6,"Status":"REDE"}