{"CorrPlaca":5,"TensPlaca":0,"CorrRede":1.031000018,"TensRede":2.734999895,"ConsDiaPlaca":6734.087891,"ConsMesPlaca":6734.087891,"ConsDiaRede":515.9691162,"ConsMesRede":515.9691162,"Status":"REDE"}