{"CorrPlaca":1.927000046,"TensPlaca":18.18000031,"CorrRede":2.578000069,"TensRede":3.107000113,"ConsDiaPlaca":1624.073364,"ConsMesPlaca":1624.073364,"ConsDiaRede":735.3466797,"ConsMesRede":735.3466797,"Status":"REDE"}