{"CorrPlaca":0.006,"TensPlaca":6.697000027,"CorrRede":0.873000026,"TensRede":0.218999997,"ConsDiaPlaca":81.38298035,"ConsMesPlaca":81.38298035,"ConsDiaRede":31.80835342,"ConsMesRede":31.80835342,"Status":"REDE"}