{"CorrPlaca":1.531999946,"TensPlaca":18.1439991,"CorrRede":2.318000078,"TensRede":1.654000044,"ConsDiaPlaca":686.0182495,"ConsMesPlaca":686.0182495,"ConsDiaRede":278.6589355,"ConsMesRede":278.6589355,"Status":"REDE"}