{"CorrPlaca":0.074000001,"TensPlaca":6.671999931,"CorrRede":0.957000017,"TensRede":0.201000005,"ConsDiaPlaca":59.88596344,"ConsMesPlaca":59.88596344,"ConsDiaRede":22.09798622,"ConsMesRede":22.09798622,"Status":"REDE"}