{"corrente":0,"tensao":3.693000078,"consumo":0.384720773}