{"Corrente":2.65899992,"Tensao":5.854000092,"Consumo":0.031226659,"Status":"PLACA"}