{"CorrPlaca":5,"TensPlaca":25,"CorrRede":0.694999993,"TensRede":0.652999997,"ConsDiaPlaca":24235.98633,"ConsMesPlaca":24235.98633,"ConsDiaRede":975.1069336,"ConsMesRede":975.1069336,"Status":"REDE"}