{"CorrPlaca":1.656000018,"TensPlaca":18.13100052,"CorrRede":2.362999916,"TensRede":1.593000054,"ConsDiaPlaca":217.3713837,"ConsMesPlaca":217.3713837,"ConsDiaRede":68.53876495,"ConsMesRede":68.53876495,"Status":"REDE"}