{"CorrPlaca":0.54400003,"TensPlaca":18.11300087,"CorrRede":1.741000056,"TensRede":0.683000028,"ConsDiaPlaca":1770.98877,"ConsMesPlaca":1770.98877,"ConsDiaRede":546.7633057,"ConsMesRede":546.7633057,"Status":"REDE"}