{"CorrPlaca":5,"TensPlaca":18.08300018,"CorrRede":0.996999979,"TensRede":0,"ConsDiaPlaca":12642.51953,"ConsMesPlaca":12642.51953,"ConsDiaRede":540.9993896,"ConsMesRede":540.9993896,"Status":"REDE"}