{"CorrPlaca":3.289999962,"TensPlaca":18.10700035,"CorrRede":3.710000038,"TensRede":8.704999924,"ConsDiaPlaca":799.9227905,"ConsMesPlaca":799.9227905,"ConsDiaRede":356.1403809,"ConsMesRede":356.1403809,"Status":"REDE"}