{"CorrPlaca":0.207000002,"TensPlaca":18.04599953,"CorrRede":1.465999961,"TensRede":0.890999973,"ConsDiaPlaca":4224.070801,"ConsMesPlaca":4224.070801,"ConsDiaRede":1652.297485,"ConsMesRede":1652.297485,"Status":"REDE"}