{"CorrPlaca":0.074000001,"TensPlaca":6.623000145,"CorrRede":0.925999999,"TensRede":0.177000001,"ConsDiaPlaca":68.81217194,"ConsMesPlaca":68.81217194,"ConsDiaRede":26.6750412,"ConsMesRede":26.6750412,"Status":"REDE"}