{"CorrPlaca":0,"TensPlaca":6.697000027,"CorrRede":0.781000018,"TensRede":0.25,"ConsDiaPlaca":1.533571362,"ConsMesPlaca":1.533571362,"ConsDiaRede":10.88220978,"ConsMesRede":10.88220978,"Status":"REDE"}