{"CorrPlaca":0.697000027,"TensPlaca":5.024000168,"CorrRede":1.235999942,"TensRede":2.428999901,"ConsDiaPlaca":62.82971954,"ConsMesPlaca":62.82971954,"ConsDiaRede":54.80522156,"ConsMesRede":54.80522156,"Status":"REDE"}