{"CorrPlaca":0.479000002,"TensPlaca":18.06999969,"CorrRede":1.662999988,"TensRede":1.958999991,"ConsDiaPlaca":4423.86377,"ConsMesPlaca":4423.86377,"ConsDiaRede":1722.511108,"ConsMesRede":1722.511108,"Status":"REDE"}