{"corrente":0.467999995,"tensao":0.666000009,"consumo":0.017136551}