{"CorrPlaca":3.144999981,"TensPlaca":18.07600021,"CorrRede":3.536000013,"TensRede":8.56499958,"ConsDiaPlaca":1769.533691,"ConsMesPlaca":1769.533691,"ConsDiaRede":795.9229736,"ConsMesRede":795.9229736,"Status":"REDE"}