{"CorrPlaca":5,"TensPlaca":25,"CorrRede":1.64199996,"TensRede":1.116999984,"ConsDiaPlaca":22360.99805,"ConsMesPlaca":22360.99805,"ConsDiaRede":863.9172363,"ConsMesRede":863.9172363,"Status":"REDE"}