{"CorrPlaca":0,"TensPlaca":0,"CorrRede":0.606000006,"TensRede":0.061000001,"ConsDiaPlaca":1.587435603,"ConsMesPlaca":1.587435603,"ConsDiaRede":22.0984211,"ConsMesRede":22.0984211,"Status":"REDE"}