{"CorrPlaca":0,"TensPlaca":0,"CorrRede":0.273999989,"TensRede":0.006,"ConsDiaPlaca":4909.9375,"ConsMesPlaca":4909.9375,"ConsDiaRede":472.7332153,"ConsMesRede":472.7332153,"Status":"REDE"}