{"CorrPlaca":5,"TensPlaca":25,"CorrRede":1.001999974,"TensRede":1.92900002,"ConsDiaPlaca":19930.45703,"ConsMesPlaca":19930.45703,"ConsDiaRede":765.0031738,"ConsMesRede":765.0031738,"Status":"REDE"}