{"CorrPlaca":5,"TensPlaca":18.07600021,"CorrRede":1.58099997,"TensRede":0.293000013,"ConsDiaPlaca":12064.18555,"ConsMesPlaca":12064.18555,"ConsDiaRede":536.9300537,"ConsMesRede":536.9300537,"Status":"REDE"}