{"CorrPlaca":0,"TensPlaca":6.715000153,"CorrRede":0.782999992,"TensRede":0.164000005,"ConsDiaPlaca":1.533571362,"ConsMesPlaca":1.533571362,"ConsDiaRede":11.23780823,"ConsMesRede":11.23780823,"Status":"REDE"}