{"CorrPlaca":0.319000006,"TensPlaca":18.1439991,"CorrRede":1.521000028,"TensRede":0,"ConsDiaPlaca":1583.813232,"ConsMesPlaca":1583.813232,"ConsDiaRede":491.5986938,"ConsMesRede":491.5986938,"Status":"REDE"}