{"CorrPlaca":1.919999957,"TensPlaca":17.97299957,"CorrRede":2.562000036,"TensRede":3.198999882,"ConsDiaPlaca":1323.31665,"ConsMesPlaca":1323.31665,"ConsDiaRede":534.0089722,"ConsMesRede":534.0089722,"Status":"REDE"}