{"CorrPlaca":0,"TensPlaca":6.647999763,"CorrRede":0.81099999,"TensRede":0.414999992,"ConsDiaPlaca":1.533571362,"ConsMesPlaca":1.533571362,"ConsDiaRede":8.121044159,"ConsMesRede":8.121044159,"Status":"REDE"}