{"CorrPlaca":0,"TensPlaca":0,"CorrRede":0.648000002,"TensRede":6.732999802,"ConsDiaPlaca":1.587435603,"ConsMesPlaca":1.587435603,"ConsDiaRede":156.3354645,"ConsMesRede":156.3354645,"Status":"REDE"}