{"CorrPlaca":0.188999996,"TensPlaca":18.07600021,"CorrRede":1.289999962,"TensRede":0,"ConsDiaPlaca":3313.829834,"ConsMesPlaca":3313.829834,"ConsDiaRede":1300.894531,"ConsMesRede":1300.894531,"Status":"REDE"}