{"CorrPlaca":1.85800004,"TensPlaca":25,"CorrRede":3.190999985,"TensRede":1.080000043,"ConsDiaPlaca":645.0164185,"ConsMesPlaca":645.0164185,"ConsDiaRede":225.2489471,"ConsMesRede":225.2489471,"Status":"REDE"}