{"Corrente":0.42899999,"Tensao":1.447999954,"Consumo":0.006395306,"Status":"REDE"}