{"Corrente":14.23799992,"Tensao":0,"Consumo":1.197687745,"Status":"REDE"}