{"CorrPlaca":0.559000015,"TensPlaca":18.06399918,"CorrRede":1.629999995,"TensRede":0,"ConsDiaPlaca":4894.808105,"ConsMesPlaca":4894.808105,"ConsDiaRede":1514.487915,"ConsMesRede":1514.487915,"Status":"REDE"}