{"CorrPlaca":0,"TensPlaca":18.06999969,"CorrRede":1.161000013,"TensRede":0,"ConsDiaPlaca":4538.563965,"ConsMesPlaca":4538.563965,"ConsDiaRede":1767.926025,"ConsMesRede":1767.926025,"Status":"REDE"}