{"CorrPlaca":0.462000012,"TensPlaca":18.06399918,"CorrRede":1.657999992,"TensRede":0.488000005,"ConsDiaPlaca":1830.771606,"ConsMesPlaca":1830.771606,"ConsDiaRede":566.3309326,"ConsMesRede":566.3309326,"Status":"REDE"}