{"CorrPlaca":0,"TensPlaca":0,"CorrRede":0.602999985,"TensRede":0.006,"ConsDiaPlaca":1.587435603,"ConsMesPlaca":1.587435603,"ConsDiaRede":17.40538025,"ConsMesRede":17.40538025,"Status":"REDE"}