{"CorrPlaca":0,"TensPlaca":6.732999802,"CorrRede":0.763999999,"TensRede":0.201000005,"ConsDiaPlaca":1.587435603,"ConsMesPlaca":1.587435603,"ConsDiaRede":19.40625,"ConsMesRede":19.40625,"Status":"REDE"}