{"CorrPlaca":2.371999979,"TensPlaca":18.05200005,"CorrRede":2.984999895,"TensRede":4.004000187,"ConsDiaPlaca":517.6087646,"ConsMesPlaca":517.6087646,"ConsDiaRede":162.2798615,"ConsMesRede":162.2798615,"Status":"REDE"}