{"CorrPlaca":0,"TensPlaca":6.544000149,"CorrRede":0.79400003,"TensRede":0.097000003,"ConsDiaPlaca":87.08555603,"ConsMesPlaca":87.08555603,"ConsDiaRede":42.34023666,"ConsMesRede":42.34023666,"Status":"REDE"}