{"corrente":1.074000001,"tensao":6.031000137,"consumo":1.208148837}