{"Corrente":0.442000002,"Tensao":0,"Consumo":0.005563721,"Status":"REDE"}