{"CorrPlaca":2.89199996,"TensPlaca":18.10099983,"CorrRede":3.305000067,"TensRede":7.520999908,"ConsDiaPlaca":2138.210449,"ConsMesPlaca":2138.210449,"ConsDiaRede":857.2288818,"ConsMesRede":857.2288818,"Status":"REDE"}