{"CorrPlaca":0,"TensPlaca":18.06999969,"CorrRede":1.144000053,"TensRede":0,"ConsDiaPlaca":5054.847168,"ConsMesPlaca":5054.847168,"ConsDiaRede":1988.089355,"ConsMesRede":1988.089355,"Status":"REDE"}