{"CorrPlaca":0,"TensPlaca":6.703000069,"CorrRede":0.809000015,"TensRede":0.194999993,"ConsDiaPlaca":87.25676727,"ConsMesPlaca":87.25676727,"ConsDiaRede":42.80944443,"ConsMesRede":42.80944443,"Status":"REDE"}