{"Corrente":14.06200027,"Tensao":0.374000013,"Consumo":6.471837997,"Status":"REDE"}