{"CorrPlaca":0.151999995,"TensPlaca":6.690999985,"CorrRede":1.003999949,"TensRede":0,"ConsDiaPlaca":21.51309204,"ConsMesPlaca":21.51309204,"ConsDiaRede":7.260724545,"ConsMesRede":7.260724545,"Status":"REDE"}