{"CorrPlaca":0.007,"TensPlaca":6.721000195,"CorrRede":0.873000026,"TensRede":0.182999998,"ConsDiaPlaca":83.12780762,"ConsMesPlaca":83.12780762,"ConsDiaRede":33.65522003,"ConsMesRede":33.65522003,"Status":"REDE"}