{"CorrPlaca":0.014,"TensPlaca":6.690999985,"CorrRede":0.856999993,"TensRede":0.201000005,"ConsDiaPlaca":84.13866425,"ConsMesPlaca":84.13866425,"ConsDiaRede":35.78224945,"ConsMesRede":35.78224945,"Status":"REDE"}