{"CorrPlaca":0.370999992,"TensPlaca":18.10099983,"CorrRede":1.644999981,"TensRede":0.873000026,"ConsDiaPlaca":584.0407715,"ConsMesPlaca":584.0407715,"ConsDiaRede":264.902771,"ConsMesRede":264.902771,"Status":"REDE"}