{"CorrPlaca":1.554999948,"TensPlaca":18.06999969,"CorrRede":2.273000002,"TensRede":1.855000019,"ConsDiaPlaca":1807.988525,"ConsMesPlaca":1807.988525,"ConsDiaRede":719.9613037,"ConsMesRede":719.9613037,"Status":"REDE"}