{"CorrPlaca":5,"TensPlaca":25,"CorrRede":1.287999988,"TensRede":0,"ConsDiaPlaca":11805.50977,"ConsMesPlaca":11805.50977,"ConsDiaRede":361.1767578,"ConsMesRede":361.1767578,"Status":"REDE"}