{"CorrPlaca":0.469999999,"TensPlaca":0,"CorrRede":0.691999972,"TensRede":1.110999942,"ConsDiaPlaca":4909.9375,"ConsMesPlaca":4909.9375,"ConsDiaRede":474.0287781,"ConsMesRede":474.0287781,"Status":"REDE"}