{"CorrPlaca":0.202000007,"TensPlaca":3.118999958,"CorrRede":0.648999989,"TensRede":1.019000053,"ConsDiaPlaca":152.7180176,"ConsMesPlaca":152.7180176,"ConsDiaRede":144.0566101,"ConsMesRede":144.0566101,"Status":"REDE"}