{"CorrPlaca":0.177000001,"TensPlaca":3.22300005,"CorrRede":0.601000011,"TensRede":0,"ConsDiaPlaca":133.8320007,"ConsMesPlaca":133.8320007,"ConsDiaRede":129.7184906,"ConsMesRede":129.7184906,"Status":"REDE"}