{"CorrPlaca":0.526000023,"TensPlaca":18.13100052,"CorrRede":1.598999977,"TensRede":0,"ConsDiaPlaca":4954.097168,"ConsMesPlaca":4954.097168,"ConsDiaRede":1537.551392,"ConsMesRede":1537.551392,"Status":"REDE"}