{"CorrPlaca":0,"TensPlaca":0,"CorrRede":0.603999972,"TensRede":6.611000061,"ConsDiaPlaca":1.587435603,"ConsMesPlaca":1.587435603,"ConsDiaRede":24.82102013,"ConsMesRede":24.82102013,"Status":"REDE"}