{"CorrPlaca":0.071999997,"TensPlaca":6.677999973,"CorrRede":0.985000014,"TensRede":0.182999998,"ConsDiaPlaca":55.31169128,"ConsMesPlaca":55.31169128,"ConsDiaRede":19.67971992,"ConsMesRede":19.67971992,"Status":"REDE"}