{"CorrPlaca":5,"TensPlaca":25,"CorrRede":0.578999996,"TensRede":0,"ConsDiaPlaca":21041.5625,"ConsMesPlaca":21041.5625,"ConsDiaRede":802.1385498,"ConsMesRede":802.1385498,"Status":"REDE"}