{"CorrPlaca":0.057999998,"TensPlaca":3.186000109,"CorrRede":0.426999986,"TensRede":0,"ConsDiaPlaca":4878.176758,"ConsMesPlaca":4878.176758,"ConsDiaRede":425.631958,"ConsMesRede":425.631958,"Status":"REDE"}