{"Corrente":0,"Tensao":0.164000005,"Consumo":0.07707084,"Status":"REDE"}