{"CorrPlaca":0.119999997,"TensPlaca":6.519999981,"CorrRede":0.970000029,"TensRede":0.194999993,"ConsDiaPlaca":13.18211937,"ConsMesPlaca":13.18211937,"ConsDiaRede":4.836949348,"ConsMesRede":4.836949348,"Status":"REDE"}