{"CorrPlaca":2.737999916,"TensPlaca":18.06399918,"CorrRede":3.29399991,"TensRede":7.393000126,"ConsDiaPlaca":4509.952637,"ConsMesPlaca":4509.952637,"ConsDiaRede":1413.433838,"ConsMesRede":1413.433838,"Status":"REDE"}