{"CorrPlaca":5,"TensPlaca":1.764000058,"CorrRede":0.603999972,"TensRede":0,"ConsDiaPlaca":6829.438965,"ConsMesPlaca":6829.438965,"ConsDiaRede":525.3833008,"ConsMesRede":525.3833008,"Status":"REDE"}