{"Corrente":14.45300007,"Tensao":0.537,"Consumo":3.328212023,"Status":"REDE"}