{"CorrPlaca":0,"TensPlaca":6.642000198,"CorrRede":0.773999989,"TensRede":0.182999998,"ConsDiaPlaca":1.587435603,"ConsMesPlaca":1.587435603,"ConsDiaRede":19.62994385,"ConsMesRede":19.62994385,"Status":"REDE"}