{"CorrPlaca":3.776000023,"TensPlaca":25,"CorrRede":1.952000022,"TensRede":1.330000043,"ConsDiaPlaca":15908.69336,"ConsMesPlaca":15908.69336,"ConsDiaRede":600.1191406,"ConsMesRede":600.1191406,"Status":"REDE"}