{"CorrPlaca":1.146000028,"TensPlaca":18.07600021,"CorrRede":1.967000008,"TensRede":0.317000002,"ConsDiaPlaca":1800.183228,"ConsMesPlaca":1800.183228,"ConsDiaRede":718.7900391,"ConsMesRede":718.7900391,"Status":"REDE"}