{"CorrPlaca":0.686999977,"TensPlaca":3.565000057,"CorrRede":0.921000004,"TensRede":1.184000015,"ConsDiaPlaca":28.18762589,"ConsMesPlaca":28.18762589,"ConsDiaRede":23.06272507,"ConsMesRede":23.06272507,"Status":"REDE"}