{"CorrPlaca":2.680000067,"TensPlaca":18.06999969,"CorrRede":3.203000069,"TensRede":6.642000198,"ConsDiaPlaca":1010.330994,"ConsMesPlaca":1010.330994,"ConsDiaRede":412.2450256,"ConsMesRede":412.2450256,"Status":"REDE"}