{"CorrPlaca":0.335000008,"TensPlaca":18.08300018,"CorrRede":1.582000017,"TensRede":0,"ConsDiaPlaca":1603.970703,"ConsMesPlaca":1603.970703,"ConsDiaRede":498.6176147,"ConsMesRede":498.6176147,"Status":"REDE"}