{"CorrPlaca":0,"TensPlaca":0,"CorrRede":0.587000012,"TensRede":0.054000001,"ConsDiaPlaca":1.587435603,"ConsMesPlaca":1.587435603,"ConsDiaRede":187.4472504,"ConsMesRede":187.4472504,"Status":"REDE"}