{"CorrPlaca":1.835999966,"TensPlaca":25,"CorrRede":3.380000114,"TensRede":0,"ConsDiaPlaca":226.6554871,"ConsMesPlaca":226.6554871,"ConsDiaRede":171.2690125,"ConsMesRede":171.2690125,"Status":"REDE"}