{"CorrPlaca":0.156000003,"TensPlaca":18.09499931,"CorrRede":1.43900001,"TensRede":0.713999987,"ConsDiaPlaca":1275.879272,"ConsMesPlaca":1275.879272,"ConsDiaRede":515.9121704,"ConsMesRede":515.9121704,"Status":"REDE"}