{"CorrPlaca":5,"TensPlaca":25,"CorrRede":2.048000097,"TensRede":3.405999899,"ConsDiaPlaca":26666.52539,"ConsMesPlaca":26666.52539,"ConsDiaRede":1068.565552,"ConsMesRede":1068.565552,"Status":"REDE"}