{"CorrPlaca":0.583999991,"TensPlaca":3.191999912,"CorrRede":0.889999986,"TensRede":0.970000029,"ConsDiaPlaca":163.8236694,"ConsMesPlaca":163.8236694,"ConsDiaRede":153.20047,"ConsMesRede":153.20047,"Status":"REDE"}