{"CorrPlaca":5,"TensPlaca":25,"CorrRede":0.505999982,"TensRede":0,"ConsDiaPlaca":24617.92773,"ConsMesPlaca":24617.92773,"ConsDiaRede":1000.346313,"ConsMesRede":1000.346313,"Status":"REDE"}