{"corrente":0.878000021,"tensao":0,"consumo":0.022059431}