{"CorrPlaca":0,"TensPlaca":0,"CorrRede":0.643999994,"TensRede":6.697000027,"ConsDiaPlaca":1.587435603,"ConsMesPlaca":1.587435603,"ConsDiaRede":69.43845367,"ConsMesRede":69.43845367,"Status":"REDE"}