{"CorrPlaca":3.499000072,"TensPlaca":25,"CorrRede":0.991999984,"TensRede":0,"ConsDiaPlaca":30161.52734,"ConsMesPlaca":30161.52734,"ConsDiaRede":774.8154907,"ConsMesRede":774.8154907,"Status":"REDE"}