{"Corrente":14.53100014,"Tensao":24.21699905,"Consumo":5.099081516,"Status":"PLACA"}