{"CorrPlaca":0.363000005,"TensPlaca":18.20499992,"CorrRede":1.470999956,"TensRede":0,"ConsDiaPlaca":1087.133423,"ConsMesPlaca":1087.133423,"ConsDiaRede":480.6705627,"ConsMesRede":480.6705627,"Status":"REDE"}