{"CorrPlaca":0.393000007,"TensPlaca":18.16200066,"CorrRede":1.527999997,"TensRede":0,"ConsDiaPlaca":4877.256348,"ConsMesPlaca":4877.256348,"ConsDiaRede":1513.119141,"ConsMesRede":1513.119141,"Status":"REDE"}