{"CorrPlaca":0.980000019,"TensPlaca":3.210999966,"CorrRede":1.218999982,"TensRede":2.759000063,"ConsDiaPlaca":117.78405,"ConsMesPlaca":117.78405,"ConsDiaRede":114.2145081,"ConsMesRede":114.2145081,"Status":"REDE"}