{"CorrPlaca":0,"TensPlaca":3.118999958,"CorrRede":0.270999998,"TensRede":0,"ConsDiaPlaca":172.6535492,"ConsMesPlaca":172.6535492,"ConsDiaRede":159.6013336,"ConsMesRede":159.6013336,"Status":"REDE"}