{"CorrPlaca":0.763999999,"TensPlaca":18.125,"CorrRede":1.738999963,"TensRede":0,"ConsDiaPlaca":665.286377,"ConsMesPlaca":665.286377,"ConsDiaRede":298.3686829,"ConsMesRede":298.3686829,"Status":"REDE"}