{"CorrPlaca":0,"TensPlaca":6.513999939,"CorrRede":0.828999996,"TensRede":0.151999995,"ConsDiaPlaca":85.66183472,"ConsMesPlaca":85.66183472,"ConsDiaRede":38.98934555,"ConsMesRede":38.98934555,"Status":"REDE"}