{"CorrPlaca":2.799999952,"TensPlaca":18.09499931,"CorrRede":3.282000065,"TensRede":6.848999977,"ConsDiaPlaca":3573.191406,"ConsMesPlaca":3573.191406,"ConsDiaRede":1114.881714,"ConsMesRede":1114.881714,"Status":"REDE"}