{"CorrPlaca":0,"TensPlaca":6.671999931,"CorrRede":0.781000018,"TensRede":0.335000008,"ConsDiaPlaca":1.533571362,"ConsMesPlaca":1.533571362,"ConsDiaRede":12.09452915,"ConsMesRede":12.09452915,"Status":"REDE"}