{"CorrPlaca":0.615999997,"TensPlaca":18.05800056,"CorrRede":1.656000018,"TensRede":0,"ConsDiaPlaca":5345.384277,"ConsMesPlaca":5345.384277,"ConsDiaRede":1685.132202,"ConsMesRede":1685.132202,"Status":"REDE"}