{"CorrPlaca":0,"TensPlaca":0,"CorrRede":0.619000018,"TensRede":0.017999999,"ConsDiaPlaca":1.587435603,"ConsMesPlaca":1.587435603,"ConsDiaRede":187.1246643,"ConsMesRede":187.1246643,"Status":"REDE"}