{"CorrPlaca":1.702000022,"TensPlaca":18.08300018,"CorrRede":2.621999979,"TensRede":4.638999939,"ConsDiaPlaca":1536.330078,"ConsMesPlaca":1536.330078,"ConsDiaRede":479.9500427,"ConsMesRede":479.9500427,"Status":"REDE"}