{"CorrPlaca":2.592000008,"TensPlaca":18.11300087,"CorrRede":3.262000084,"TensRede":8.394000053,"ConsDiaPlaca":1328.682739,"ConsMesPlaca":1328.682739,"ConsDiaRede":598.1864624,"ConsMesRede":598.1864624,"Status":"REDE"}