{"CorrPlaca":0,"TensPlaca":3.118999958,"CorrRede":0.261999995,"TensRede":0,"ConsDiaPlaca":148.0006409,"ConsMesPlaca":148.0006409,"ConsDiaRede":141.7192383,"ConsMesRede":141.7192383,"Status":"REDE"}