{"CorrPlaca":0.025,"TensPlaca":6.721000195,"CorrRede":0.907999992,"TensRede":0,"ConsDiaPlaca":80.99343872,"ConsMesPlaca":80.99343872,"ConsDiaRede":31.14153099,"ConsMesRede":31.14153099,"Status":"REDE"}