{"CorrPlaca":0,"TensPlaca":6.782000065,"CorrRede":0.861999989,"TensRede":0.713999987,"ConsDiaPlaca":85.11689758,"ConsMesPlaca":85.11689758,"ConsDiaRede":37.63542938,"ConsMesRede":37.63542938,"Status":"REDE"}