{"Corrente":5,"Tensao":2.387000084,"Consumo":0.02655139,"Status":"REDE"}