{"Corrente":0,"Tensao":5.756999969,"Consumo":0.053693287,"Status":"REDE"}