{"CorrPlaca":1.621000051,"TensPlaca":18.05200005,"CorrRede":2.411999941,"TensRede":2.190999985,"ConsDiaPlaca":190.4841309,"ConsMesPlaca":190.4841309,"ConsDiaRede":68.93164825,"ConsMesRede":68.93164825,"Status":"REDE"}