{"CorrPlaca":1.20599997,"TensPlaca":18.13699913,"CorrRede":1.978999972,"TensRede":0.298999995,"ConsDiaPlaca":3792.207764,"ConsMesPlaca":3792.207764,"ConsDiaRede":1480.332397,"ConsMesRede":1480.332397,"Status":"REDE"}