{"CorrPlaca":0,"TensPlaca":6.636000156,"CorrRede":0.825999975,"TensRede":0.463,"ConsDiaPlaca":1.522501469,"ConsMesPlaca":1.522501469,"ConsDiaRede":4.30521822,"ConsMesRede":4.30521822,"Status":"REDE"}