{"CorrPlaca":0.552999973,"TensPlaca":3.22300005,"CorrRede":0.940999985,"TensRede":2.148000002,"ConsDiaPlaca":135.2210388,"ConsMesPlaca":135.2210388,"ConsDiaRede":130.9341278,"ConsMesRede":130.9341278,"Status":"REDE"}