{"CorrPlaca":0.111000001,"TensPlaca":6.715000153,"CorrRede":0.995999992,"TensRede":0.293000013,"ConsDiaPlaca":12.55488586,"ConsMesPlaca":12.55488586,"ConsDiaRede":4.622006416,"ConsMesRede":4.622006416,"Status":"REDE"}