{"CorrPlaca":0,"TensPlaca":6.745999813,"CorrRede":0.763999999,"TensRede":0.170000002,"ConsDiaPlaca":1.587435603,"ConsMesPlaca":1.587435603,"ConsDiaRede":20.33507538,"ConsMesRede":20.33507538,"Status":"REDE"}