{"CorrPlaca":1.113000035,"TensPlaca":18.0890007,"CorrRede":1.934999943,"TensRede":0.25,"ConsDiaPlaca":3571.216064,"ConsMesPlaca":3571.216064,"ConsDiaRede":1392.639038,"ConsMesRede":1392.639038,"Status":"REDE"}