{"corrente":0.605000019,"tensao":0,"consumo":0.053421266}