{"CorrPlaca":0.573000014,"TensPlaca":3.22300005,"CorrRede":0.978999972,"TensRede":2.349999905,"ConsDiaPlaca":128.2272491,"ConsMesPlaca":128.2272491,"ConsDiaRede":124.6015167,"ConsMesRede":124.6015167,"Status":"REDE"}