{"CorrPlaca":0,"TensPlaca":6.732999802,"CorrRede":0.797999978,"TensRede":0.335000008,"ConsDiaPlaca":1.533571362,"ConsMesPlaca":1.533571362,"ConsDiaRede":12.87731171,"ConsMesRede":12.87731171,"Status":"REDE"}