{"Corrente":2.318000078,"Tensao":0,"Consumo":0.070479967,"Status":"REDE"}