{"CorrPlaca":3.596999884,"TensPlaca":25,"CorrRede":1.832999945,"TensRede":4.352000237,"ConsDiaPlaca":21131.58789,"ConsMesPlaca":21131.58789,"ConsDiaRede":721.807312,"ConsMesRede":721.807312,"Status":"REDE"}