{"CorrPlaca":0,"TensPlaca":0,"CorrRede":0.425999999,"TensRede":0.090999998,"ConsDiaPlaca":168.0245667,"ConsMesPlaca":168.0245667,"ConsDiaRede":10.65610409,"ConsMesRede":10.65610409,"Status":"REDE"}