{"CorrPlaca":0,"TensPlaca":0,"CorrRede":0.643999994,"TensRede":6.690999985,"ConsDiaPlaca":1.587435603,"ConsMesPlaca":1.587435603,"ConsDiaRede":48.81093597,"ConsMesRede":48.81093597,"Status":"REDE"}