{"CorrPlaca":0.68599999,"TensPlaca":18.17399979,"CorrRede":1.715000033,"TensRede":0,"ConsDiaPlaca":5069.485352,"ConsMesPlaca":5069.485352,"ConsDiaRede":1582.061035,"ConsMesRede":1582.061035,"Status":"REDE"}