{"CorrPlaca":0.574999988,"TensPlaca":0,"CorrRede":0.832000017,"TensRede":2.039000034,"ConsDiaPlaca":4909.9375,"ConsMesPlaca":4909.9375,"ConsDiaRede":473.2170105,"ConsMesRede":473.2170105,"Status":"REDE"}