{"CorrPlaca":0,"TensPlaca":6.574999809,"CorrRede":0.799000025,"TensRede":0.328999996,"ConsDiaPlaca":1.533571362,"ConsMesPlaca":1.533571362,"ConsDiaRede":9.330345154,"ConsMesRede":9.330345154,"Status":"REDE"}