{"CorrPlaca":0.143999994,"TensPlaca":6.727000237,"CorrRede":1,"TensRede":0.365999997,"ConsDiaPlaca":10.95704842,"ConsMesPlaca":10.95704842,"ConsDiaRede":4.102145195,"ConsMesRede":4.102145195,"Status":"REDE"}