{"Corrente":14.5010004,"Tensao":4.165999889,"Consumo":4.45728159,"Status":"REDE"}