{"CorrPlaca":0.118000001,"TensPlaca":18.125,"CorrRede":1.368999958,"TensRede":0,"ConsDiaPlaca":5244.103027,"ConsMesPlaca":5244.103027,"ConsDiaRede":1649.709839,"ConsMesRede":1649.709839,"Status":"REDE"}