{"CorrPlaca":0,"TensPlaca":6.715000153,"CorrRede":0.81099999,"TensRede":0.389999986,"ConsDiaPlaca":1.533571362,"ConsMesPlaca":1.533571362,"ConsDiaRede":8.407936096,"ConsMesRede":8.407936096,"Status":"REDE"}