{"CorrPlaca":0.048,"TensPlaca":6.647999763,"CorrRede":0.950999975,"TensRede":0.207000002,"ConsDiaPlaca":63.36472702,"ConsMesPlaca":63.36472702,"ConsDiaRede":23.91381073,"ConsMesRede":23.91381073,"Status":"REDE"}