{"Corrente":-3.332999945,"Tensao":1.919999957,"Consumo":0.250667334,"Status":"REDE"}