{"CorrPlaca":5,"TensPlaca":25,"CorrRede":0.683000028,"TensRede":0,"ConsDiaPlaca":30624.83398,"ConsMesPlaca":30624.83398,"ConsDiaRede":1271.545654,"ConsMesRede":1271.545654,"Status":"REDE"}