{"CorrPlaca":0,"TensPlaca":0,"CorrRede":0.578999996,"TensRede":0.061000001,"ConsDiaPlaca":1.587435603,"ConsMesPlaca":1.587435603,"ConsDiaRede":18.0567894,"ConsMesRede":18.0567894,"Status":"REDE"}