{"CorrPlaca":0.086000003,"TensPlaca":6.727000237,"CorrRede":0.976000011,"TensRede":0.354000002,"ConsDiaPlaca":58.56731796,"ConsMesPlaca":58.56731796,"ConsDiaRede":21.48062706,"ConsMesRede":21.48062706,"Status":"REDE"}