{"CorrPlaca":0.187999994,"TensPlaca":18.15600014,"CorrRede":1.444000006,"TensRede":0,"ConsDiaPlaca":3243.093994,"ConsMesPlaca":3243.093994,"ConsDiaRede":1000.606262,"ConsMesRede":1000.606262,"Status":"REDE"}