{"CorrPlaca":5,"TensPlaca":25,"CorrRede":2.467000008,"TensRede":5.835999966,"ConsDiaPlaca":22638.77344,"ConsMesPlaca":22638.77344,"ConsDiaRede":881.3381348,"ConsMesRede":881.3381348,"Status":"REDE"}