{"CorrPlaca":0,"TensPlaca":0,"CorrRede":0.412,"TensRede":0,"ConsDiaPlaca":168.0245667,"ConsMesPlaca":168.0245667,"ConsDiaRede":10.78317928,"ConsMesRede":10.78317928,"Status":"REDE"}