{"CorrPlaca":0.400999993,"TensPlaca":6.544000149,"CorrRede":1.093999982,"TensRede":0.726000011,"ConsDiaPlaca":9.238941193,"ConsMesPlaca":9.238941193,"ConsDiaRede":3.283473492,"ConsMesRede":3.283473492,"Status":"REDE"}