{"CorrPlaca":2.845999956,"TensPlaca":18.05200005,"CorrRede":3.414999962,"TensRede":8.595000267,"ConsDiaPlaca":814.1987305,"ConsMesPlaca":814.1987305,"ConsDiaRede":328.0719604,"ConsMesRede":328.0719604,"Status":"REDE"}