{"CorrPlaca":5,"TensPlaca":25,"CorrRede":0.760999978,"TensRede":0,"ConsDiaPlaca":10659.68359,"ConsMesPlaca":10659.68359,"ConsDiaRede":322.6584167,"ConsMesRede":322.6584167,"Status":"REDE"}