{"CorrPlaca":0,"TensPlaca":0,"CorrRede":0.656000018,"TensRede":6.715000153,"ConsDiaPlaca":1.587435603,"ConsMesPlaca":1.587435603,"ConsDiaRede":137.0519409,"ConsMesRede":137.0519409,"Status":"REDE"}