{"CorrPlaca":2.344000101,"TensPlaca":18.16200066,"CorrRede":3.052999973,"TensRede":7.551000118,"ConsDiaPlaca":996.8788452,"ConsMesPlaca":996.8788452,"ConsDiaRede":406.3355103,"ConsMesRede":406.3355103,"Status":"REDE"}