{"CorrPlaca":0,"TensPlaca":0,"CorrRede":0.637000024,"TensRede":0.067000002,"ConsDiaPlaca":1.587435603,"ConsMesPlaca":1.587435603,"ConsDiaRede":188.2437286,"ConsMesRede":188.2437286,"Status":"REDE"}