{"CorrPlaca":0,"TensPlaca":6.642000198,"CorrRede":0.779999971,"TensRede":0.256000012,"ConsDiaPlaca":1.533571362,"ConsMesPlaca":1.533571362,"ConsDiaRede":15.02805996,"ConsMesRede":15.02805996,"Status":"REDE"}