{"CorrPlaca":3.483999968,"TensPlaca":25,"CorrRede":1.871000051,"TensRede":1.843000054,"ConsDiaPlaca":21081.96289,"ConsMesPlaca":21081.96289,"ConsDiaRede":719.3972168,"ConsMesRede":719.3972168,"Status":"REDE"}