{"CorrPlaca":1.828999996,"TensPlaca":18.06999969,"CorrRede":2.519999981,"TensRede":2.740999937,"ConsDiaPlaca":2241.963135,"ConsMesPlaca":2241.963135,"ConsDiaRede":892.8209229,"ConsMesRede":892.8209229,"Status":"REDE"}