{"CorrPlaca":0.061999999,"TensPlaca":6.697000027,"CorrRede":0.947000027,"TensRede":0.298999995,"ConsDiaPlaca":64.02571106,"ConsMesPlaca":64.02571106,"ConsDiaRede":24.295084,"ConsMesRede":24.295084,"Status":"REDE"}