{"CorrPlaca":1.695000052,"TensPlaca":18.05800056,"CorrRede":2.584000111,"TensRede":6.085999966,"ConsDiaPlaca":1984.16394,"ConsMesPlaca":1984.16394,"ConsDiaRede":907.5785522,"ConsMesRede":907.5785522,"Status":"REDE"}