{"Corrente":14.45300007,"Tensao":20.2140007,"Consumo":6.313484669,"Status":"PLACA"}