{"CorrPlaca":2.36500001,"TensPlaca":18.0890007,"CorrRede":2.990999937,"TensRede":4.926000118,"ConsDiaPlaca":3928.458496,"ConsMesPlaca":3928.458496,"ConsDiaRede":1224.144409,"ConsMesRede":1224.144409,"Status":"REDE"}