{"CorrPlaca":0.25,"TensPlaca":18.0340004,"CorrRede":1.43900001,"TensRede":0,"ConsDiaPlaca":2288.445313,"ConsMesPlaca":2288.445313,"ConsDiaRede":714.7099609,"ConsMesRede":714.7099609,"Status":"REDE"}