{"Corrente":176.6869965,"Tensao":1.302000046,"Consumo":4.116541862,"Status":"REDE"}