{"CorrPlaca":2.926000118,"TensPlaca":18.10099983,"CorrRede":3.359999895,"TensRede":7.93599987,"ConsDiaPlaca":2105.112061,"ConsMesPlaca":2105.112061,"ConsDiaRede":846.2128296,"ConsMesRede":846.2128296,"Status":"REDE"}