{"CorrPlaca":0.652999997,"TensPlaca":18.05200005,"CorrRede":1.657999992,"TensRede":0,"ConsDiaPlaca":2435.035645,"ConsMesPlaca":2435.035645,"ConsDiaRede":760.5908203,"ConsMesRede":760.5908203,"Status":"REDE"}