{"CorrPlaca":5,"TensPlaca":25,"CorrRede":0.745999992,"TensRede":0.787,"ConsDiaPlaca":26006.80859,"ConsMesPlaca":26006.80859,"ConsDiaRede":1037.90564,"ConsMesRede":1037.90564,"Status":"REDE"}