{"Corrente":14.50599957,"Tensao":2.39199996,"Consumo":7.154648781,"Status":"REDE"}