{"CorrPlaca":5,"TensPlaca":25,"CorrRede":1.021000028,"TensRede":0,"ConsDiaPlaca":22152.66602,"ConsMesPlaca":22152.66602,"ConsDiaRede":858.2275391,"ConsMesRede":858.2275391,"Status":"REDE"}