{"CorrPlaca":0.018999999,"TensPlaca":18.08300018,"CorrRede":1.299999952,"TensRede":0.261999995,"ConsDiaPlaca":1809.256592,"ConsMesPlaca":1809.256592,"ConsDiaRede":720.4267578,"ConsMesRede":720.4267578,"Status":"REDE"}