{"CorrPlaca":2.266000032,"TensPlaca":25,"CorrRede":3.813999891,"TensRede":4.211999893,"ConsDiaPlaca":496.5720825,"ConsMesPlaca":496.5720825,"ConsDiaRede":202.4244385,"ConsMesRede":202.4244385,"Status":"REDE"}