{"CorrPlaca":0,"TensPlaca":6.738999844,"CorrRede":0.768999994,"TensRede":0.256000012,"ConsDiaPlaca":1.587435603,"ConsMesPlaca":1.587435603,"ConsDiaRede":19.36359406,"ConsMesRede":19.36359406,"Status":"REDE"}