{"CorrPlaca":0.800000012,"TensPlaca":18.06999969,"CorrRede":1.988999963,"TensRede":1.452000022,"ConsDiaPlaca":1205.054565,"ConsMesPlaca":1205.054565,"ConsDiaRede":379.1134033,"ConsMesRede":379.1134033,"Status":"REDE"}