{"CorrPlaca":0,"TensPlaca":18.06399918,"CorrRede":1.162999988,"TensRede":0,"ConsDiaPlaca":2424.360107,"ConsMesPlaca":2424.360107,"ConsDiaRede":961.4385986,"ConsMesRede":961.4385986,"Status":"REDE"}