{"CorrPlaca":0,"TensPlaca":0,"CorrRede":0.605000019,"TensRede":0.072999999,"ConsDiaPlaca":1.587435603,"ConsMesPlaca":1.587435603,"ConsDiaRede":187.0249634,"ConsMesRede":187.0249634,"Status":"REDE"}