{"CorrPlaca":0.925000012,"TensPlaca":18.11300087,"CorrRede":2.052000046,"TensRede":2.936000109,"ConsDiaPlaca":5405.481445,"ConsMesPlaca":5405.481445,"ConsDiaRede":1703.557983,"ConsMesRede":1703.557983,"Status":"REDE"}