{"CorrPlaca":2.539000034,"TensPlaca":18.06999969,"CorrRede":3.25999999,"TensRede":6.897999763,"ConsDiaPlaca":412.7274475,"ConsMesPlaca":412.7274475,"ConsDiaRede":131.8424683,"ConsMesRede":131.8424683,"Status":"REDE"}