{"CorrPlaca":0,"TensPlaca":0,"CorrRede":0.64200002,"TensRede":6.684000015,"ConsDiaPlaca":1.587435603,"ConsMesPlaca":1.587435603,"ConsDiaRede":52.46895218,"ConsMesRede":52.46895218,"Status":"REDE"}