{"CorrPlaca":0.497999996,"TensPlaca":6.446000099,"CorrRede":1.226999998,"TensRede":1.269000053,"ConsDiaPlaca":2.103506804,"ConsMesPlaca":2.103506804,"ConsDiaRede":1.392830014,"ConsMesRede":1.392830014,"Status":"REDE"}