{"CorrPlaca":0,"TensPlaca":0,"CorrRede":0.583999991,"TensRede":0.108999997,"ConsDiaPlaca":1.587435603,"ConsMesPlaca":1.587435603,"ConsDiaRede":17.77976227,"ConsMesRede":17.77976227,"Status":"REDE"}