{"CorrPlaca":0,"TensPlaca":6.586999893,"CorrRede":0.846000016,"TensRede":0.061000001,"ConsDiaPlaca":83.12780762,"ConsMesPlaca":83.12780762,"ConsDiaRede":33.66955566,"ConsMesRede":33.66955566,"Status":"REDE"}