{"CorrPlaca":3.089999914,"TensPlaca":18.10099983,"CorrRede":3.671000004,"TensRede":9.37100029,"ConsDiaPlaca":386.7422791,"ConsMesPlaca":386.7422791,"ConsDiaRede":178.8030701,"ConsMesRede":178.8030701,"Status":"REDE"}