{"CorrPlaca":5,"TensPlaca":25,"CorrRede":0.455000013,"TensRede":0,"ConsDiaPlaca":5138.885742,"ConsMesPlaca":5138.885742,"ConsDiaRede":177.013504,"ConsMesRede":177.013504,"Status":"REDE"}