{"CorrPlaca":0.041999999,"TensPlaca":6.721000195,"CorrRede":0.930999994,"TensRede":0,"ConsDiaPlaca":67.20039368,"ConsMesPlaca":67.20039368,"ConsDiaRede":25.86709404,"ConsMesRede":25.86709404,"Status":"REDE"}