{"CorrPlaca":5,"TensPlaca":25,"CorrRede":0.680999994,"TensRede":0.531000018,"ConsDiaPlaca":31353.99609,"ConsMesPlaca":31353.99609,"ConsDiaRede":1296.233032,"ConsMesRede":1296.233032,"Status":"REDE"}