{"CorrPlaca":0.370999992,"TensPlaca":7.045000076,"CorrRede":1.057999969,"TensRede":0.531000018,"ConsDiaPlaca":8.510012627,"ConsMesPlaca":8.510012627,"ConsDiaRede":3.062849998,"ConsMesRede":3.062849998,"Status":"REDE"}