{"Corrente":2.165999889,"Tensao":0,"Consumo":0.149639666,"Status":"REDE"}