{"CorrPlaca":2.323999882,"TensPlaca":18.10700035,"CorrRede":3.059000015,"TensRede":6.836999893,"ConsDiaPlaca":5110.648438,"ConsMesPlaca":5110.648438,"ConsDiaRede":1597.231567,"ConsMesRede":1597.231567,"Status":"REDE"}