{"Corrente":-3.332999945,"Tensao":0,"Consumo":0.596402943,"Status":"REDE"}