{"CorrPlaca":0,"TensPlaca":0.787,"CorrRede":0.404000014,"TensRede":0.090999998,"ConsDiaPlaca":0,"ConsMesPlaca":0,"ConsDiaRede":0.313636929,"ConsMesRede":0.313636929,"Status":"REDE"}