{"CorrPlaca":2.796000004,"TensPlaca":18.08300018,"CorrRede":3.332000017,"TensRede":7.422999859,"ConsDiaPlaca":3643.498291,"ConsMesPlaca":3643.498291,"ConsDiaRede":1139.767334,"ConsMesRede":1139.767334,"Status":"REDE"}