{"CorrPlaca":0.91900003,"TensPlaca":18.11300087,"CorrRede":1.855000019,"TensRede":0,"ConsDiaPlaca":2102.020264,"ConsMesPlaca":2102.020264,"ConsDiaRede":659.8596191,"ConsMesRede":659.8596191,"Status":"REDE"}