{"CorrPlaca":5,"TensPlaca":0,"CorrRede":0.758000016,"TensRede":0.5,"ConsDiaPlaca":6883.157715,"ConsMesPlaca":6883.157715,"ConsDiaRede":526.1386719,"ConsMesRede":526.1386719,"Status":"REDE"}