{"CorrPlaca":1.282999992,"TensPlaca":18.07600021,"CorrRede":2.092000008,"TensRede":0.610000014,"ConsDiaPlaca":4519.527832,"ConsMesPlaca":4519.527832,"ConsDiaRede":1413.78833,"ConsMesRede":1413.78833,"Status":"REDE"}