{"CorrPlaca":0,"TensPlaca":0,"CorrRede":0.430999994,"TensRede":0,"ConsDiaPlaca":168.0245667,"ConsMesPlaca":168.0245667,"ConsDiaRede":10.70715332,"ConsMesRede":10.70715332,"Status":"REDE"}