{"CorrPlaca":5,"TensPlaca":25,"CorrRede":0.462000012,"TensRede":0,"ConsDiaPlaca":16562.42383,"ConsMesPlaca":16562.42383,"ConsDiaRede":583.4465332,"ConsMesRede":583.4465332,"Status":"REDE"}