{"CorrPlaca":0,"TensPlaca":0,"CorrRede":0.605000019,"TensRede":0.029999999,"ConsDiaPlaca":1.587435603,"ConsMesPlaca":1.587435603,"ConsDiaRede":187.8420258,"ConsMesRede":187.8420258,"Status":"REDE"}