{"CorrPlaca":0.083999999,"TensPlaca":6.647999763,"CorrRede":0.925000012,"TensRede":0.188999996,"ConsDiaPlaca":66.06641388,"ConsMesPlaca":66.06641388,"ConsDiaRede":25.22220421,"ConsMesRede":25.22220421,"Status":"REDE"}