{"CorrPlaca":0.703000009,"TensPlaca":3.826999903,"CorrRede":0.996999979,"TensRede":2.77699995,"ConsDiaPlaca":18.53133011,"ConsMesPlaca":18.53133011,"ConsDiaRede":14.2005043,"ConsMesRede":14.2005043,"Status":"REDE"}