{"CorrPlaca":2.571000099,"TensPlaca":18.06399918,"CorrRede":3.111999989,"TensRede":6.300000191,"ConsDiaPlaca":4581.563477,"ConsMesPlaca":4581.563477,"ConsDiaRede":1783.55249,"ConsMesRede":1783.55249,"Status":"REDE"}