{"CorrPlaca":1.113000035,"TensPlaca":0,"CorrRede":0.861999989,"TensRede":2.857000113,"ConsDiaPlaca":182.0374146,"ConsMesPlaca":182.0374146,"ConsDiaRede":170.4271698,"ConsMesRede":170.4271698,"Status":"REDE"}