{"Corrente":0.135000005,"Tensao":0,"Consumo":0.057277199,"Status":"REDE"}