{"Corrente":-3.332999945,"Tensao":0,"Consumo":0.38390246,"Status":"REDE"}