{"CorrPlaca":0,"TensPlaca":6.709000111,"CorrRede":0.805000007,"TensRede":0.293000013,"ConsDiaPlaca":1.533571362,"ConsMesPlaca":1.533571362,"ConsDiaRede":8.186561584,"ConsMesRede":8.186561584,"Status":"REDE"}