{"Corrente":2.86500001,"Tensao":0,"Consumo":0.099550068,"Status":"REDE"}