{"CorrPlaca":3.124000072,"TensPlaca":18.11300087,"CorrRede":3.641000032,"TensRede":7.796000004,"ConsDiaPlaca":609.800293,"ConsMesPlaca":609.800293,"ConsDiaRede":197.4990387,"ConsMesRede":197.4990387,"Status":"REDE"}