{"CorrPlaca":0,"TensPlaca":6.738999844,"CorrRede":0.785000026,"TensRede":0,"ConsDiaPlaca":1.587435603,"ConsMesPlaca":1.587435603,"ConsDiaRede":20.87218666,"ConsMesRede":20.87218666,"Status":"REDE"}