{"CorrPlaca":0.164000005,"TensPlaca":18.07600021,"CorrRede":1.409000039,"TensRede":0,"ConsDiaPlaca":3654.596436,"ConsMesPlaca":3654.596436,"ConsDiaRede":1144.352295,"ConsMesRede":1144.352295,"Status":"REDE"}