{"CorrPlaca":0,"TensPlaca":0.829999983,"CorrRede":0.479000002,"TensRede":1.465000033,"ConsDiaPlaca":0,"ConsMesPlaca":0,"ConsDiaRede":0.194926396,"ConsMesRede":0.194926396,"Status":"REDE"}