{"CorrPlaca":5,"TensPlaca":25,"CorrRede":0.451000005,"TensRede":0,"ConsDiaPlaca":14201.32813,"ConsMesPlaca":14201.32813,"ConsDiaRede":476.4004822,"ConsMesRede":476.4004822,"Status":"REDE"}