{"Corrente":0.370999992,"Tensao":0,"Consumo":0.014868441,"Status":"REDE"}