{"CorrPlaca":1.659999967,"TensPlaca":18.08300018,"CorrRede":2.348999977,"TensRede":2.161000013,"ConsDiaPlaca":2296.770264,"ConsMesPlaca":2296.770264,"ConsDiaRede":905.8359375,"ConsMesRede":905.8359375,"Status":"REDE"}