{"corrente":0.781000018,"tensao":3.371999979,"consumo":0.112917095}