{"CorrPlaca":3.631000042,"TensPlaca":25,"CorrRede":1.608999968,"TensRede":2.423000097,"ConsDiaPlaca":30527.2168,"ConsMesPlaca":30527.2168,"ConsDiaRede":794.220459,"ConsMesRede":794.220459,"Status":"REDE"}