{"CorrPlaca":0,"TensPlaca":0.652999997,"CorrRede":0.472000003,"TensRede":0.853999972,"ConsDiaPlaca":0.006364445,"ConsMesPlaca":0.006364445,"ConsDiaRede":0.855468869,"ConsMesRede":0.855468869,"Status":"REDE"}