{"Corrente":14.53600025,"Tensao":0.584999979,"Consumo":2.08821702,"Status":"REDE"}