{"CorrPlaca":0,"TensPlaca":0,"CorrRede":0.643999994,"TensRede":6.715000153,"ConsDiaPlaca":1.587435603,"ConsMesPlaca":1.587435603,"ConsDiaRede":65.78465271,"ConsMesRede":65.78465271,"Status":"REDE"}