{"CorrPlaca":5,"TensPlaca":25,"CorrRede":1.350999951,"TensRede":3.063999891,"ConsDiaPlaca":15833.26172,"ConsMesPlaca":15833.26172,"ConsDiaRede":550.4698486,"ConsMesRede":550.4698486,"Status":"REDE"}