{"Corrente":14.45800018,"Tensao":0,"Consumo":1.197687745,"Status":"REDE"}