{"Corrente":0,"Tensao":5.566999912,"Consumo":0.015552176,"Status":"REDE"}