{"CorrPlaca":0,"TensPlaca":25,"CorrRede":1.776000023,"TensRede":0.531000018,"ConsDiaPlaca":13447.36328,"ConsMesPlaca":13447.36328,"ConsDiaRede":573.7843018,"ConsMesRede":573.7843018,"Status":"REDE"}