{"CorrPlaca":0.02,"TensPlaca":6.684000015,"CorrRede":0.836000025,"TensRede":0.097000003,"ConsDiaPlaca":84.07000732,"ConsMesPlaca":84.07000732,"ConsDiaRede":35.54949951,"ConsMesRede":35.54949951,"Status":"REDE"}