{"CorrPlaca":0.050000001,"TensPlaca":6.544000149,"CorrRede":0.957000017,"TensRede":0.194999993,"ConsDiaPlaca":61.25534058,"ConsMesPlaca":61.25534058,"ConsDiaRede":22.78444672,"ConsMesRede":22.78444672,"Status":"REDE"}