{"CorrPlaca":0.703999996,"TensPlaca":1.781999946,"CorrRede":0.656000018,"TensRede":1.263000011,"ConsDiaPlaca":111.0626831,"ConsMesPlaca":111.0626831,"ConsDiaRede":96.33654785,"ConsMesRede":96.33654785,"Status":"REDE"}