{"CorrPlaca":2.720999956,"TensPlaca":18.17399979,"CorrRede":3.200000048,"TensRede":6.989999771,"ConsDiaPlaca":4324.775879,"ConsMesPlaca":4324.775879,"ConsDiaRede":1684.48877,"ConsMesRede":1684.48877,"Status":"REDE"}