{"CorrPlaca":1.738000035,"TensPlaca":18.05200005,"CorrRede":2.461999893,"TensRede":2.637000084,"ConsDiaPlaca":4547.349609,"ConsMesPlaca":4547.349609,"ConsDiaRede":1769.848755,"ConsMesRede":1769.848755,"Status":"REDE"}