{"Corrente":5,"Tensao":2.734999895,"Consumo":0.069881953,"Status":"REDE"}