{"CorrPlaca":2.792999983,"TensPlaca":18.10700035,"CorrRede":3.351999998,"TensRede":7.387000084,"ConsDiaPlaca":3412.441406,"ConsMesPlaca":3412.441406,"ConsDiaRede":1062.731934,"ConsMesRede":1062.731934,"Status":"REDE"}