{"CorrPlaca":0,"TensPlaca":0.683000028,"CorrRede":0.485000014,"TensRede":0.151999995,"ConsDiaPlaca":0.006763611,"ConsMesPlaca":0.006763611,"ConsDiaRede":0.918736696,"ConsMesRede":0.918736696,"Status":"REDE"}