{"Corrente":0,"Tensao":0.409000009,"Consumo":0.00001544,"Status":"REDE"}