{"Corrente":-3.332999945,"Tensao":0,"Consumo":0.19681333,"Status":"REDE"}