{"CorrPlaca":0.209999993,"TensPlaca":18.11300087,"CorrRede":1.322000027,"TensRede":0,"ConsDiaPlaca":57.64475632,"ConsMesPlaca":57.64475632,"ConsDiaRede":29.32129288,"ConsMesRede":29.32129288,"Status":"REDE"}