{"CorrPlaca":0,"TensPlaca":18.13100052,"CorrRede":1.161000013,"TensRede":0,"ConsDiaPlaca":4868.164551,"ConsMesPlaca":4868.164551,"ConsDiaRede":1913.157227,"ConsMesRede":1913.157227,"Status":"REDE"}