{"Corrente":14.58399963,"Tensao":24.98200035,"Consumo":0.395121098,"Status":"PLACA"}