{"CorrPlaca":2.187999964,"TensPlaca":18.11899948,"CorrRede":2.967000008,"TensRede":6.513999939,"ConsDiaPlaca":5156.620605,"ConsMesPlaca":5156.620605,"ConsDiaRede":1616.559082,"ConsMesRede":1616.559082,"Status":"REDE"}