{"CorrPlaca":5,"TensPlaca":25,"CorrRede":0.514999986,"TensRede":0,"ConsDiaPlaca":5659.715332,"ConsMesPlaca":5659.715332,"ConsDiaRede":196.9493256,"ConsMesRede":196.9493256,"Status":"REDE"}