{"CorrPlaca":1.222000003,"TensPlaca":18.0340004,"CorrRede":2.255000114,"TensRede":3.785000086,"ConsDiaPlaca":4606.849609,"ConsMesPlaca":4606.849609,"ConsDiaRede":1436.575806,"ConsMesRede":1436.575806,"Status":"REDE"}