{"CorrPlaca":0.331999987,"TensPlaca":3.204999924,"CorrRede":0.768000007,"TensRede":1.269000053,"ConsDiaPlaca":138.5927582,"ConsMesPlaca":138.5927582,"ConsDiaRede":133.5596313,"ConsMesRede":133.5596313,"Status":"REDE"}