{"CorrPlaca":0,"TensPlaca":6.630000114,"CorrRede":0.801999986,"TensRede":0.128000006,"ConsDiaPlaca":86.27039337,"ConsMesPlaca":86.27039337,"ConsDiaRede":40.02517319,"ConsMesRede":40.02517319,"Status":"REDE"}