{"corrente":-5.001999855,"tensao":0,"consumo":0.043199159}