{"CorrPlaca":0.360000014,"TensPlaca":7.111999989,"CorrRede":1.08099997,"TensRede":0.702000022,"ConsDiaPlaca":4.410452366,"ConsMesPlaca":4.410452366,"ConsDiaRede":1.823935628,"ConsMesRede":1.823935628,"Status":"REDE"}