{"CorrPlaca":1.692999959,"TensPlaca":18.06999969,"CorrRede":2.388999939,"TensRede":1.970999956,"ConsDiaPlaca":3956.583496,"ConsMesPlaca":3956.583496,"ConsDiaRede":1232.280762,"ConsMesRede":1232.280762,"Status":"REDE"}