{"CorrPlaca":0,"TensPlaca":0.683000028,"CorrRede":0.481000006,"TensRede":0.757000029,"ConsDiaPlaca":0.007644444,"ConsMesPlaca":0.007644444,"ConsDiaRede":0.495478332,"ConsMesRede":0.495478332,"Status":"REDE"}