{"CorrPlaca":0,"TensPlaca":0.726000011,"CorrRede":0.377999991,"TensRede":0.085000001,"ConsDiaPlaca":0,"ConsMesPlaca":0,"ConsDiaRede":0.323730558,"ConsMesRede":0.323730558,"Status":"REDE"}