{"CorrPlaca":5,"TensPlaca":25,"CorrRede":2.434999943,"TensRede":4.968999863,"ConsDiaPlaca":13472.16602,"ConsMesPlaca":13472.16602,"ConsDiaRede":463.9837646,"ConsMesRede":463.9837646,"Status":"REDE"}