{"CorrPlaca":0.048,"TensPlaca":18.08300018,"CorrRede":1.228999972,"TensRede":0,"ConsDiaPlaca":3807.177002,"ConsMesPlaca":3807.177002,"ConsDiaRede":1484.024536,"ConsMesRede":1484.024536,"Status":"REDE"}