{"CorrPlaca":1.024000049,"TensPlaca":18.0340004,"CorrRede":1.873999953,"TensRede":0.182999998,"ConsDiaPlaca":2986.557129,"ConsMesPlaca":2986.557129,"ConsDiaRede":1180.185425,"ConsMesRede":1180.185425,"Status":"REDE"}