{"CorrPlaca":0,"TensPlaca":0.836000025,"CorrRede":0.486999989,"TensRede":0.43900001,"ConsDiaPlaca":0.004216944,"ConsMesPlaca":0.004216944,"ConsDiaRede":0.32858941,"ConsMesRede":0.32858941,"Status":"REDE"}