{"Corrente":-2.726999998,"Tensao":4.247000217,"Consumo":0.000249706,"Status":"REDE"}