{"Corrente":0.470999986,"Tensao":0,"Consumo":0.000573213,"Status":"REDE"}