{"CorrPlaca":1.761000037,"TensPlaca":18.05800056,"CorrRede":2.522000074,"TensRede":2.637000084,"ConsDiaPlaca":461.6609192,"ConsMesPlaca":461.6609192,"ConsDiaRede":215.253479,"ConsMesRede":215.253479,"Status":"REDE"}