{"CorrPlaca":5,"TensPlaca":25,"CorrRede":1.565000057,"TensRede":0,"ConsDiaPlaca":10138.85352,"ConsMesPlaca":10138.85352,"ConsDiaRede":293.2073059,"ConsMesRede":293.2073059,"Status":"REDE"}