{"CorrPlaca":0.082999997,"TensPlaca":6.642000198,"CorrRede":0.947000027,"TensRede":0.115000002,"ConsDiaPlaca":63.72713852,"ConsMesPlaca":63.72713852,"ConsDiaRede":24.07707024,"ConsMesRede":24.07707024,"Status":"REDE"}