{"CorrPlaca":0.722000003,"TensPlaca":0,"CorrRede":0.063000001,"TensRede":0,"ConsDiaPlaca":42.96223068,"ConsMesPlaca":42.96223068,"ConsDiaRede":35.72479248,"ConsMesRede":35.72479248,"Status":"REDE"}