{"CorrPlaca":1.820000052,"TensPlaca":18.04599953,"CorrRede":2.461999893,"TensRede":0.989000022,"ConsDiaPlaca":3816.300293,"ConsMesPlaca":3816.300293,"ConsDiaRede":1484.700928,"ConsMesRede":1484.700928,"Status":"REDE"}