{"Corrente":0,"Tensao":5.71999979,"Consumo":0.018012863,"Status":"REDE"}