{"CorrPlaca":2.230000019,"TensPlaca":18.18000031,"CorrRede":2.877000093,"TensRede":4.107999802,"ConsDiaPlaca":2527.120361,"ConsMesPlaca":2527.120361,"ConsDiaRede":784.1790771,"ConsMesRede":784.1790771,"Status":"REDE"}