{"CorrPlaca":5,"TensPlaca":25,"CorrRede":0.843999982,"TensRede":0.298999995,"ConsDiaPlaca":35312.40234,"ConsMesPlaca":35312.40234,"ConsDiaRede":1416.141235,"ConsMesRede":1416.141235,"Status":"REDE"}