{"CorrPlaca":5,"TensPlaca":25,"CorrRede":0.716000021,"TensRede":0.676999986,"ConsDiaPlaca":26076.25195,"ConsMesPlaca":26076.25195,"ConsDiaRede":1038.040283,"ConsMesRede":1038.040283,"Status":"REDE"}