{"CorrPlaca":0.515999973,"TensPlaca":18.0890007,"CorrRede":1.682000041,"TensRede":1.947000027,"ConsDiaPlaca":2260.533447,"ConsMesPlaca":2260.533447,"ConsDiaRede":896.284729,"ConsMesRede":896.284729,"Status":"REDE"}