{"corrente":0.995999992,"tensao":4.584000111,"consumo":0.39368847}