{"CorrPlaca":0.025,"TensPlaca":6.769999981,"CorrRede":0.930999994,"TensRede":0.224999994,"ConsDiaPlaca":65.91130066,"ConsMesPlaca":65.91130066,"ConsDiaRede":25.17364311,"ConsMesRede":25.17364311,"Status":"REDE"}