{"CorrPlaca":5,"TensPlaca":18.17399979,"CorrRede":1.248999953,"TensRede":0.164000005,"ConsDiaPlaca":9423.287109,"ConsMesPlaca":9423.287109,"ConsDiaRede":531.3435669,"ConsMesRede":531.3435669,"Status":"REDE"}