{"CorrPlaca":2.017999887,"TensPlaca":25,"CorrRede":3.381999969,"TensRede":0,"ConsDiaPlaca":1275.488647,"ConsMesPlaca":1275.488647,"ConsDiaRede":318.2168884,"ConsMesRede":318.2168884,"Status":"REDE"}