{"CorrPlaca":5,"TensPlaca":25,"CorrRede":1.934000015,"TensRede":3.772000074,"ConsDiaPlaca":34617.92578,"ConsMesPlaca":34617.92578,"ConsDiaRede":1402.862305,"ConsMesRede":1402.862305,"Status":"REDE"}