{"CorrPlaca":0.370999992,"TensPlaca":6.959000111,"CorrRede":1.087000012,"TensRede":0.603999972,"ConsDiaPlaca":7.783986092,"ConsMesPlaca":7.783986092,"ConsDiaRede":2.906795263,"ConsMesRede":2.906795263,"Status":"REDE"}