{"CorrPlaca":5,"TensPlaca":25,"CorrRede":0.48300001,"TensRede":0,"ConsDiaPlaca":18159.63672,"ConsMesPlaca":18159.63672,"ConsDiaRede":668.7414551,"ConsMesRede":668.7414551,"Status":"REDE"}