{"CorrPlaca":0,"TensPlaca":0,"CorrRede":0.620999992,"TensRede":6.709000111,"ConsDiaPlaca":1.587435603,"ConsMesPlaca":1.587435603,"ConsDiaRede":29.55599022,"ConsMesRede":29.55599022,"Status":"REDE"}