{"CorrPlaca":0.097000003,"TensPlaca":6.709000111,"CorrRede":0.995000005,"TensRede":0.280000001,"ConsDiaPlaca":45.00692368,"ConsMesPlaca":45.00692368,"ConsDiaRede":14.92362022,"ConsMesRede":14.92362022,"Status":"REDE"}