{"CorrPlaca":0,"TensPlaca":0,"CorrRede":0.670000017,"TensRede":6.715000153,"ConsDiaPlaca":1.587435603,"ConsMesPlaca":1.587435603,"ConsDiaRede":174.5307922,"ConsMesRede":174.5307922,"Status":"REDE"}