{"CorrPlaca":0.649999976,"TensPlaca":18.11300087,"CorrRede":1.654000044,"TensRede":0,"ConsDiaPlaca":1203.536133,"ConsMesPlaca":1203.536133,"ConsDiaRede":491.4670105,"ConsMesRede":491.4670105,"Status":"REDE"}