{"CorrPlaca":0,"TensPlaca":0,"CorrRede":0.661000013,"TensRede":6.684000015,"ConsDiaPlaca":1.587435603,"ConsMesPlaca":1.587435603,"ConsDiaRede":116.5060272,"ConsMesRede":116.5060272,"Status":"REDE"}