{"Corrente":-3.332999945,"Tensao":0,"Consumo":0.195173398,"Status":"REDE"}