{"Corrente":19.5890007,"Tensao":3.601000071,"Consumo":0.405906826,"Status":"REDE"}