{"CorrPlaca":5,"TensPlaca":3.22300005,"CorrRede":0.859000027,"TensRede":1.807000041,"ConsDiaPlaca":4841.224609,"ConsMesPlaca":4841.224609,"ConsDiaRede":423.1922607,"ConsMesRede":423.1922607,"Status":"REDE"}