{"corrente":0.731000006,"tensao":0,"consumo":0.198622882}