{"CorrPlaca":0.368999988,"TensPlaca":18.13699913,"CorrRede":1.406999946,"TensRede":0,"ConsDiaPlaca":1556.240234,"ConsMesPlaca":1556.240234,"ConsDiaRede":632.5367432,"ConsMesRede":632.5367432,"Status":"REDE"}