{"CorrPlaca":0.063000001,"TensPlaca":6.544000149,"CorrRede":0.985000014,"TensRede":0.177000001,"ConsDiaPlaca":47.70931625,"ConsMesPlaca":47.70931625,"ConsDiaRede":16.15485573,"ConsMesRede":16.15485573,"Status":"REDE"}