{"CorrPlaca":0,"TensPlaca":0,"CorrRede":0.592999995,"TensRede":0.194999993,"ConsDiaPlaca":1.587435603,"ConsMesPlaca":1.587435603,"ConsDiaRede":17.99808311,"ConsMesRede":17.99808311,"Status":"REDE"}