{"Corrente":0.423999995,"Tensao":0,"Consumo":0.053693287,"Status":"REDE"}