{"CorrPlaca":0,"TensPlaca":6.738999844,"CorrRede":0.788999975,"TensRede":0.140000001,"ConsDiaPlaca":1.587435603,"ConsMesPlaca":1.587435603,"ConsDiaRede":20.55615616,"ConsMesRede":20.55615616,"Status":"REDE"}