{"CorrPlaca":0.296000004,"TensPlaca":18.06999969,"CorrRede":1.537999988,"TensRede":0.414999992,"ConsDiaPlaca":3958.069336,"ConsMesPlaca":3958.069336,"ConsDiaRede":1232.458008,"ConsMesRede":1232.458008,"Status":"REDE"}