{"corrente":0.625,"tensao":2.931999922,"consumo":0.093454272}