{"CorrPlaca":0,"TensPlaca":6.665999889,"CorrRede":0.809000015,"TensRede":0.182999998,"ConsDiaPlaca":85.57184601,"ConsMesPlaca":85.57184601,"ConsDiaRede":38.65898895,"ConsMesRede":38.65898895,"Status":"REDE"}