{"corrente":1.672999978,"tensao":8.991999626,"consumo":1.029293299}