{"CorrPlaca":0,"TensPlaca":6.671999931,"CorrRede":0.799000025,"TensRede":0.305000007,"ConsDiaPlaca":1.533571362,"ConsMesPlaca":1.533571362,"ConsDiaRede":11.07658577,"ConsMesRede":11.07658577,"Status":"REDE"}