{"CorrPlaca":0,"TensPlaca":0,"CorrRede":0.583999991,"TensRede":0.085000001,"ConsDiaPlaca":1.587435603,"ConsMesPlaca":1.587435603,"ConsDiaRede":22.07627106,"ConsMesRede":22.07627106,"Status":"REDE"}