{"CorrPlaca":0,"TensPlaca":0.665000021,"CorrRede":0.565999985,"TensRede":0.694999993,"ConsDiaPlaca":0.013378889,"ConsMesPlaca":0.013378889,"ConsDiaRede":0.858734429,"ConsMesRede":0.858734429,"Status":"REDE"}