{"CorrPlaca":0.95599997,"TensPlaca":25,"CorrRede":2.753000021,"TensRede":0,"ConsDiaPlaca":290.044342,"ConsMesPlaca":290.044342,"ConsDiaRede":180.8908997,"ConsMesRede":180.8908997,"Status":"REDE"}