{"CorrPlaca":1.343999982,"TensPlaca":18.1989994,"CorrRede":2.328000069,"TensRede":4.803999901,"ConsDiaPlaca":1881.68457,"ConsMesPlaca":1881.68457,"ConsDiaRede":755.8603516,"ConsMesRede":755.8603516,"Status":"REDE"}