{"CorrPlaca":0,"TensPlaca":6.727000237,"CorrRede":0.860000014,"TensRede":0.207000002,"ConsDiaPlaca":83.46065521,"ConsMesPlaca":83.46065521,"ConsDiaRede":34.3024826,"ConsMesRede":34.3024826,"Status":"REDE"}