{"CorrPlaca":0,"TensPlaca":0.860000014,"CorrRede":0.488000005,"TensRede":2.051000118,"ConsDiaPlaca":0,"ConsMesPlaca":0,"ConsDiaRede":0.278024435,"ConsMesRede":0.278024435,"Status":"REDE"}