{"corrente":0,"tensao":0.421000004,"consumo":0.376357347}