{"CorrPlaca":0.118000001,"TensPlaca":18.06999969,"CorrRede":1.442000031,"TensRede":0.170000002,"ConsDiaPlaca":531.2932739,"ConsMesPlaca":531.2932739,"ConsDiaRede":242.4966431,"ConsMesRede":242.4966431,"Status":"REDE"}