{"CorrPlaca":2.565000057,"TensPlaca":18.07600021,"CorrRede":3.079999924,"TensRede":5.28000021,"ConsDiaPlaca":66.66684723,"ConsMesPlaca":66.66684723,"ConsDiaRede":12.49879837,"ConsMesRede":12.49879837,"Status":"REDE"}