{"CorrPlaca":0,"TensPlaca":0.799000025,"CorrRede":0.442000002,"TensRede":0.108999997,"ConsDiaPlaca":0,"ConsMesPlaca":0,"ConsDiaRede":0.324376673,"ConsMesRede":0.324376673,"Status":"REDE"}