{"CorrPlaca":0.702000022,"TensPlaca":6.190000057,"CorrRede":1.5,"TensRede":2.441999912,"ConsDiaPlaca":66.22158051,"ConsMesPlaca":66.22158051,"ConsDiaRede":57.31279755,"ConsMesRede":57.31279755,"Status":"REDE"}