{"CorrPlaca":0.009,"TensPlaca":6.738999844,"CorrRede":0.824000001,"TensRede":0.188999996,"ConsDiaPlaca":86.06253815,"ConsMesPlaca":86.06253815,"ConsDiaRede":39.56967163,"ConsMesRede":39.56967163,"Status":"REDE"}