{"Corrente":0,"Tensao":0.354000002,"Consumo":8.655833881e-6,"Status":"REDE"}