{"CorrPlaca":5,"TensPlaca":25,"CorrRede":1.340000033,"TensRede":2.428999901,"ConsDiaPlaca":34444.30469,"ConsMesPlaca":34444.30469,"ConsDiaRede":1399.404053,"ConsMesRede":1399.404053,"Status":"REDE"}