{"CorrPlaca":2.413000107,"TensPlaca":18.06999969,"CorrRede":2.957000017,"TensRede":5.622000217,"ConsDiaPlaca":3517.548828,"ConsMesPlaca":3517.548828,"ConsDiaRede":1373.987915,"ConsMesRede":1373.987915,"Status":"REDE"}