{"CorrPlaca":0,"TensPlaca":0.781000018,"CorrRede":0.476999998,"TensRede":0.035999998,"ConsDiaPlaca":0.054073885,"ConsMesPlaca":0.054073885,"ConsDiaRede":1.077805519,"ConsMesRede":1.077805519,"Status":"REDE"}