{"Corrente":0.26699999,"Tensao":25,"Consumo":0.036018059,"Status":"REDE"}