{"CorrPlaca":1.383000016,"TensPlaca":18.10700035,"CorrRede":2.150000095,"TensRede":1.269000053,"ConsDiaPlaca":2840.443115,"ConsMesPlaca":2840.443115,"ConsDiaRede":1124.300659,"ConsMesRede":1124.300659,"Status":"REDE"}