{"Corrente":0.096000001,"Tensao":0.578999996,"Consumo":0.00001544,"Status":"REDE"}