{"Corrente":0.467999995,"Tensao":0,"Consumo":0.000573213,"Status":"REDE"}