{"CorrPlaca":0.727999985,"TensPlaca":18.10099983,"CorrRede":1.730000019,"TensRede":0,"ConsDiaPlaca":4011.930176,"ConsMesPlaca":4011.930176,"ConsDiaRede":1253.331543,"ConsMesRede":1253.331543,"Status":"REDE"}