{"CorrPlaca":5,"TensPlaca":25,"CorrRede":0.499000013,"TensRede":0,"ConsDiaPlaca":27604.01953,"ConsMesPlaca":27604.01953,"ConsDiaRede":1118.369873,"ConsMesRede":1118.369873,"Status":"REDE"}