{"CorrPlaca":0,"TensPlaca":0.787,"CorrRede":0.467999995,"TensRede":0.409000009,"ConsDiaPlaca":0.058678329,"ConsMesPlaca":0.058678329,"ConsDiaRede":1.389996171,"ConsMesRede":1.389996171,"Status":"REDE"}