{"Corrente":0,"Tensao":0.621999979,"Consumo":0.07707084,"Status":"REDE"}