{"CorrPlaca":0.549000025,"TensPlaca":18.06999969,"CorrRede":1.631999969,"TensRede":0,"ConsDiaPlaca":4563.611328,"ConsMesPlaca":4563.611328,"ConsDiaRede":1424.405029,"ConsMesRede":1424.405029,"Status":"REDE"}