{"Corrente":0,"Tensao":0.035999998,"Consumo":0.07707084,"Status":"REDE"}