{"CorrPlaca":1.202999949,"TensPlaca":18.0340004,"CorrRede":2.051000118,"TensRede":0.170000002,"ConsDiaPlaca":1996.414917,"ConsMesPlaca":1996.414917,"ConsDiaRede":618.3764648,"ConsMesRede":618.3764648,"Status":"REDE"}