{"CorrPlaca":0,"TensPlaca":0,"CorrRede":0.658999979,"TensRede":6.617000103,"ConsDiaPlaca":1.587435603,"ConsMesPlaca":1.587435603,"ConsDiaRede":117.717308,"ConsMesRede":117.717308,"Status":"REDE"}