{"CorrPlaca":0,"TensPlaca":0,"CorrRede":0.58099997,"TensRede":0.140000001,"ConsDiaPlaca":1.587435603,"ConsMesPlaca":1.587435603,"ConsDiaRede":21.19749832,"ConsMesRede":21.19749832,"Status":"REDE"}