{"CorrPlaca":0.92900002,"TensPlaca":18.01499939,"CorrRede":2.101000071,"TensRede":3.619999886,"ConsDiaPlaca":1448.302979,"ConsMesPlaca":1448.302979,"ConsDiaRede":655.7037354,"ConsMesRede":655.7037354,"Status":"REDE"}