{"Corrente":0.437999994,"Tensao":0,"Consumo":0.057277199,"Status":"REDE"}