{"CorrPlaca":0,"TensPlaca":18.06999969,"CorrRede":1.174000025,"TensRede":0,"ConsDiaPlaca":4712.669922,"ConsMesPlaca":4712.669922,"ConsDiaRede":1842.870361,"ConsMesRede":1842.870361,"Status":"REDE"}