{"CorrPlaca":0,"TensPlaca":0,"CorrRede":0.230000004,"TensRede":0,"ConsDiaPlaca":4909.9375,"ConsMesPlaca":4909.9375,"ConsDiaRede":474.0735474,"ConsMesRede":474.0735474,"Status":"REDE"}