{"CorrPlaca":0.421999991,"TensPlaca":18.07600021,"CorrRede":1.485000014,"TensRede":0,"ConsDiaPlaca":1803.810059,"ConsMesPlaca":1803.810059,"ConsDiaRede":813.0792847,"ConsMesRede":813.0792847,"Status":"REDE"}