{"Corrente":0.507000029,"Tensao":0,"Consumo":0.006886377,"Status":"REDE"}