{"CorrPlaca":0,"TensPlaca":0,"CorrRede":0.663999975,"TensRede":6.727000237,"ConsDiaPlaca":1.587435603,"ConsMesPlaca":1.587435603,"ConsDiaRede":76.69219971,"ConsMesRede":76.69219971,"Status":"REDE"}