{"CorrPlaca":2.312999964,"TensPlaca":18.18000031,"CorrRede":2.910000086,"TensRede":3.710999966,"ConsDiaPlaca":424.4080811,"ConsMesPlaca":424.4080811,"ConsDiaRede":134.8421936,"ConsMesRede":134.8421936,"Status":"REDE"}