{"CorrPlaca":0,"TensPlaca":6.630000114,"CorrRede":0.760999978,"TensRede":0.145999998,"ConsDiaPlaca":1.587435603,"ConsMesPlaca":1.587435603,"ConsDiaRede":20.81073761,"ConsMesRede":20.81073761,"Status":"REDE"}