{"CorrPlaca":3.177999973,"TensPlaca":18.11899948,"CorrRede":3.631999969,"TensRede":8.571000099,"ConsDiaPlaca":1285.353027,"ConsMesPlaca":1285.353027,"ConsDiaRede":574.4541016,"ConsMesRede":574.4541016,"Status":"REDE"}