{"CorrPlaca":0.094999999,"TensPlaca":6.703000069,"CorrRede":0.995999992,"TensRede":0.177000001,"ConsDiaPlaca":36.89089966,"ConsMesPlaca":36.89089966,"ConsDiaRede":11.83321571,"ConsMesRede":11.83321571,"Status":"REDE"}