{"CorrPlaca":2.871000051,"TensPlaca":18.06999969,"CorrRede":3.378999949,"TensRede":8.55300045,"ConsDiaPlaca":3694.693848,"ConsMesPlaca":3694.693848,"ConsDiaRede":1444.458496,"ConsMesRede":1444.458496,"Status":"REDE"}