{"CorrPlaca":0.085000001,"TensPlaca":18.32699966,"CorrRede":1.315000057,"TensRede":0,"ConsDiaPlaca":13109.04102,"ConsMesPlaca":13109.04102,"ConsDiaRede":567.6596069,"ConsMesRede":567.6596069,"Status":"REDE"}