{"CorrPlaca":0.090999998,"TensPlaca":18.06399918,"CorrRede":1.386999965,"TensRede":0.305000007,"ConsDiaPlaca":1236.011719,"ConsMesPlaca":1236.011719,"ConsDiaRede":553.284729,"ConsMesRede":553.284729,"Status":"REDE"}