{"CorrPlaca":2.948999882,"TensPlaca":18.11899948,"CorrRede":3.421000004,"TensRede":7.710000038,"ConsDiaPlaca":1338.15918,"ConsMesPlaca":1338.15918,"ConsDiaRede":541.3356323,"ConsMesRede":541.3356323,"Status":"REDE"}