{"CorrPlaca":0,"TensPlaca":6.580999851,"CorrRede":0.781000018,"TensRede":0.097000003,"ConsDiaPlaca":87.64395142,"ConsMesPlaca":87.64395142,"ConsDiaRede":43.71223831,"ConsMesRede":43.71223831,"Status":"REDE"}