{"CorrPlaca":0.008,"TensPlaca":6.561999798,"CorrRede":0.898000002,"TensRede":0.201000005,"ConsDiaPlaca":79.71784973,"ConsMesPlaca":79.71784973,"ConsDiaRede":30.38001442,"ConsMesRede":30.38001442,"Status":"REDE"}