{"CorrPlaca":0.017000001,"TensPlaca":6.732999802,"CorrRede":0.819000006,"TensRede":0.218999997,"ConsDiaPlaca":88.04154205,"ConsMesPlaca":88.04154205,"ConsDiaRede":44.90035248,"ConsMesRede":44.90035248,"Status":"REDE"}