{"CorrPlaca":5,"TensPlaca":25,"CorrRede":2.13499999,"TensRede":3.802999973,"ConsDiaPlaca":18229.08008,"ConsMesPlaca":18229.08008,"ConsDiaRede":672.0043335,"ConsMesRede":672.0043335,"Status":"REDE"}