{"Corrente":0.500999987,"Tensao":0,"Consumo":0.005563721,"Status":"REDE"}