{"Corrente":0.028000001,"Tensao":0,"Consumo":0.053693287,"Status":"REDE"}