{"CorrPlaca":0.093999997,"TensPlaca":6.671999931,"CorrRede":1,"TensRede":0.170000002,"ConsDiaPlaca":17.52482605,"ConsMesPlaca":17.52482605,"ConsDiaRede":6.255771637,"ConsMesRede":6.255771637,"Status":"REDE"}