{"CorrPlaca":0.018999999,"TensPlaca":6.738999844,"CorrRede":0.851000011,"TensRede":0.238000005,"ConsDiaPlaca":83.86122131,"ConsMesPlaca":83.86122131,"ConsDiaRede":34.89557648,"ConsMesRede":34.89557648,"Status":"REDE"}