{"CorrPlaca":2.342999935,"TensPlaca":18.18000031,"CorrRede":2.910000086,"TensRede":5.097000122,"ConsDiaPlaca":2218.030029,"ConsMesPlaca":2218.030029,"ConsDiaRede":882.7123413,"ConsMesRede":882.7123413,"Status":"REDE"}