{"CorrPlaca":0.404000014,"TensPlaca":18.16200066,"CorrRede":1.501000047,"TensRede":0,"ConsDiaPlaca":4449.400879,"ConsMesPlaca":4449.400879,"ConsDiaRede":1391.643799,"ConsMesRede":1391.643799,"Status":"REDE"}