{"CorrPlaca":0.057999998,"TensPlaca":6.738999844,"CorrRede":0.916000009,"TensRede":0.238000005,"ConsDiaPlaca":70.66348267,"ConsMesPlaca":70.66348267,"ConsDiaRede":27.44609451,"ConsMesRede":27.44609451,"Status":"REDE"}