{"CorrPlaca":0,"TensPlaca":6.630000114,"CorrRede":0.83099997,"TensRede":0.097000003,"ConsDiaPlaca":85.15044403,"ConsMesPlaca":85.15044403,"ConsDiaRede":37.76725388,"ConsMesRede":37.76725388,"Status":"REDE"}