{"CorrPlaca":0,"TensPlaca":6.642000198,"CorrRede":0.763000011,"TensRede":0.218999997,"ConsDiaPlaca":1.587435603,"ConsMesPlaca":1.587435603,"ConsDiaRede":20.96904755,"ConsMesRede":20.96904755,"Status":"REDE"}