{"CorrPlaca":2.460999966,"TensPlaca":25,"CorrRede":3.892999887,"TensRede":4.175000191,"ConsDiaPlaca":577.4539795,"ConsMesPlaca":577.4539795,"ConsDiaRede":213.5375214,"ConsMesRede":213.5375214,"Status":"REDE"}