{"Corrente":0.481000006,"Tensao":0.370000005,"Consumo":0.000049436,"Status":"REDE"}