{"CorrPlaca":0.714999974,"TensPlaca":4.907999992,"CorrRede":1.281999946,"TensRede":2.960000038,"ConsDiaPlaca":115.0943069,"ConsMesPlaca":115.0943069,"ConsDiaRede":99.50145721,"ConsMesRede":99.50145721,"Status":"REDE"}