{"Corrente":14.60900021,"Tensao":1.024999976,"Consumo":6.057395458,"Status":"REDE"}