{"CorrPlaca":0.574999988,"TensPlaca":18.16200066,"CorrRede":1.77699995,"TensRede":2.441999912,"ConsDiaPlaca":4535.796387,"ConsMesPlaca":4535.796387,"ConsDiaRede":1767.926025,"ConsMesRede":1767.926025,"Status":"REDE"}