{"CorrPlaca":0.057999998,"TensPlaca":6.703000069,"CorrRede":0.950999975,"TensRede":0.158000007,"ConsDiaPlaca":63.2760849,"ConsMesPlaca":63.2760849,"ConsDiaRede":23.85912895,"ConsMesRede":23.85912895,"Status":"REDE"}