{"CorrPlaca":5,"TensPlaca":25,"CorrRede":0.717000008,"TensRede":0.652999997,"ConsDiaPlaca":32222.04688,"ConsMesPlaca":32222.04688,"ConsDiaRede":1327.224609,"ConsMesRede":1327.224609,"Status":"REDE"}