{"Corrente":0.409999996,"Tensao":0,"Consumo":0.005563721,"Status":"REDE"}