{"CorrPlaca":0,"TensPlaca":6.544000149,"CorrRede":0.772000015,"TensRede":0.305000007,"ConsDiaPlaca":1.533571362,"ConsMesPlaca":1.533571362,"ConsDiaRede":9.733563423,"ConsMesRede":9.733563423,"Status":"REDE"}