{"CorrPlaca":0.072999999,"TensPlaca":18.06399918,"CorrRede":1.373999953,"TensRede":0.389999986,"ConsDiaPlaca":1144.502197,"ConsMesPlaca":1144.502197,"ConsDiaRede":476.313324,"ConsMesRede":476.313324,"Status":"REDE"}