{"CorrPlaca":0.090999998,"TensPlaca":6.684000015,"CorrRede":0.904999971,"TensRede":0.256000012,"ConsDiaPlaca":74.58909607,"ConsMesPlaca":74.58909607,"ConsDiaRede":28.6032486,"ConsMesRede":28.6032486,"Status":"REDE"}