{"CorrPlaca":5,"TensPlaca":25,"CorrRede":1.348999977,"TensRede":2.496000051,"ConsDiaPlaca":34235.96094,"ConsMesPlaca":34235.96094,"ConsDiaRede":1398.407715,"ConsMesRede":1398.407715,"Status":"REDE"}