{"CorrPlaca":1.605000019,"TensPlaca":18.04000092,"CorrRede":2.323999882,"TensRede":1.861999989,"ConsDiaPlaca":1940.70813,"ConsMesPlaca":1940.70813,"ConsDiaRede":778.8127441,"ConsMesRede":778.8127441,"Status":"REDE"}