{"Corrente":14.47200012,"Tensao":0,"Consumo":0.474916309,"Status":"REDE"}