{"Corrente":0,"Tensao":5.775000095,"Consumo":0.014855118,"Status":"REDE"}