{"CorrPlaca":5,"TensPlaca":25,"CorrRede":0.649999976,"TensRede":0.384000003,"ConsDiaPlaca":21284.61523,"ConsMesPlaca":21284.61523,"ConsDiaRede":808.4366455,"ConsMesRede":808.4366455,"Status":"REDE"}