{"CorrPlaca":3.045000076,"TensPlaca":18.10700035,"CorrRede":3.595000029,"TensRede":7.68599987,"ConsDiaPlaca":833.1713257,"ConsMesPlaca":833.1713257,"ConsDiaRede":266.6894226,"ConsMesRede":266.6894226,"Status":"REDE"}