{"CorrPlaca":0.226999998,"TensPlaca":18.06399918,"CorrRede":1.332000017,"TensRede":0,"ConsDiaPlaca":2623.886719,"ConsMesPlaca":2623.886719,"ConsDiaRede":1036.144775,"ConsMesRede":1036.144775,"Status":"REDE"}