{"Corrente":0,"Tensao":0.768999994,"Consumo":0.07707084,"Status":"REDE"}