{"CorrPlaca":0,"TensPlaca":0,"CorrRede":0.666000009,"TensRede":6.642000198,"ConsDiaPlaca":1.587435603,"ConsMesPlaca":1.587435603,"ConsDiaRede":175.7595673,"ConsMesRede":175.7595673,"Status":"REDE"}