{"CorrPlaca":0.025,"TensPlaca":6.556000233,"CorrRede":0.83099997,"TensRede":0.158000007,"ConsDiaPlaca":85.40783691,"ConsMesPlaca":85.40783691,"ConsDiaRede":38.36965179,"ConsMesRede":38.36965179,"Status":"REDE"}