{"CorrPlaca":2.479000092,"TensPlaca":18.10099983,"CorrRede":3.105000019,"TensRede":7.941999912,"ConsDiaPlaca":2706.458984,"ConsMesPlaca":2706.458984,"ConsDiaRede":1074.256836,"ConsMesRede":1074.256836,"Status":"REDE"}