{"CorrPlaca":0,"TensPlaca":0,"CorrRede":0.606000006,"TensRede":0.029999999,"ConsDiaPlaca":1.587435603,"ConsMesPlaca":1.587435603,"ConsDiaRede":186.8996429,"ConsMesRede":186.8996429,"Status":"REDE"}