{"CorrPlaca":0.075999998,"TensPlaca":18.15600014,"CorrRede":1.351999998,"TensRede":0.244000003,"ConsDiaPlaca":1099.056396,"ConsMesPlaca":1099.056396,"ConsDiaRede":484.8072205,"ConsMesRede":484.8072205,"Status":"REDE"}