{"CorrPlaca":0,"TensPlaca":6.709000111,"CorrRede":0.796999991,"TensRede":0.298999995,"ConsDiaPlaca":1.533571362,"ConsMesPlaca":1.533571362,"ConsDiaRede":9.883758545,"ConsMesRede":9.883758545,"Status":"REDE"}