{"CorrPlaca":0.697000027,"TensPlaca":0,"CorrRede":0.119999997,"TensRede":0,"ConsDiaPlaca":53.32070541,"ConsMesPlaca":53.32070541,"ConsDiaRede":46.33798599,"ConsMesRede":46.33798599,"Status":"REDE"}