{"CorrPlaca":0.045000002,"TensPlaca":6.703000069,"CorrRede":0.879000008,"TensRede":0.207000002,"ConsDiaPlaca":82.28848267,"ConsMesPlaca":82.28848267,"ConsDiaRede":32.83912277,"ConsMesRede":32.83912277,"Status":"REDE"}