{"CorrPlaca":0.078000002,"TensPlaca":6.636000156,"CorrRede":0.99000001,"TensRede":0.317000002,"ConsDiaPlaca":56.60948563,"ConsMesPlaca":56.60948563,"ConsDiaRede":20.42360878,"ConsMesRede":20.42360878,"Status":"REDE"}