{"CorrPlaca":0,"TensPlaca":0.781000018,"CorrRede":0.409999996,"TensRede":0.017999999,"ConsDiaPlaca":0,"ConsMesPlaca":0,"ConsDiaRede":0.247512221,"ConsMesRede":0.247512221,"Status":"REDE"}