{"Corrente":0.277999997,"Tensao":0,"Consumo":0.053693287,"Status":"REDE"}