{"CorrPlaca":3.513999939,"TensPlaca":25,"CorrRede":1.15199995,"TensRede":0,"ConsDiaPlaca":16132.74414,"ConsMesPlaca":16132.74414,"ConsDiaRede":612.9622803,"ConsMesRede":612.9622803,"Status":"REDE"}