{"CorrPlaca":0.071999997,"TensPlaca":6.751999855,"CorrRede":0.990999997,"TensRede":0.354000002,"ConsDiaPlaca":49.53984833,"ConsMesPlaca":49.53984833,"ConsDiaRede":16.94636726,"ConsMesRede":16.94636726,"Status":"REDE"}