{"CorrPlaca":5,"TensPlaca":25,"CorrRede":4.208000183,"TensRede":5.177000046,"ConsDiaPlaca":1451.287231,"ConsMesPlaca":1451.287231,"ConsDiaRede":338.352356,"ConsMesRede":338.352356,"Status":"REDE"}