{"Corrente":2.102999926,"Tensao":0,"Consumo":0.070479967,"Status":"REDE"}