{"CorrPlaca":0.815999985,"TensPlaca":18.06999969,"CorrRede":1.975999951,"TensRede":3.332999945,"ConsDiaPlaca":5051.125,"ConsMesPlaca":5051.125,"ConsDiaRede":1986.551025,"ConsMesRede":1986.551025,"Status":"REDE"}