{"CorrPlaca":1.912999988,"TensPlaca":18.06999969,"CorrRede":2.584000111,"TensRede":3.278000116,"ConsDiaPlaca":3204.699219,"ConsMesPlaca":3204.699219,"ConsDiaRede":1265.614014,"ConsMesRede":1265.614014,"Status":"REDE"}