{"Corrente":10.00199986,"Tensao":0,"Consumo":0.123103738,"Status":"REDE"}