{"CorrPlaca":0,"TensPlaca":0.665000021,"CorrRede":0.372999996,"TensRede":0.097000003,"ConsDiaPlaca":0.014368889,"ConsMesPlaca":0.014368889,"ConsDiaRede":0.486503065,"ConsMesRede":0.486503065,"Status":"REDE"}