{"CorrPlaca":0.116999999,"TensPlaca":6.544000149,"CorrRede":0.990999997,"TensRede":0.268000007,"ConsDiaPlaca":11.34194756,"ConsMesPlaca":11.34194756,"ConsDiaRede":4.260234833,"ConsMesRede":4.260234833,"Status":"REDE"}