{"CorrPlaca":0.039000001,"TensPlaca":6.721000195,"CorrRede":0.925999999,"TensRede":0.207000002,"ConsDiaPlaca":66.53549957,"ConsMesPlaca":66.53549957,"ConsDiaRede":25.46989822,"ConsMesRede":25.46989822,"Status":"REDE"}