{"CorrPlaca":1.212000012,"TensPlaca":18.05800056,"CorrRede":2.030999899,"TensRede":0.774999976,"ConsDiaPlaca":3983.332764,"ConsMesPlaca":3983.332764,"ConsDiaRede":1547.819336,"ConsMesRede":1547.819336,"Status":"REDE"}