{"CorrPlaca":0,"TensPlaca":0,"CorrRede":0.656000018,"TensRede":6.697000027,"ConsDiaPlaca":1.587435603,"ConsMesPlaca":1.587435603,"ConsDiaRede":127.2857056,"ConsMesRede":127.2857056,"Status":"REDE"}