{"CorrPlaca":5,"TensPlaca":25,"CorrRede":2.095999956,"TensRede":1.726999998,"ConsDiaPlaca":13586.25098,"ConsMesPlaca":13586.25098,"ConsDiaRede":577.5732422,"ConsMesRede":577.5732422,"Status":"REDE"}