{"CorrPlaca":5,"TensPlaca":25,"CorrRede":2.552999973,"TensRede":6.727000237,"ConsDiaPlaca":21666.55859,"ConsMesPlaca":21666.55859,"ConsDiaRede":844.0469971,"ConsMesRede":844.0469971,"Status":"REDE"}