{"corrente":0.758000016,"tensao":0,"consumo":0.007096325}