{"Corrente":2.233999968,"Tensao":7.063000202,"Consumo":0.135207847,"Status":"PLACA"}