{"CorrPlaca":2.947999954,"TensPlaca":18.06999969,"CorrRede":3.443000078,"TensRede":7.393000126,"ConsDiaPlaca":1980.188965,"ConsMesPlaca":1980.188965,"ConsDiaRede":613.8421631,"ConsMesRede":613.8421631,"Status":"REDE"}