{"CorrPlaca":2.615999937,"TensPlaca":18.0890007,"CorrRede":3.217000008,"TensRede":7.245999813,"ConsDiaPlaca":4309.944824,"ConsMesPlaca":4309.944824,"ConsDiaRede":1345.491699,"ConsMesRede":1345.491699,"Status":"REDE"}