{"CorrPlaca":0.239999995,"TensPlaca":18.06999969,"CorrRede":1.411999941,"TensRede":0,"ConsDiaPlaca":3427.245117,"ConsMesPlaca":3427.245117,"ConsDiaRede":1069.35376,"ConsMesRede":1069.35376,"Status":"REDE"}