{"CorrPlaca":5,"TensPlaca":18.10099983,"CorrRede":1.05400002,"TensRede":0,"ConsDiaPlaca":12265.45215,"ConsMesPlaca":12265.45215,"ConsDiaRede":538.538147,"ConsMesRede":538.538147,"Status":"REDE"}