{"CorrPlaca":1.636000037,"TensPlaca":18.04000092,"CorrRede":2.559000015,"TensRede":5.047999859,"ConsDiaPlaca":3966.267578,"ConsMesPlaca":3966.267578,"ConsDiaRede":1236.046265,"ConsMesRede":1236.046265,"Status":"REDE"}