{"CorrPlaca":5,"TensPlaca":25,"CorrRede":1.815999985,"TensRede":0.231000006,"ConsDiaPlaca":6428.564941,"ConsMesPlaca":6428.564941,"ConsDiaRede":498.7940369,"ConsMesRede":498.7940369,"Status":"REDE"}