{"CorrPlaca":0.028000001,"TensPlaca":18.06399918,"CorrRede":1.210000038,"TensRede":0,"ConsDiaPlaca":2164.567871,"ConsMesPlaca":2164.567871,"ConsDiaRede":867.2946167,"ConsMesRede":867.2946167,"Status":"REDE"}