{"CorrPlaca":0,"TensPlaca":3.22300005,"CorrRede":0.261999995,"TensRede":0,"ConsDiaPlaca":169.3688507,"ConsMesPlaca":169.3688507,"ConsDiaRede":156.7644196,"ConsMesRede":156.7644196,"Status":"REDE"}