{"CorrPlaca":0.703000009,"TensPlaca":0,"CorrRede":0.126000002,"TensRede":0,"ConsDiaPlaca":37.65569305,"ConsMesPlaca":37.65569305,"ConsDiaRede":31.21637535,"ConsMesRede":31.21637535,"Status":"REDE"}