{"corrente":0.859000027,"tensao":0,"consumo":0.136473447}