{"CorrPlaca":2.121999979,"TensPlaca":18.16200066,"CorrRede":2.809000015,"TensRede":3.997999907,"ConsDiaPlaca":5254.808594,"ConsMesPlaca":5254.808594,"ConsDiaRede":1652.829346,"ConsMesRede":1652.829346,"Status":"REDE"}