{"Corrente":15.45400047,"Tensao":1.090000033,"Consumo":0.004928835,"Status":"REDE"}