{"CorrPlaca":0.103,"TensPlaca":6.709000111,"CorrRede":0.91900003,"TensRede":0.293000013,"ConsDiaPlaca":74.2507019,"ConsMesPlaca":74.2507019,"ConsDiaRede":28.47555923,"ConsMesRede":28.47555923,"Status":"REDE"}