{"CorrPlaca":2.864000082,"TensPlaca":18.10700035,"CorrRede":3.315000057,"TensRede":6.390999794,"ConsDiaPlaca":1515.240845,"ConsMesPlaca":1515.240845,"ConsDiaRede":472.8164368,"ConsMesRede":472.8164368,"Status":"REDE"}