{"Corrente":170.9129944,"Tensao":2.197000027,"Consumo":18.02251816,"Status":"REDE"}