{"CorrPlaca":0,"TensPlaca":0.799000025,"CorrRede":0.449000001,"TensRede":0.035999998,"ConsDiaPlaca":0.009997778,"ConsMesPlaca":0.009997778,"ConsDiaRede":0.739175797,"ConsMesRede":0.739175797,"Status":"REDE"}