{"CorrPlaca":5,"TensPlaca":25,"CorrRede":0.662999988,"TensRede":0,"ConsDiaPlaca":31249.83008,"ConsMesPlaca":31249.83008,"ConsDiaRede":1296.120361,"ConsMesRede":1296.120361,"Status":"REDE"}