{"CorrPlaca":0,"TensPlaca":0,"CorrRede":0.666999996,"TensRede":6.647999763,"ConsDiaPlaca":1.587435603,"ConsMesPlaca":1.587435603,"ConsDiaRede":60.9132843,"ConsMesRede":60.9132843,"Status":"REDE"}