{"CorrPlaca":0,"TensPlaca":0,"CorrRede":0.60799998,"TensRede":0.097000003,"ConsDiaPlaca":1.587435603,"ConsMesPlaca":1.587435603,"ConsDiaRede":186.8945923,"ConsMesRede":186.8945923,"Status":"REDE"}