{"Corrente":2.11500001,"Tensao":0,"Consumo":0.149639666,"Status":"REDE"}