{"CorrPlaca":2.051000118,"TensPlaca":18.10099983,"CorrRede":2.821000099,"TensRede":6.073999882,"ConsDiaPlaca":4007.585449,"ConsMesPlaca":4007.585449,"ConsDiaRede":1253.331543,"ConsMesRede":1253.331543,"Status":"REDE"}