{"Corrente":14.16899967,"Tensao":25.5189991,"Consumo":4.00629282,"Status":"PLACA"}