{"CorrPlaca":2.562000036,"TensPlaca":18.04000092,"CorrRede":3.184000015,"TensRede":7.222000122,"ConsDiaPlaca":3359.580566,"ConsMesPlaca":3359.580566,"ConsDiaRede":1044.131714,"ConsMesRede":1044.131714,"Status":"REDE"}