{"CorrPlaca":0,"TensPlaca":6.684000015,"CorrRede":0.834999979,"TensRede":0.145999998,"ConsDiaPlaca":85.61839294,"ConsMesPlaca":85.61839294,"ConsDiaRede":38.84714508,"ConsMesRede":38.84714508,"Status":"REDE"}