{"CorrPlaca":2.857000113,"TensPlaca":18.125,"CorrRede":3.282999992,"TensRede":6.452000141,"ConsDiaPlaca":1866.862915,"ConsMesPlaca":1866.862915,"ConsDiaRede":573.8345947,"ConsMesRede":573.8345947,"Status":"REDE"}