{"CorrPlaca":0,"TensPlaca":6.556000233,"CorrRede":0.788999975,"TensRede":0.328999996,"ConsDiaPlaca":1.533571362,"ConsMesPlaca":1.533571362,"ConsDiaRede":7.065306187,"ConsMesRede":7.065306187,"Status":"REDE"}