{"CorrPlaca":1.371000051,"TensPlaca":18.13100052,"CorrRede":2.16899991,"TensRede":0.683000028,"ConsDiaPlaca":3688.395264,"ConsMesPlaca":3688.395264,"ConsDiaRede":1155.988281,"ConsMesRede":1155.988281,"Status":"REDE"}