{"Corrente":0.611000001,"Tensao":20.65299988,"Consumo":0.275646418,"Status":"PLACA"}