{"CorrPlaca":0.174999997,"TensPlaca":18.0890007,"CorrRede":1.442000031,"TensRede":0.079000004,"ConsDiaPlaca":5197.261719,"ConsMesPlaca":5197.261719,"ConsDiaRede":1635.169556,"ConsMesRede":1635.169556,"Status":"REDE"}