{"Corrente":2.772000074,"Tensao":0,"Consumo":0.099550068,"Status":"REDE"}