{"CorrPlaca":0.086000003,"TensPlaca":6.659999847,"CorrRede":0.971000016,"TensRede":0.182999998,"ConsDiaPlaca":31.36424637,"ConsMesPlaca":31.36424637,"ConsDiaRede":10.03584862,"ConsMesRede":10.03584862,"Status":"REDE"}