{"CorrPlaca":3.424000025,"TensPlaca":25,"CorrRede":2.400000095,"TensRede":5.829999924,"ConsDiaPlaca":16156.52246,"ConsMesPlaca":16156.52246,"ConsDiaRede":616.848938,"ConsMesRede":616.848938,"Status":"REDE"}