{"Corrente":0.507000029,"Tensao":0,"Consumo":0.004195239,"Status":"REDE"}