{"Corrente":2.961999893,"Tensao":0,"Consumo":0.099550068,"Status":"REDE"}