{"CorrPlaca":0.101000004,"TensPlaca":6.697000027,"CorrRede":0.995999992,"TensRede":0.256000012,"ConsDiaPlaca":34.13491058,"ConsMesPlaca":34.13491058,"ConsDiaRede":10.95849991,"ConsMesRede":10.95849991,"Status":"REDE"}