{"CorrPlaca":0,"TensPlaca":3.22300005,"CorrRede":0.500999987,"TensRede":0.451000005,"ConsDiaPlaca":178.730484,"ConsMesPlaca":178.730484,"ConsDiaRede":164.974884,"ConsMesRede":164.974884,"Status":"REDE"}