{"CorrPlaca":0,"TensPlaca":0,"CorrRede":0.600000024,"TensRede":0,"ConsDiaPlaca":1.587435603,"ConsMesPlaca":1.587435603,"ConsDiaRede":21.15116882,"ConsMesRede":21.15116882,"Status":"REDE"}