{"CorrPlaca":1.590000033,"TensPlaca":18.10700035,"CorrRede":2.525000095,"TensRede":4.803999901,"ConsDiaPlaca":3208.738281,"ConsMesPlaca":3208.738281,"ConsDiaRede":994.8730469,"ConsMesRede":994.8730469,"Status":"REDE"}