{"CorrPlaca":0.657999992,"TensPlaca":3.217000008,"CorrRede":1.082999945,"TensRede":3.28399992,"ConsDiaPlaca":126.0886078,"ConsMesPlaca":126.0886078,"ConsDiaRede":122.6544495,"ConsMesRede":122.6544495,"Status":"REDE"}