{"Corrente":3.53399992,"Tensao":29.42499924,"Consumo":0.503554046,"Status":"PLACA"}