{"CorrPlaca":1.856999993,"TensPlaca":18.10700035,"CorrRede":2.539000034,"TensRede":2.979000092,"ConsDiaPlaca":2288.431885,"ConsMesPlaca":2288.431885,"ConsDiaRede":904.4259033,"ConsMesRede":904.4259033,"Status":"REDE"}