{"CorrPlaca":5,"TensPlaca":25,"CorrRede":1.190999985,"TensRede":0,"ConsDiaPlaca":30659.55664,"ConsMesPlaca":30659.55664,"ConsDiaRede":1271.545654,"ConsMesRede":1271.545654,"Status":"REDE"}