{"CorrPlaca":0,"TensPlaca":6.647999763,"CorrRede":0.796999991,"TensRede":0.182999998,"ConsDiaPlaca":86.56943512,"ConsMesPlaca":86.56943512,"ConsDiaRede":40.78703308,"ConsMesRede":40.78703308,"Status":"REDE"}