{"CorrPlaca":2.851000071,"TensPlaca":18.11300087,"CorrRede":3.378999949,"TensRede":8.107000351,"ConsDiaPlaca":5069.191406,"ConsMesPlaca":5069.191406,"ConsDiaRede":1995.69873,"ConsMesRede":1995.69873,"Status":"REDE"}