{"Corrente":14.94799995,"Tensao":0,"Consumo":0.146355033,"Status":"REDE"}