{"CorrPlaca":5,"TensPlaca":2.599999905,"CorrRede":0.723999977,"TensRede":0.293000013,"ConsDiaPlaca":6844.781738,"ConsMesPlaca":6844.781738,"ConsDiaRede":525.8109741,"ConsMesRede":525.8109741,"Status":"REDE"}