{"CorrPlaca":0,"TensPlaca":0.787,"CorrRede":0.444999993,"TensRede":0.108999997,"ConsDiaPlaca":0.006763611,"ConsMesPlaca":0.006763611,"ConsDiaRede":0.856262267,"ConsMesRede":0.856262267,"Status":"REDE"}