{"CorrPlaca":2.569999933,"TensPlaca":18.05800056,"CorrRede":3.086999893,"TensRede":5.633999825,"ConsDiaPlaca":3482.312012,"ConsMesPlaca":3482.312012,"ConsDiaRede":1091.847046,"ConsMesRede":1091.847046,"Status":"REDE"}