{"corrente":0.781000018,"tensao":0,"consumo":0.011674017}