{"CorrPlaca":0,"TensPlaca":0.787,"CorrRede":0.398999989,"TensRede":0.298999995,"ConsDiaPlaca":0,"ConsMesPlaca":0,"ConsDiaRede":0.522633612,"ConsMesRede":0.522633612,"Status":"REDE"}