{"CorrPlaca":0.002,"TensPlaca":18.04599953,"CorrRede":1.332000017,"TensRede":0.164000005,"ConsDiaPlaca":1411.953857,"ConsMesPlaca":1411.953857,"ConsDiaRede":641.0333862,"ConsMesRede":641.0333862,"Status":"REDE"}