{"CorrPlaca":0,"TensPlaca":6.677999973,"CorrRede":0.825999975,"TensRede":0.103,"ConsDiaPlaca":86.47319794,"ConsMesPlaca":86.47319794,"ConsDiaRede":40.60044098,"ConsMesRede":40.60044098,"Status":"REDE"}