{"CorrPlaca":5,"TensPlaca":25,"CorrRede":2.40199995,"TensRede":4.255000114,"ConsDiaPlaca":11423.56836,"ConsMesPlaca":11423.56836,"ConsDiaRede":351.2267761,"ConsMesRede":351.2267761,"Status":"REDE"}