{"CorrPlaca":0.018999999,"TensPlaca":6.709000111,"CorrRede":0.808000028,"TensRede":0.194999993,"ConsDiaPlaca":87.58409882,"ConsMesPlaca":87.58409882,"ConsDiaRede":43.52035522,"ConsMesRede":43.52035522,"Status":"REDE"}