{"CorrPlaca":5,"TensPlaca":25,"CorrRede":0.637000024,"TensRede":0.256000012,"ConsDiaPlaca":33228.98438,"ConsMesPlaca":33228.98438,"ConsDiaRede":1372.129028,"ConsMesRede":1372.129028,"Status":"REDE"}