{"CorrPlaca":5,"TensPlaca":25,"CorrRede":1.932000041,"TensRede":2.734999895,"ConsDiaPlaca":31388.71875,"ConsMesPlaca":31388.71875,"ConsDiaRede":1297.700806,"ConsMesRede":1297.700806,"Status":"REDE"}