{"CorrPlaca":0.096000001,"TensPlaca":6.653999805,"CorrRede":0.975000024,"TensRede":0.097000003,"ConsDiaPlaca":26.04043961,"ConsMesPlaca":26.04043961,"ConsDiaRede":8.184969902,"ConsMesRede":8.184969902,"Status":"REDE"}