{"CorrPlaca":5,"TensPlaca":3.229000092,"CorrRede":0.846000016,"TensRede":1.422000051,"ConsDiaPlaca":6240.973633,"ConsMesPlaca":6240.973633,"ConsDiaRede":494.3617859,"ConsMesRede":494.3617859,"Status":"REDE"}