{"CorrPlaca":0.009,"TensPlaca":18.06399918,"CorrRede":1.350000024,"TensRede":0.115000002,"ConsDiaPlaca":1269.358032,"ConsMesPlaca":1269.358032,"ConsDiaRede":565.8069458,"ConsMesRede":565.8069458,"Status":"REDE"}