{"CorrPlaca":5,"TensPlaca":3.186000109,"CorrRede":0.931999981,"TensRede":1.549999952,"ConsDiaPlaca":4919.07373,"ConsMesPlaca":4919.07373,"ConsDiaRede":475.2280884,"ConsMesRede":475.2280884,"Status":"REDE"}