{"CorrPlaca":0.481000006,"TensPlaca":18.05800056,"CorrRede":1.582000017,"TensRede":0,"ConsDiaPlaca":2774.344971,"ConsMesPlaca":2774.344971,"ConsDiaRede":1097.101807,"ConsMesRede":1097.101807,"Status":"REDE"}