{"CorrPlaca":2.301000118,"TensPlaca":25,"CorrRede":3.887000084,"TensRede":3.308000088,"ConsDiaPlaca":1050.926147,"ConsMesPlaca":1050.926147,"ConsDiaRede":287.9596558,"ConsMesRede":287.9596558,"Status":"REDE"}