{"CorrPlaca":0,"TensPlaca":0.81099999,"CorrRede":0.500999987,"TensRede":0.879000008,"ConsDiaPlaca":0,"ConsMesPlaca":0,"ConsDiaRede":0.548283637,"ConsMesRede":0.548283637,"Status":"REDE"}