{"CorrPlaca":2.398999929,"TensPlaca":18.05800056,"CorrRede":2.970000029,"TensRede":4.584000111,"ConsDiaPlaca":1883.116455,"ConsMesPlaca":1883.116455,"ConsDiaRede":577.6164551,"ConsMesRede":577.6164551,"Status":"REDE"}