{"Corrente":3.631000042,"Tensao":0,"Consumo":0.057277199,"Status":"REDE"}