{"corrente":0.584999979,"tensao":0.708000004,"consumo":0.0028202}