{"CorrPlaca":5,"TensPlaca":15.62199974,"CorrRede":1.465000033,"TensRede":0.305000007,"ConsDiaPlaca":6192.55127,"ConsMesPlaca":6192.55127,"ConsDiaRede":492.5000305,"ConsMesRede":492.5000305,"Status":"REDE"}