{"CorrPlaca":5,"TensPlaca":25,"CorrRede":0.526000023,"TensRede":0,"ConsDiaPlaca":20590.17578,"ConsMesPlaca":20590.17578,"ConsDiaRede":792.6644287,"ConsMesRede":792.6644287,"Status":"REDE"}