{"CorrPlaca":5,"TensPlaca":25,"CorrRede":2.486999989,"TensRede":7.263999939,"ConsDiaPlaca":10937.45996,"ConsMesPlaca":10937.45996,"ConsDiaRede":332.8816223,"ConsMesRede":332.8816223,"Status":"REDE"}