{"CorrPlaca":2.726000071,"TensPlaca":18.05800056,"CorrRede":3.22300005,"TensRede":6.995999813,"ConsDiaPlaca":2898.80542,"ConsMesPlaca":2898.80542,"ConsDiaRede":1151.130249,"ConsMesRede":1151.130249,"Status":"REDE"}