{"corrente":0.753000021,"tensao":0,"consumo":0.198622882}