{"CorrPlaca":0.052999999,"TensPlaca":6.550000191,"CorrRede":0.92900002,"TensRede":0.097000003,"ConsDiaPlaca":65.18106842,"ConsMesPlaca":65.18106842,"ConsDiaRede":24.89722824,"ConsMesRede":24.89722824,"Status":"REDE"}