{"CorrPlaca":5,"TensPlaca":25,"CorrRede":0.5,"TensRede":0,"ConsDiaPlaca":22812.38477,"ConsMesPlaca":22812.38477,"ConsDiaRede":893.6094971,"ConsMesRede":893.6094971,"Status":"REDE"}