{"CorrPlaca":0.028000001,"TensPlaca":18.10099983,"CorrRede":1.284999967,"TensRede":0.360000014,"ConsDiaPlaca":4364.42041,"ConsMesPlaca":4364.42041,"ConsDiaRede":1700.248657,"ConsMesRede":1700.248657,"Status":"REDE"}