{"CorrPlaca":5,"TensPlaca":25,"CorrRede":0.781000018,"TensRede":0.842000008,"ConsDiaPlaca":21180.44922,"ConsMesPlaca":21180.44922,"ConsDiaRede":807.2730713,"ConsMesRede":807.2730713,"Status":"REDE"}