{"CorrPlaca":2.769999981,"TensPlaca":18.15600014,"CorrRede":3.239000082,"TensRede":7.326000214,"ConsDiaPlaca":4085.47876,"ConsMesPlaca":4085.47876,"ConsDiaRede":1591.210815,"ConsMesRede":1591.210815,"Status":"REDE"}