{"corrente":0.926999986,"tensao":0.666000009,"consumo":0.047613442}