{"CorrPlaca":3.601000071,"TensPlaca":25,"CorrRede":2.177000046,"TensRede":5.506000042,"ConsDiaPlaca":29797.14648,"ConsMesPlaca":29797.14648,"ConsDiaRede":756.6659546,"ConsMesRede":756.6659546,"Status":"REDE"}