{"CorrPlaca":2.476000071,"TensPlaca":18.06999969,"CorrRede":3.112999916,"TensRede":6.978000164,"ConsDiaPlaca":2558.581055,"ConsMesPlaca":2558.581055,"ConsDiaRede":794.9754028,"ConsMesRede":794.9754028,"Status":"REDE"}