{"CorrPlaca":5,"TensPlaca":25,"CorrRede":2.180000067,"TensRede":6.934999943,"ConsDiaPlaca":25208.20117,"ConsMesPlaca":25208.20117,"ConsDiaRede":1027.672729,"ConsMesRede":1027.672729,"Status":"REDE"}