{"CorrPlaca":0,"TensPlaca":0.757000029,"CorrRede":0.458999991,"TensRede":0.671000004,"ConsDiaPlaca":0,"ConsMesPlaca":0,"ConsDiaRede":0.331762522,"ConsMesRede":0.331762522,"Status":"REDE"}