{"CorrPlaca":0.921000004,"TensPlaca":18.10700035,"CorrRede":1.902999997,"TensRede":0,"ConsDiaPlaca":1237.069702,"ConsMesPlaca":1237.069702,"ConsDiaRede":391.1682739,"ConsMesRede":391.1682739,"Status":"REDE"}