{"CorrPlaca":0,"TensPlaca":0,"CorrRede":0.611000001,"TensRede":0.122000001,"ConsDiaPlaca":1.587435603,"ConsMesPlaca":1.587435603,"ConsDiaRede":186.8647766,"ConsMesRede":186.8647766,"Status":"REDE"}