{"CorrPlaca":0.081,"TensPlaca":18.13100052,"CorrRede":1.328999996,"TensRede":0,"ConsDiaPlaca":833.4390259,"ConsMesPlaca":833.4390259,"ConsDiaRede":368.6804199,"ConsMesRede":368.6804199,"Status":"REDE"}