{"CorrPlaca":0,"TensPlaca":0.81099999,"CorrRede":0.449000001,"TensRede":0.25,"ConsDiaPlaca":0.009997778,"ConsMesPlaca":0.009997778,"ConsDiaRede":0.959566355,"ConsMesRede":0.959566355,"Status":"REDE"}