{"CorrPlaca":2.032000065,"TensPlaca":18.06999969,"CorrRede":2.805000067,"TensRede":5.695000172,"ConsDiaPlaca":1990.38855,"ConsMesPlaca":1990.38855,"ConsDiaRede":618.279541,"ConsMesRede":618.279541,"Status":"REDE"}