{"Corrente":0,"Tensao":6.361000061,"Consumo":0.005270754,"Status":"REDE"}