{"CorrPlaca":0.897000015,"TensPlaca":3.118999958,"CorrRede":1.139999986,"TensRede":2.734999895,"ConsDiaPlaca":4880.364258,"ConsMesPlaca":4880.364258,"ConsDiaRede":427.7041321,"ConsMesRede":427.7041321,"Status":"REDE"}