{"CorrPlaca":1.932000041,"TensPlaca":18.06999969,"CorrRede":2.609999895,"TensRede":3.411999941,"ConsDiaPlaca":1119.6875,"ConsMesPlaca":1119.6875,"ConsDiaRede":463.993866,"ConsMesRede":463.993866,"Status":"REDE"}