{"CorrPlaca":0.331999987,"TensPlaca":18.06999969,"CorrRede":1.485000014,"TensRede":0.578999996,"ConsDiaPlaca":98.53237152,"ConsMesPlaca":98.53237152,"ConsDiaRede":46.51583099,"ConsMesRede":46.51583099,"Status":"REDE"}