{"CorrPlaca":0,"TensPlaca":0,"CorrRede":0.643999994,"TensRede":6.684000015,"ConsDiaPlaca":1.587435603,"ConsMesPlaca":1.587435603,"ConsDiaRede":105.5726471,"ConsMesRede":105.5726471,"Status":"REDE"}