{"CorrPlaca":0.374000013,"TensPlaca":18.00900078,"CorrRede":1.523000002,"TensRede":0,"ConsDiaPlaca":4064.312012,"ConsMesPlaca":4064.312012,"ConsDiaRede":1268.9375,"ConsMesRede":1268.9375,"Status":"REDE"}