{"CorrPlaca":0.018999999,"TensPlaca":18.1989994,"CorrRede":1.212000012,"TensRede":0,"ConsDiaPlaca":1406.335693,"ConsMesPlaca":1406.335693,"ConsDiaRede":565.1522217,"ConsMesRede":565.1522217,"Status":"REDE"}