{"CorrPlaca":0,"TensPlaca":6.677999973,"CorrRede":0.800000012,"TensRede":0.347000003,"ConsDiaPlaca":1.533571362,"ConsMesPlaca":1.533571362,"ConsDiaRede":11.85501289,"ConsMesRede":11.85501289,"Status":"REDE"}