{"CorrPlaca":0.722000003,"TensPlaca":0,"CorrRede":0.078000002,"TensRede":0,"ConsDiaPlaca":19.87388039,"ConsMesPlaca":19.87388039,"ConsDiaRede":14.76416206,"ConsMesRede":14.76416206,"Status":"REDE"}