{"Corrente":14.36499977,"Tensao":21.88999939,"Consumo":1.971918344,"Status":"PLACA"}