{"CorrPlaca":0,"TensPlaca":0,"CorrRede":0.404000014,"TensRede":0,"ConsDiaPlaca":168.0245667,"ConsMesPlaca":168.0245667,"ConsDiaRede":10.77167511,"ConsMesRede":10.77167511,"Status":"REDE"}