{"CorrPlaca":0.344999999,"TensPlaca":6.440000057,"CorrRede":1.074000001,"TensRede":0.615999997,"ConsDiaPlaca":14.70513344,"ConsMesPlaca":14.70513344,"ConsDiaRede":3.491321802,"ConsMesRede":3.491321802,"Status":"REDE"}