{"Corrente":2.765000105,"Tensao":0,"Consumo":0.099550068,"Status":"REDE"}