{"CorrPlaca":0,"TensPlaca":0,"CorrRede":0.647000015,"TensRede":6.738999844,"ConsDiaPlaca":1.587435603,"ConsMesPlaca":1.587435603,"ConsDiaRede":74.25819397,"ConsMesRede":74.25819397,"Status":"REDE"}