{"CorrPlaca":0.252999991,"TensPlaca":18.07600021,"CorrRede":1.43900001,"TensRede":0,"ConsDiaPlaca":4857.54834,"ConsMesPlaca":4857.54834,"ConsDiaRede":1506.757202,"ConsMesRede":1506.757202,"Status":"REDE"}