{"Corrente":175.9470062,"Tensao":20.83200073,"Consumo":21.47541237,"Status":"PLACA"}