{"CorrPlaca":5,"TensPlaca":25,"CorrRede":1.585999966,"TensRede":0.268000007,"ConsDiaPlaca":555.555542,"ConsMesPlaca":555.555542,"ConsDiaRede":20.20951462,"ConsMesRede":20.20951462,"Status":"REDE"}