{"CorrPlaca":5,"TensPlaca":25,"CorrRede":2.342999935,"TensRede":4.68200016,"ConsDiaPlaca":14097.16211,"ConsMesPlaca":14097.16211,"ConsDiaRede":476.4004822,"ConsMesRede":476.4004822,"Status":"REDE"}