{"CorrPlaca":0.560000002,"TensPlaca":18.04000092,"CorrRede":1.796000004,"TensRede":1.593000054,"ConsDiaPlaca":160.5466461,"ConsMesPlaca":160.5466461,"ConsDiaRede":71.02996826,"ConsMesRede":71.02996826,"Status":"REDE"}