{"CorrPlaca":0.702000022,"TensPlaca":18.07600021,"CorrRede":1.907999992,"TensRede":1.031000018,"ConsDiaPlaca":1016.86731,"ConsMesPlaca":1016.86731,"ConsDiaRede":316.0324707,"ConsMesRede":316.0324707,"Status":"REDE"}