{"CorrPlaca":0,"TensPlaca":6.642000198,"CorrRede":0.73299998,"TensRede":0.067000002,"ConsDiaPlaca":1.587435603,"ConsMesPlaca":1.587435603,"ConsDiaRede":22.37983322,"ConsMesRede":22.37983322,"Status":"REDE"}