{"CorrPlaca":0.057999998,"TensPlaca":0.81099999,"CorrRede":0.54400003,"TensRede":0.879000008,"ConsDiaPlaca":0.013066111,"ConsMesPlaca":0.013066111,"ConsDiaRede":0.513425767,"ConsMesRede":0.513425767,"Status":"REDE"}