{"CorrPlaca":0,"TensPlaca":6.738999844,"CorrRede":0.764999986,"TensRede":0.293000013,"ConsDiaPlaca":1.587435603,"ConsMesPlaca":1.587435603,"ConsDiaRede":19.98292542,"ConsMesRede":19.98292542,"Status":"REDE"}