{"CorrPlaca":0.039999999,"TensPlaca":0.787,"CorrRede":0.541999996,"TensRede":0.824000001,"ConsDiaPlaca":0.027197776,"ConsMesPlaca":0.027197776,"ConsDiaRede":0.645321429,"ConsMesRede":0.645321429,"Status":"REDE"}