{"corrente":0.750999987,"tensao":0.683000028,"consumo":0.006864311}