{"CorrPlaca":5,"TensPlaca":25,"CorrRede":0.488000005,"TensRede":0,"ConsDiaPlaca":17986.02539,"ConsMesPlaca":17986.02539,"ConsDiaRede":654.9215698,"ConsMesRede":654.9215698,"Status":"REDE"}