{"CorrPlaca":0.711000025,"TensPlaca":0,"CorrRede":0.135000005,"TensRede":0,"ConsDiaPlaca":114.0033951,"ConsMesPlaca":114.0033951,"ConsDiaRede":98.44737244,"ConsMesRede":98.44737244,"Status":"REDE"}