{"Corrente":9.56000042,"Tensao":3.595000029,"Consumo":0.132650465,"Status":"REDE"}