{"Corrente":5,"Tensao":2.727999926,"Consumo":0.066083342,"Status":"REDE"}