{"CorrPlaca":0.078000002,"TensPlaca":6.665999889,"CorrRede":0.99000001,"TensRede":0.273999989,"ConsDiaPlaca":43.48679733,"ConsMesPlaca":43.48679733,"ConsDiaRede":14.35591221,"ConsMesRede":14.35591221,"Status":"REDE"}