{"CorrPlaca":5,"TensPlaca":25,"CorrRede":0.741999984,"TensRede":0,"ConsDiaPlaca":30763.72266,"ConsMesPlaca":30763.72266,"ConsDiaRede":1275.64978,"ConsMesRede":1275.64978,"Status":"REDE"}