{"CorrPlaca":0.375999987,"TensPlaca":18.06399918,"CorrRede":1.486999989,"TensRede":0,"ConsDiaPlaca":2876.787598,"ConsMesPlaca":2876.787598,"ConsDiaRede":895.3661499,"ConsMesRede":895.3661499,"Status":"REDE"}