{"CorrPlaca":0.70599997,"TensPlaca":5.46999979,"CorrRede":1.355999947,"TensRede":2.838000059,"ConsDiaPlaca":85.76805115,"ConsMesPlaca":85.76805115,"ConsDiaRede":76.11844635,"ConsMesRede":76.11844635,"Status":"REDE"}