{"Corrente":0.455000013,"Tensao":1.659999967,"Consumo":0.004405045,"Status":"REDE"}