{"corrente":0.819999993,"tensao":0,"consumo":0.136473447}