{"CorrPlaca":0.291000009,"TensPlaca":18.1989994,"CorrRede":1.437000036,"TensRede":0,"ConsDiaPlaca":4668.062012,"ConsMesPlaca":4668.062012,"ConsDiaRede":1454.448975,"ConsMesRede":1454.448975,"Status":"REDE"}