{"CorrPlaca":0.368000001,"TensPlaca":18.0890007,"CorrRede":1.572999954,"TensRede":0.566999972,"ConsDiaPlaca":4196.460938,"ConsMesPlaca":4196.460938,"ConsDiaRede":1308.822266,"ConsMesRede":1308.822266,"Status":"REDE"}