{"CorrPlaca":0.030999999,"TensPlaca":6.574999809,"CorrRede":0.973999977,"TensRede":0.201000005,"ConsDiaPlaca":58.26099777,"ConsMesPlaca":58.26099777,"ConsDiaRede":21.3117733,"ConsMesRede":21.3117733,"Status":"REDE"}