{"CorrPlaca":0,"TensPlaca":0,"CorrRede":0.611000001,"TensRede":0.072999999,"ConsDiaPlaca":1.587435603,"ConsMesPlaca":1.587435603,"ConsDiaRede":188.5636902,"ConsMesRede":188.5636902,"Status":"REDE"}