{"CorrPlaca":0.100000001,"TensPlaca":6.738999844,"CorrRede":0.957000017,"TensRede":0.298999995,"ConsDiaPlaca":65.67147064,"ConsMesPlaca":65.67147064,"ConsDiaRede":25.07335091,"ConsMesRede":25.07335091,"Status":"REDE"}