{"CorrPlaca":0.041999999,"TensPlaca":6.526000023,"CorrRede":0.860000014,"TensRede":0.115000002,"ConsDiaPlaca":81.97208405,"ConsMesPlaca":81.97208405,"ConsDiaRede":32.49491501,"ConsMesRede":32.49491501,"Status":"REDE"}