{"CorrPlaca":2.637000084,"TensPlaca":18.06999969,"CorrRede":3.203000069,"TensRede":8.125,"ConsDiaPlaca":4071.508789,"ConsMesPlaca":4071.508789,"ConsDiaRede":1584.619507,"ConsMesRede":1584.619507,"Status":"REDE"}