{"CorrPlaca":0.370999992,"TensPlaca":18.10099983,"CorrRede":1.575999975,"TensRede":0.488000005,"ConsDiaPlaca":3398.393555,"ConsMesPlaca":3398.393555,"ConsDiaRede":1055.85376,"ConsMesRede":1055.85376,"Status":"REDE"}