{"CorrPlaca":5,"TensPlaca":25,"CorrRede":2.401000023,"TensRede":6.880000114,"ConsDiaPlaca":21388.78125,"ConsMesPlaca":21388.78125,"ConsDiaRede":817.3966675,"ConsMesRede":817.3966675,"Status":"REDE"}