{"CorrPlaca":5,"TensPlaca":17.86899948,"CorrRede":1.388000011,"TensRede":0,"ConsDiaPlaca":12998.80664,"ConsMesPlaca":12998.80664,"ConsDiaRede":565.826416,"ConsMesRede":565.826416,"Status":"REDE"}