{"CorrPlaca":0.908999979,"TensPlaca":25,"CorrRede":2.757999897,"TensRede":0,"ConsDiaPlaca":309.9609985,"ConsMesPlaca":309.9609985,"ConsDiaRede":181.452301,"ConsMesRede":181.452301,"Status":"REDE"}