{"CorrPlaca":0,"TensPlaca":0.781000018,"CorrRede":0.409999996,"TensRede":0,"ConsDiaPlaca":0.008335277,"ConsMesPlaca":0.008335277,"ConsDiaRede":0.369702518,"ConsMesRede":0.369702518,"Status":"REDE"}