{"CorrPlaca":5,"TensPlaca":25,"CorrRede":0.714999974,"TensRede":0.683000028,"ConsDiaPlaca":13194.38965,"ConsMesPlaca":13194.38965,"ConsDiaRede":435.4260559,"ConsMesRede":435.4260559,"Status":"REDE"}