{"CorrPlaca":2.582000017,"TensPlaca":18.16799927,"CorrRede":3.177999973,"TensRede":7.912000179,"ConsDiaPlaca":4773.241699,"ConsMesPlaca":4773.241699,"ConsDiaRede":1867.383057,"ConsMesRede":1867.383057,"Status":"REDE"}