{"CorrPlaca":5,"TensPlaca":25,"CorrRede":1.621999979,"TensRede":1.166000009,"ConsDiaPlaca":24374.87305,"ConsMesPlaca":24374.87305,"ConsDiaRede":985.5766602,"ConsMesRede":985.5766602,"Status":"REDE"}