{"CorrPlaca":2.836999893,"TensPlaca":18.06999969,"CorrRede":3.351000071,"TensRede":7.428999901,"ConsDiaPlaca":3396.528076,"ConsMesPlaca":3396.528076,"ConsDiaRede":1055.640137,"ConsMesRede":1055.640137,"Status":"REDE"}