{"Corrente":14.58899975,"Tensao":0,"Consumo":1.197687745,"Status":"REDE"}