{"Corrente":15.40400028,"Tensao":0,"Consumo":0.792368889,"Status":"REDE"}