{"CorrPlaca":0.52700001,"TensPlaca":18.08300018,"CorrRede":1.641000032,"TensRede":0,"ConsDiaPlaca":301.8006897,"ConsMesPlaca":301.8006897,"ConsDiaRede":93.37068176,"ConsMesRede":93.37068176,"Status":"REDE"}