{"CorrPlaca":5,"TensPlaca":25,"CorrRede":0.483999997,"TensRede":0,"ConsDiaPlaca":5416.661621,"ConsMesPlaca":5416.661621,"ConsDiaRede":184.8648682,"ConsMesRede":184.8648682,"Status":"REDE"}