{"CorrPlaca":5,"TensPlaca":25,"CorrRede":2.51699996,"TensRede":6.915999889,"ConsDiaPlaca":19374.90625,"ConsMesPlaca":19374.90625,"ConsDiaRede":742.3029175,"ConsMesRede":742.3029175,"Status":"REDE"}