{"CorrPlaca":5,"TensPlaca":2.631000042,"CorrRede":0.800000012,"TensRede":0.097000003,"ConsDiaPlaca":6848.435547,"ConsMesPlaca":6848.435547,"ConsDiaRede":525.8325806,"ConsMesRede":525.8325806,"Status":"REDE"}