{"CorrPlaca":5,"TensPlaca":25,"CorrRede":0.614000022,"TensRede":0,"ConsDiaPlaca":27360.9668,"ConsMesPlaca":27360.9668,"ConsDiaRede":1107.515503,"ConsMesRede":1107.515503,"Status":"REDE"}