{"CorrPlaca":0.083999999,"TensPlaca":6.732999802,"CorrRede":0.981999993,"TensRede":0.286000013,"ConsDiaPlaca":37.53740692,"ConsMesPlaca":37.53740692,"ConsDiaRede":12.08169079,"ConsMesRede":12.08169079,"Status":"REDE"}