{"CorrPlaca":0.702000022,"TensPlaca":5.781000137,"CorrRede":1.414999962,"TensRede":2.21600008,"ConsDiaPlaca":46.27480698,"ConsMesPlaca":46.27480698,"ConsDiaRede":39.16184235,"ConsMesRede":39.16184235,"Status":"REDE"}