{"CorrPlaca":0.096000001,"TensPlaca":6.574999809,"CorrRede":1.013000011,"TensRede":0.158000007,"ConsDiaPlaca":39.6867218,"ConsMesPlaca":39.6867218,"ConsDiaRede":12.75586414,"ConsMesRede":12.75586414,"Status":"REDE"}