{"CorrPlaca":0,"TensPlaca":6.745999813,"CorrRede":0.787,"TensRede":0.268000007,"ConsDiaPlaca":1.587435603,"ConsMesPlaca":1.587435603,"ConsDiaRede":18.20165253,"ConsMesRede":18.20165253,"Status":"REDE"}