{"CorrPlaca":0.206,"TensPlaca":18.16799927,"CorrRede":1.462000012,"TensRede":0.097000003,"ConsDiaPlaca":4699.564941,"ConsMesPlaca":4699.564941,"ConsDiaRede":1462.920044,"ConsMesRede":1462.920044,"Status":"REDE"}