{"CorrPlaca":5,"TensPlaca":25,"CorrRede":0.614000022,"TensRede":0,"ConsDiaPlaca":19548.51563,"ConsMesPlaca":19548.51563,"ConsDiaRede":750.1730957,"ConsMesRede":750.1730957,"Status":"REDE"}