{"CorrPlaca":0.100000001,"TensPlaca":6.544000149,"CorrRede":0.977999985,"TensRede":0.188999996,"ConsDiaPlaca":38.83598328,"ConsMesPlaca":38.83598328,"ConsDiaRede":12.432127,"ConsMesRede":12.432127,"Status":"REDE"}