{"CorrPlaca":5,"TensPlaca":25,"CorrRede":1.383000016,"TensRede":0,"ConsDiaPlaca":31735.9375,"ConsMesPlaca":31735.9375,"ConsDiaRede":1310.643921,"ConsMesRede":1310.643921,"Status":"REDE"}