{"CorrPlaca":0,"TensPlaca":3.118999958,"CorrRede":0.248999998,"TensRede":0,"ConsDiaPlaca":125.500618,"ConsMesPlaca":125.500618,"ConsDiaRede":121.6665192,"ConsMesRede":121.6665192,"Status":"REDE"}