{"CorrPlaca":5,"TensPlaca":25,"CorrRede":2.736000061,"TensRede":0.041999999,"ConsDiaPlaca":1416.564941,"ConsMesPlaca":1416.564941,"ConsDiaRede":332.3009949,"ConsMesRede":332.3009949,"Status":"REDE"}