{"CorrPlaca":2.572000027,"TensPlaca":18.18600082,"CorrRede":3.279999971,"TensRede":6.959000111,"ConsDiaPlaca":397.1654968,"ConsMesPlaca":397.1654968,"ConsDiaRede":125.5959549,"ConsMesRede":125.5959549,"Status":"REDE"}