{"CorrPlaca":0,"TensPlaca":6.709000111,"CorrRede":0.814999998,"TensRede":0.158000007,"ConsDiaPlaca":1.533571362,"ConsMesPlaca":1.533571362,"ConsDiaRede":6.119366646,"ConsMesRede":6.119366646,"Status":"REDE"}