{"CorrPlaca":0.949000001,"TensPlaca":3.198999882,"CorrRede":1.075000048,"TensRede":0.207000002,"ConsDiaPlaca":4908.090332,"ConsMesPlaca":4908.090332,"ConsDiaRede":471.4743042,"ConsMesRede":471.4743042,"Status":"REDE"}