{"CorrPlaca":0.694999993,"TensPlaca":6.361000061,"CorrRede":1.521000028,"TensRede":3.516000032,"ConsDiaPlaca":55.53260803,"ConsMesPlaca":55.53260803,"ConsDiaRede":48.09913254,"ConsMesRede":48.09913254,"Status":"REDE"}