{"CorrPlaca":0.286000013,"TensPlaca":18.0890007,"CorrRede":1.524999976,"TensRede":0.335000008,"ConsDiaPlaca":4710.861328,"ConsMesPlaca":4710.861328,"ConsDiaRede":1463.594482,"ConsMesRede":1463.594482,"Status":"REDE"}