{"CorrPlaca":0.722000003,"TensPlaca":4.926000118,"CorrRede":1.296000004,"TensRede":2.924000025,"ConsDiaPlaca":97.25486755,"ConsMesPlaca":97.25486755,"ConsDiaRede":86.56620789,"ConsMesRede":86.56620789,"Status":"REDE"}