{"CorrPlaca":0,"TensPlaca":0,"CorrRede":0.648000002,"TensRede":6.703000069,"ConsDiaPlaca":1.587435603,"ConsMesPlaca":1.587435603,"ConsDiaRede":70.64498901,"ConsMesRede":70.64498901,"Status":"REDE"}