{"CorrPlaca":5,"TensPlaca":0.939999998,"CorrRede":0.307000011,"TensRede":0,"ConsDiaPlaca":6830.744629,"ConsMesPlaca":6830.744629,"ConsDiaRede":525.3833008,"ConsMesRede":525.3833008,"Status":"REDE"}