{"CorrPlaca":5,"TensPlaca":17.99099922,"CorrRede":1.042000055,"TensRede":0,"ConsDiaPlaca":12441.47559,"ConsMesPlaca":12441.47559,"ConsDiaRede":539.4249878,"ConsMesRede":539.4249878,"Status":"REDE"}