{"CorrPlaca":0,"TensPlaca":6.703000069,"CorrRede":0.833000004,"TensRede":0.122000001,"ConsDiaPlaca":84.45604706,"ConsMesPlaca":84.45604706,"ConsDiaRede":36.34022141,"ConsMesRede":36.34022141,"Status":"REDE"}