{"Corrente":0,"Tensao":6.355000019,"Consumo":0.002576317,"Status":"REDE"}