{"Corrente":-3.332999945,"Tensao":0.519999981,"Consumo":0.006404943,"Status":"REDE"}