{"CorrPlaca":1.177999973,"TensPlaca":18.06999969,"CorrRede":2.207999945,"TensRede":3.894000053,"ConsDiaPlaca":122.9432602,"ConsMesPlaca":122.9432602,"ConsDiaRede":57.98322678,"ConsMesRede":57.98322678,"Status":"REDE"}