{"CorrPlaca":5,"TensPlaca":25,"CorrRede":1.550999999,"TensRede":3.631999969,"ConsDiaPlaca":1527.778442,"ConsMesPlaca":1527.778442,"ConsDiaRede":91.48752594,"ConsMesRede":91.48752594,"Status":"REDE"}