{"CorrPlaca":2.655999899,"TensPlaca":18.05800056,"CorrRede":3.244999886,"TensRede":7.343999863,"ConsDiaPlaca":4095.755859,"ConsMesPlaca":4095.755859,"ConsDiaRede":1281.659546,"ConsMesRede":1281.659546,"Status":"REDE"}