{"CorrPlaca":1.172999978,"TensPlaca":18.05800056,"CorrRede":2.007999897,"TensRede":0.097000003,"ConsDiaPlaca":3758.8479,"ConsMesPlaca":3758.8479,"ConsDiaRede":1169.741943,"ConsMesRede":1169.741943,"Status":"REDE"}