{"CorrPlaca":0.061999999,"TensPlaca":0.787,"CorrRede":0.54400003,"TensRede":0.683000028,"ConsDiaPlaca":0.031049168,"ConsMesPlaca":0.031049168,"ConsDiaRede":0.657043815,"ConsMesRede":0.657043815,"Status":"REDE"}