{"Corrente":0.192000002,"Tensao":0,"Consumo":0.053693287,"Status":"REDE"}