{"CorrPlaca":5,"TensPlaca":25,"CorrRede":0.876999974,"TensRede":1.398000002,"ConsDiaPlaca":2604.168213,"ConsMesPlaca":2604.168213,"ConsDiaRede":123.1034241,"ConsMesRede":123.1034241,"Status":"REDE"}