{"CorrPlaca":0,"TensPlaca":6.715000153,"CorrRede":0.772000015,"TensRede":0.207000002,"ConsDiaPlaca":1.533571362,"ConsMesPlaca":1.533571362,"ConsDiaRede":14.86424923,"ConsMesRede":14.86424923,"Status":"REDE"}