{"CorrPlaca":0.021,"TensPlaca":6.684000015,"CorrRede":0.825999975,"TensRede":0.273999989,"ConsDiaPlaca":87.08555603,"ConsMesPlaca":87.08555603,"ConsDiaRede":42.08906555,"ConsMesRede":42.08906555,"Status":"REDE"}