{"CorrPlaca":0,"TensPlaca":6.715000153,"CorrRede":0.859000027,"TensRede":0.244000003,"ConsDiaPlaca":85.03120422,"ConsMesPlaca":85.03120422,"ConsDiaRede":37.13190842,"ConsMesRede":37.13190842,"Status":"REDE"}