{"CorrPlaca":0,"TensPlaca":18.15600014,"CorrRede":1.26699996,"TensRede":0.103,"ConsDiaPlaca":1475.037354,"ConsMesPlaca":1475.037354,"ConsDiaRede":598.946106,"ConsMesRede":598.946106,"Status":"REDE"}