{"CorrPlaca":5,"TensPlaca":25,"CorrRede":0.541999996,"TensRede":0,"ConsDiaPlaca":25416.5332,"ConsMesPlaca":25416.5332,"ConsDiaRede":1028.660156,"ConsMesRede":1028.660156,"Status":"REDE"}