{"Corrente":0,"Tensao":0.566999972,"Consumo":8.655833881e-6,"Status":"REDE"}