{"CorrPlaca":0.026000001,"TensPlaca":6.684000015,"CorrRede":0.827000022,"TensRede":0.493999988,"ConsDiaPlaca":1.587435603,"ConsMesPlaca":1.587435603,"ConsDiaRede":16.78779221,"ConsMesRede":16.78779221,"Status":"REDE"}