{"Corrente":16.00099945,"Tensao":10.74100018,"Consumo":0.052669596,"Status":"PLACA"}