{"Corrente":0,"Tensao":5.958000183,"Consumo":0.018012863,"Status":"REDE"}