{"CorrPlaca":0.07,"TensPlaca":6.671999931,"CorrRede":0.921000004,"TensRede":0.293000013,"ConsDiaPlaca":70.2773056,"ConsMesPlaca":70.2773056,"ConsDiaRede":27.32484627,"ConsMesRede":27.32484627,"Status":"REDE"}