{"CorrPlaca":0,"TensPlaca":6.532000065,"CorrRede":0.774999976,"TensRede":0.286000013,"ConsDiaPlaca":1.533571362,"ConsMesPlaca":1.533571362,"ConsDiaRede":8.469506264,"ConsMesRede":8.469506264,"Status":"REDE"}