{"CorrPlaca":1.019000053,"TensPlaca":3.217000008,"CorrRede":0.939999998,"TensRede":4.169000149,"ConsDiaPlaca":4893.407227,"ConsMesPlaca":4893.407227,"ConsDiaRede":444.1306763,"ConsMesRede":444.1306763,"Status":"REDE"}