{"CorrPlaca":0.007,"TensPlaca":6.715000153,"CorrRede":0.81400001,"TensRede":0.006,"ConsDiaPlaca":86.2158432,"ConsMesPlaca":86.2158432,"ConsDiaRede":39.80672836,"ConsMesRede":39.80672836,"Status":"REDE"}