{"CorrPlaca":3.161999941,"TensPlaca":18.13699913,"CorrRede":3.743999958,"TensRede":9.578000069,"ConsDiaPlaca":407.5511169,"ConsMesPlaca":407.5511169,"ConsDiaRede":190.6924744,"ConsMesRede":190.6924744,"Status":"REDE"}