{"CorrPlaca":1.659000039,"TensPlaca":18.0890007,"CorrRede":2.635999918,"TensRede":5.421000004,"ConsDiaPlaca":266.5950317,"ConsMesPlaca":266.5950317,"ConsDiaRede":121.5802536,"ConsMesRede":121.5802536,"Status":"REDE"}