{"CorrPlaca":5,"TensPlaca":25,"CorrRede":0.896000028,"TensRede":1.355000019,"ConsDiaPlaca":29617.89648,"ConsMesPlaca":29617.89648,"ConsDiaRede":1221.051514,"ConsMesRede":1221.051514,"Status":"REDE"}