{"Corrente":-3.332999945,"Tensao":0,"Consumo":0.479625434,"Status":"REDE"}