{"CorrPlaca":0,"TensPlaca":3.204999924,"CorrRede":0.419999987,"TensRede":0.115000002,"ConsDiaPlaca":4908.090332,"ConsMesPlaca":4908.090332,"ConsDiaRede":471.5224609,"ConsMesRede":471.5224609,"Status":"REDE"}