{"CorrPlaca":5,"TensPlaca":25,"CorrRede":0.601000011,"TensRede":0.293000013,"ConsDiaPlaca":13819.38574,"ConsMesPlaca":13819.38574,"ConsDiaRede":469.3477173,"ConsMesRede":469.3477173,"Status":"REDE"}