{"CorrPlaca":0,"TensPlaca":18.06399918,"CorrRede":1.218000054,"TensRede":0,"ConsDiaPlaca":98.92709351,"ConsMesPlaca":98.92709351,"ConsDiaRede":38.55357361,"ConsMesRede":38.55357361,"Status":"REDE"}