{"CorrPlaca":0.018999999,"TensPlaca":6.709000111,"CorrRede":0.799000025,"TensRede":0.108999997,"ConsDiaPlaca":87.85235596,"ConsMesPlaca":87.85235596,"ConsDiaRede":44.38323593,"ConsMesRede":44.38323593,"Status":"REDE"}