{"Corrente":14.49199963,"Tensao":0,"Consumo":0.792368889,"Status":"REDE"}