{"CorrPlaca":0,"TensPlaca":6.659999847,"CorrRede":0.82099998,"TensRede":0.432999998,"ConsDiaPlaca":1.533571362,"ConsMesPlaca":1.533571362,"ConsDiaRede":6.218114853,"ConsMesRede":6.218114853,"Status":"REDE"}