{"CorrPlaca":2.464999914,"TensPlaca":25,"CorrRede":3.84800005,"TensRede":3.967999935,"ConsDiaPlaca":773.4401245,"ConsMesPlaca":773.4401245,"ConsDiaRede":244.1069489,"ConsMesRede":244.1069489,"Status":"REDE"}