{"Corrente":13.74300003,"Tensao":0,"Consumo":0.792368889,"Status":"REDE"}