{"CorrPlaca":2.548000097,"TensPlaca":18.04000092,"CorrRede":3.197000027,"TensRede":6.984000206,"ConsDiaPlaca":2086.623291,"ConsMesPlaca":2086.623291,"ConsDiaRede":655.196228,"ConsMesRede":655.196228,"Status":"REDE"}