{"CorrPlaca":0,"TensPlaca":0.824000001,"CorrRede":0.412999988,"TensRede":0.017999999,"ConsDiaPlaca":0.005104722,"ConsMesPlaca":0.005104722,"ConsDiaRede":0.534819484,"ConsMesRede":0.534819484,"Status":"REDE"}