{"CorrPlaca":5,"TensPlaca":25,"CorrRede":1.184000015,"TensRede":2.453999996,"ConsDiaPlaca":21076.2832,"ConsMesPlaca":21076.2832,"ConsDiaRede":802.9456177,"ConsMesRede":802.9456177,"Status":"REDE"}