{"corrente":0,"tensao":2.765000105,"consumo":0.120024957}