{"CorrPlaca":5,"TensPlaca":25,"CorrRede":0.95599997,"TensRede":0,"ConsDiaPlaca":25138.75781,"ConsMesPlaca":25138.75781,"ConsDiaRede":1023.215698,"ConsMesRede":1023.215698,"Status":"REDE"}