{"CorrPlaca":5,"TensPlaca":25,"CorrRede":1.15199995,"TensRede":0,"ConsDiaPlaca":14444.38184,"ConsMesPlaca":14444.38184,"ConsDiaRede":486.8759155,"ConsMesRede":486.8759155,"Status":"REDE"}