{"CorrPlaca":5,"TensPlaca":25,"CorrRede":1.205000043,"TensRede":2.625,"ConsDiaPlaca":19270.74023,"ConsMesPlaca":19270.74023,"ConsDiaRede":733.9462891,"ConsMesRede":733.9462891,"Status":"REDE"}