{"CorrPlaca":0.050000001,"TensPlaca":6.727000237,"CorrRede":0.985000014,"TensRede":0.194999993,"ConsDiaPlaca":49.20580292,"ConsMesPlaca":49.20580292,"ConsDiaRede":16.74707031,"ConsMesRede":16.74707031,"Status":"REDE"}