{"CorrPlaca":0,"TensPlaca":6.709000111,"CorrRede":0.819000006,"TensRede":0.158000007,"ConsDiaPlaca":87.02450562,"ConsMesPlaca":87.02450562,"ConsDiaRede":41.95131683,"ConsMesRede":41.95131683,"Status":"REDE"}