{"CorrPlaca":0.086000003,"TensPlaca":6.684000015,"CorrRede":0.986999989,"TensRede":0.280000001,"ConsDiaPlaca":43.64646912,"ConsMesPlaca":43.64646912,"ConsDiaRede":14.43267918,"ConsMesRede":14.43267918,"Status":"REDE"}