{"CorrPlaca":0.096000001,"TensPlaca":6.550000191,"CorrRede":0.995999992,"TensRede":0,"ConsDiaPlaca":36.10856628,"ConsMesPlaca":36.10856628,"ConsDiaRede":11.56908989,"ConsMesRede":11.56908989,"Status":"REDE"}