{"CorrPlaca":0.561999977,"TensPlaca":18.13100052,"CorrRede":1.736999989,"TensRede":0.256000012,"ConsDiaPlaca":454.6248474,"ConsMesPlaca":454.6248474,"ConsDiaRede":146.2738647,"ConsMesRede":146.2738647,"Status":"REDE"}