{"CorrPlaca":0,"TensPlaca":6.709000111,"CorrRede":0.801999986,"TensRede":0.372000009,"ConsDiaPlaca":1.533571362,"ConsMesPlaca":1.533571362,"ConsDiaRede":16.22355843,"ConsMesRede":16.22355843,"Status":"REDE"}