{"Corrente":15.5340004,"Tensao":3.927000046,"Consumo":0.590562701,"Status":"REDE"}