{"CorrPlaca":0,"TensPlaca":0,"CorrRede":0.611000001,"TensRede":0.085000001,"ConsDiaPlaca":1.587435603,"ConsMesPlaca":1.587435603,"ConsDiaRede":186.944809,"ConsMesRede":186.944809,"Status":"REDE"}