{"CorrPlaca":0.825999975,"TensPlaca":18.125,"CorrRede":1.817999959,"TensRede":0,"ConsDiaPlaca":1683.421143,"ConsMesPlaca":1683.421143,"ConsDiaRede":519.7538452,"ConsMesRede":519.7538452,"Status":"REDE"}