{"CorrPlaca":0.736000001,"TensPlaca":5.085000038,"CorrRede":1.263000011,"TensRede":2.703999996,"ConsDiaPlaca":26.366436,"ConsMesPlaca":26.366436,"ConsDiaRede":21.1317234,"ConsMesRede":21.1317234,"Status":"REDE"}