{"CorrPlaca":0.699999988,"TensPlaca":5.554999828,"CorrRede":1.389000058,"TensRede":4.144999981,"ConsDiaPlaca":27.50730515,"ConsMesPlaca":27.50730515,"ConsDiaRede":22.75981903,"ConsMesRede":22.75981903,"Status":"REDE"}