{"Corrente":0,"Tensao":0.81099999,"Consumo":0.07707084,"Status":"REDE"}