{"CorrPlaca":5,"TensPlaca":25,"CorrRede":2.200999975,"TensRede":6.965000153,"ConsDiaPlaca":23958.21094,"ConsMesPlaca":23958.21094,"ConsDiaRede":959.809082,"ConsMesRede":959.809082,"Status":"REDE"}