{"CorrPlaca":0.564999998,"TensPlaca":18.06999969,"CorrRede":1.782999992,"TensRede":1.654000044,"ConsDiaPlaca":5171.125488,"ConsMesPlaca":5171.125488,"ConsDiaRede":1623.107666,"ConsMesRede":1623.107666,"Status":"REDE"}