{"CorrPlaca":1.108999968,"TensPlaca":18.08300018,"CorrRede":1.965000033,"TensRede":0.067000002,"ConsDiaPlaca":779.072998,"ConsMesPlaca":779.072998,"ConsDiaRede":309.0089417,"ConsMesRede":309.0089417,"Status":"REDE"}