{"CorrPlaca":0,"TensPlaca":6.636000156,"CorrRede":0.801999986,"TensRede":0.097000003,"ConsDiaPlaca":86.80936432,"ConsMesPlaca":86.80936432,"ConsDiaRede":41.48098373,"ConsMesRede":41.48098373,"Status":"REDE"}