{"CorrPlaca":2.638000011,"TensPlaca":18.09499931,"CorrRede":3.226999998,"TensRede":7.295000076,"ConsDiaPlaca":5031.540039,"ConsMesPlaca":5031.540039,"ConsDiaRede":1568.542236,"ConsMesRede":1568.542236,"Status":"REDE"}