{"CorrPlaca":5,"TensPlaca":25,"CorrRede":1.871000051,"TensRede":2.703999996,"ConsDiaPlaca":34131.78906,"ConsMesPlaca":34131.78906,"ConsDiaRede":1396.11731,"ConsMesRede":1396.11731,"Status":"REDE"}