{"CorrPlaca":0.524999976,"TensPlaca":18.04000092,"CorrRede":1.671000004,"TensRede":0,"ConsDiaPlaca":209.0311279,"ConsMesPlaca":209.0311279,"ConsDiaRede":67.49314117,"ConsMesRede":67.49314117,"Status":"REDE"}