{"CorrPlaca":3.444999933,"TensPlaca":25,"CorrRede":1.751999974,"TensRede":1.555999994,"ConsDiaPlaca":16619.67578,"ConsMesPlaca":16619.67578,"ConsDiaRede":642.583313,"ConsMesRede":642.583313,"Status":"REDE"}