{"CorrPlaca":5,"TensPlaca":25,"CorrRede":2.188999891,"TensRede":3.411999941,"ConsDiaPlaca":659.72229,"ConsMesPlaca":659.72229,"ConsDiaRede":24.10380936,"ConsMesRede":24.10380936,"Status":"REDE"}