{"Corrente":14.62800026,"Tensao":1.546000004,"Consumo":6.83573246,"Status":"REDE"}