{"CorrPlaca":2.650000095,"TensPlaca":18.06999969,"CorrRede":3.22300005,"TensRede":7.270999908,"ConsDiaPlaca":3597.594727,"ConsMesPlaca":3597.594727,"ConsDiaRede":1124.594604,"ConsMesRede":1124.594604,"Status":"REDE"}