{"CorrPlaca":0.326000005,"TensPlaca":18.06999969,"CorrRede":1.465000033,"TensRede":0,"ConsDiaPlaca":5071.12207,"ConsMesPlaca":5071.12207,"ConsDiaRede":1582.061035,"ConsMesRede":1582.061035,"Status":"REDE"}