{"Corrente":0.317999989,"Tensao":0,"Consumo":0.053693287,"Status":"REDE"}