{"CorrPlaca":0.725000024,"TensPlaca":18.125,"CorrRede":1.735999942,"TensRede":0,"ConsDiaPlaca":324.2044373,"ConsMesPlaca":324.2044373,"ConsDiaRede":98.68611908,"ConsMesRede":98.68611908,"Status":"REDE"}