{"CorrPlaca":0.467999995,"TensPlaca":18.16200066,"CorrRede":1.659999967,"TensRede":1.868000031,"ConsDiaPlaca":4626.396484,"ConsMesPlaca":4626.396484,"ConsDiaRede":1802.973022,"ConsMesRede":1802.973022,"Status":"REDE"}