{"CorrPlaca":1.822000027,"TensPlaca":18.0890007,"CorrRede":2.301000118,"TensRede":0,"ConsDiaPlaca":2606.873291,"ConsMesPlaca":2606.873291,"ConsDiaRede":801.2252197,"ConsMesRede":801.2252197,"Status":"REDE"}