{"CorrPlaca":2.976000071,"TensPlaca":18.0890007,"CorrRede":3.506999969,"TensRede":8.699000359,"ConsDiaPlaca":1441.696777,"ConsMesPlaca":1441.696777,"ConsDiaRede":582.0335693,"ConsMesRede":582.0335693,"Status":"REDE"}