{"CorrPlaca":0.02,"TensPlaca":6.477000237,"CorrRede":0.839999974,"TensRede":0.207000002,"ConsDiaPlaca":85.07090759,"ConsMesPlaca":85.07090759,"ConsDiaRede":37.21902466,"ConsMesRede":37.21902466,"Status":"REDE"}