{"CorrPlaca":5,"TensPlaca":25,"CorrRede":2.457000017,"TensRede":5.170000076,"ConsDiaPlaca":32916.48438,"ConsMesPlaca":32916.48438,"ConsDiaRede":1360.521729,"ConsMesRede":1360.521729,"Status":"REDE"}