{"CorrPlaca":5,"TensPlaca":0,"CorrRede":0.384000003,"TensRede":0.421000004,"ConsDiaPlaca":6236.48877,"ConsMesPlaca":6236.48877,"ConsDiaRede":493.3346863,"ConsMesRede":493.3346863,"Status":"REDE"}