{"CorrPlaca":1.161000013,"TensPlaca":25,"CorrRede":2.88499999,"TensRede":0,"ConsDiaPlaca":1245.606689,"ConsMesPlaca":1245.606689,"ConsDiaRede":314.8480225,"ConsMesRede":314.8480225,"Status":"REDE"}