{"CorrPlaca":1.866000056,"TensPlaca":25,"CorrRede":2.542000055,"TensRede":3.028000116,"ConsDiaPlaca":13285.00293,"ConsMesPlaca":13285.00293,"ConsDiaRede":570.8471069,"ConsMesRede":570.8471069,"Status":"REDE"}