{"Corrente":0.444000006,"Tensao":5.804999828,"Consumo":0.017310126,"Status":"PLACA"}