{"CorrPlaca":0.717000008,"TensPlaca":1.861999989,"CorrRede":0.574999988,"TensRede":0,"ConsDiaPlaca":33.34902191,"ConsMesPlaca":33.34902191,"ConsDiaRede":26.74362183,"ConsMesRede":26.74362183,"Status":"REDE"}