{"CorrPlaca":5,"TensPlaca":3.234999895,"CorrRede":0.744000018,"TensRede":1.238999963,"ConsDiaPlaca":6637.313477,"ConsMesPlaca":6637.313477,"ConsDiaRede":504.6153259,"ConsMesRede":504.6153259,"Status":"REDE"}