{"CorrPlaca":1.15199995,"TensPlaca":18.05800056,"CorrRede":2.042999983,"TensRede":0.389999986,"ConsDiaPlaca":939.656189,"ConsMesPlaca":939.656189,"ConsDiaRede":416.2307434,"ConsMesRede":416.2307434,"Status":"REDE"}