{"CorrPlaca":0,"TensPlaca":0.879000008,"CorrRede":0.462000012,"TensRede":1.781999946,"ConsDiaPlaca":0,"ConsMesPlaca":0,"ConsDiaRede":0.228689998,"ConsMesRede":0.228689998,"Status":"REDE"}