{"CorrPlaca":0,"TensPlaca":18.1439991,"CorrRede":1.192000031,"TensRede":0,"ConsDiaPlaca":4336.956055,"ConsMesPlaca":4336.956055,"ConsDiaRede":1689.374634,"ConsMesRede":1689.374634,"Status":"REDE"}