{"CorrPlaca":5,"TensPlaca":25,"CorrRede":2.362999916,"TensRede":4.980999947,"ConsDiaPlaca":12534.67188,"ConsMesPlaca":12534.67188,"ConsDiaRede":396.1152039,"ConsMesRede":396.1152039,"Status":"REDE"}