{"Corrente":13.98400021,"Tensao":1.041000009,"Consumo":2.081238508,"Status":"REDE"}