{"CorrPlaca":2.85800004,"TensPlaca":18.06999969,"CorrRede":3.36500001,"TensRede":8.125,"ConsDiaPlaca":4980.063477,"ConsMesPlaca":4980.063477,"ConsDiaRede":1959.376465,"ConsMesRede":1959.376465,"Status":"REDE"}