{"CorrPlaca":1.963000059,"TensPlaca":18.04599953,"CorrRede":2.621000051,"TensRede":3.655999899,"ConsDiaPlaca":2833.487061,"ConsMesPlaca":2833.487061,"ConsDiaRede":1123.542725,"ConsMesRede":1123.542725,"Status":"REDE"}