{"CorrPlaca":0.014,"TensPlaca":6.574999809,"CorrRede":0.796999991,"TensRede":0.115000002,"ConsDiaPlaca":86.83493805,"ConsMesPlaca":86.83493805,"ConsDiaRede":41.62231064,"ConsMesRede":41.62231064,"Status":"REDE"}