{"CorrPlaca":1.411999941,"TensPlaca":25,"CorrRede":2.977999926,"TensRede":0,"ConsDiaPlaca":1223.648315,"ConsMesPlaca":1223.648315,"ConsDiaRede":312.9703674,"ConsMesRede":312.9703674,"Status":"REDE"}