{"CorrPlaca":0.384000003,"TensPlaca":18.07600021,"CorrRede":1.488000035,"TensRede":0,"ConsDiaPlaca":974.4352417,"ConsMesPlaca":974.4352417,"ConsDiaRede":398.6384888,"ConsMesRede":398.6384888,"Status":"REDE"}