{"CorrPlaca":0,"TensPlaca":6.592999935,"CorrRede":0.814999998,"TensRede":0.389999986,"ConsDiaPlaca":1.522501469,"ConsMesPlaca":1.522501469,"ConsDiaRede":5.022446156,"ConsMesRede":5.022446156,"Status":"REDE"}