{"corrente":0.625,"tensao":0.542999983,"consumo":0.005125808}