{"CorrPlaca":0.090000004,"TensPlaca":6.703000069,"CorrRede":0.939999998,"TensRede":0.261999995,"ConsDiaPlaca":67.70368958,"ConsMesPlaca":67.70368958,"ConsDiaRede":26.13698387,"ConsMesRede":26.13698387,"Status":"REDE"}