{"Corrente":14.32900047,"Tensao":0,"Consumo":0.146355033,"Status":"REDE"}