{"CorrPlaca":0.136000007,"TensPlaca":18.11300087,"CorrRede":1.383000016,"TensRede":0,"ConsDiaPlaca":4008.269775,"ConsMesPlaca":4008.269775,"ConsDiaRede":1253.331543,"ConsMesRede":1253.331543,"Status":"REDE"}