{"CorrPlaca":0,"TensPlaca":0.787,"CorrRede":0.492000014,"TensRede":0.115000002,"ConsDiaPlaca":0,"ConsMesPlaca":0,"ConsDiaRede":0.939336061,"ConsMesRede":0.939336061,"Status":"REDE"}