{"CorrPlaca":0.448000014,"TensPlaca":18.16200066,"CorrRede":1.503999949,"TensRede":0,"ConsDiaPlaca":3349.829346,"ConsMesPlaca":3349.829346,"ConsDiaRede":1308.698242,"ConsMesRede":1308.698242,"Status":"REDE"}