{"CorrPlaca":0,"TensPlaca":0.781000018,"CorrRede":0.488000005,"TensRede":0.115000002,"ConsDiaPlaca":0,"ConsMesPlaca":0,"ConsDiaRede":1.03000772,"ConsMesRede":1.03000772,"Status":"REDE"}