{"CorrPlaca":0,"TensPlaca":6.745999813,"CorrRede":0.813000023,"TensRede":0.317000002,"ConsDiaPlaca":1.587435603,"ConsMesPlaca":1.587435603,"ConsDiaRede":18.1430645,"ConsMesRede":18.1430645,"Status":"REDE"}