{"Corrente":14.42300034,"Tensao":2.635999918,"Consumo":0.157549635,"Status":"REDE"}