{"Corrente":0,"Tensao":2.460000038,"Consumo":0.022929607,"Status":"REDE"}