{"CorrPlaca":0,"TensPlaca":25,"CorrRede":2.072000027,"TensRede":1.013000011,"ConsDiaPlaca":13586.93066,"ConsMesPlaca":13586.93066,"ConsDiaRede":581.3613281,"ConsMesRede":581.3613281,"Status":"REDE"}