{"CorrPlaca":0,"TensPlaca":0,"CorrRede":0.640999973,"TensRede":6.671999931,"ConsDiaPlaca":1.587435603,"ConsMesPlaca":1.587435603,"ConsDiaRede":28.39868736,"ConsMesRede":28.39868736,"Status":"REDE"}