{"CorrPlaca":0.012,"TensPlaca":6.684000015,"CorrRede":0.85799998,"TensRede":0.213,"ConsDiaPlaca":84.70648193,"ConsMesPlaca":84.70648193,"ConsDiaRede":36.64276505,"ConsMesRede":36.64276505,"Status":"REDE"}