{"CorrPlaca":5,"TensPlaca":0,"CorrRede":0.499000013,"TensRede":0.573000014,"ConsDiaPlaca":6734.087891,"ConsMesPlaca":6734.087891,"ConsDiaRede":521.8394165,"ConsMesRede":521.8394165,"Status":"REDE"}