{"CorrPlaca":5,"TensPlaca":2.094000101,"CorrRede":0.169,"TensRede":0,"ConsDiaPlaca":4016.786865,"ConsMesPlaca":4016.786865,"ConsDiaRede":409.4418335,"ConsMesRede":409.4418335,"Status":"REDE"}