{"CorrPlaca":5,"TensPlaca":25,"CorrRede":2.26699996,"TensRede":6.934999943,"ConsDiaPlaca":16076.31641,"ConsMesPlaca":16076.31641,"ConsDiaRede":563.0239258,"ConsMesRede":563.0239258,"Status":"REDE"}