{"CorrPlaca":2.673000097,"TensPlaca":18.04599953,"CorrRede":3.226999998,"TensRede":8.246999741,"ConsDiaPlaca":4162.126465,"ConsMesPlaca":4162.126465,"ConsDiaRede":1620.611328,"ConsMesRede":1620.611328,"Status":"REDE"}