{"CorrPlaca":0.067000002,"TensPlaca":6.738999844,"CorrRede":0.970000029,"TensRede":0.261999995,"ConsDiaPlaca":50.92346954,"ConsMesPlaca":50.92346954,"ConsDiaRede":17.61324501,"ConsMesRede":17.61324501,"Status":"REDE"}