{"Corrente":174.9109955,"Tensao":25.30800056,"Consumo":13.67921448,"Status":"PLACA"}