{"CorrPlaca":5,"TensPlaca":25,"CorrRede":1.845999956,"TensRede":3.631999969,"ConsDiaPlaca":35069.33594,"ConsMesPlaca":35069.33594,"ConsDiaRede":1412.234253,"ConsMesRede":1412.234253,"Status":"REDE"}