{"CorrPlaca":0.037,"TensPlaca":0.81099999,"CorrRede":0.54400003,"TensRede":0.5,"ConsDiaPlaca":0.008335277,"ConsMesPlaca":0.008335277,"ConsDiaRede":0.332589179,"ConsMesRede":0.332589179,"Status":"REDE"}