{"CorrPlaca":0.079999998,"TensPlaca":6.727000237,"CorrRede":0.94599998,"TensRede":0.280000001,"ConsDiaPlaca":66.46268463,"ConsMesPlaca":66.46268463,"ConsDiaRede":25.41665459,"ConsMesRede":25.41665459,"Status":"REDE"}