{"CorrPlaca":2.851000071,"TensPlaca":18.06999969,"CorrRede":3.305000067,"TensRede":6.922999859,"ConsDiaPlaca":2969.143066,"ConsMesPlaca":2969.143066,"ConsDiaRede":918.9066162,"ConsMesRede":918.9066162,"Status":"REDE"}