{"CorrPlaca":2.95600009,"TensPlaca":18.04000092,"CorrRede":3.473999977,"TensRede":7.625,"ConsDiaPlaca":1328.816284,"ConsMesPlaca":1328.816284,"ConsDiaRede":424.5765381,"ConsMesRede":424.5765381,"Status":"REDE"}