{"CorrPlaca":5,"TensPlaca":25,"CorrRede":2.013999939,"TensRede":0,"ConsDiaPlaca":138.8888855,"ConsMesPlaca":138.8888855,"ConsDiaRede":7.653343678,"ConsMesRede":7.653343678,"Status":"REDE"}