{"CorrPlaca":0,"TensPlaca":0,"CorrRede":0.616999984,"TensRede":0.090999998,"ConsDiaPlaca":1.587435603,"ConsMesPlaca":1.587435603,"ConsDiaRede":187.4905701,"ConsMesRede":187.4905701,"Status":"REDE"}