{"CorrPlaca":5,"TensPlaca":25,"CorrRede":1.105000019,"TensRede":0,"ConsDiaPlaca":21111.00586,"ConsMesPlaca":21111.00586,"ConsDiaRede":802.9456177,"ConsMesRede":802.9456177,"Status":"REDE"}