{"Corrente":2.259000063,"Tensao":0,"Consumo":0.149639666,"Status":"REDE"}