{"CorrPlaca":0,"TensPlaca":0,"CorrRede":0.653999984,"TensRede":6.727000237,"ConsDiaPlaca":1.587435603,"ConsMesPlaca":1.587435603,"ConsDiaRede":104.3769531,"ConsMesRede":104.3769531,"Status":"REDE"}