{"CorrPlaca":0.291000009,"TensPlaca":18.06399918,"CorrRede":1.503999949,"TensRede":0,"ConsDiaPlaca":1901.008423,"ConsMesPlaca":1901.008423,"ConsDiaRede":584.3711548,"ConsMesRede":584.3711548,"Status":"REDE"}