{"CorrPlaca":5,"TensPlaca":25,"CorrRede":1.616999984,"TensRede":1.398000002,"ConsDiaPlaca":34062.33984,"ConsMesPlaca":34062.33984,"ConsDiaRede":1394.711914,"ConsMesRede":1394.711914,"Status":"REDE"}