{"CorrPlaca":0.583999991,"TensPlaca":18.05800056,"CorrRede":1.825000048,"TensRede":0.5,"ConsDiaPlaca":707.6987915,"ConsMesPlaca":707.6987915,"ConsDiaRede":230.249054,"ConsMesRede":230.249054,"Status":"REDE"}