{"CorrPlaca":0,"TensPlaca":0,"CorrRede":0.592000008,"TensRede":0.103,"ConsDiaPlaca":1.587435603,"ConsMesPlaca":1.587435603,"ConsDiaRede":21.21443558,"ConsMesRede":21.21443558,"Status":"REDE"}