{"CorrPlaca":0.873000026,"TensPlaca":18.04599953,"CorrRede":2.029999971,"TensRede":2.904999971,"ConsDiaPlaca":5424.485352,"ConsMesPlaca":5424.485352,"ConsDiaRede":1709.965088,"ConsMesRede":1709.965088,"Status":"REDE"}