{"CorrPlaca":0,"TensPlaca":0,"CorrRede":0.588999987,"TensRede":0,"ConsDiaPlaca":1.587435603,"ConsMesPlaca":1.587435603,"ConsDiaRede":17.53266907,"ConsMesRede":17.53266907,"Status":"REDE"}