{"CorrPlaca":0,"TensPlaca":0.853999972,"CorrRede":0.556999981,"TensRede":2.398999929,"ConsDiaPlaca":0,"ConsMesPlaca":0,"ConsDiaRede":0.371178627,"ConsMesRede":0.371178627,"Status":"REDE"}