{"Corrente":0.481000006,"Tensao":1.593999982,"Consumo":0.00199098,"Status":"REDE"}