{"Corrente":14.60900021,"Tensao":0.683000028,"Consumo":3.658746958,"Status":"REDE"}