{"CorrPlaca":0.851999998,"TensPlaca":25,"CorrRede":2.655999899,"TensRede":0,"ConsDiaPlaca":702.8567505,"ConsMesPlaca":702.8567505,"ConsDiaRede":231.5604095,"ConsMesRede":231.5604095,"Status":"REDE"}