{"CorrPlaca":0.957000017,"TensPlaca":18.06999969,"CorrRede":2.053999901,"TensRede":3.53399992,"ConsDiaPlaca":1770.030273,"ConsMesPlaca":1770.030273,"ConsDiaRede":709.6641846,"ConsMesRede":709.6641846,"Status":"REDE"}