{"CorrPlaca":0.638000011,"TensPlaca":18.08300018,"CorrRede":1.595000029,"TensRede":0,"ConsDiaPlaca":3247.572021,"ConsMesPlaca":3247.572021,"ConsDiaRede":1276.890259,"ConsMesRede":1276.890259,"Status":"REDE"}