{"CorrPlaca":0,"TensPlaca":0,"CorrRede":0.602999985,"TensRede":0,"ConsDiaPlaca":1.587435603,"ConsMesPlaca":1.587435603,"ConsDiaRede":186.9775696,"ConsMesRede":186.9775696,"Status":"REDE"}