{"CorrPlaca":0.985000014,"TensPlaca":18.06999969,"CorrRede":2.09800005,"TensRede":2.868999958,"ConsDiaPlaca":3051.94043,"ConsMesPlaca":3051.94043,"ConsDiaRede":939.5194092,"ConsMesRede":939.5194092,"Status":"REDE"}