{"CorrPlaca":0.001,"TensPlaca":0.75,"CorrRede":0.559000015,"TensRede":0.676999986,"ConsDiaPlaca":0.005313056,"ConsMesPlaca":0.005313056,"ConsDiaRede":0.67831248,"ConsMesRede":0.67831248,"Status":"REDE"}