{"CorrPlaca":0,"TensPlaca":6.721000195,"CorrRede":0.774999976,"TensRede":0.115000002,"ConsDiaPlaca":1.587435603,"ConsMesPlaca":1.587435603,"ConsDiaRede":22.24449921,"ConsMesRede":22.24449921,"Status":"REDE"}