{"CorrPlaca":3.187999964,"TensPlaca":18.01499939,"CorrRede":3.630000114,"TensRede":8.326999664,"ConsDiaPlaca":552.4855347,"ConsMesPlaca":552.4855347,"ConsDiaRede":251.1467743,"ConsMesRede":251.1467743,"Status":"REDE"}