{"Corrente":-3.332999945,"Tensao":0.781000018,"Consumo":0.003466809,"Status":"REDE"}