{"Corrente":0.039000001,"Tensao":0.799000025,"Consumo":8.655833881e-6,"Status":"REDE"}