{"Corrente":16.12000084,"Tensao":4.903999805,"Consumo":0.792368889,"Status":"REDE"}