{"Corrente":13.98400021,"Tensao":13.67099953,"Consumo":0.993936896,"Status":"PLACA"}