{"CorrPlaca":0,"TensPlaca":6.574999809,"CorrRede":0.808000028,"TensRede":0.293000013,"ConsDiaPlaca":1.533571362,"ConsMesPlaca":1.533571362,"ConsDiaRede":9.00544548,"ConsMesRede":9.00544548,"Status":"REDE"}