{"CorrPlaca":0.716000021,"TensPlaca":1.470999956,"CorrRede":0.521000028,"TensRede":1.172000051,"ConsDiaPlaca":72.99233246,"ConsMesPlaca":72.99233246,"ConsDiaRede":65.58592987,"ConsMesRede":65.58592987,"Status":"REDE"}