{"CorrPlaca":0,"TensPlaca":0,"CorrRede":0.603999972,"TensRede":0.134000003,"ConsDiaPlaca":1.587435603,"ConsMesPlaca":1.587435603,"ConsDiaRede":17.45949554,"ConsMesRede":17.45949554,"Status":"REDE"}