{"CorrPlaca":0,"TensPlaca":0,"CorrRede":0.611999989,"TensRede":0.108999997,"ConsDiaPlaca":1.587435603,"ConsMesPlaca":1.587435603,"ConsDiaRede":187.8886261,"ConsMesRede":187.8886261,"Status":"REDE"}