{"CorrPlaca":5,"TensPlaca":25,"CorrRede":1.657999992,"TensRede":1.055999994,"ConsDiaPlaca":15104.09961,"ConsMesPlaca":15104.09961,"ConsDiaRede":517.1266479,"ConsMesRede":517.1266479,"Status":"REDE"}