{"CorrPlaca":2.470999956,"TensPlaca":18.11300087,"CorrRede":3.112999916,"TensRede":6.989999771,"ConsDiaPlaca":3124.607666,"ConsMesPlaca":3124.607666,"ConsDiaRede":965.2553711,"ConsMesRede":965.2553711,"Status":"REDE"}