{"CorrPlaca":2.775000095,"TensPlaca":18.08300018,"CorrRede":3.316999912,"TensRede":7.539000034,"ConsDiaPlaca":3152.945313,"ConsMesPlaca":3152.945313,"ConsDiaRede":974.6325073,"ConsMesRede":974.6325073,"Status":"REDE"}