{"CorrPlaca":5,"TensPlaca":18.08300018,"CorrRede":2.25,"TensRede":0,"ConsDiaPlaca":3820.1521,"ConsMesPlaca":3820.1521,"ConsDiaRede":402.3035583,"ConsMesRede":402.3035583,"Status":"REDE"}