{"CorrPlaca":0.565999985,"TensPlaca":18.125,"CorrRede":1.77699995,"TensRede":2.094000101,"ConsDiaPlaca":1734.985107,"ConsMesPlaca":1734.985107,"ConsDiaRede":695.3978882,"ConsMesRede":695.3978882,"Status":"REDE"}