{"CorrPlaca":5,"TensPlaca":25,"CorrRede":0.940999985,"TensRede":0,"ConsDiaPlaca":14270.77246,"ConsMesPlaca":14270.77246,"ConsDiaRede":479.528595,"ConsMesRede":479.528595,"Status":"REDE"}