{"CorrPlaca":0.578999996,"TensPlaca":3.210999966,"CorrRede":0.913999975,"TensRede":1.074000001,"ConsDiaPlaca":145.8876648,"ConsMesPlaca":145.8876648,"ConsDiaRede":139.6291809,"ConsMesRede":139.6291809,"Status":"REDE"}