{"CorrPlaca":5,"TensPlaca":25,"CorrRede":2.051000118,"TensRede":2.97300005,"ConsDiaPlaca":15486.04199,"ConsMesPlaca":15486.04199,"ConsDiaRede":533.6809082,"ConsMesRede":533.6809082,"Status":"REDE"}