{"CorrPlaca":0,"TensPlaca":0,"CorrRede":0.430999994,"TensRede":0.108999997,"ConsDiaPlaca":168.0245667,"ConsMesPlaca":168.0245667,"ConsDiaRede":10.69697666,"ConsMesRede":10.69697666,"Status":"REDE"}