{"CorrPlaca":0.211999997,"TensPlaca":18.05800056,"CorrRede":1.442999959,"TensRede":0.873000026,"ConsDiaPlaca":2955.410156,"ConsMesPlaca":2955.410156,"ConsDiaRede":1170.822388,"ConsMesRede":1170.822388,"Status":"REDE"}