{"CorrPlaca":0,"TensPlaca":6.653999805,"CorrRede":0.818000019,"TensRede":0.389999986,"ConsDiaPlaca":1.533571362,"ConsMesPlaca":1.533571362,"ConsDiaRede":7.53538847,"ConsMesRede":7.53538847,"Status":"REDE"}