{"corrente":2.213000059,"tensao":12.07499981,"consumo":0.987505496}