{"CorrPlaca":5,"TensPlaca":18.0890007,"CorrRede":2.190000057,"TensRede":0,"ConsDiaPlaca":3192.16333,"ConsMesPlaca":3192.16333,"ConsDiaRede":382.0011292,"ConsMesRede":382.0011292,"Status":"REDE"}