{"CorrPlaca":0.001,"TensPlaca":6.684000015,"CorrRede":0.824999988,"TensRede":0.182999998,"ConsDiaPlaca":85.81536865,"ConsMesPlaca":85.81536865,"ConsDiaRede":39.1524353,"ConsMesRede":39.1524353,"Status":"REDE"}