{"CorrPlaca":5,"TensPlaca":18.18000031,"CorrRede":1.021000028,"TensRede":0,"ConsDiaPlaca":12290.70215,"ConsMesPlaca":12290.70215,"ConsDiaRede":538.538147,"ConsMesRede":538.538147,"Status":"REDE"}