{"CorrPlaca":5,"TensPlaca":25,"CorrRede":1.050999999,"TensRede":0,"ConsDiaPlaca":20416.56641,"ConsMesPlaca":20416.56641,"ConsDiaRede":788.7963867,"ConsMesRede":788.7963867,"Status":"REDE"}