{"CorrPlaca":0,"TensPlaca":0,"CorrRede":0.611999989,"TensRede":0.079000004,"ConsDiaPlaca":1.587435603,"ConsMesPlaca":1.587435603,"ConsDiaRede":186.8782196,"ConsMesRede":186.8782196,"Status":"REDE"}