{"CorrPlaca":5,"TensPlaca":0,"CorrRede":0.683000028,"TensRede":0.578999996,"ConsDiaPlaca":6275.841797,"ConsMesPlaca":6275.841797,"ConsDiaRede":496.1340942,"ConsMesRede":496.1340942,"Status":"REDE"}