{"CorrPlaca":5,"TensPlaca":18.66300011,"CorrRede":1.914000034,"TensRede":2.197000027,"ConsDiaPlaca":13050.31738,"ConsMesPlaca":13050.31738,"ConsDiaRede":567.2177734,"ConsMesRede":567.2177734,"Status":"REDE"}