{"CorrPlaca":0.344999999,"TensPlaca":18.10700035,"CorrRede":1.404999971,"TensRede":0,"ConsDiaPlaca":3007.797607,"ConsMesPlaca":3007.797607,"ConsDiaRede":1188.188477,"ConsMesRede":1188.188477,"Status":"REDE"}