{"CorrPlaca":5,"TensPlaca":25,"CorrRede":2.266000032,"TensRede":6.971000195,"ConsDiaPlaca":17604.08398,"ConsMesPlaca":17604.08398,"ConsDiaRede":632.5789185,"ConsMesRede":632.5789185,"Status":"REDE"}