{"CorrPlaca":0.032000002,"TensPlaca":18.11300087,"CorrRede":1.286000013,"TensRede":0.201000005,"ConsDiaPlaca":3839.629395,"ConsMesPlaca":3839.629395,"ConsDiaRede":1494.121216,"ConsMesRede":1494.121216,"Status":"REDE"}