{"CorrPlaca":0,"TensPlaca":6.709000111,"CorrRede":0.787999988,"TensRede":0.25,"ConsDiaPlaca":1.533571362,"ConsMesPlaca":1.533571362,"ConsDiaRede":10.11950684,"ConsMesRede":10.11950684,"Status":"REDE"}