{"Corrente":14.27200031,"Tensao":23.54999924,"Consumo":3.797296524,"Status":"PLACA"}