{"CorrPlaca":0.052999999,"TensPlaca":6.677999973,"CorrRede":0.896000028,"TensRede":0.273999989,"ConsDiaPlaca":80.83867645,"ConsMesPlaca":80.83867645,"ConsDiaRede":31.09167099,"ConsMesRede":31.09167099,"Status":"REDE"}