{"CorrPlaca":0.467000008,"TensPlaca":18.11300087,"CorrRede":1.680999994,"TensRede":0.702000022,"ConsDiaPlaca":2475.591797,"ConsMesPlaca":2475.591797,"ConsDiaRede":772.782959,"ConsMesRede":772.782959,"Status":"REDE"}