{"Corrente":14.55000019,"Tensao":0.781000018,"Consumo":1.599232793,"Status":"REDE"}