{"CorrPlaca":0.008,"TensPlaca":6.56799984,"CorrRede":0.859000027,"TensRede":0.628000021,"ConsDiaPlaca":1.425420403,"ConsMesPlaca":1.425420403,"ConsDiaRede":3.36610055,"ConsMesRede":3.36610055,"Status":"REDE"}