{"CorrPlaca":0.07,"TensPlaca":3.112999916,"CorrRede":0.565999985,"TensRede":0.621999979,"ConsDiaPlaca":163.3058624,"ConsMesPlaca":163.3058624,"ConsDiaRede":152.9606628,"ConsMesRede":152.9606628,"Status":"REDE"}