{"CorrPlaca":1.393000007,"TensPlaca":18.06999969,"CorrRede":2.171999931,"TensRede":0.873000026,"ConsDiaPlaca":2546.152832,"ConsMesPlaca":2546.152832,"ConsDiaRede":788.9412842,"ConsMesRede":788.9412842,"Status":"REDE"}