{"Corrente":-3.332999945,"Tensao":6.769999981,"Consumo":0.071570419,"Status":"REDE"}