{"CorrPlaca":1.271000028,"TensPlaca":18.06999969,"CorrRede":2.092000008,"TensRede":0.610000014,"ConsDiaPlaca":4389.915527,"ConsMesPlaca":4389.915527,"ConsDiaRede":1370.737427,"ConsMesRede":1370.737427,"Status":"REDE"}