{"CorrPlaca":5,"TensPlaca":15.62199974,"CorrRede":1.442000031,"TensRede":0,"ConsDiaPlaca":6083.598145,"ConsMesPlaca":6083.598145,"ConsDiaRede":491.0745239,"ConsMesRede":491.0745239,"Status":"REDE"}