{"CorrPlaca":0.52700001,"TensPlaca":18.04000092,"CorrRede":1.565999985,"TensRede":0,"ConsDiaPlaca":2938.581543,"ConsMesPlaca":2938.581543,"ConsDiaRede":909.9271851,"ConsMesRede":909.9271851,"Status":"REDE"}