{"CorrPlaca":3.552999973,"TensPlaca":25,"CorrRede":2.441999912,"TensRede":5.646999836,"ConsDiaPlaca":16303.37012,"ConsMesPlaca":16303.37012,"ConsDiaRede":633.9458618,"ConsMesRede":633.9458618,"Status":"REDE"}