{"CorrPlaca":0,"TensPlaca":0.787,"CorrRede":0.549000025,"TensRede":0.586000025,"ConsDiaPlaca":0,"ConsMesPlaca":0,"ConsDiaRede":0.284291387,"ConsMesRede":0.284291387,"Status":"REDE"}