{"CorrPlaca":5,"TensPlaca":25,"CorrRede":1.845999956,"TensRede":2.642999887,"ConsDiaPlaca":34166.51172,"ConsMesPlaca":34166.51172,"ConsDiaRede":1397.472534,"ConsMesRede":1397.472534,"Status":"REDE"}