{"Corrente":14.57999992,"Tensao":27.24500084,"Consumo":1.789936781,"Status":"PLACA"}