{"Corrente":-3.332999945,"Tensao":0,"Consumo":0.000249706,"Status":"REDE"}