{"CorrPlaca":0.128999993,"TensPlaca":6.721000195,"CorrRede":0.907000005,"TensRede":0.268000007,"ConsDiaPlaca":71.81851196,"ConsMesPlaca":71.81851196,"ConsDiaRede":27.80143547,"ConsMesRede":27.80143547,"Status":"REDE"}