{"Corrente":14.02000046,"Tensao":0,"Consumo":0.792368889,"Status":"REDE"}