{"CorrPlaca":0.116999999,"TensPlaca":6.732999802,"CorrRede":0.920000017,"TensRede":0.244000003,"ConsDiaPlaca":74.80791473,"ConsMesPlaca":74.80791473,"ConsDiaRede":28.66560364,"ConsMesRede":28.66560364,"Status":"REDE"}