{"CorrPlaca":5,"TensPlaca":25,"CorrRede":2.141000032,"TensRede":3.845999956,"ConsDiaPlaca":29409.56445,"ConsMesPlaca":29409.56445,"ConsDiaRede":1211.146484,"ConsMesRede":1211.146484,"Status":"REDE"}