{"CorrPlaca":5,"TensPlaca":25,"CorrRede":3.084000111,"TensRede":0,"ConsDiaPlaca":2284.621338,"ConsMesPlaca":2284.621338,"ConsDiaRede":352.6934814,"ConsMesRede":352.6934814,"Status":"REDE"}