{"CorrPlaca":5,"TensPlaca":25,"CorrRede":2.582999945,"TensRede":6.152999878,"ConsDiaPlaca":1805.556519,"ConsMesPlaca":1805.556519,"ConsDiaRede":97.69544983,"ConsMesRede":97.69544983,"Status":"REDE"}