{"CorrPlaca":0.041000001,"TensPlaca":6.684000015,"CorrRede":0.859000027,"TensRede":0.683000028,"ConsDiaPlaca":1.301482677,"ConsMesPlaca":1.301482677,"ConsDiaRede":2.621685505,"ConsMesRede":2.621685505,"Status":"REDE"}