{"CorrPlaca":0.188999996,"TensPlaca":18.08300018,"CorrRede":1.38499999,"TensRede":0,"ConsDiaPlaca":4885.299805,"ConsMesPlaca":4885.299805,"ConsDiaRede":1514.268677,"ConsMesRede":1514.268677,"Status":"REDE"}