{"CorrPlaca":0.234999999,"TensPlaca":18.10700035,"CorrRede":1.355000019,"TensRede":0,"ConsDiaPlaca":297.8749084,"ConsMesPlaca":297.8749084,"ConsDiaRede":137.5357208,"ConsMesRede":137.5357208,"Status":"REDE"}