{"CorrPlaca":0,"TensPlaca":0,"CorrRede":0.647000015,"TensRede":6.647999763,"ConsDiaPlaca":1.587435603,"ConsMesPlaca":1.587435603,"ConsDiaRede":129.7347107,"ConsMesRede":129.7347107,"Status":"REDE"}