{"CorrPlaca":0,"TensPlaca":6.550000191,"CorrRede":0.763000011,"TensRede":0.140000001,"ConsDiaPlaca":1.533571362,"ConsMesPlaca":1.533571362,"ConsDiaRede":12.12420082,"ConsMesRede":12.12420082,"Status":"REDE"}