{"Corrente":0,"Tensao":0.708000004,"Consumo":0.07707084,"Status":"REDE"}