{"CorrPlaca":5,"TensPlaca":25,"CorrRede":2.545000076,"TensRede":7.032000065,"ConsDiaPlaca":17673.52734,"ConsMesPlaca":17673.52734,"ConsDiaRede":637.5501709,"ConsMesRede":637.5501709,"Status":"REDE"}