{"CorrPlaca":1.243999958,"TensPlaca":18.0340004,"CorrRede":2.302000046,"TensRede":3.186000109,"ConsDiaPlaca":1376.432983,"ConsMesPlaca":1376.432983,"ConsDiaRede":437.9313965,"ConsMesRede":437.9313965,"Status":"REDE"}