{"Corrente":2.029000044,"Tensao":0,"Consumo":0.149639666,"Status":"REDE"}