{"CorrPlaca":0,"TensPlaca":0.676999986,"CorrRede":0.409999996,"TensRede":0.182999998,"ConsDiaPlaca":0,"ConsMesPlaca":0,"ConsDiaRede":0.245588347,"ConsMesRede":0.245588347,"Status":"REDE"}