{"CorrPlaca":0.676999986,"TensPlaca":0.097000003,"CorrRede":0.234999999,"TensRede":0.365999997,"ConsDiaPlaca":80.12793732,"ConsMesPlaca":80.12793732,"ConsDiaRede":72.45708466,"ConsMesRede":72.45708466,"Status":"REDE"}