{"Corrente":2.039000034,"Tensao":0,"Consumo":0.149639666,"Status":"REDE"}