{"CorrPlaca":0,"TensPlaca":6.647999763,"CorrRede":0.788999975,"TensRede":0,"ConsDiaPlaca":1.587435603,"ConsMesPlaca":1.587435603,"ConsDiaRede":18.76834106,"ConsMesRede":18.76834106,"Status":"REDE"}