{"CorrPlaca":0.246999994,"TensPlaca":18.08300018,"CorrRede":1.44599998,"TensRede":0,"ConsDiaPlaca":2882.249512,"ConsMesPlaca":2882.249512,"ConsDiaRede":896.6763306,"ConsMesRede":896.6763306,"Status":"REDE"}