{"CorrPlaca":0.057999998,"TensPlaca":18.10099983,"CorrRede":1.347000003,"TensRede":0,"ConsDiaPlaca":354.6925659,"ConsMesPlaca":354.6925659,"ConsDiaRede":158.8059235,"ConsMesRede":158.8059235,"Status":"REDE"}