{"CorrPlaca":0,"TensPlaca":0.805000007,"CorrRede":0.537,"TensRede":0.421000004,"ConsDiaPlaca":0,"ConsMesPlaca":0,"ConsDiaRede":0.263288051,"ConsMesRede":0.263288051,"Status":"REDE"}