{"CorrPlaca":0.112000003,"TensPlaca":0.720000029,"CorrRede":0.58099997,"TensRede":0.879000008,"ConsDiaPlaca":0.022399999,"ConsMesPlaca":0.022399999,"ConsDiaRede":0.685937822,"ConsMesRede":0.685937822,"Status":"REDE"}