{"CorrPlaca":0,"TensPlaca":6.727000237,"CorrRede":0.768999994,"TensRede":0,"ConsDiaPlaca":1.587435603,"ConsMesPlaca":1.587435603,"ConsDiaRede":22.21974182,"ConsMesRede":22.21974182,"Status":"REDE"}