{"CorrPlaca":0.148000002,"TensPlaca":6.586999893,"CorrRede":0.980000019,"TensRede":0.090999998,"ConsDiaPlaca":22.15337563,"ConsMesPlaca":22.15337563,"ConsDiaRede":7.362963676,"ConsMesRede":7.362963676,"Status":"REDE"}