{"CorrPlaca":0.123000003,"TensPlaca":3.22300005,"CorrRede":0.623000026,"TensRede":0.842000008,"ConsDiaPlaca":168.8823242,"ConsMesPlaca":168.8823242,"ConsDiaRede":156.4621277,"ConsMesRede":156.4621277,"Status":"REDE"}