{"CorrPlaca":0,"TensPlaca":3.204999924,"CorrRede":0.289999992,"TensRede":0,"ConsDiaPlaca":4907.225586,"ConsMesPlaca":4907.225586,"ConsDiaRede":471.2583923,"ConsMesRede":471.2583923,"Status":"REDE"}