{"CorrPlaca":0.057,"TensPlaca":6.738999844,"CorrRede":0.958000004,"TensRede":0.231000006,"ConsDiaPlaca":63.9103775,"ConsMesPlaca":63.9103775,"ConsDiaRede":24.21642876,"ConsMesRede":24.21642876,"Status":"REDE"}