{"CorrPlaca":3.47300005,"TensPlaca":25,"CorrRede":2.470000029,"TensRede":6.043000221,"ConsDiaPlaca":16205.07129,"ConsMesPlaca":16205.07129,"ConsDiaRede":625.1404419,"ConsMesRede":625.1404419,"Status":"REDE"}