{"CorrPlaca":5,"TensPlaca":3.204999924,"CorrRede":0.179000005,"TensRede":0,"ConsDiaPlaca":4863.20166,"ConsMesPlaca":4863.20166,"ConsDiaRede":423.6784973,"ConsMesRede":423.6784973,"Status":"REDE"}