{"CorrPlaca":0.017000001,"TensPlaca":6.727000237,"CorrRede":0.879000008,"TensRede":0.293000013,"ConsDiaPlaca":82.02599335,"ConsMesPlaca":82.02599335,"ConsDiaRede":32.6129303,"ConsMesRede":32.6129303,"Status":"REDE"}