{"CorrPlaca":5,"TensPlaca":25,"CorrRede":2.493000031,"TensRede":6.184000015,"ConsDiaPlaca":18854.07617,"ConsMesPlaca":18854.07617,"ConsDiaRede":711.9002075,"ConsMesRede":711.9002075,"Status":"REDE"}