{"CorrPlaca":0,"TensPlaca":0,"CorrRede":0.658999979,"TensRede":6.738999844,"ConsDiaPlaca":1.587435603,"ConsMesPlaca":1.587435603,"ConsDiaRede":151.4673767,"ConsMesRede":151.4673767,"Status":"REDE"}