{"CorrPlaca":5,"TensPlaca":25,"CorrRede":2.03399992,"TensRede":6.244999886,"ConsDiaPlaca":13124.94629,"ConsMesPlaca":13124.94629,"ConsDiaRede":430.6543579,"ConsMesRede":430.6543579,"Status":"REDE"}