{"Corrente":14.6239996,"Tensao":7.551000118,"Consumo":0.293916255,"Status":"PLACA"}