{"CorrPlaca":0.001,"TensPlaca":0.726000011,"CorrRede":0.528999984,"TensRede":0.518000007,"ConsDiaPlaca":0.000201667,"ConsMesPlaca":0.000201667,"ConsDiaRede":0.56803447,"ConsMesRede":0.56803447,"Status":"REDE"}