{"CorrPlaca":0.254999995,"TensPlaca":18.17399979,"CorrRede":1.498000026,"TensRede":0.890999973,"ConsDiaPlaca":1697.762451,"ConsMesPlaca":1697.762451,"ConsDiaRede":763.331665,"ConsMesRede":763.331665,"Status":"REDE"}