{"CorrPlaca":0.690999985,"TensPlaca":3.191999912,"CorrRede":0.986999989,"TensRede":1.458999991,"ConsDiaPlaca":176.9432678,"ConsMesPlaca":176.9432678,"ConsDiaRede":163.8999481,"ConsMesRede":163.8999481,"Status":"REDE"}