{"CorrPlaca":1.947000027,"TensPlaca":18.05800056,"CorrRede":2.739000082,"TensRede":5.566999912,"ConsDiaPlaca":2539.160645,"ConsMesPlaca":2539.160645,"ConsDiaRede":788.4146118,"ConsMesRede":788.4146118,"Status":"REDE"}