{"CorrPlaca":1.648000002,"TensPlaca":18.0340004,"CorrRede":2.542999983,"TensRede":4.864999771,"ConsDiaPlaca":4368.628906,"ConsMesPlaca":4368.628906,"ConsDiaRede":1363.655762,"ConsMesRede":1363.655762,"Status":"REDE"}