{"Corrente":14.38899994,"Tensao":24.44499969,"Consumo":2.985002518,"Status":"PLACA"}