{"CorrPlaca":2.499000072,"TensPlaca":18.125,"CorrRede":3.124000072,"TensRede":5.512000084,"ConsDiaPlaca":736.7769165,"ConsMesPlaca":736.7769165,"ConsDiaRede":326.4656372,"ConsMesRede":326.4656372,"Status":"REDE"}