{"CorrPlaca":3.094000101,"TensPlaca":18.07600021,"CorrRede":3.51699996,"TensRede":8.675000191,"ConsDiaPlaca":96.86592102,"ConsMesPlaca":96.86592102,"ConsDiaRede":46.27699661,"ConsMesRede":46.27699661,"Status":"REDE"}