{"Corrente":0.47299999,"Tensao":0.458999991,"Consumo":0.00043121,"Status":"REDE"}