{"Corrente":0,"Tensao":1.067999959,"Consumo":8.655833881e-6,"Status":"REDE"}