{"CorrPlaca":0.164000005,"TensPlaca":6.732999802,"CorrRede":1.008000016,"TensRede":0.389999986,"ConsDiaPlaca":2.615762234,"ConsMesPlaca":2.615762234,"ConsDiaRede":1.259444714,"ConsMesRede":1.259444714,"Status":"REDE"}