{"CorrPlaca":0,"TensPlaca":0.683000028,"CorrRede":0.467999995,"TensRede":0.298999995,"ConsDiaPlaca":0.002766667,"ConsMesPlaca":0.002766667,"ConsDiaRede":0.746830523,"ConsMesRede":0.746830523,"Status":"REDE"}