{"CorrPlaca":2.089999914,"TensPlaca":25,"CorrRede":3.346999884,"TensRede":1.715000033,"ConsDiaPlaca":422.856842,"ConsMesPlaca":422.856842,"ConsDiaRede":194.5331268,"ConsMesRede":194.5331268,"Status":"REDE"}