{"CorrPlaca":2.937000036,"TensPlaca":18.10700035,"CorrRede":3.457000017,"TensRede":7.618999958,"ConsDiaPlaca":1268.792358,"ConsMesPlaca":1268.792358,"ConsDiaRede":404.830719,"ConsMesRede":404.830719,"Status":"REDE"}