{"CorrPlaca":2.737999916,"TensPlaca":18.07600021,"CorrRede":3.335999966,"TensRede":7.502999783,"ConsDiaPlaca":3440.992676,"ConsMesPlaca":3440.992676,"ConsDiaRede":1076.306519,"ConsMesRede":1076.306519,"Status":"REDE"}