{"CorrPlaca":0.078000002,"TensPlaca":6.556000233,"CorrRede":0.968999982,"TensRede":0.293000013,"ConsDiaPlaca":60.3868103,"ConsMesPlaca":60.3868103,"ConsDiaRede":22.31246567,"ConsMesRede":22.31246567,"Status":"REDE"}