{"CorrPlaca":0,"TensPlaca":0,"CorrRede":0.665000021,"TensRede":6.738999844,"ConsDiaPlaca":1.587435603,"ConsMesPlaca":1.587435603,"ConsDiaRede":157.580307,"ConsMesRede":157.580307,"Status":"REDE"}