{"CorrPlaca":0,"TensPlaca":0,"CorrRede":0.648000002,"TensRede":6.636000156,"ConsDiaPlaca":1.587435603,"ConsMesPlaca":1.587435603,"ConsDiaRede":139.493927,"ConsMesRede":139.493927,"Status":"REDE"}