{"CorrPlaca":0.018999999,"TensPlaca":6.677999973,"CorrRede":0.870999992,"TensRede":0.194999993,"ConsDiaPlaca":81.50856018,"ConsMesPlaca":81.50856018,"ConsDiaRede":32.05301285,"ConsMesRede":32.05301285,"Status":"REDE"}