{"Corrente":0,"Tensao":0.890999973,"Consumo":0.07707084,"Status":"REDE"}