{"CorrPlaca":5,"TensPlaca":25,"CorrRede":0.637000024,"TensRede":0,"ConsDiaPlaca":25381.8125,"ConsMesPlaca":25381.8125,"ConsDiaRede":1028.660156,"ConsMesRede":1028.660156,"Status":"REDE"}