{"CorrPlaca":5,"TensPlaca":25,"CorrRede":0.611999989,"TensRede":0,"ConsDiaPlaca":10381.9082,"ConsMesPlaca":10381.9082,"ConsDiaRede":308.5528564,"ConsMesRede":308.5528564,"Status":"REDE"}