{"CorrPlaca":0.395000011,"TensPlaca":18.17399979,"CorrRede":1.447999954,"TensRede":0,"ConsDiaPlaca":2517.313965,"ConsMesPlaca":2517.313965,"ConsDiaRede":1000.156006,"ConsMesRede":1000.156006,"Status":"REDE"}