{"Corrente":2.190999985,"Tensao":7.019999981,"Consumo":0.07475242,"Status":"PLACA"}