{"Corrente":17.04899979,"Tensao":4.304999828,"Consumo":0.146355033,"Status":"REDE"}