{"CorrPlaca":5,"TensPlaca":25,"CorrRede":0.495000005,"TensRede":0,"ConsDiaPlaca":31006.77539,"ConsMesPlaca":31006.77539,"ConsDiaRede":1283.885864,"ConsMesRede":1283.885864,"Status":"REDE"}