{"CorrPlaca":0,"TensPlaca":0,"CorrRede":0.605000019,"TensRede":0.097000003,"ConsDiaPlaca":1.587435603,"ConsMesPlaca":1.587435603,"ConsDiaRede":187.6362762,"ConsMesRede":187.6362762,"Status":"REDE"}