{"CorrPlaca":2.770999908,"TensPlaca":3.118999958,"CorrRede":2.078000069,"TensRede":8.003000259,"ConsDiaPlaca":4889.335938,"ConsMesPlaca":4889.335938,"ConsDiaRede":437.3973389,"ConsMesRede":437.3973389,"Status":"REDE"}