{"CorrPlaca":2.167999983,"TensPlaca":18.05200005,"CorrRede":2.937000036,"TensRede":7.05700016,"ConsDiaPlaca":3766.03125,"ConsMesPlaca":3766.03125,"ConsDiaRede":1472.976685,"ConsMesRede":1472.976685,"Status":"REDE"}