{"CorrPlaca":0,"TensPlaca":18.0340004,"CorrRede":1.230000019,"TensRede":0,"ConsDiaPlaca":1171.724243,"ConsMesPlaca":1171.724243,"ConsDiaRede":519.1034546,"ConsMesRede":519.1034546,"Status":"REDE"}