{"CorrPlaca":0.470999986,"TensPlaca":18.11300087,"CorrRede":1.550999999,"TensRede":0,"ConsDiaPlaca":2265.208984,"ConsMesPlaca":2265.208984,"ConsDiaRede":706.6740112,"ConsMesRede":706.6740112,"Status":"REDE"}