{"CorrPlaca":0,"TensPlaca":3.112999916,"CorrRede":0.289000005,"TensRede":0,"ConsDiaPlaca":118.0669556,"ConsMesPlaca":118.0669556,"ConsDiaRede":114.5182648,"ConsMesRede":114.5182648,"Status":"REDE"}