{"CorrPlaca":0.859000027,"TensPlaca":18.13100052,"CorrRede":2.017999887,"TensRede":2.453999996,"ConsDiaPlaca":2786.420654,"ConsMesPlaca":2786.420654,"ConsDiaRede":865.8309937,"ConsMesRede":865.8309937,"Status":"REDE"}