{"CorrPlaca":0.781000018,"TensPlaca":18.11300087,"CorrRede":1.781000018,"TensRede":0,"ConsDiaPlaca":4181.76709,"ConsMesPlaca":4181.76709,"ConsDiaRede":1302.258545,"ConsMesRede":1302.258545,"Status":"REDE"}