{"CorrPlaca":0.017999999,"TensPlaca":0.75,"CorrRede":0.583000004,"TensRede":0.578999996,"ConsDiaPlaca":0.008445833,"ConsMesPlaca":0.008445833,"ConsDiaRede":0.61429143,"ConsMesRede":0.61429143,"Status":"REDE"}