{"CorrPlaca":5,"TensPlaca":3.118999958,"CorrRede":1.152999997,"TensRede":1.281999946,"ConsDiaPlaca":6694.666504,"ConsMesPlaca":6694.666504,"ConsDiaRede":509.8859863,"ConsMesRede":509.8859863,"Status":"REDE"}