{"CorrPlaca":5,"TensPlaca":0,"CorrRede":0.32100001,"TensRede":0,"ConsDiaPlaca":6734.087891,"ConsMesPlaca":6734.087891,"ConsDiaRede":512.7352295,"ConsMesRede":512.7352295,"Status":"REDE"}