{"CorrPlaca":2.542000055,"TensPlaca":18.06999969,"CorrRede":3.105999947,"TensRede":5.041999817,"ConsDiaPlaca":1158.639282,"ConsMesPlaca":1158.639282,"ConsDiaRede":360.4177246,"ConsMesRede":360.4177246,"Status":"REDE"}