{"CorrPlaca":0.075000003,"TensPlaca":6.703000069,"CorrRede":0.995999992,"TensRede":0.286000013,"ConsDiaPlaca":47.59479523,"ConsMesPlaca":47.59479523,"ConsDiaRede":16.10642815,"ConsMesRede":16.10642815,"Status":"REDE"}