{"CorrPlaca":1.190000057,"TensPlaca":18.09499931,"CorrRede":2.210999966,"TensRede":4.382999897,"ConsDiaPlaca":4795.014648,"ConsMesPlaca":4795.014648,"ConsDiaRede":1875.569946,"ConsMesRede":1875.569946,"Status":"REDE"}