{"CorrPlaca":0,"TensPlaca":6.653999805,"CorrRede":0.806999981,"TensRede":0.238000005,"ConsDiaPlaca":1.533571362,"ConsMesPlaca":1.533571362,"ConsDiaRede":10.82797337,"ConsMesRede":10.82797337,"Status":"REDE"}