{"CorrPlaca":0.097000003,"TensPlaca":6.732999802,"CorrRede":0.981999993,"TensRede":0.268000007,"ConsDiaPlaca":47.22558594,"ConsMesPlaca":47.22558594,"ConsDiaRede":15.87392521,"ConsMesRede":15.87392521,"Status":"REDE"}