{"CorrPlaca":0,"TensPlaca":6.556000233,"CorrRede":0.80400002,"TensRede":0.108999997,"ConsDiaPlaca":85.61839294,"ConsMesPlaca":85.61839294,"ConsDiaRede":38.73088455,"ConsMesRede":38.73088455,"Status":"REDE"}