{"CorrPlaca":0,"TensPlaca":18.0890007,"CorrRede":1.144999981,"TensRede":0,"ConsDiaPlaca":2759.8396,"ConsMesPlaca":2759.8396,"ConsDiaRede":1090.486572,"ConsMesRede":1090.486572,"Status":"REDE"}