{"CorrPlaca":1.781000018,"TensPlaca":18.05800056,"CorrRede":2.753999949,"TensRede":6.025000095,"ConsDiaPlaca":906.526001,"ConsMesPlaca":906.526001,"ConsDiaRede":403.1715698,"ConsMesRede":403.1715698,"Status":"REDE"}