{"CorrPlaca":2.128999949,"TensPlaca":18.06399918,"CorrRede":2.792999983,"TensRede":6.971000195,"ConsDiaPlaca":16.41207504,"ConsMesPlaca":16.41207504,"ConsDiaRede":8.826574326,"ConsMesRede":8.826574326,"Status":"REDE"}