{"CorrPlaca":1.628000021,"TensPlaca":18.02099991,"CorrRede":2.391000032,"TensRede":1.166000009,"ConsDiaPlaca":844.5812988,"ConsMesPlaca":844.5812988,"ConsDiaRede":267.8292847,"ConsMesRede":267.8292847,"Status":"REDE"}