{"CorrPlaca":0,"TensPlaca":18.0340004,"CorrRede":1.210999966,"TensRede":0.017999999,"ConsDiaPlaca":3308.845459,"ConsMesPlaca":3308.845459,"ConsDiaRede":1300.894531,"ConsMesRede":1300.894531,"Status":"REDE"}