{"CorrPlaca":5,"TensPlaca":25,"CorrRede":1.590000033,"TensRede":0,"ConsDiaPlaca":19826.29297,"ConsMesPlaca":19826.29297,"ConsDiaRede":762.010437,"ConsMesRede":762.010437,"Status":"REDE"}