{"CorrPlaca":3.256000042,"TensPlaca":18.08300018,"CorrRede":3.693000078,"TensRede":9.583999634,"ConsDiaPlaca":50.21840668,"ConsMesPlaca":50.21840668,"ConsDiaRede":24.24464798,"ConsMesRede":24.24464798,"Status":"REDE"}