{"CorrPlaca":0,"TensPlaca":0,"CorrRede":0.075000003,"TensRede":0,"ConsDiaPlaca":4907.24707,"ConsMesPlaca":4907.24707,"ConsDiaRede":471.4125061,"ConsMesRede":471.4125061,"Status":"REDE"}