{"CorrPlaca":5,"TensPlaca":25,"CorrRede":1.332999945,"TensRede":0,"ConsDiaPlaca":2638.890381,"ConsMesPlaca":2638.890381,"ConsDiaRede":123.1034241,"ConsMesRede":123.1034241,"Status":"REDE"}