{"CorrPlaca":2.819999933,"TensPlaca":18.06999969,"CorrRede":3.346999884,"TensRede":8.484999657,"ConsDiaPlaca":1732.135498,"ConsMesPlaca":1732.135498,"ConsDiaRede":694.3642578,"ConsMesRede":694.3642578,"Status":"REDE"}