{"Corrente":0,"Tensao":0.702000022,"Consumo":0.07707084,"Status":"REDE"}