{"Corrente":14.55000019,"Tensao":0.959999979,"Consumo":1.64207828,"Status":"REDE"}