{"Corrente":0,"Tensao":1.343000054,"Consumo":8.655833881e-6,"Status":"REDE"}