{"CorrPlaca":0.912999988,"TensPlaca":3.191999912,"CorrRede":1.172000051,"TensRede":2.734999895,"ConsDiaPlaca":171.462265,"ConsMesPlaca":171.462265,"ConsDiaRede":158.84935,"ConsMesRede":158.84935,"Status":"REDE"}