{"CorrPlaca":0.032000002,"TensPlaca":6.677999973,"CorrRede":0.921000004,"TensRede":0.182999998,"ConsDiaPlaca":64.78070831,"ConsMesPlaca":64.78070831,"ConsDiaRede":24.69215775,"ConsMesRede":24.69215775,"Status":"REDE"}