{"CorrPlaca":5,"TensPlaca":25,"CorrRede":0.721000016,"TensRede":0,"ConsDiaPlaca":33958.16797,"ConsMesPlaca":33958.16797,"ConsDiaRede":1393.276367,"ConsMesRede":1393.276367,"Status":"REDE"}