{"CorrPlaca":0,"TensPlaca":6.738999844,"CorrRede":0.776000023,"TensRede":0.268000007,"ConsDiaPlaca":1.533571362,"ConsMesPlaca":1.533571362,"ConsDiaRede":14.92201805,"ConsMesRede":14.92201805,"Status":"REDE"}