{"CorrPlaca":1.738999963,"TensPlaca":18.09499931,"CorrRede":2.578000069,"TensRede":5.84800005,"ConsDiaPlaca":2148.818115,"ConsMesPlaca":2148.818115,"ConsDiaRede":862.0639038,"ConsMesRede":862.0639038,"Status":"REDE"}