{"CorrPlaca":0.078000002,"TensPlaca":6.684000015,"CorrRede":0.995999992,"TensRede":0.158000007,"ConsDiaPlaca":41.2952919,"ConsMesPlaca":41.2952919,"ConsDiaRede":13.33711433,"ConsMesRede":13.33711433,"Status":"REDE"}