{"Corrente":2.769000053,"Tensao":0.194999993,"Consumo":0.099700056,"Status":"REDE"}