{"Corrente":2.517999887,"Tensao":5.860000134,"Consumo":0.013430992,"Status":"PLACA"}