{"Corrente":3.614000082,"Tensao":0.781000018,"Consumo":0.018828619,"Status":"REDE"}