{"CorrPlaca":5,"TensPlaca":25,"CorrRede":1.59800005,"TensRede":0,"ConsDiaPlaca":11284.67969,"ConsMesPlaca":11284.67969,"ConsDiaRede":348.3877563,"ConsMesRede":348.3877563,"Status":"REDE"}