{"CorrPlaca":0.032000002,"TensPlaca":18.0890007,"CorrRede":1.271999955,"TensRede":0.207000002,"ConsDiaPlaca":3118.459473,"ConsMesPlaca":3118.459473,"ConsDiaRede":1230.618774,"ConsMesRede":1230.618774,"Status":"REDE"}