{"CorrPlaca":2.056999922,"TensPlaca":18.06999969,"CorrRede":2.457000017,"TensRede":0.041999999,"ConsDiaPlaca":2895.084229,"ConsMesPlaca":2895.084229,"ConsDiaRede":897.2235718,"ConsMesRede":897.2235718,"Status":"REDE"}