{"CorrPlaca":3.54399991,"TensPlaca":25,"CorrRede":0.800000012,"TensRede":0,"ConsDiaPlaca":16376.00781,"ConsMesPlaca":16376.00781,"ConsDiaRede":634.3799438,"ConsMesRede":634.3799438,"Status":"REDE"}