{"CorrPlaca":0,"TensPlaca":18.06999969,"CorrRede":1.27699995,"TensRede":0,"ConsDiaPlaca":762.3232422,"ConsMesPlaca":762.3232422,"ConsDiaRede":305.0242004,"ConsMesRede":305.0242004,"Status":"REDE"}