{"CorrPlaca":5,"TensPlaca":25,"CorrRede":0.843999982,"TensRede":1.141000032,"ConsDiaPlaca":15138.82227,"ConsMesPlaca":15138.82227,"ConsDiaRede":517.394165,"ConsMesRede":517.394165,"Status":"REDE"}