{"corrente":0.643999994,"tensao":0.666000009,"consumo":0.045898493}