{"CorrPlaca":0,"TensPlaca":6.721000195,"CorrRede":0.833000004,"TensRede":0,"ConsDiaPlaca":85.33860779,"ConsMesPlaca":85.33860779,"ConsDiaRede":38.28768158,"ConsMesRede":38.28768158,"Status":"REDE"}