{"CorrPlaca":0.598999977,"TensPlaca":18.17399979,"CorrRede":1.649999976,"TensRede":0,"ConsDiaPlaca":4897.832031,"ConsMesPlaca":4897.832031,"ConsDiaRede":1514.487915,"ConsMesRede":1514.487915,"Status":"REDE"}