{"corrente":0.722000003,"tensao":3.739000082,"consumo":0.04692303}