{"Corrente":14.27700043,"Tensao":0,"Consumo":1.569644928,"Status":"REDE"}