{"CorrPlaca":0,"TensPlaca":0,"CorrRede":0.593999982,"TensRede":0.097000003,"ConsDiaPlaca":1.587435603,"ConsMesPlaca":1.587435603,"ConsDiaRede":21.68520164,"ConsMesRede":21.68520164,"Status":"REDE"}