{"CorrPlaca":1.547000051,"TensPlaca":18.05200005,"CorrRede":2.312999964,"TensRede":1.819000006,"ConsDiaPlaca":1066.994507,"ConsMesPlaca":1066.994507,"ConsDiaRede":437.1094666,"ConsMesRede":437.1094666,"Status":"REDE"}