{"CorrPlaca":1.111999989,"TensPlaca":18.05200005,"CorrRede":2.029999971,"TensRede":0,"ConsDiaPlaca":1127.808228,"ConsMesPlaca":1127.808228,"ConsDiaRede":353.874939,"ConsMesRede":353.874939,"Status":"REDE"}