{"CorrPlaca":1.080000043,"TensPlaca":18.09499931,"CorrRede":2.167999983,"TensRede":3.821000099,"ConsDiaPlaca":289.383606,"ConsMesPlaca":289.383606,"ConsDiaRede":101.7692642,"ConsMesRede":101.7692642,"Status":"REDE"}