{"CorrPlaca":0,"TensPlaca":6.574999809,"CorrRede":0.768000007,"TensRede":0.256000012,"ConsDiaPlaca":1.533571362,"ConsMesPlaca":1.533571362,"ConsDiaRede":10.28581238,"ConsMesRede":10.28581238,"Status":"REDE"}