{"CorrPlaca":3.242000103,"TensPlaca":18.06999969,"CorrRede":3.714999914,"TensRede":9.767999649,"ConsDiaPlaca":214.2127228,"ConsMesPlaca":214.2127228,"ConsDiaRede":99.41592407,"ConsMesRede":99.41592407,"Status":"REDE"}