{"CorrPlaca":0.001,"TensPlaca":6.671999931,"CorrRede":0.862999976,"TensRede":0.194999993,"ConsDiaPlaca":84.03287506,"ConsMesPlaca":84.03287506,"ConsDiaRede":35.45209122,"ConsMesRede":35.45209122,"Status":"REDE"}