{"CorrPlaca":5,"TensPlaca":25,"CorrRede":2.38499999,"TensRede":7.222000122,"ConsDiaPlaca":24409.5957,"ConsMesPlaca":24409.5957,"ConsDiaRede":990.3612671,"ConsMesRede":990.3612671,"Status":"REDE"}