{"Corrente":0,"Tensao":1.074000001,"Consumo":8.655833881e-6,"Status":"REDE"}