{"Corrente":2.421000004,"Tensao":33.9109993,"Consumo":0.305982649,"Status":"PLACA"}