{"CorrPlaca":0.68900001,"TensPlaca":18.06999969,"CorrRede":1.835000038,"TensRede":2.631000042,"ConsDiaPlaca":2028.351807,"ConsMesPlaca":2028.351807,"ConsDiaRede":814.5028076,"ConsMesRede":814.5028076,"Status":"REDE"}