{"CorrPlaca":2.694999933,"TensPlaca":18.15600014,"CorrRede":3.20600009,"TensRede":5.737999916,"ConsDiaPlaca":2073.855225,"ConsMesPlaca":2073.855225,"ConsDiaRede":648.9940796,"ConsMesRede":648.9940796,"Status":"REDE"}