{"Corrente":0.465999991,"Tensao":0,"Consumo":0.000573213,"Status":"REDE"}