{"CorrPlaca":0.057999998,"TensPlaca":6.709000111,"CorrRede":0.896000028,"TensRede":0.261999995,"ConsDiaPlaca":79.42247772,"ConsMesPlaca":79.42247772,"ConsDiaRede":30.10342598,"ConsMesRede":30.10342598,"Status":"REDE"}