{"CorrPlaca":0,"TensPlaca":6.513999939,"CorrRede":0.785000026,"TensRede":0.194999993,"ConsDiaPlaca":1.533571362,"ConsMesPlaca":1.533571362,"ConsDiaRede":10.06478405,"ConsMesRede":10.06478405,"Status":"REDE"}