{"CorrPlaca":0.169,"TensPlaca":18.14999962,"CorrRede":1.378999949,"TensRede":0,"ConsDiaPlaca":3466.572021,"ConsMesPlaca":3466.572021,"ConsDiaRede":1087.015869,"ConsMesRede":1087.015869,"Status":"REDE"}