{"Corrente":14.51099968,"Tensao":1.399000049,"Consumo":0.048145346,"Status":"REDE"}