{"CorrPlaca":0.002,"TensPlaca":6.532000065,"CorrRede":0.859000027,"TensRede":0.170000002,"ConsDiaPlaca":81.8903656,"ConsMesPlaca":81.8903656,"ConsDiaRede":32.46744156,"ConsMesRede":32.46744156,"Status":"REDE"}