{"CorrPlaca":0.702000022,"TensPlaca":3.638000011,"CorrRede":0.912999988,"TensRede":2.417000055,"ConsDiaPlaca":14.15206337,"ConsMesPlaca":14.15206337,"ConsDiaRede":8.156353951,"ConsMesRede":8.156353951,"Status":"REDE"}