{"CorrPlaca":0.684000015,"TensPlaca":0,"CorrRede":0.075999998,"TensRede":0,"ConsDiaPlaca":26.42716599,"ConsMesPlaca":26.42716599,"ConsDiaRede":21.16053963,"ConsMesRede":21.16053963,"Status":"REDE"}