{"CorrPlaca":2.220999956,"TensPlaca":18.08300018,"CorrRede":2.84800005,"TensRede":3.663000107,"ConsDiaPlaca":1301.137329,"ConsMesPlaca":1301.137329,"ConsDiaRede":414.1498718,"ConsMesRede":414.1498718,"Status":"REDE"}