{"CorrPlaca":3.007999897,"TensPlaca":18.11300087,"CorrRede":3.454999924,"TensRede":8.600999832,"ConsDiaPlaca":1426.743164,"ConsMesPlaca":1426.743164,"ConsDiaRede":573.5593262,"ConsMesRede":573.5593262,"Status":"REDE"}