{"CorrPlaca":5,"TensPlaca":25,"CorrRede":2.496000051,"TensRede":6.073999882,"ConsDiaPlaca":16215.2041,"ConsMesPlaca":16215.2041,"ConsDiaRede":573.2727051,"ConsMesRede":573.2727051,"Status":"REDE"}