{"CorrPlaca":5,"TensPlaca":25,"CorrRede":2.517999887,"TensRede":6.506999969,"ConsDiaPlaca":28506.79297,"ConsMesPlaca":28506.79297,"ConsDiaRede":1165.119141,"ConsMesRede":1165.119141,"Status":"REDE"}