{"CorrPlaca":5,"TensPlaca":25,"CorrRede":1.562000036,"TensRede":4.309999943,"ConsDiaPlaca":17708.25,"ConsMesPlaca":17708.25,"ConsDiaRede":639.4202271,"ConsMesRede":639.4202271,"Status":"REDE"}