{"Corrente":5,"Tensao":3.50999999,"Consumo":0.057987504,"Status":"REDE"}