{"CorrPlaca":0,"TensPlaca":6.690999985,"CorrRede":0.824000001,"TensRede":0.31099999,"ConsDiaPlaca":1.587435603,"ConsMesPlaca":1.587435603,"ConsDiaRede":16.85897636,"ConsMesRede":16.85897636,"Status":"REDE"}