{"Corrente":20.68000031,"Tensao":3.674999952,"Consumo":0.324359357,"Status":"REDE"}