{"CorrPlaca":5,"TensPlaca":25,"CorrRede":1.268000007,"TensRede":2.838000059,"ConsDiaPlaca":17117.97656,"ConsMesPlaca":17117.97656,"ConsDiaRede":607.1655273,"ConsMesRede":607.1655273,"Status":"REDE"}