{"CorrPlaca":5,"TensPlaca":25,"CorrRede":1.468000054,"TensRede":4.420000076,"ConsDiaPlaca":243.055542,"ConsMesPlaca":243.055542,"ConsDiaRede":10.36769009,"ConsMesRede":10.36769009,"Status":"REDE"}