{"CorrPlaca":0,"TensPlaca":6.738999844,"CorrRede":0.768000007,"TensRede":0.256000012,"ConsDiaPlaca":1.533571362,"ConsMesPlaca":1.533571362,"ConsDiaRede":15.60669708,"ConsMesRede":15.60669708,"Status":"REDE"}