{"CorrPlaca":0.930000007,"TensPlaca":25,"CorrRede":2.73300004,"TensRede":0,"ConsDiaPlaca":1187.551147,"ConsMesPlaca":1187.551147,"ConsDiaRede":309.3283386,"ConsMesRede":309.3283386,"Status":"REDE"}