{"CorrPlaca":5,"TensPlaca":25,"CorrRede":0.684000015,"TensRede":0,"ConsDiaPlaca":13958.27441,"ConsMesPlaca":13958.27441,"ConsDiaRede":469.4081421,"ConsMesRede":469.4081421,"Status":"REDE"}