{"CorrPlaca":0.704999983,"TensPlaca":6.190000057,"CorrRede":1.5,"TensRede":2.868999958,"ConsDiaPlaca":40.42652893,"ConsMesPlaca":40.42652893,"ConsDiaRede":33.36800385,"ConsMesRede":33.36800385,"Status":"REDE"}