{"CorrPlaca":2.10800004,"TensPlaca":18.06999969,"CorrRede":2.739000082,"TensRede":4.059000015,"ConsDiaPlaca":3444.317139,"ConsMesPlaca":3444.317139,"ConsDiaRede":1348.357544,"ConsMesRede":1348.357544,"Status":"REDE"}