{"CorrPlaca":0.07,"TensPlaca":6.738999844,"CorrRede":0.977999985,"TensRede":0.25,"ConsDiaPlaca":51.33742905,"ConsMesPlaca":51.33742905,"ConsDiaRede":17.83478355,"ConsMesRede":17.83478355,"Status":"REDE"}