{"CorrPlaca":1.863999963,"TensPlaca":18.04599953,"CorrRede":2.476999998,"TensRede":2.813999891,"ConsDiaPlaca":2257.940674,"ConsMesPlaca":2257.940674,"ConsDiaRede":895.375061,"ConsMesRede":895.375061,"Status":"REDE"}