{"CorrPlaca":0,"TensPlaca":6.738999844,"CorrRede":0.763000011,"TensRede":0.188999996,"ConsDiaPlaca":1.587435603,"ConsMesPlaca":1.587435603,"ConsDiaRede":22.36619186,"ConsMesRede":22.36619186,"Status":"REDE"}