{"CorrPlaca":1.151000023,"TensPlaca":18.04000092,"CorrRede":2.187999964,"TensRede":4.296999931,"ConsDiaPlaca":3989.100586,"ConsMesPlaca":3989.100586,"ConsDiaRede":1550.43103,"ConsMesRede":1550.43103,"Status":"REDE"}