{"CorrPlaca":2.631000042,"TensPlaca":18.06999969,"CorrRede":3.237999916,"TensRede":8.522000313,"ConsDiaPlaca":1907.248169,"ConsMesPlaca":1907.248169,"ConsDiaRede":869.338501,"ConsMesRede":869.338501,"Status":"REDE"}