{"CorrPlaca":0,"TensPlaca":0,"CorrRede":0.605000019,"TensRede":0.090999998,"ConsDiaPlaca":1.587435603,"ConsMesPlaca":1.587435603,"ConsDiaRede":186.7854004,"ConsMesRede":186.7854004,"Status":"REDE"}