{"CorrPlaca":0.063000001,"TensPlaca":18.05800056,"CorrRede":1.297000051,"TensRede":0,"ConsDiaPlaca":702.1298828,"ConsMesPlaca":702.1298828,"ConsDiaRede":280.8739624,"ConsMesRede":280.8739624,"Status":"REDE"}