{"Corrente":15.6619997,"Tensao":22.47599983,"Consumo":0.724519312,"Status":"PLACA"}