{"CorrPlaca":0.013,"TensPlaca":6.598999977,"CorrRede":0.805000007,"TensRede":0.041999999,"ConsDiaPlaca":86.45096588,"ConsMesPlaca":86.45096588,"ConsDiaRede":40.31832886,"ConsMesRede":40.31832886,"Status":"REDE"}