{"CorrPlaca":5,"TensPlaca":25,"CorrRede":0.739000022,"TensRede":1.172000051,"ConsDiaPlaca":5104.163574,"ConsMesPlaca":5104.163574,"ConsDiaRede":177.013504,"ConsMesRede":177.013504,"Status":"REDE"}