{"CorrPlaca":2.663000107,"TensPlaca":18.02799988,"CorrRede":3.262000084,"TensRede":7.239999771,"ConsDiaPlaca":2194.527344,"ConsMesPlaca":2194.527344,"ConsDiaRede":687.5124512,"ConsMesRede":687.5124512,"Status":"REDE"}