{"CorrPlaca":5,"TensPlaca":25,"CorrRede":0.505999982,"TensRede":0,"ConsDiaPlaca":32187.32422,"ConsMesPlaca":32187.32422,"ConsDiaRede":1327.094604,"ConsMesRede":1327.094604,"Status":"REDE"}