{"CorrPlaca":5,"TensPlaca":25,"CorrRede":2.325999975,"TensRede":7.136000156,"ConsDiaPlaca":28194.29492,"ConsMesPlaca":28194.29492,"ConsDiaRede":1156.315674,"ConsMesRede":1156.315674,"Status":"REDE"}