{"CorrPlaca":0.039000001,"TensPlaca":6.580999851,"CorrRede":0.944999993,"TensRede":0.207000002,"ConsDiaPlaca":55.88811874,"ConsMesPlaca":55.88811874,"ConsDiaRede":20.00595284,"ConsMesRede":20.00595284,"Status":"REDE"}