{"CorrPlaca":0.379000008,"TensPlaca":18.10099983,"CorrRede":1.498000026,"TensRede":0,"ConsDiaPlaca":3469.42041,"ConsMesPlaca":3469.42041,"ConsDiaRede":1087.015869,"ConsMesRede":1087.015869,"Status":"REDE"}