{"Corrente":14.29599953,"Tensao":0,"Consumo":1.197687745,"Status":"REDE"}