{"CorrPlaca":0.240999997,"TensPlaca":18.14999962,"CorrRede":1.498000026,"TensRede":0.360000014,"ConsDiaPlaca":4730.130371,"ConsMesPlaca":4730.130371,"ConsDiaRede":1469.429443,"ConsMesRede":1469.429443,"Status":"REDE"}