{"CorrPlaca":2.194000006,"TensPlaca":18.16799927,"CorrRede":2.930000067,"TensRede":5.866000175,"ConsDiaPlaca":1679.262451,"ConsMesPlaca":1679.262451,"ConsDiaRede":519.7538452,"ConsMesRede":519.7538452,"Status":"REDE"}