{"CorrPlaca":1.715000033,"TensPlaca":18.05800056,"CorrRede":2.566999912,"TensRede":5.84800005,"ConsDiaPlaca":1817.859253,"ConsMesPlaca":1817.859253,"ConsDiaRede":724.5966797,"ConsMesRede":724.5966797,"Status":"REDE"}