{"Corrente":0,"Tensao":1.049999952,"Consumo":8.655833881e-6,"Status":"REDE"}