{"CorrPlaca":0.141000003,"TensPlaca":18.07600021,"CorrRede":1.36500001,"TensRede":0,"ConsDiaPlaca":3934.290771,"ConsMesPlaca":3934.290771,"ConsDiaRede":1224.144409,"ConsMesRede":1224.144409,"Status":"REDE"}