{"CorrPlaca":3.028000116,"TensPlaca":18.18000031,"CorrRede":3.515000105,"TensRede":8.857999802,"ConsDiaPlaca":1042.367188,"ConsMesPlaca":1042.367188,"ConsDiaRede":429.1263733,"ConsMesRede":429.1263733,"Status":"REDE"}