{"CorrPlaca":2.292999983,"TensPlaca":18.11300087,"CorrRede":3.056999922,"TensRede":6.184000015,"ConsDiaPlaca":1218.653076,"ConsMesPlaca":1218.653076,"ConsDiaRede":384.3646545,"ConsMesRede":384.3646545,"Status":"REDE"}