{"CorrPlaca":0.039000001,"TensPlaca":6.721000195,"CorrRede":0.846000016,"TensRede":0.261999995,"ConsDiaPlaca":85.48065186,"ConsMesPlaca":85.48065186,"ConsDiaRede":38.43122101,"ConsMesRede":38.43122101,"Status":"REDE"}