{"CorrPlaca":0,"TensPlaca":6.659999847,"CorrRede":0.84799999,"TensRede":0.201000005,"ConsDiaPlaca":83.66157532,"ConsMesPlaca":83.66157532,"ConsDiaRede":34.61280823,"ConsMesRede":34.61280823,"Status":"REDE"}