{"CorrPlaca":0,"TensPlaca":0,"CorrRede":0.620000005,"TensRede":0.029999999,"ConsDiaPlaca":1.587435603,"ConsMesPlaca":1.587435603,"ConsDiaRede":187.52948,"ConsMesRede":187.52948,"Status":"REDE"}