{"CorrPlaca":0,"TensPlaca":6.727000237,"CorrRede":0.837000012,"TensRede":0.5,"ConsDiaPlaca":1.522501469,"ConsMesPlaca":1.522501469,"ConsDiaRede":4.421468258,"ConsMesRede":4.421468258,"Status":"REDE"}