{"CorrPlaca":5,"TensPlaca":25,"CorrRede":0.512000024,"TensRede":0,"ConsDiaPlaca":30416.50195,"ConsMesPlaca":30416.50195,"ConsDiaRede":1260.500366,"ConsMesRede":1260.500366,"Status":"REDE"}