{"Corrente":15.07800007,"Tensao":0,"Consumo":0.792368889,"Status":"REDE"}