{"CorrPlaca":0,"TensPlaca":0,"CorrRede":0.587000012,"TensRede":0.041999999,"ConsDiaPlaca":1.587435603,"ConsMesPlaca":1.587435603,"ConsDiaRede":22.18185043,"ConsMesRede":22.18185043,"Status":"REDE"}