{"CorrPlaca":2.032000065,"TensPlaca":18.07600021,"CorrRede":2.714999914,"TensRede":3.381999969,"ConsDiaPlaca":2980.553223,"ConsMesPlaca":2980.553223,"ConsDiaRede":921.4572144,"ConsMesRede":921.4572144,"Status":"REDE"}