{"CorrPlaca":0,"TensPlaca":6.532000065,"CorrRede":0.785000026,"TensRede":0.305000007,"ConsDiaPlaca":1.533571362,"ConsMesPlaca":1.533571362,"ConsDiaRede":14.60534573,"ConsMesRede":14.60534573,"Status":"REDE"}