{"CorrPlaca":0,"TensPlaca":0.781000018,"CorrRede":0.52700001,"TensRede":0.164000005,"ConsDiaPlaca":0,"ConsMesPlaca":0,"ConsDiaRede":0.963343799,"ConsMesRede":0.963343799,"Status":"REDE"}