{"CorrPlaca":5,"TensPlaca":3.118999958,"CorrRede":1.427000046,"TensRede":3.479000092,"ConsDiaPlaca":6641.645508,"ConsMesPlaca":6641.645508,"ConsDiaRede":505.9943542,"ConsMesRede":505.9943542,"Status":"REDE"}