{"CorrPlaca":0.312999994,"TensPlaca":18.05800056,"CorrRede":1.521999955,"TensRede":1.141000032,"ConsDiaPlaca":2052.122559,"ConsMesPlaca":2052.122559,"ConsDiaRede":823.1087646,"ConsMesRede":823.1087646,"Status":"REDE"}