{"CorrPlaca":5,"TensPlaca":25,"CorrRede":3.596999884,"TensRede":0.542999983,"ConsDiaPlaca":2597.121582,"ConsMesPlaca":2597.121582,"ConsDiaRede":358.8968201,"ConsMesRede":358.8968201,"Status":"REDE"}