{"CorrPlaca":1.470000029,"TensPlaca":25,"CorrRede":3.026000023,"TensRede":0,"ConsDiaPlaca":1034.947021,"ConsMesPlaca":1034.947021,"ConsDiaRede":284.3879395,"ConsMesRede":284.3879395,"Status":"REDE"}