{"corrente":0.663999975,"tensao":3.444999933,"consumo":0.09980838}