{"CorrPlaca":0,"TensPlaca":18.06999969,"CorrRede":1.238000035,"TensRede":0.054000001,"ConsDiaPlaca":2693.994385,"ConsMesPlaca":2693.994385,"ConsDiaRede":1067.40686,"ConsMesRede":1067.40686,"Status":"REDE"}