{"CorrPlaca":5,"TensPlaca":25,"CorrRede":0.49000001,"TensRede":0,"ConsDiaPlaca":23610.99023,"ConsMesPlaca":23610.99023,"ConsDiaRede":930.7556152,"ConsMesRede":930.7556152,"Status":"REDE"}