{"CorrPlaca":0.063000001,"TensPlaca":6.665999889,"CorrRede":0.97299999,"TensRede":0.256000012,"ConsDiaPlaca":56.19831848,"ConsMesPlaca":56.19831848,"ConsDiaRede":20.17856979,"ConsMesRede":20.17856979,"Status":"REDE"}