{"CorrPlaca":0.024,"TensPlaca":6.544000149,"CorrRede":0.970000029,"TensRede":0,"ConsDiaPlaca":58.72955322,"ConsMesPlaca":58.72955322,"ConsDiaRede":21.52671623,"ConsMesRede":21.52671623,"Status":"REDE"}