{"CorrPlaca":2.167999983,"TensPlaca":18.22900009,"CorrRede":2.852999926,"TensRede":3.516000032,"ConsDiaPlaca":163.3473206,"ConsMesPlaca":163.3473206,"ConsDiaRede":59.08701706,"ConsMesRede":59.08701706,"Status":"REDE"}