{"CorrPlaca":5,"TensPlaca":18.11300087,"CorrRede":2.854000092,"TensRede":2.374000072,"ConsDiaPlaca":3116.827148,"ConsMesPlaca":3116.827148,"ConsDiaRede":381.4440918,"ConsMesRede":381.4440918,"Status":"REDE"}