{"CorrPlaca":5,"TensPlaca":25,"CorrRede":2.628000021,"TensRede":7.593999863,"ConsDiaPlaca":1458.333984,"ConsMesPlaca":1458.333984,"ConsDiaRede":88.92037964,"ConsMesRede":88.92037964,"Status":"REDE"}