{"CorrPlaca":2.690999985,"TensPlaca":18.05200005,"CorrRede":3.273999929,"TensRede":7.393000126,"ConsDiaPlaca":5268.302734,"ConsMesPlaca":5268.302734,"ConsDiaRede":1659.552856,"ConsMesRede":1659.552856,"Status":"REDE"}