{"CorrPlaca":0.666000009,"TensPlaca":0,"CorrRede":0.045000002,"TensRede":0,"ConsDiaPlaca":75.57419586,"ConsMesPlaca":75.57419586,"ConsDiaRede":68.07265472,"ConsMesRede":68.07265472,"Status":"REDE"}