{"CorrPlaca":2.288000107,"TensPlaca":18.06399918,"CorrRede":2.911999941,"TensRede":4.785999775,"ConsDiaPlaca":1637.541016,"ConsMesPlaca":1637.541016,"ConsDiaRede":739.9452515,"ConsMesRede":739.9452515,"Status":"REDE"}