{"CorrPlaca":5,"TensPlaca":25,"CorrRede":2.249000072,"TensRede":5.462999821,"ConsDiaPlaca":381.9444275,"ConsMesPlaca":381.9444275,"ConsDiaRede":13.95689106,"ConsMesRede":13.95689106,"Status":"REDE"}