{"Corrente":0.507000029,"Tensao":2.262000084,"Consumo":0.003132007,"Status":"REDE"}