{"CorrPlaca":0.041000001,"TensPlaca":6.732999802,"CorrRede":0.968999982,"TensRede":0.182999998,"ConsDiaPlaca":59.47678375,"ConsMesPlaca":59.47678375,"ConsDiaRede":21.9453373,"ConsMesRede":21.9453373,"Status":"REDE"}