{"CorrPlaca":0.702000022,"TensPlaca":6.135000229,"CorrRede":1.511999965,"TensRede":3.674999952,"ConsDiaPlaca":100.2403564,"ConsMesPlaca":100.2403564,"ConsDiaRede":88.73773193,"ConsMesRede":88.73773193,"Status":"REDE"}