{"CorrPlaca":0.330000013,"TensPlaca":18.06399918,"CorrRede":1.404000044,"TensRede":0,"ConsDiaPlaca":284.5209656,"ConsMesPlaca":284.5209656,"ConsDiaRede":130.7060242,"ConsMesRede":130.7060242,"Status":"REDE"}