{"CorrPlaca":0.528999984,"TensPlaca":18.05800056,"CorrRede":1.605000019,"TensRede":0,"ConsDiaPlaca":4067.979736,"ConsMesPlaca":4067.979736,"ConsDiaRede":1268.9375,"ConsMesRede":1268.9375,"Status":"REDE"}