{"CorrPlaca":5,"TensPlaca":25,"CorrRede":1.123999953,"TensRede":2.246000051,"ConsDiaPlaca":25972.08594,"ConsMesPlaca":25972.08594,"ConsDiaRede":1037.742554,"ConsMesRede":1037.742554,"Status":"REDE"}