{"CorrPlaca":3.230000019,"TensPlaca":18.05800056,"CorrRede":3.697000027,"TensRede":10.25,"ConsDiaPlaca":54.04566193,"ConsMesPlaca":54.04566193,"ConsDiaRede":28.79151917,"ConsMesRede":28.79151917,"Status":"REDE"}