{"CorrPlaca":0,"TensPlaca":6.732999802,"CorrRede":0.801999986,"TensRede":0.432999998,"ConsDiaPlaca":1.533571362,"ConsMesPlaca":1.533571362,"ConsDiaRede":6.403324127,"ConsMesRede":6.403324127,"Status":"REDE"}