{"CorrPlaca":1.975000024,"TensPlaca":18.10099983,"CorrRede":2.782000065,"TensRede":6.623000145,"ConsDiaPlaca":4965.381348,"ConsMesPlaca":4965.381348,"ConsDiaRede":1951.599243,"ConsMesRede":1951.599243,"Status":"REDE"}