{"CorrPlaca":0.107000001,"TensPlaca":18.17399979,"CorrRede":1.304999948,"TensRede":0.488000005,"ConsDiaPlaca":3431.727295,"ConsMesPlaca":3431.727295,"ConsDiaRede":1345.269287,"ConsMesRede":1345.269287,"Status":"REDE"}