{"CorrPlaca":0.240999997,"TensPlaca":18.11300087,"CorrRede":1.324000001,"TensRede":0,"ConsDiaPlaca":2468.637451,"ConsMesPlaca":2468.637451,"ConsDiaRede":979.8323364,"ConsMesRede":979.8323364,"Status":"REDE"}