{"corrente":1.796000004,"tensao":16.86800003,"consumo":0.270220995}