{"CorrPlaca":0,"TensPlaca":6.738999844,"CorrRede":0.800000012,"TensRede":0.280000001,"ConsDiaPlaca":1.533571362,"ConsMesPlaca":1.533571362,"ConsDiaRede":11.00889301,"ConsMesRede":11.00889301,"Status":"REDE"}