{"CorrPlaca":0,"TensPlaca":6.677999973,"CorrRede":0.786000013,"TensRede":0.328999996,"ConsDiaPlaca":1.533571362,"ConsMesPlaca":1.533571362,"ConsDiaRede":14.53883934,"ConsMesRede":14.53883934,"Status":"REDE"}