{"CorrPlaca":0.119999997,"TensPlaca":6.727000237,"CorrRede":0.995000005,"TensRede":0.298999995,"ConsDiaPlaca":12.96478653,"ConsMesPlaca":12.96478653,"ConsDiaRede":4.784407616,"ConsMesRede":4.784407616,"Status":"REDE"}