{"Corrente":2.055999994,"Tensao":0,"Consumo":0.070479967,"Status":"REDE"}