{"CorrPlaca":0,"TensPlaca":6.647999763,"CorrRede":0.764999986,"TensRede":0.213,"ConsDiaPlaca":1.587435603,"ConsMesPlaca":1.587435603,"ConsDiaRede":20.38033867,"ConsMesRede":20.38033867,"Status":"REDE"}