{"CorrPlaca":0.573000014,"TensPlaca":18.16200066,"CorrRede":1.797000051,"TensRede":1.549999952,"ConsDiaPlaca":3749.148193,"ConsMesPlaca":3749.148193,"ConsDiaRede":1169.687866,"ConsMesRede":1169.687866,"Status":"REDE"}