{"CorrPlaca":0.096000001,"TensPlaca":6.715000153,"CorrRede":0.995999992,"TensRede":0.273999989,"ConsDiaPlaca":49.91716385,"ConsMesPlaca":49.91716385,"ConsDiaRede":17.12499046,"ConsMesRede":17.12499046,"Status":"REDE"}