{"CorrPlaca":0.122000001,"TensPlaca":6.738999844,"CorrRede":0.971000016,"TensRede":0.151999995,"ConsDiaPlaca":26.26881599,"ConsMesPlaca":26.26881599,"ConsDiaRede":8.225967407,"ConsMesRede":8.225967407,"Status":"REDE"}