{"CorrPlaca":0.082999997,"TensPlaca":18.06999969,"CorrRede":1.230000019,"TensRede":0,"ConsDiaPlaca":2394.790283,"ConsMesPlaca":2394.790283,"ConsDiaRede":944.9225464,"ConsMesRede":944.9225464,"Status":"REDE"}