{"CorrPlaca":0.368999988,"TensPlaca":18.04000092,"CorrRede":1.60800004,"TensRede":0.072999999,"ConsDiaPlaca":1517.089966,"ConsMesPlaca":1517.089966,"ConsDiaRede":472.8490295,"ConsMesRede":472.8490295,"Status":"REDE"}