{"Corrente":2.137000084,"Tensao":0,"Consumo":0.070479967,"Status":"REDE"}