{"CorrPlaca":0,"TensPlaca":0,"CorrRede":0.588999987,"TensRede":0.079000004,"ConsDiaPlaca":1.587435603,"ConsMesPlaca":1.587435603,"ConsDiaRede":22.1113472,"ConsMesRede":22.1113472,"Status":"REDE"}