{"CorrPlaca":5,"TensPlaca":25,"CorrRede":2.270999908,"TensRede":4.803999901,"ConsDiaPlaca":31215.10742,"ConsMesPlaca":31215.10742,"ConsDiaRede":1296.120361,"ConsMesRede":1296.120361,"Status":"REDE"}