{"CorrPlaca":0,"TensPlaca":0,"CorrRede":0.609000027,"TensRede":0,"ConsDiaPlaca":1.587435603,"ConsMesPlaca":1.587435603,"ConsDiaRede":187.6169434,"ConsMesRede":187.6169434,"Status":"REDE"}