{"Corrente":5,"Tensao":2.703999996,"Consumo":0.030306946,"Status":"REDE"}