{"CorrPlaca":1.465000033,"TensPlaca":18.13100052,"CorrRede":2.20600009,"TensRede":1.501000047,"ConsDiaPlaca":3996.47876,"ConsMesPlaca":3996.47876,"ConsDiaRede":1551.350708,"ConsMesRede":1551.350708,"Status":"REDE"}