{"CorrPlaca":2.329999924,"TensPlaca":18.10099983,"CorrRede":3.046000004,"TensRede":6.019000053,"ConsDiaPlaca":979.8739624,"ConsMesPlaca":979.8739624,"ConsDiaRede":308.3765869,"ConsMesRede":308.3765869,"Status":"REDE"}