{"CorrPlaca":5,"TensPlaca":25,"CorrRede":2.575000048,"TensRede":6.367000103,"ConsDiaPlaca":12881.8916,"ConsMesPlaca":12881.8916,"ConsDiaRede":419.7547913,"ConsMesRede":419.7547913,"Status":"REDE"}