{"corrente":-0.015,"tensao":0.744000018,"consumo":-0.000125617}