{"CorrPlaca":0,"TensPlaca":6.703000069,"CorrRede":0.81400001,"TensRede":0.261999995,"ConsDiaPlaca":1.539162278,"ConsMesPlaca":1.539162278,"ConsDiaRede":16.47734833,"ConsMesRede":16.47734833,"Status":"REDE"}