{"CorrPlaca":0.967000008,"TensPlaca":18.16200066,"CorrRede":2.170000076,"TensRede":3.198999882,"ConsDiaPlaca":391.6207886,"ConsMesPlaca":391.6207886,"ConsDiaRede":180.7313385,"ConsMesRede":180.7313385,"Status":"REDE"}