{"CorrPlaca":2.388999939,"TensPlaca":18.11300087,"CorrRede":3.068000078,"TensRede":7.71600008,"ConsDiaPlaca":301.403595,"ConsMesPlaca":301.403595,"ConsDiaRede":108.3450165,"ConsMesRede":108.3450165,"Status":"REDE"}