{"Corrente":174.5399933,"Tensao":0,"Consumo":1.305788159,"Status":"REDE"}