{"CorrPlaca":3.496000051,"TensPlaca":25,"CorrRede":1.621000051,"TensRede":3.180000067,"ConsDiaPlaca":30063.61914,"ConsMesPlaca":30063.61914,"ConsDiaRede":771.4212036,"ConsMesRede":771.4212036,"Status":"REDE"}