{"CorrPlaca":5,"TensPlaca":25,"CorrRede":2.326999903,"TensRede":7.460000038,"ConsDiaPlaca":1388.889526,"ConsMesPlaca":1388.889526,"ConsDiaRede":82.29349518,"ConsMesRede":82.29349518,"Status":"REDE"}