{"CorrPlaca":3.301000118,"TensPlaca":18.06999969,"CorrRede":3.73300004,"TensRede":8.723999977,"ConsDiaPlaca":624.3817749,"ConsMesPlaca":624.3817749,"ConsDiaRede":283.098999,"ConsMesRede":283.098999,"Status":"REDE"}