{"CorrPlaca":5,"TensPlaca":25,"CorrRede":2.415999889,"TensRede":6.482999802,"ConsDiaPlaca":13263.83398,"ConsMesPlaca":13263.83398,"ConsDiaRede":439.9267273,"ConsMesRede":439.9267273,"Status":"REDE"}