{"CorrPlaca":0,"TensPlaca":0,"CorrRede":0.647000015,"TensRede":6.56799984,"ConsDiaPlaca":1.587435603,"ConsMesPlaca":1.587435603,"ConsDiaRede":141.8632965,"ConsMesRede":141.8632965,"Status":"REDE"}