{"CorrPlaca":5,"TensPlaca":0,"CorrRede":0.469999999,"TensRede":0.177000001,"ConsDiaPlaca":6236.48877,"ConsMesPlaca":6236.48877,"ConsDiaRede":493.3577881,"ConsMesRede":493.3577881,"Status":"REDE"}