{"CorrPlaca":5,"TensPlaca":0,"CorrRede":0.602999985,"TensRede":0.842000008,"ConsDiaPlaca":6236.48877,"ConsMesPlaca":6236.48877,"ConsDiaRede":493.8582764,"ConsMesRede":493.8582764,"Status":"REDE"}