{"CorrPlaca":1.093999982,"TensPlaca":18.16799927,"CorrRede":2.00999999,"TensRede":0,"ConsDiaPlaca":743.7868042,"ConsMesPlaca":743.7868042,"ConsDiaRede":239.6791077,"ConsMesRede":239.6791077,"Status":"REDE"}