{"CorrPlaca":0.270999998,"TensPlaca":18.06999969,"CorrRede":1.49000001,"TensRede":0.476000011,"ConsDiaPlaca":156.430954,"ConsMesPlaca":156.430954,"ConsDiaRede":70.16968536,"ConsMesRede":70.16968536,"Status":"REDE"}