{"CorrPlaca":2.40899992,"TensPlaca":18.07600021,"CorrRede":3.063999891,"TensRede":7.912000179,"ConsDiaPlaca":2464.666504,"ConsMesPlaca":2464.666504,"ConsDiaRede":979.8323364,"ConsMesRede":979.8323364,"Status":"REDE"}