{"CorrPlaca":0.52700001,"TensPlaca":17.92399979,"CorrRede":1.588000059,"TensRede":0,"ConsDiaPlaca":667.9102783,"ConsMesPlaca":667.9102783,"ConsDiaRede":298.3686829,"ConsMesRede":298.3686829,"Status":"REDE"}