{"corrente":0.819999993,"tensao":0.666000009,"consumo":0.001517}