{"CorrPlaca":5,"TensPlaca":25,"CorrRede":2.424000025,"TensRede":5.5,"ConsDiaPlaca":16631.86719,"ConsMesPlaca":16631.86719,"ConsDiaRede":590.5792847,"ConsMesRede":590.5792847,"Status":"REDE"}