{"Corrente":3.201999903,"Tensao":27.21199989,"Consumo":0.22485292,"Status":"PLACA"}