{"CorrPlaca":2.10800004,"TensPlaca":18.11899948,"CorrRede":2.763000011,"TensRede":4.022999763,"ConsDiaPlaca":873.1798096,"ConsMesPlaca":873.1798096,"ConsDiaRede":354.2157593,"ConsMesRede":354.2157593,"Status":"REDE"}