{"CorrPlaca":0.266000003,"TensPlaca":18.06999969,"CorrRede":1.437000036,"TensRede":0,"ConsDiaPlaca":926.1989136,"ConsMesPlaca":926.1989136,"ConsDiaRede":413.084137,"ConsMesRede":413.084137,"Status":"REDE"}