{"CorrPlaca":1.995000005,"TensPlaca":18.15600014,"CorrRede":2.697999954,"TensRede":3.710999966,"ConsDiaPlaca":221.4103851,"ConsMesPlaca":221.4103851,"ConsDiaRede":80.19309235,"ConsMesRede":80.19309235,"Status":"REDE"}