{"CorrPlaca":1.97300005,"TensPlaca":18.05200005,"CorrRede":2.792999983,"TensRede":5.695000172,"ConsDiaPlaca":3375.14917,"ConsMesPlaca":3375.14917,"ConsDiaRede":1048.680054,"ConsMesRede":1048.680054,"Status":"REDE"}