{"Corrente":0.280000001,"Tensao":0,"Consumo":0.053693287,"Status":"REDE"}