{"CorrPlaca":3.480999947,"TensPlaca":25,"CorrRede":1.797999978,"TensRede":3.924999952,"ConsDiaPlaca":29870.36914,"ConsMesPlaca":29870.36914,"ConsDiaRede":760.5410156,"ConsMesRede":760.5410156,"Status":"REDE"}