{"Corrente":0.519999981,"Tensao":0,"Consumo":0.005563721,"Status":"REDE"}