{"Corrente":-3.332999945,"Tensao":0,"Consumo":0.596066475,"Status":"REDE"}