{"CorrPlaca":0,"TensPlaca":6.709000111,"CorrRede":0.802999973,"TensRede":0.360000014,"ConsDiaPlaca":1.533571362,"ConsMesPlaca":1.533571362,"ConsDiaRede":7.446772099,"ConsMesRede":7.446772099,"Status":"REDE"}