{"CorrPlaca":0.25999999,"TensPlaca":18.13100052,"CorrRede":1.43900001,"TensRede":0.164000005,"ConsDiaPlaca":157.7404175,"ConsMesPlaca":157.7404175,"ConsDiaRede":70.23524475,"ConsMesRede":70.23524475,"Status":"REDE"}