{"CorrPlaca":0.713999987,"TensPlaca":1.567999959,"CorrRede":0.488000005,"TensRede":0,"ConsDiaPlaca":76.92621613,"ConsMesPlaca":76.92621613,"ConsDiaRede":69.59014893,"ConsMesRede":69.59014893,"Status":"REDE"}