{"CorrPlaca":0,"TensPlaca":0,"CorrRede":0.605000019,"TensRede":0.041999999,"ConsDiaPlaca":1.587435603,"ConsMesPlaca":1.587435603,"ConsDiaRede":187.3679504,"ConsMesRede":187.3679504,"Status":"REDE"}