{"CorrPlaca":0,"TensPlaca":25,"CorrRede":2.122999907,"TensRede":2.21600008,"ConsDiaPlaca":13586.93066,"ConsMesPlaca":13586.93066,"ConsDiaRede":591.5765991,"ConsMesRede":591.5765991,"Status":"REDE"}