{"CorrPlaca":5,"TensPlaca":3.22300005,"CorrRede":1.100000024,"TensRede":1.458999991,"ConsDiaPlaca":4850.016602,"ConsMesPlaca":4850.016602,"ConsDiaRede":423.6380615,"ConsMesRede":423.6380615,"Status":"REDE"}