{"CorrPlaca":2.415999889,"TensPlaca":25,"CorrRede":4.039000034,"TensRede":4.205999851,"ConsDiaPlaca":243.4332581,"ConsMesPlaca":243.4332581,"ConsDiaRede":175.9878998,"ConsMesRede":175.9878998,"Status":"REDE"}