{"corrente":0.25999999,"tensao":0,"consumo":0.007096325}