{"CorrPlaca":0.061000001,"TensPlaca":6.684000015,"CorrRede":0.935000002,"TensRede":0.224999994,"ConsDiaPlaca":68.36117554,"ConsMesPlaca":68.36117554,"ConsDiaRede":26.49183655,"ConsMesRede":26.49183655,"Status":"REDE"}