{"CorrPlaca":2.687000036,"TensPlaca":18.10099983,"CorrRede":3.22300005,"TensRede":6.623000145,"ConsDiaPlaca":1435.825195,"ConsMesPlaca":1435.825195,"ConsDiaRede":652.4649658,"ConsMesRede":652.4649658,"Status":"REDE"}