{"CorrPlaca":5,"TensPlaca":25,"CorrRede":0.472000003,"TensRede":0,"ConsDiaPlaca":10208.29785,"ConsMesPlaca":10208.29785,"ConsDiaRede":296.1893616,"ConsMesRede":296.1893616,"Status":"REDE"}