{"CorrPlaca":5,"TensPlaca":25,"CorrRede":0.623000026,"TensRede":0,"ConsDiaPlaca":23888.76563,"ConsMesPlaca":23888.76563,"ConsDiaRede":955.1694946,"ConsMesRede":955.1694946,"Status":"REDE"}