{"Corrente":3.64199996,"Tensao":0,"Consumo":0.057277199,"Status":"REDE"}