{"CorrPlaca":0.072999999,"TensPlaca":6.677999973,"CorrRede":0.989000022,"TensRede":0.194999993,"ConsDiaPlaca":29.15012932,"ConsMesPlaca":29.15012932,"ConsDiaRede":9.307400703,"ConsMesRede":9.307400703,"Status":"REDE"}