{"Corrente":176.3910065,"Tensao":4.947000027,"Consumo":15.46908665,"Status":"REDE"}