{"CorrPlaca":0.565999985,"TensPlaca":18.13100052,"CorrRede":1.582000017,"TensRede":0,"ConsDiaPlaca":3377.999756,"ConsMesPlaca":3377.999756,"ConsDiaRede":1048.680054,"ConsMesRede":1048.680054,"Status":"REDE"}