{"CorrPlaca":0,"TensPlaca":0,"CorrRede":0.643999994,"TensRede":6.738999844,"ConsDiaPlaca":1.587435603,"ConsMesPlaca":1.587435603,"ConsDiaRede":79.09528351,"ConsMesRede":79.09528351,"Status":"REDE"}