{"CorrPlaca":0,"TensPlaca":6.709000111,"CorrRede":0.788999975,"TensRede":0.213,"ConsDiaPlaca":1.533571362,"ConsMesPlaca":1.533571362,"ConsDiaRede":13.00282001,"ConsMesRede":13.00282001,"Status":"REDE"}