{"CorrPlaca":0,"TensPlaca":25,"CorrRede":1.662999988,"TensRede":0,"ConsDiaPlaca":13586.93066,"ConsMesPlaca":13586.93066,"ConsDiaRede":594.2711182,"ConsMesRede":594.2711182,"Status":"REDE"}