{"CorrPlaca":1.136000037,"TensPlaca":18.15600014,"CorrRede":2.303999901,"TensRede":5.34100008,"ConsDiaPlaca":5.729226589,"ConsMesPlaca":5.729226589,"ConsDiaRede":3.41824007,"ConsMesRede":3.41824007,"Status":"REDE"}