{"CorrPlaca":1.626999974,"TensPlaca":18.04000092,"CorrRede":2.332999945,"TensRede":2.105999947,"ConsDiaPlaca":3064.844238,"ConsMesPlaca":3064.844238,"ConsDiaRede":1213.68042,"ConsMesRede":1213.68042,"Status":"REDE"}