{"CorrPlaca":2.128000021,"TensPlaca":18.05200005,"CorrRede":2.869999886,"TensRede":5.518000126,"ConsDiaPlaca":1354.971436,"ConsMesPlaca":1354.971436,"ConsDiaRede":429.0567627,"ConsMesRede":429.0567627,"Status":"REDE"}