{"Corrente":15.85099983,"Tensao":17.29999924,"Consumo":0.800692201,"Status":"PLACA"}