{"CorrPlaca":0,"TensPlaca":14.42599964,"CorrRede":3.200999975,"TensRede":7.631000042,"ConsDiaPlaca":116.909935,"ConsMesPlaca":116.909935,"ConsDiaRede":110.2549362,"ConsMesRede":110.2549362,"Status":"REDE"}