{"CorrPlaca":0,"TensPlaca":0,"CorrRede":0.583999991,"TensRede":0,"ConsDiaPlaca":1.587435603,"ConsMesPlaca":1.587435603,"ConsDiaRede":187.5618744,"ConsMesRede":187.5618744,"Status":"REDE"}