{"CorrPlaca":5,"TensPlaca":25,"CorrRede":3.119999886,"TensRede":0,"ConsDiaPlaca":2423.510254,"ConsMesPlaca":2423.510254,"ConsDiaRede":354.5380859,"ConsMesRede":354.5380859,"Status":"REDE"}