{"CorrPlaca":0.428000003,"TensPlaca":18.10700035,"CorrRede":1.638000011,"TensRede":0.140000001,"ConsDiaPlaca":1538.48291,"ConsMesPlaca":1538.48291,"ConsDiaRede":480.0137329,"ConsMesRede":480.0137329,"Status":"REDE"}