{"Corrente":2.75,"Tensao":7.063000202,"Consumo":0.067230143,"Status":"PLACA"}