{"CorrPlaca":0,"TensPlaca":6.738999844,"CorrRede":0.832000017,"TensRede":0.384000003,"ConsDiaPlaca":1.533571362,"ConsMesPlaca":1.533571362,"ConsDiaRede":6.306861401,"ConsMesRede":6.306861401,"Status":"REDE"}