{"CorrPlaca":0.003,"TensPlaca":6.703000069,"CorrRede":0.88499999,"TensRede":0,"ConsDiaPlaca":81.89595032,"ConsMesPlaca":81.89595032,"ConsDiaRede":32.46744156,"ConsMesRede":32.46744156,"Status":"REDE"}