{"CorrPlaca":0.486999989,"TensPlaca":0.31099999,"CorrRede":0.605000019,"TensRede":0.505999982,"ConsDiaPlaca":13109.4873,"ConsMesPlaca":13109.4873,"ConsDiaRede":567.7446899,"ConsMesRede":567.7446899,"Status":"REDE"}