{"CorrPlaca":0.672999978,"TensPlaca":18.16200066,"CorrRede":1.824000001,"TensRede":0.592000008,"ConsDiaPlaca":105.9303284,"ConsMesPlaca":105.9303284,"ConsDiaRede":25.86598396,"ConsMesRede":25.86598396,"Status":"REDE"}