{"Corrente":15.12699986,"Tensao":0,"Consumo":0.792368889,"Status":"REDE"}