{"Corrente":14.68700027,"Tensao":14.97299957,"Consumo":0.180808276,"Status":"PLACA"}