{"CorrPlaca":0,"TensPlaca":6.580999851,"CorrRede":0.768999994,"TensRede":0.128000006,"ConsDiaPlaca":1.533571362,"ConsMesPlaca":1.533571362,"ConsDiaRede":13.2059269,"ConsMesRede":13.2059269,"Status":"REDE"}