{"CorrPlaca":0.813000023,"TensPlaca":18.06999969,"CorrRede":1.975999951,"TensRede":3.028000116,"ConsDiaPlaca":305.4844055,"ConsMesPlaca":305.4844055,"ConsDiaRede":110.0070572,"ConsMesRede":110.0070572,"Status":"REDE"}