{"CorrPlaca":0,"TensPlaca":6.732999802,"CorrRede":0.81400001,"TensRede":0.158000007,"ConsDiaPlaca":87.14485931,"ConsMesPlaca":87.14485931,"ConsDiaRede":42.48062134,"ConsMesRede":42.48062134,"Status":"REDE"}