{"CorrPlaca":2.315999985,"TensPlaca":18.15600014,"CorrRede":2.888000011,"TensRede":5.066999912,"ConsDiaPlaca":4736.546387,"ConsMesPlaca":4736.546387,"ConsDiaRede":1848.958618,"ConsMesRede":1848.958618,"Status":"REDE"}