{"CorrPlaca":0.30399999,"TensPlaca":18.10700035,"CorrRede":1.452000022,"TensRede":0,"ConsDiaPlaca":3046.996338,"ConsMesPlaca":3046.996338,"ConsDiaRede":937.8474121,"ConsMesRede":937.8474121,"Status":"REDE"}