{"corrente":0.52700001,"tensao":0.666000009,"consumo":0.069116004}