{"CorrPlaca":0,"TensPlaca":0,"CorrRede":0.609000027,"TensRede":0.017999999,"ConsDiaPlaca":1.587435603,"ConsMesPlaca":1.587435603,"ConsDiaRede":188.4573059,"ConsMesRede":188.4573059,"Status":"REDE"}