{"CorrPlaca":0.407000005,"TensPlaca":18.11300087,"CorrRede":1.486999989,"TensRede":0,"ConsDiaPlaca":3652.204834,"ConsMesPlaca":3652.204834,"ConsDiaRede":1426.378418,"ConsMesRede":1426.378418,"Status":"REDE"}