{"CorrPlaca":0,"TensPlaca":25,"CorrRede":1.623000026,"TensRede":0.683000028,"ConsDiaPlaca":13586.93066,"ConsMesPlaca":13586.93066,"ConsDiaRede":592.4823608,"ConsMesRede":592.4823608,"Status":"REDE"}