{"CorrPlaca":0,"TensPlaca":3.217000008,"CorrRede":0.270999998,"TensRede":0,"ConsDiaPlaca":154.1610718,"ConsMesPlaca":154.1610718,"ConsDiaRede":145.3090057,"ConsMesRede":145.3090057,"Status":"REDE"}