{"CorrPlaca":0,"TensPlaca":3.118999958,"CorrRede":0.246999994,"TensRede":0,"ConsDiaPlaca":133.9188385,"ConsMesPlaca":133.9188385,"ConsDiaRede":129.8489227,"ConsMesRede":129.8489227,"Status":"REDE"}