{"Corrente":0.330000013,"Tensao":6.111000061,"Consumo":0.057277199,"Status":"REDE"}