{"CorrPlaca":0.196999997,"TensPlaca":6.751999855,"CorrRede":0.995999992,"TensRede":0.280000001,"ConsDiaPlaca":21.88257599,"ConsMesPlaca":21.88257599,"ConsDiaRede":7.338191509,"ConsMesRede":7.338191509,"Status":"REDE"}