{"CorrPlaca":5,"TensPlaca":25,"CorrRede":1.190999985,"TensRede":0,"ConsDiaPlaca":2395.834717,"ConsMesPlaca":2395.834717,"ConsDiaRede":119.966301,"ConsMesRede":119.966301,"Status":"REDE"}