{"CorrPlaca":0.078000002,"TensPlaca":6.697000027,"CorrRede":1.001000047,"TensRede":0.182999998,"ConsDiaPlaca":29.54357529,"ConsMesPlaca":29.54357529,"ConsDiaRede":9.43401432,"ConsMesRede":9.43401432,"Status":"REDE"}