{"CorrPlaca":0.935000002,"TensPlaca":3.191999912,"CorrRede":1.177000046,"TensRede":2.727999926,"ConsDiaPlaca":156.1915131,"ConsMesPlaca":156.1915131,"ConsDiaRede":147.0897064,"ConsMesRede":147.0897064,"Status":"REDE"}