{"CorrPlaca":0,"TensPlaca":6.721000195,"CorrRede":0.782000005,"TensRede":0.261999995,"ConsDiaPlaca":1.533571362,"ConsMesPlaca":1.533571362,"ConsDiaRede":15.17673969,"ConsMesRede":15.17673969,"Status":"REDE"}