{"CorrPlaca":2.290999889,"TensPlaca":25,"CorrRede":3.670000076,"TensRede":2.703999996,"ConsDiaPlaca":718.7664795,"ConsMesPlaca":718.7664795,"ConsDiaRede":234.3169861,"ConsMesRede":234.3169861,"Status":"REDE"}