{"CorrPlaca":0.748000026,"TensPlaca":18.08300018,"CorrRede":1.75,"TensRede":0,"ConsDiaPlaca":2107.348389,"ConsMesPlaca":2107.348389,"ConsDiaRede":659.8596191,"ConsMesRede":659.8596191,"Status":"REDE"}