{"CorrPlaca":0,"TensPlaca":6.709000111,"CorrRede":0.822000027,"TensRede":0.201000005,"ConsDiaPlaca":86.56943512,"ConsMesPlaca":86.56943512,"ConsDiaRede":40.83292389,"ConsMesRede":40.83292389,"Status":"REDE"}