{"CorrPlaca":0.875999987,"TensPlaca":18.13699913,"CorrRede":1.840000033,"TensRede":0,"ConsDiaPlaca":3200.740967,"ConsMesPlaca":3200.740967,"ConsDiaRede":991.50354,"ConsMesRede":991.50354,"Status":"REDE"}