{"CorrPlaca":0.781000018,"TensPlaca":18.14999962,"CorrRede":1.774999976,"TensRede":0,"ConsDiaPlaca":5387.936035,"ConsMesPlaca":5387.936035,"ConsDiaRede":1695.734131,"ConsMesRede":1695.734131,"Status":"REDE"}