{"Corrente":3.632999897,"Tensao":0,"Consumo":0.057277199,"Status":"REDE"}