{"CorrPlaca":5,"TensPlaca":25,"CorrRede":2.321000099,"TensRede":6.978000164,"ConsDiaPlaca":29131.78711,"ConsMesPlaca":29131.78711,"ConsDiaRede":1190.078247,"ConsMesRede":1190.078247,"Status":"REDE"}