{"CorrPlaca":5,"TensPlaca":18.04000092,"CorrRede":1.036000013,"TensRede":0,"ConsDiaPlaca":12416.48926,"ConsMesPlaca":12416.48926,"ConsDiaRede":539.4249878,"ConsMesRede":539.4249878,"Status":"REDE"}