{"CorrPlaca":5,"TensPlaca":18.07600021,"CorrRede":2.719000101,"TensRede":0.84799999,"ConsDiaPlaca":3443.48584,"ConsMesPlaca":3443.48584,"ConsDiaRede":386.5819702,"ConsMesRede":386.5819702,"Status":"REDE"}