{"CorrPlaca":0,"TensPlaca":3.198999882,"CorrRede":0.31099999,"TensRede":0,"ConsDiaPlaca":4907.225586,"ConsMesPlaca":4907.225586,"ConsDiaRede":471.2583923,"ConsMesRede":471.2583923,"Status":"REDE"}