{"CorrPlaca":0,"TensPlaca":0.683000028,"CorrRede":0.470999986,"TensRede":0.708000004,"ConsDiaPlaca":0,"ConsMesPlaca":0,"ConsDiaRede":0.329289168,"ConsMesRede":0.329289168,"Status":"REDE"}