{"Corrente":2.835000038,"Tensao":0,"Consumo":0.099550068,"Status":"REDE"}