{"CorrPlaca":0.057999998,"TensPlaca":6.671999931,"CorrRede":0.976000011,"TensRede":0.286000013,"ConsDiaPlaca":54.79645538,"ConsMesPlaca":54.79645538,"ConsDiaRede":19.46214104,"ConsMesRede":19.46214104,"Status":"REDE"}