{"CorrPlaca":0.061999999,"TensPlaca":6.684000015,"CorrRede":0.984000027,"TensRede":0.280000001,"ConsDiaPlaca":52.69778442,"ConsMesPlaca":52.69778442,"ConsDiaRede":18.43985558,"ConsMesRede":18.43985558,"Status":"REDE"}