{"CorrPlaca":5,"TensPlaca":25,"CorrRede":2.480999947,"TensRede":7.387000084,"ConsDiaPlaca":10555.51758,"ConsMesPlaca":10555.51758,"ConsDiaRede":320.0448914,"ConsMesRede":320.0448914,"Status":"REDE"}