{"CorrPlaca":0,"TensPlaca":0,"CorrRede":0.611999989,"TensRede":0,"ConsDiaPlaca":1.587435603,"ConsMesPlaca":1.587435603,"ConsDiaRede":188.0858612,"ConsMesRede":188.0858612,"Status":"REDE"}