{"CorrPlaca":0,"TensPlaca":0.726000011,"CorrRede":0.458999991,"TensRede":0.305000007,"ConsDiaPlaca":0.000201667,"ConsMesPlaca":0.000201667,"ConsDiaRede":0.669528127,"ConsMesRede":0.669528127,"Status":"REDE"}