{"CorrPlaca":5,"TensPlaca":25,"CorrRede":2.553999901,"TensRede":6.874000072,"ConsDiaPlaca":24999.86914,"ConsMesPlaca":24999.86914,"ConsDiaRede":1023.081909,"ConsMesRede":1023.081909,"Status":"REDE"}