{"CorrPlaca":0,"TensPlaca":18.0340004,"CorrRede":1.182999969,"TensRede":0,"ConsDiaPlaca":1745.693481,"ConsMesPlaca":1745.693481,"ConsDiaRede":697.4976807,"ConsMesRede":697.4976807,"Status":"REDE"}