{"CorrPlaca":5,"TensPlaca":25,"CorrRede":0.698000014,"TensRede":0.469999999,"ConsDiaPlaca":20069.3457,"ConsMesPlaca":20069.3457,"ConsDiaRede":771.9658203,"ConsMesRede":771.9658203,"Status":"REDE"}