{"Corrente":0.474999994,"Tensao":0,"Consumo":0.000573213,"Status":"REDE"}