{"CorrPlaca":0,"TensPlaca":0,"CorrRede":0.595000029,"TensRede":0.079000004,"ConsDiaPlaca":1.587435603,"ConsMesPlaca":1.587435603,"ConsDiaRede":187.5618744,"ConsMesRede":187.5618744,"Status":"REDE"}