{"CorrPlaca":5,"TensPlaca":15.74400043,"CorrRede":1.583999991,"TensRede":0.824000001,"ConsDiaPlaca":6214.417969,"ConsMesPlaca":6214.417969,"ConsDiaRede":492.8625793,"ConsMesRede":492.8625793,"Status":"REDE"}