{"CorrPlaca":0,"TensPlaca":0.720000029,"CorrRede":0.467999995,"TensRede":0.224999994,"ConsDiaPlaca":0,"ConsMesPlaca":0,"ConsDiaRede":0.788383067,"ConsMesRede":0.788383067,"Status":"REDE"}