{"CorrPlaca":5,"TensPlaca":25,"CorrRede":1.424000025,"TensRede":2.984999895,"ConsDiaPlaca":27395.6875,"ConsMesPlaca":27395.6875,"ConsDiaRede":1108.696289,"ConsMesRede":1108.696289,"Status":"REDE"}