{"CorrPlaca":0.477999985,"TensPlaca":18.06999969,"CorrRede":1.547000051,"TensRede":0,"ConsDiaPlaca":4989.44043,"ConsMesPlaca":4989.44043,"ConsDiaRede":1550.108276,"ConsMesRede":1550.108276,"Status":"REDE"}