{"CorrPlaca":1.481999993,"TensPlaca":18.09499931,"CorrRede":2.450999975,"TensRede":4.413000107,"ConsDiaPlaca":2395.851318,"ConsMesPlaca":2395.851318,"ConsDiaRede":754.6775513,"ConsMesRede":754.6775513,"Status":"REDE"}