{"CorrPlaca":5,"TensPlaca":25,"CorrRede":1.950999975,"TensRede":3.614000082,"ConsDiaPlaca":34999.88672,"ConsMesPlaca":34999.88672,"ConsDiaRede":1409.274902,"ConsMesRede":1409.274902,"Status":"REDE"}