{"corrente":-0.007,"tensao":0.628000021,"consumo":-0.000224933}