{"CorrPlaca":0.550999999,"TensPlaca":3.118999958,"CorrRede":0.931999981,"TensRede":2.056999922,"ConsDiaPlaca":127.0298462,"ConsMesPlaca":127.0298462,"ConsDiaRede":123.7230682,"ConsMesRede":123.7230682,"Status":"REDE"}