{"CorrPlaca":1,"TensPlaca":18.05200005,"CorrRede":1.853999972,"TensRede":0.090999998,"ConsDiaPlaca":3331.827637,"ConsMesPlaca":3331.827637,"ConsDiaRede":1304.344727,"ConsMesRede":1304.344727,"Status":"REDE"}