{"CorrPlaca":0,"TensPlaca":0.763000011,"CorrRede":0.423999995,"TensRede":0.31099999,"ConsDiaPlaca":0,"ConsMesPlaca":0,"ConsDiaRede":0.380599141,"ConsMesRede":0.380599141,"Status":"REDE"}