{"CorrPlaca":5,"TensPlaca":0,"CorrRede":0.792999983,"TensRede":0.31099999,"ConsDiaPlaca":6734.087891,"ConsMesPlaca":6734.087891,"ConsDiaRede":521.7600098,"ConsMesRede":521.7600098,"Status":"REDE"}