{"CorrPlaca":2.845999956,"TensPlaca":18.09499931,"CorrRede":3.50999999,"TensRede":8.711000443,"ConsDiaPlaca":566.7907104,"ConsMesPlaca":566.7907104,"ConsDiaRede":259.6400146,"ConsMesRede":259.6400146,"Status":"REDE"}