{"CorrPlaca":3.509000063,"TensPlaca":25,"CorrRede":2.233999968,"TensRede":3.655999899,"ConsDiaPlaca":21180.26758,"ConsMesPlaca":21180.26758,"ConsDiaRede":724.0760498,"ConsMesRede":724.0760498,"Status":"REDE"}