{"CorrPlaca":0.041000001,"TensPlaca":18.0340004,"CorrRede":1.315999985,"TensRede":0.280000001,"ConsDiaPlaca":1801.691162,"ConsMesPlaca":1801.691162,"ConsDiaRede":813.0792847,"ConsMesRede":813.0792847,"Status":"REDE"}