{"CorrPlaca":2.410000086,"TensPlaca":18.11300087,"CorrRede":3.096999884,"TensRede":6.738999844,"ConsDiaPlaca":2058.218262,"ConsMesPlaca":2058.218262,"ConsDiaRede":643.7529907,"ConsMesRede":643.7529907,"Status":"REDE"}