{"Corrente":0.474999994,"Tensao":0,"Consumo":0.004195239,"Status":"REDE"}