{"CorrPlaca":1.641000032,"TensPlaca":18.09499931,"CorrRede":2.463000059,"TensRede":1.452000022,"ConsDiaPlaca":139.5298462,"ConsMesPlaca":139.5298462,"ConsDiaRede":50.72155762,"ConsMesRede":50.72155762,"Status":"REDE"}