{"CorrPlaca":0.004,"TensPlaca":6.665999889,"CorrRede":0.843999982,"TensRede":0.207000002,"ConsDiaPlaca":83.93499756,"ConsMesPlaca":83.93499756,"ConsDiaRede":35.26508331,"ConsMesRede":35.26508331,"Status":"REDE"}