{"CorrPlaca":0.769999981,"TensPlaca":18.13100052,"CorrRede":1.766000032,"TensRede":0,"ConsDiaPlaca":5294.381348,"ConsMesPlaca":5294.381348,"ConsDiaRede":1667.979736,"ConsMesRede":1667.979736,"Status":"REDE"}