{"CorrPlaca":0,"TensPlaca":18.05200005,"CorrRede":1.15199995,"TensRede":0,"ConsDiaPlaca":3097.172363,"ConsMesPlaca":3097.172363,"ConsDiaRede":1228.143555,"ConsMesRede":1228.143555,"Status":"REDE"}