{"CorrPlaca":5,"TensPlaca":0.409000009,"CorrRede":0.228,"TensRede":0,"ConsDiaPlaca":35312.97266,"ConsMesPlaca":35312.97266,"ConsDiaRede":1416.141235,"ConsMesRede":1416.141235,"Status":"REDE"}