{"CorrPlaca":5,"TensPlaca":25,"CorrRede":1.277999997,"TensRede":2.838000059,"ConsDiaPlaca":18194.35742,"ConsMesPlaca":18194.35742,"ConsDiaRede":669.7489624,"ConsMesRede":669.7489624,"Status":"REDE"}