{"Corrente":5,"Tensao":2.697999954,"Consumo":0.008300001,"Status":"REDE"}