{"CorrPlaca":0.250999987,"TensPlaca":18.11899948,"CorrRede":1.325999975,"TensRede":0,"ConsDiaPlaca":2551.174805,"ConsMesPlaca":2551.174805,"ConsDiaRede":1012.512268,"ConsMesRede":1012.512268,"Status":"REDE"}