{"CorrPlaca":5,"TensPlaca":25,"CorrRede":0.769999981,"TensRede":0.902999997,"ConsDiaPlaca":32638.71094,"ConsMesPlaca":32638.71094,"ConsDiaRede":1335.459229,"ConsMesRede":1335.459229,"Status":"REDE"}