{"CorrPlaca":3.164000034,"TensPlaca":18.08300018,"CorrRede":3.569999933,"TensRede":8.539999962,"ConsDiaPlaca":1551.160278,"ConsMesPlaca":1551.160278,"ConsDiaRede":704.7661743,"ConsMesRede":704.7661743,"Status":"REDE"}