{"Corrente":4.093999863,"Tensao":29.2140007,"Consumo":0.455887258,"Status":"PLACA"}