{"CorrPlaca":5,"TensPlaca":25,"CorrRede":1.32099998,"TensRede":3.112999916,"ConsDiaPlaca":30242.89258,"ConsMesPlaca":30242.89258,"ConsDiaRede":1254.348755,"ConsMesRede":1254.348755,"Status":"REDE"}