{"CorrPlaca":2.634000063,"TensPlaca":18.15600014,"CorrRede":3.15899992,"TensRede":6.171999931,"ConsDiaPlaca":4245.79541,"ConsMesPlaca":4245.79541,"ConsDiaRede":1326.779785,"ConsMesRede":1326.779785,"Status":"REDE"}