{"CorrPlaca":0,"TensPlaca":0.683000028,"CorrRede":0.565999985,"TensRede":0.873000026,"ConsDiaPlaca":0,"ConsMesPlaca":0,"ConsDiaRede":0.807941079,"ConsMesRede":0.807941079,"Status":"REDE"}