{"CorrPlaca":5,"TensPlaca":3.186000109,"CorrRede":0.416000009,"TensRede":0,"ConsDiaPlaca":6615.134277,"ConsMesPlaca":6615.134277,"ConsDiaRede":503.6856079,"ConsMesRede":503.6856079,"Status":"REDE"}