{"CorrPlaca":0.090999998,"TensPlaca":6.703000069,"CorrRede":0.901000023,"TensRede":0.207000002,"ConsDiaPlaca":78.39146423,"ConsMesPlaca":78.39146423,"ConsDiaRede":29.53454399,"ConsMesRede":29.53454399,"Status":"REDE"}