{"CorrPlaca":0,"TensPlaca":0.768999994,"CorrRede":0.432999998,"TensRede":0.298999995,"ConsDiaPlaca":0,"ConsMesPlaca":0,"ConsDiaRede":0.652628362,"ConsMesRede":0.652628362,"Status":"REDE"}