{"corrente":0.018999999,"tensao":2.21600008,"consumo":0.078113258}