{"CorrPlaca":5,"TensPlaca":25,"CorrRede":2.592000008,"TensRede":6.940999985,"ConsDiaPlaca":12187.45215,"ConsMesPlaca":12187.45215,"ConsDiaRede":379.3905334,"ConsMesRede":379.3905334,"Status":"REDE"}