{"CorrPlaca":0.721000016,"TensPlaca":2.819999933,"CorrRede":0.77700001,"TensRede":0,"ConsDiaPlaca":36.46251678,"ConsMesPlaca":36.46251678,"ConsDiaRede":29.43977547,"ConsMesRede":29.43977547,"Status":"REDE"}