{"CorrPlaca":0.289000005,"TensPlaca":18.06999969,"CorrRede":1.518000007,"TensRede":0.103,"ConsDiaPlaca":2515.858643,"ConsMesPlaca":2515.858643,"ConsDiaRede":780.8960571,"ConsMesRede":780.8960571,"Status":"REDE"}