{"CorrPlaca":0.013,"TensPlaca":6.732999802,"CorrRede":0.82099998,"TensRede":0.164000005,"ConsDiaPlaca":86.53850555,"ConsMesPlaca":86.53850555,"ConsDiaRede":40.7222023,"ConsMesRede":40.7222023,"Status":"REDE"}