{"CorrPlaca":0.711000025,"TensPlaca":0,"CorrRede":0.097000003,"TensRede":0,"ConsDiaPlaca":95.67699432,"ConsMesPlaca":95.67699432,"ConsDiaRede":85.42677307,"ConsMesRede":85.42677307,"Status":"REDE"}