{"CorrPlaca":0,"TensPlaca":6.677999973,"CorrRede":0.80400002,"TensRede":0.323000014,"ConsDiaPlaca":1.522501469,"ConsMesPlaca":1.522501469,"ConsDiaRede":4.934154987,"ConsMesRede":4.934154987,"Status":"REDE"}