{"corrente":1.718999982,"tensao":9.145000458,"consumo":1.548875809}