{"corrente":0.712000012,"tensao":0.666000009,"consumo":0.044707093}