{"CorrPlaca":2.757999897,"TensPlaca":18.0340004,"CorrRede":3.321000099,"TensRede":8.302000046,"ConsDiaPlaca":4510.201172,"ConsMesPlaca":4510.201172,"ConsDiaRede":1759.056152,"ConsMesRede":1759.056152,"Status":"REDE"}