{"CorrPlaca":0.086000003,"TensPlaca":18.07600021,"CorrRede":1.246000051,"TensRede":0,"ConsDiaPlaca":4468.01416,"ConsMesPlaca":4468.01416,"ConsDiaRede":1740.758911,"ConsMesRede":1740.758911,"Status":"REDE"}