{"CorrPlaca":0.361999989,"TensPlaca":18.14999962,"CorrRede":1.55400002,"TensRede":1.305999994,"ConsDiaPlaca":2842.268066,"ConsMesPlaca":2842.268066,"ConsDiaRede":1124.86438,"ConsMesRede":1124.86438,"Status":"REDE"}