{"CorrPlaca":0.340999991,"TensPlaca":18.10700035,"CorrRede":1.534000039,"TensRede":0.305000007,"ConsDiaPlaca":3362.26123,"ConsMesPlaca":3362.26123,"ConsDiaRede":1044.261597,"ConsMesRede":1044.261597,"Status":"REDE"}