{"CorrPlaca":0.40200001,"TensPlaca":18.05800056,"CorrRede":1.590000033,"TensRede":0.578999996,"ConsDiaPlaca":3504.668945,"ConsMesPlaca":3504.668945,"ConsDiaRede":1098.327637,"ConsMesRede":1098.327637,"Status":"REDE"}