{"Corrente":14.20400047,"Tensao":10.13899994,"Consumo":5.157041073,"Status":"PLACA"}