{"CorrPlaca":0.105999999,"TensPlaca":18.13100052,"CorrRede":1.386999965,"TensRede":0.512000024,"ConsDiaPlaca":1907.781982,"ConsMesPlaca":1907.781982,"ConsDiaRede":869.5357666,"ConsMesRede":869.5357666,"Status":"REDE"}