{"CorrPlaca":0.694000006,"TensPlaca":6.446000099,"CorrRede":1.56099999,"TensRede":4.303999901,"ConsDiaPlaca":25.32683563,"ConsMesPlaca":25.32683563,"ConsDiaRede":20.18307114,"ConsMesRede":20.18307114,"Status":"REDE"}