{"CorrPlaca":5,"TensPlaca":25,"CorrRede":2.177000046,"TensRede":4.010000229,"ConsDiaPlaca":23437.38086,"ConsMesPlaca":23437.38086,"ConsDiaRede":921.0245361,"ConsMesRede":921.0245361,"Status":"REDE"}