{"CorrPlaca":0,"TensPlaca":6.671999931,"CorrRede":0.763000011,"TensRede":0.244000003,"ConsDiaPlaca":1.587435603,"ConsMesPlaca":1.587435603,"ConsDiaRede":19.68165779,"ConsMesRede":19.68165779,"Status":"REDE"}