{"CorrPlaca":0,"TensPlaca":0.75,"CorrRede":0.451999992,"TensRede":0.140000001,"ConsDiaPlaca":0.002766667,"ConsMesPlaca":0.002766667,"ConsDiaRede":1.016666889,"ConsMesRede":1.016666889,"Status":"REDE"}