{"CorrPlaca":0,"TensPlaca":0.792999983,"CorrRede":0.451000005,"TensRede":0.280000001,"ConsDiaPlaca":0.041084167,"ConsMesPlaca":0.041084167,"ConsDiaRede":1.400025725,"ConsMesRede":1.400025725,"Status":"REDE"}