{"CorrPlaca":0.050999999,"TensPlaca":6.727000237,"CorrRede":0.957000017,"TensRede":0.207000002,"ConsDiaPlaca":64.33472443,"ConsMesPlaca":64.33472443,"ConsDiaRede":24.4634037,"ConsMesRede":24.4634037,"Status":"REDE"}