{"CorrPlaca":1.103000045,"TensPlaca":18.04000092,"CorrRede":2.14199996,"TensRede":4.040999889,"ConsDiaPlaca":2204.126953,"ConsMesPlaca":2204.126953,"ConsDiaRede":877.894043,"ConsMesRede":877.894043,"Status":"REDE"}