{"CorrPlaca":0.083999999,"TensPlaca":6.732999802,"CorrRede":0.989000022,"TensRede":0.261999995,"ConsDiaPlaca":37.6945076,"ConsMesPlaca":37.6945076,"ConsDiaRede":12.1536684,"ConsMesRede":12.1536684,"Status":"REDE"}