{"CorrPlaca":2.806999922,"TensPlaca":18.09499931,"CorrRede":3.34100008,"TensRede":7.301000118,"ConsDiaPlaca":3678.473389,"ConsMesPlaca":3678.473389,"ConsDiaRede":1154.831665,"ConsMesRede":1154.831665,"Status":"REDE"}