{"CorrPlaca":2.605999947,"TensPlaca":18.08300018,"CorrRede":3.217000008,"TensRede":7.239999771,"ConsDiaPlaca":3256.184082,"ConsMesPlaca":3256.184082,"ConsDiaRede":1007.075989,"ConsMesRede":1007.075989,"Status":"REDE"}