{"CorrPlaca":5,"TensPlaca":25,"CorrRede":2.207000017,"TensRede":4.199999809,"ConsDiaPlaca":19965.17969,"ConsMesPlaca":19965.17969,"ConsDiaRede":767.5780029,"ConsMesRede":767.5780029,"Status":"REDE"}