{"Corrente":2.671999931,"Tensao":6.073999882,"Consumo":0.004508257,"Status":"PLACA"}