{"CorrPlaca":5,"TensPlaca":25,"CorrRede":1.940000057,"TensRede":5.109000206,"ConsDiaPlaca":33645.65234,"ConsMesPlaca":33645.65234,"ConsDiaRede":1388.719604,"ConsMesRede":1388.719604,"Status":"REDE"}