{"CorrPlaca":2.434000015,"TensPlaca":18.0890007,"CorrRede":3.079999924,"TensRede":7.893000126,"ConsDiaPlaca":3881.959229,"ConsMesPlaca":3881.959229,"ConsDiaRede":1510.884521,"ConsMesRede":1510.884521,"Status":"REDE"}