{"CorrPlaca":0.550000012,"TensPlaca":18.10099983,"CorrRede":1.621000051,"TensRede":0,"ConsDiaPlaca":69.43227386,"ConsMesPlaca":69.43227386,"ConsDiaRede":12.49879837,"ConsMesRede":12.49879837,"Status":"REDE"}