{"CorrPlaca":0.736999989,"TensPlaca":4.528999805,"CorrRede":1.125,"TensRede":2.178999901,"ConsDiaPlaca":22.78981209,"ConsMesPlaca":22.78981209,"ConsDiaRede":16.84036446,"ConsMesRede":16.84036446,"Status":"REDE"}