{"CorrPlaca":0,"TensPlaca":18.06399918,"CorrRede":1.15199995,"TensRede":0,"ConsDiaPlaca":4685.02002,"ConsMesPlaca":4685.02002,"ConsDiaRede":1833.032715,"ConsMesRede":1833.032715,"Status":"REDE"}