{"CorrPlaca":5,"TensPlaca":8.192000389,"CorrRede":1.952999949,"TensRede":3.052000046,"ConsDiaPlaca":12862.8877,"ConsMesPlaca":12862.8877,"ConsDiaRede":543.3866577,"ConsMesRede":543.3866577,"Status":"REDE"}