{"CorrPlaca":0,"TensPlaca":0,"CorrRede":0.606000006,"TensRede":0.012,"ConsDiaPlaca":1.587435603,"ConsMesPlaca":1.587435603,"ConsDiaRede":188.5502625,"ConsMesRede":188.5502625,"Status":"REDE"}