{"CorrPlaca":0.331999987,"TensPlaca":18.0340004,"CorrRede":1.475999951,"TensRede":0,"ConsDiaPlaca":2204.153076,"ConsMesPlaca":2204.153076,"ConsDiaRede":690.6692505,"ConsMesRede":690.6692505,"Status":"REDE"}