{"CorrPlaca":0.107000001,"TensPlaca":6.715000153,"CorrRede":0.985000014,"TensRede":0.268000007,"ConsDiaPlaca":48.97312546,"ConsMesPlaca":48.97312546,"ConsDiaRede":16.66749954,"ConsMesRede":16.66749954,"Status":"REDE"}