{"CorrPlaca":0,"TensPlaca":6.532000065,"CorrRede":0.819000006,"TensRede":0.103,"ConsDiaPlaca":85.31069946,"ConsMesPlaca":85.31069946,"ConsDiaRede":38.21169281,"ConsMesRede":38.21169281,"Status":"REDE"}