{"Corrente":2.298000097,"Tensao":0,"Consumo":0.149639666,"Status":"REDE"}