{"CorrPlaca":0,"TensPlaca":6.709000111,"CorrRede":0.851000011,"TensRede":0.213,"ConsDiaPlaca":85.03120422,"ConsMesPlaca":85.03120422,"ConsDiaRede":37.07368851,"ConsMesRede":37.07368851,"Status":"REDE"}