{"CorrPlaca":3.184000015,"TensPlaca":18.10700035,"CorrRede":3.124000072,"TensRede":5.316999912,"ConsDiaPlaca":4701.034668,"ConsMesPlaca":4701.034668,"ConsDiaRede":1837.646729,"ConsMesRede":1837.646729,"Status":"REDE"}