{"CorrPlaca":0.147,"TensPlaca":6.556000233,"CorrRede":1,"TensRede":0.128000006,"ConsDiaPlaca":22.42107773,"ConsMesPlaca":22.42107773,"ConsDiaRede":7.398519516,"ConsMesRede":7.398519516,"Status":"REDE"}