{"Corrente":0.43599999,"Tensao":1.546000004,"Consumo":0.001252969,"Status":"REDE"}