{"CorrPlaca":1.695000052,"TensPlaca":18.06999969,"CorrRede":2.382999897,"TensRede":2.434999943,"ConsDiaPlaca":4955.451172,"ConsMesPlaca":4955.451172,"ConsDiaRede":1946.481079,"ConsMesRede":1946.481079,"Status":"REDE"}