{"CorrPlaca":5,"TensPlaca":25,"CorrRede":1.715999961,"TensRede":4.883999825,"ConsDiaPlaca":28159.57227,"ConsMesPlaca":28159.57227,"ConsDiaRede":1151.704956,"ConsMesRede":1151.704956,"Status":"REDE"}