{"CorrPlaca":2.724999905,"TensPlaca":18.10099983,"CorrRede":3.278000116,"TensRede":7.313000202,"ConsDiaPlaca":4360.373535,"ConsMesPlaca":4360.373535,"ConsDiaRede":1360.219116,"ConsMesRede":1360.219116,"Status":"REDE"}