{"CorrPlaca":5,"TensPlaca":25,"CorrRede":2.078000069,"TensRede":3.492000103,"ConsDiaPlaca":26249.86133,"ConsMesPlaca":26249.86133,"ConsDiaRede":1047.377686,"ConsMesRede":1047.377686,"Status":"REDE"}