{"Corrente":10.00199986,"Tensao":0.774999976,"Consumo":0.123103738,"Status":"REDE"}