{"CorrPlaca":0.912,"TensPlaca":18.05800056,"CorrRede":1.855000019,"TensRede":0,"ConsDiaPlaca":1692.287476,"ConsMesPlaca":1692.287476,"ConsDiaRede":519.7538452,"ConsMesRede":519.7538452,"Status":"REDE"}