{"Corrente":2.14199996,"Tensao":6.311999798,"Consumo":0.039289791,"Status":"PLACA"}