{"CorrPlaca":0,"TensPlaca":0.787,"CorrRede":0.400999993,"TensRede":0.328999996,"ConsDiaPlaca":0.045552503,"ConsMesPlaca":0.045552503,"ConsDiaRede":1.160430193,"ConsMesRede":1.160430193,"Status":"REDE"}