{"CorrPlaca":5,"TensPlaca":25,"CorrRede":1.034000039,"TensRede":2.051000118,"ConsDiaPlaca":19895.73633,"ConsMesPlaca":19895.73633,"ConsDiaRede":764.4663086,"ConsMesRede":764.4663086,"Status":"REDE"}