{"Corrente":172.6159973,"Tensao":1.269000053,"Consumo":25.72513008,"Status":"REDE"}