{"CorrPlaca":5,"TensPlaca":25,"CorrRede":0.97299999,"TensRede":1.720999956,"ConsDiaPlaca":2013.890015,"ConsMesPlaca":2013.890015,"ConsDiaRede":104.5279541,"ConsMesRede":104.5279541,"Status":"REDE"}