{"CorrPlaca":0.550999999,"TensPlaca":3.22300005,"CorrRede":0.930000007,"TensRede":2.08100009,"ConsDiaPlaca":129.8295288,"ConsMesPlaca":129.8295288,"ConsDiaRede":126.0491257,"ConsMesRede":126.0491257,"Status":"REDE"}