{"CorrPlaca":5,"TensPlaca":25,"CorrRede":3.53399992,"TensRede":2.019999981,"ConsDiaPlaca":2701.28833,"ConsMesPlaca":2701.28833,"ConsDiaRede":361.7324829,"ConsMesRede":361.7324829,"Status":"REDE"}