{"CorrPlaca":0,"TensPlaca":6.738999844,"CorrRede":0.828999996,"TensRede":0.224999994,"ConsDiaPlaca":86.64099121,"ConsMesPlaca":86.64099121,"ConsDiaRede":40.981884,"ConsMesRede":40.981884,"Status":"REDE"}