{"CorrPlaca":0,"TensPlaca":0,"CorrRede":0.586000025,"TensRede":0.085000001,"ConsDiaPlaca":1.587435603,"ConsMesPlaca":1.587435603,"ConsDiaRede":21.47945023,"ConsMesRede":21.47945023,"Status":"REDE"}