{"CorrPlaca":0,"TensPlaca":0.781000018,"CorrRede":0.505999982,"TensRede":0.201000005,"ConsDiaPlaca":0,"ConsMesPlaca":0,"ConsDiaRede":0.991595447,"ConsMesRede":0.991595447,"Status":"REDE"}