{"CorrPlaca":0.135000005,"TensPlaca":6.738999844,"CorrRede":0.953999996,"TensRede":2.135999918,"ConsDiaPlaca":0.252712488,"ConsMesPlaca":0.252712488,"ConsDiaRede":0.566039979,"ConsMesRede":0.566039979,"Status":"REDE"}