{"CorrPlaca":1.230000019,"TensPlaca":18.0890007,"CorrRede":2.101000071,"TensRede":0.103,"ConsDiaPlaca":902.4926758,"ConsMesPlaca":902.4926758,"ConsDiaRede":278.5193787,"ConsMesRede":278.5193787,"Status":"REDE"}