{"CorrPlaca":2.872999907,"TensPlaca":18.13100052,"CorrRede":3.378999949,"TensRede":8.173999786,"ConsDiaPlaca":4656.589844,"ConsMesPlaca":4656.589844,"ConsDiaRede":1818.897827,"ConsMesRede":1818.897827,"Status":"REDE"}