{"CorrPlaca":0,"TensPlaca":0,"CorrRede":0.614000022,"TensRede":0.097000003,"ConsDiaPlaca":1.587435603,"ConsMesPlaca":1.587435603,"ConsDiaRede":186.8019562,"ConsMesRede":186.8019562,"Status":"REDE"}