{"CorrPlaca":0,"TensPlaca":0.640999973,"CorrRede":0.44600001,"TensRede":0.43900001,"ConsDiaPlaca":0,"ConsMesPlaca":0,"ConsDiaRede":0.468079478,"ConsMesRede":0.468079478,"Status":"REDE"}