{"CorrPlaca":5,"TensPlaca":25,"CorrRede":0.666000009,"TensRede":0,"ConsDiaPlaca":26979.02344,"ConsMesPlaca":26979.02344,"ConsDiaRede":1088.374023,"ConsMesRede":1088.374023,"Status":"REDE"}