{"Corrente":2.075999975,"Tensao":0,"Consumo":0.149639666,"Status":"REDE"}