{"CorrPlaca":0.008,"TensPlaca":0.792999983,"CorrRede":0.588999987,"TensRede":0.592000008,"ConsDiaPlaca":0.001762222,"ConsMesPlaca":0.001762222,"ConsDiaRede":0.498315543,"ConsMesRede":0.498315543,"Status":"REDE"}