{"CorrPlaca":0.976000011,"TensPlaca":18.18000031,"CorrRede":1.851999998,"TensRede":0.134000003,"ConsDiaPlaca":3107.443359,"ConsMesPlaca":3107.443359,"ConsDiaRede":1228.306396,"ConsMesRede":1228.306396,"Status":"REDE"}