{"CorrPlaca":0.158000007,"TensPlaca":6.697000027,"CorrRede":0.995999992,"TensRede":0.347000003,"ConsDiaPlaca":3.802616596,"ConsMesPlaca":3.802616596,"ConsDiaRede":1.670511127,"ConsMesRede":1.670511127,"Status":"REDE"}