{"Corrente":14.53600025,"Tensao":15.90100002,"Consumo":2.077194691,"Status":"PLACA"}