{"CorrPlaca":2.135999918,"TensPlaca":25,"CorrRede":3.730999947,"TensRede":4.072000027,"ConsDiaPlaca":788.2734375,"ConsMesPlaca":788.2734375,"ConsDiaRede":248.3271179,"ConsMesRede":248.3271179,"Status":"REDE"}