{"CorrPlaca":2.714999914,"TensPlaca":18.0890007,"CorrRede":3.278000116,"TensRede":8.260000229,"ConsDiaPlaca":3021.439453,"ConsMesPlaca":3021.439453,"ConsDiaRede":1195.709717,"ConsMesRede":1195.709717,"Status":"REDE"}