{"CorrPlaca":0.763999999,"TensPlaca":18.06999969,"CorrRede":1.738000035,"TensRede":0,"ConsDiaPlaca":3043.175293,"ConsMesPlaca":3043.175293,"ConsDiaRede":937.8474121,"ConsMesRede":937.8474121,"Status":"REDE"}