{"CorrPlaca":2.586999893,"TensPlaca":18.07600021,"CorrRede":3.201999903,"TensRede":7.172999859,"ConsDiaPlaca":4427.328613,"ConsMesPlaca":4427.328613,"ConsDiaRede":1385.236328,"ConsMesRede":1385.236328,"Status":"REDE"}