{"CorrPlaca":0.917999983,"TensPlaca":25,"CorrRede":2.871000051,"TensRede":0.140000001,"ConsDiaPlaca":303.6484985,"ConsMesPlaca":303.6484985,"ConsDiaRede":181.452301,"ConsMesRede":181.452301,"Status":"REDE"}