{"CorrPlaca":0.030999999,"TensPlaca":3.22300005,"CorrRede":0.455000013,"TensRede":0,"ConsDiaPlaca":141.5793762,"ConsMesPlaca":141.5793762,"ConsDiaRede":135.6738434,"ConsMesRede":135.6738434,"Status":"REDE"}