{"CorrPlaca":5,"TensPlaca":0,"CorrRede":0.495000005,"TensRede":0.177000001,"ConsDiaPlaca":6236.48877,"ConsMesPlaca":6236.48877,"ConsDiaRede":493.4156799,"ConsMesRede":493.4156799,"Status":"REDE"}