{"CorrPlaca":0,"TensPlaca":0.781000018,"CorrRede":0.522000015,"TensRede":0.061000001,"ConsDiaPlaca":0,"ConsMesPlaca":0,"ConsDiaRede":0.519731402,"ConsMesRede":0.519731402,"Status":"REDE"}