{"CorrPlaca":0.504000008,"TensPlaca":18.0340004,"CorrRede":1.682000041,"TensRede":0.170000002,"ConsDiaPlaca":1112.078369,"ConsMesPlaca":1112.078369,"ConsDiaRede":352.0246277,"ConsMesRede":352.0246277,"Status":"REDE"}