{"CorrPlaca":2.516000032,"TensPlaca":18.10700035,"CorrRede":3.155999899,"TensRede":7.228000164,"ConsDiaPlaca":812.5776367,"ConsMesPlaca":812.5776367,"ConsDiaRede":362.4769287,"ConsMesRede":362.4769287,"Status":"REDE"}