{"CorrPlaca":2.207000017,"TensPlaca":18.07600021,"CorrRede":2.832000017,"TensRede":4.712999821,"ConsDiaPlaca":4893.273438,"ConsMesPlaca":4893.273438,"ConsDiaRede":1923.498901,"ConsMesRede":1923.498901,"Status":"REDE"}