{"CorrPlaca":0,"TensPlaca":0,"CorrRede":0.609000027,"TensRede":0.097000003,"ConsDiaPlaca":1.587435603,"ConsMesPlaca":1.587435603,"ConsDiaRede":187.5069733,"ConsMesRede":187.5069733,"Status":"REDE"}