{"CorrPlaca":1.628000021,"TensPlaca":18.11300087,"CorrRede":2.552999973,"TensRede":4.926000118,"ConsDiaPlaca":3662.787598,"ConsMesPlaca":3662.787598,"ConsDiaRede":1147.845581,"ConsMesRede":1147.845581,"Status":"REDE"}