{"CorrPlaca":1.279999971,"TensPlaca":18.10700035,"CorrRede":2.328000069,"TensRede":3.674999952,"ConsDiaPlaca":5383.998535,"ConsMesPlaca":5383.998535,"ConsDiaRede":1695.734131,"ConsMesRede":1695.734131,"Status":"REDE"}