{"CorrPlaca":0.041999999,"TensPlaca":6.715000153,"CorrRede":0.887000024,"TensRede":0.103,"ConsDiaPlaca":77.49855042,"ConsMesPlaca":77.49855042,"ConsDiaRede":29.20313644,"ConsMesRede":29.20313644,"Status":"REDE"}