{"CorrPlaca":0,"TensPlaca":18.06399918,"CorrRede":1.218000054,"TensRede":0.067000002,"ConsDiaPlaca":4336.956055,"ConsMesPlaca":4336.956055,"ConsDiaRede":1689.374634,"ConsMesRede":1689.374634,"Status":"REDE"}