{"CorrPlaca":5,"TensPlaca":25,"CorrRede":2.378000021,"TensRede":7.019999981,"ConsDiaPlaca":18541.57813,"ConsMesPlaca":18541.57813,"ConsDiaRede":693.6146851,"ConsMesRede":693.6146851,"Status":"REDE"}