{"CorrPlaca":5,"TensPlaca":25,"CorrRede":0.638000011,"TensRede":0,"ConsDiaPlaca":2048.612305,"ConsMesPlaca":2048.612305,"ConsDiaRede":104.5279541,"ConsMesRede":104.5279541,"Status":"REDE"}