{"CorrPlaca":5,"TensPlaca":25,"CorrRede":2.989000082,"TensRede":0.213,"ConsDiaPlaca":1798.509766,"ConsMesPlaca":1798.509766,"ConsDiaRede":350.1466064,"ConsMesRede":350.1466064,"Status":"REDE"}