{"CorrPlaca":0.029999999,"TensPlaca":18.06999969,"CorrRede":1.315999985,"TensRede":0.340999991,"ConsDiaPlaca":1710.96582,"ConsMesPlaca":1710.96582,"ConsDiaRede":767.6825562,"ConsMesRede":767.6825562,"Status":"REDE"}