{"CorrPlaca":0.499000013,"TensPlaca":18.11300087,"CorrRede":1.555999994,"TensRede":0,"ConsDiaPlaca":701.8139038,"ConsMesPlaca":701.8139038,"ConsDiaRede":280.8739624,"ConsMesRede":280.8739624,"Status":"REDE"}