{"Corrente":14.60900021,"Tensao":0,"Consumo":1.197687745,"Status":"REDE"}