{"CorrPlaca":0.230000004,"TensPlaca":18.06999969,"CorrRede":1.470999956,"TensRede":0,"ConsDiaPlaca":2856.613525,"ConsMesPlaca":2856.613525,"ConsDiaRede":889.0495605,"ConsMesRede":889.0495605,"Status":"REDE"}