{"CorrPlaca":2.426000118,"TensPlaca":18.16799927,"CorrRede":3.015000105,"TensRede":5.256000042,"ConsDiaPlaca":4600.728027,"ConsMesPlaca":4600.728027,"ConsDiaRede":1434.204834,"ConsMesRede":1434.204834,"Status":"REDE"}