{"CorrPlaca":2.848999977,"TensPlaca":14.16300011,"CorrRede":2.058000088,"TensRede":0.298999995,"ConsDiaPlaca":11.20844173,"ConsMesPlaca":11.20844173,"ConsDiaRede":1.893670559,"ConsMesRede":1.893670559,"Status":"REDE"}