{"corrente":2.602999926,"tensao":13.67500019,"consumo":1.307026625}