{"Corrente":0.462000012,"Tensao":0,"Consumo":0.005563721,"Status":"REDE"}