{"CorrPlaca":1.394000053,"TensPlaca":18.04000092,"CorrRede":2.164000034,"TensRede":1.184000015,"ConsDiaPlaca":3097.172363,"ConsMesPlaca":3097.172363,"ConsDiaRede":1228.143555,"ConsMesRede":1228.143555,"Status":"REDE"}