{"CorrPlaca":0.256000012,"TensPlaca":18.05800056,"CorrRede":1.434000015,"TensRede":0,"ConsDiaPlaca":4054.922363,"ConsMesPlaca":4054.922363,"ConsDiaRede":1265.547241,"ConsMesRede":1265.547241,"Status":"REDE"}