{"CorrPlaca":0.38499999,"TensPlaca":18.13100052,"CorrRede":1.486999989,"TensRede":0,"ConsDiaPlaca":3139.006348,"ConsMesPlaca":3139.006348,"ConsDiaRede":967.6860962,"ConsMesRede":967.6860962,"Status":"REDE"}