{"CorrPlaca":0.057999998,"TensPlaca":0,"CorrRede":0.470999986,"TensRede":0.939999998,"ConsDiaPlaca":0,"ConsMesPlaca":0,"ConsDiaRede":0.558985293,"ConsMesRede":0.558985293,"Status":"REDE"}