{"CorrPlaca":0,"TensPlaca":18.06999969,"CorrRede":1.166000009,"TensRede":0,"ConsDiaPlaca":2778.571289,"ConsMesPlaca":2778.571289,"ConsDiaRede":1098.833374,"ConsMesRede":1098.833374,"Status":"REDE"}