{"CorrPlaca":0.354999989,"TensPlaca":18.06999969,"CorrRede":1.572999954,"TensRede":1.251000047,"ConsDiaPlaca":2522.154297,"ConsMesPlaca":2522.154297,"ConsDiaRede":1001.958374,"ConsMesRede":1001.958374,"Status":"REDE"}