{"CorrPlaca":5,"TensPlaca":25,"CorrRede":2.482000113,"TensRede":5.804999828,"ConsDiaPlaca":15208.26563,"ConsMesPlaca":15208.26563,"ConsDiaRede":524.7329102,"ConsMesRede":524.7329102,"Status":"REDE"}