{"CorrPlaca":0.090000004,"TensPlaca":6.671999931,"CorrRede":0.980000019,"TensRede":0.238000005,"ConsDiaPlaca":41.8206749,"ConsMesPlaca":41.8206749,"ConsDiaRede":13.54777813,"ConsMesRede":13.54777813,"Status":"REDE"}