{"CorrPlaca":0,"TensPlaca":0,"CorrRede":0.638000011,"TensRede":0.108999997,"ConsDiaPlaca":1.587435603,"ConsMesPlaca":1.587435603,"ConsDiaRede":188.5839844,"ConsMesRede":188.5839844,"Status":"REDE"}