{"CorrPlaca":2.450999975,"TensPlaca":18.06999969,"CorrRede":3.028000116,"TensRede":5.566999912,"ConsDiaPlaca":5306.684082,"ConsMesPlaca":5306.684082,"ConsDiaRede":1672.662231,"ConsMesRede":1672.662231,"Status":"REDE"}