{"CorrPlaca":0.801999986,"TensPlaca":18.08300018,"CorrRede":1.730000019,"TensRede":0,"ConsDiaPlaca":3896.899902,"ConsMesPlaca":3896.899902,"ConsDiaRede":1514.404175,"ConsMesRede":1514.404175,"Status":"REDE"}