{"Corrente":0.449000001,"Tensao":5.487999916,"Consumo":0.004998046,"Status":"PLACA"}