{"CorrPlaca":0.078000002,"TensPlaca":6.697000027,"CorrRede":0.980000019,"TensRede":0.201000005,"ConsDiaPlaca":53.07516479,"ConsMesPlaca":53.07516479,"ConsDiaRede":18.62825775,"ConsMesRede":18.62825775,"Status":"REDE"}