{"CorrPlaca":0.081,"TensPlaca":6.561999798,"CorrRede":0.995000005,"TensRede":0.293000013,"ConsDiaPlaca":43.03507996,"ConsMesPlaca":43.03507996,"ConsDiaRede":14.1116066,"ConsMesRede":14.1116066,"Status":"REDE"}