{"CorrPlaca":1.480999947,"TensPlaca":18.05200005,"CorrRede":2.227999926,"TensRede":1.251000047,"ConsDiaPlaca":3695.821777,"ConsMesPlaca":3695.821777,"ConsDiaRede":1156.762451,"ConsMesRede":1156.762451,"Status":"REDE"}