{"CorrPlaca":0,"TensPlaca":0,"CorrRede":0.588,"TensRede":0.108999997,"ConsDiaPlaca":1.587435603,"ConsMesPlaca":1.587435603,"ConsDiaRede":17.64572525,"ConsMesRede":17.64572525,"Status":"REDE"}