{"Corrente":2.232000113,"Tensao":0,"Consumo":0.149639666,"Status":"REDE"}