{"CorrPlaca":0,"TensPlaca":0,"CorrRede":0.652999997,"TensRede":6.727000237,"ConsDiaPlaca":1.587435603,"ConsMesPlaca":1.587435603,"ConsDiaRede":121.2449265,"ConsMesRede":121.2449265,"Status":"REDE"}