{"CorrPlaca":0.649999976,"TensPlaca":18.05800056,"CorrRede":1.873999953,"TensRede":0.702000022,"ConsDiaPlaca":836.4318237,"ConsMesPlaca":836.4318237,"ConsDiaRede":267.0548706,"ConsMesRede":267.0548706,"Status":"REDE"}