{"CorrPlaca":0,"TensPlaca":0,"CorrRede":0.312000006,"TensRede":0.354000002,"ConsDiaPlaca":0.106222503,"ConsMesPlaca":0.106222503,"ConsDiaRede":1.34449625,"ConsMesRede":1.34449625,"Status":"REDE"}