{"CorrPlaca":0,"TensPlaca":0,"CorrRede":0.565999985,"TensRede":0.097000003,"ConsDiaPlaca":1.587435603,"ConsMesPlaca":1.587435603,"ConsDiaRede":17.80762863,"ConsMesRede":17.80762863,"Status":"REDE"}