{"CorrPlaca":5,"TensPlaca":18.07600021,"CorrRede":2.654000044,"TensRede":1.281999946,"ConsDiaPlaca":3719.668701,"ConsMesPlaca":3719.668701,"ConsDiaRede":401.6563721,"ConsMesRede":401.6563721,"Status":"REDE"}