{"Corrente":21.21699905,"Tensao":3.710999966,"Consumo":0.427778006,"Status":"REDE"}