{"CorrPlaca":1.621999979,"TensPlaca":18.06399918,"CorrRede":2.339999914,"TensRede":2.002000093,"ConsDiaPlaca":2489.136475,"ConsMesPlaca":2489.136475,"ConsDiaRede":987.8237305,"ConsMesRede":987.8237305,"Status":"REDE"}