{"CorrPlaca":0.681999981,"TensPlaca":4.590000153,"CorrRede":1.179999948,"TensRede":1.916000009,"ConsDiaPlaca":98.12441254,"ConsMesPlaca":98.12441254,"ConsDiaRede":87.19423676,"ConsMesRede":87.19423676,"Status":"REDE"}