{"CorrPlaca":5,"TensPlaca":25,"CorrRede":0.699999988,"TensRede":0,"ConsDiaPlaca":30798.44336,"ConsMesPlaca":30798.44336,"ConsDiaRede":1275.64978,"ConsMesRede":1275.64978,"Status":"REDE"}