{"CorrPlaca":0.365999997,"TensPlaca":18.09499931,"CorrRede":1.48300004,"TensRede":0,"ConsDiaPlaca":4290.26123,"ConsMesPlaca":4290.26123,"ConsDiaRede":1339.016602,"ConsMesRede":1339.016602,"Status":"REDE"}