{"CorrPlaca":2.170000076,"TensPlaca":18.14999962,"CorrRede":2.91899991,"TensRede":7.178999901,"ConsDiaPlaca":3726.658203,"ConsMesPlaca":3726.658203,"ConsDiaRede":1457.830566,"ConsMesRede":1457.830566,"Status":"REDE"}