{"CorrPlaca":0,"TensPlaca":0,"CorrRede":0.652999997,"TensRede":6.745999813,"ConsDiaPlaca":1.587435603,"ConsMesPlaca":1.587435603,"ConsDiaRede":88.7376709,"ConsMesRede":88.7376709,"Status":"REDE"}