{"Corrente":2.230000019,"Tensao":6.934999943,"Consumo":0.092094898,"Status":"PLACA"}