{"CorrPlaca":0,"TensPlaca":0,"CorrRede":0.648999989,"TensRede":6.697000027,"ConsDiaPlaca":1.587435603,"ConsMesPlaca":1.587435603,"ConsDiaRede":86.28338623,"ConsMesRede":86.28338623,"Status":"REDE"}