{"CorrPlaca":0.041999999,"TensPlaca":6.697000027,"CorrRede":0.867999971,"TensRede":0.207000002,"ConsDiaPlaca":82.59086609,"ConsMesPlaca":82.59086609,"ConsDiaRede":33.09191895,"ConsMesRede":33.09191895,"Status":"REDE"}