{"CorrPlaca":4.119999886,"TensPlaca":21.00099945,"CorrRede":4.228000164,"TensRede":1.427999973,"ConsDiaPlaca":168.0245667,"ConsMesPlaca":168.0245667,"ConsDiaRede":10.58354568,"ConsMesRede":10.58354568,"Status":"REDE"}