{"CorrPlaca":0,"TensPlaca":6.580999851,"CorrRede":0.787,"TensRede":0,"ConsDiaPlaca":1.533571362,"ConsMesPlaca":1.533571362,"ConsDiaRede":9.817563057,"ConsMesRede":9.817563057,"Status":"REDE"}