{"Corrente":0.462000012,"Tensao":1.366999984,"Consumo":0.004580477,"Status":"REDE"}