{"CorrPlaca":5,"TensPlaca":25,"CorrRede":0.526000023,"TensRede":0,"ConsDiaPlaca":11562.45605,"ConsMesPlaca":11562.45605,"ConsDiaRede":355.12323,"ConsMesRede":355.12323,"Status":"REDE"}