{"corrente":0.712000012,"tensao":4.06799984,"consumo":0.0080456}