{"CorrPlaca":0.718999982,"TensPlaca":5.243999958,"CorrRede":1.289999962,"TensRede":1.373000026,"ConsDiaPlaca":31.58938217,"ConsMesPlaca":31.58938217,"ConsDiaRede":25.16845322,"ConsMesRede":25.16845322,"Status":"REDE"}