{"CorrPlaca":0,"TensPlaca":0.628000021,"CorrRede":0.389999986,"TensRede":0.273999989,"ConsDiaPlaca":0.014104721,"ConsMesPlaca":0.014104721,"ConsDiaRede":0.982919574,"ConsMesRede":0.982919574,"Status":"REDE"}