{"CorrPlaca":0,"TensPlaca":18.11300087,"CorrRede":1.190999985,"TensRede":0,"ConsDiaPlaca":2986.557129,"ConsMesPlaca":2986.557129,"ConsDiaRede":1180.185425,"ConsMesRede":1180.185425,"Status":"REDE"}