{"Corrente":2.696000099,"Tensao":0,"Consumo":0.099550068,"Status":"REDE"}