{"Corrente":14.76500034,"Tensao":4.06799984,"Consumo":3.545021296,"Status":"REDE"}