{"CorrPlaca":0,"TensPlaca":18.10700035,"CorrRede":1.172000051,"TensRede":0,"ConsDiaPlaca":50.21840668,"ConsMesPlaca":50.21840668,"ConsDiaRede":24.24464798,"ConsMesRede":24.24464798,"Status":"REDE"}