{"CorrPlaca":0,"TensPlaca":0.781000018,"CorrRede":0.469999999,"TensRede":0.029999999,"ConsDiaPlaca":0.001762222,"ConsMesPlaca":0.001762222,"ConsDiaRede":0.502910554,"ConsMesRede":0.502910554,"Status":"REDE"}