{"CorrPlaca":5,"TensPlaca":18.06399918,"CorrRede":2.676000118,"TensRede":1.514000058,"ConsDiaPlaca":3920.618652,"ConsMesPlaca":3920.618652,"ConsDiaRede":406.4408875,"ConsMesRede":406.4408875,"Status":"REDE"}