{"CorrPlaca":0.128000006,"TensPlaca":18.0890007,"CorrRede":1.381999969,"TensRede":0,"ConsDiaPlaca":312.4948425,"ConsMesPlaca":312.4948425,"ConsDiaRede":142.6068726,"ConsMesRede":142.6068726,"Status":"REDE"}