{"CorrPlaca":2.732000113,"TensPlaca":18.08300018,"CorrRede":3.269000053,"TensRede":8.302000046,"ConsDiaPlaca":2664.80542,"ConsMesPlaca":2664.80542,"ConsDiaRede":1054.71167,"ConsMesRede":1054.71167,"Status":"REDE"}