{"CorrPlaca":0.01,"TensPlaca":0.628000021,"CorrRede":0.52700001,"TensRede":0.702000022,"ConsDiaPlaca":0.001744444,"ConsMesPlaca":0.001744444,"ConsDiaRede":0.416401923,"ConsMesRede":0.416401923,"Status":"REDE"}