{"CorrPlaca":2.788000107,"TensPlaca":18.11300087,"CorrRede":3.25999999,"TensRede":7.326000214,"ConsDiaPlaca":4882.191895,"ConsMesPlaca":4882.191895,"ConsDiaRede":1919.791382,"ConsMesRede":1919.791382,"Status":"REDE"}