{"CorrPlaca":5,"TensPlaca":25,"CorrRede":0.791999996,"TensRede":0,"ConsDiaPlaca":33992.89063,"ConsMesPlaca":33992.89063,"ConsDiaRede":1393.276367,"ConsMesRede":1393.276367,"Status":"REDE"}