{"CorrPlaca":0.760999978,"TensPlaca":18.17399979,"CorrRede":1.68599999,"TensRede":0,"ConsDiaPlaca":1660.252808,"ConsMesPlaca":1660.252808,"ConsDiaRede":670.9091187,"ConsMesRede":670.9091187,"Status":"REDE"}