{"CorrPlaca":0,"TensPlaca":0,"CorrRede":0.578000009,"TensRede":0.177000001,"ConsDiaPlaca":1.587435603,"ConsMesPlaca":1.587435603,"ConsDiaRede":17.50743294,"ConsMesRede":17.50743294,"Status":"REDE"}