{"CorrPlaca":5,"TensPlaca":25,"CorrRede":1.820000052,"TensRede":2.210000038,"ConsDiaPlaca":28715.12305,"ConsMesPlaca":28715.12305,"ConsDiaRede":1172.902832,"ConsMesRede":1172.902832,"Status":"REDE"}