{"Corrente":14.29599953,"Tensao":20.86499977,"Consumo":2.631687403,"Status":"PLACA"}