{"CorrPlaca":3.301000118,"TensPlaca":18.08300018,"CorrRede":3.811000109,"TensRede":9.37100029,"ConsDiaPlaca":724.1951904,"ConsMesPlaca":724.1951904,"ConsDiaRede":321.6824341,"ConsMesRede":321.6824341,"Status":"REDE"}