{"CorrPlaca":0.296000004,"TensPlaca":18.06999969,"CorrRede":1.449000001,"TensRede":0,"ConsDiaPlaca":2436.521484,"ConsMesPlaca":2436.521484,"ConsDiaRede":760.5908203,"ConsMesRede":760.5908203,"Status":"REDE"}