{"CorrPlaca":0,"TensPlaca":3.217000008,"CorrRede":0.240999997,"TensRede":0,"ConsDiaPlaca":127.2923584,"ConsMesPlaca":127.2923584,"ConsDiaRede":123.8034363,"ConsMesRede":123.8034363,"Status":"REDE"}