{"Corrente":14.20800018,"Tensao":2.864000082,"Consumo":4.204941273,"Status":"REDE"}