{"CorrPlaca":5,"TensPlaca":25,"CorrRede":0.611999989,"TensRede":0.207000002,"ConsDiaPlaca":29826.22852,"ConsMesPlaca":29826.22852,"ConsDiaRede":1232.453613,"ConsMesRede":1232.453613,"Status":"REDE"}