{"CorrPlaca":0,"TensPlaca":3.028000116,"CorrRede":0.467000008,"TensRede":0.268000007,"ConsDiaPlaca":4908.090332,"ConsMesPlaca":4908.090332,"ConsDiaRede":471.5090637,"ConsMesRede":471.5090637,"Status":"REDE"}