{"CorrPlaca":0.045000002,"TensPlaca":6.690999985,"CorrRede":0.898000002,"TensRede":0.201000005,"ConsDiaPlaca":79.99854279,"ConsMesPlaca":79.99854279,"ConsDiaRede":30.58124924,"ConsMesRede":30.58124924,"Status":"REDE"}