{"CorrPlaca":0.039000001,"TensPlaca":6.697000027,"CorrRede":0.838,"TensRede":0.194999993,"ConsDiaPlaca":85.77635193,"ConsMesPlaca":85.77635193,"ConsDiaRede":39.05138397,"ConsMesRede":39.05138397,"Status":"REDE"}