{"CorrPlaca":0.050000001,"TensPlaca":6.586999893,"CorrRede":0.922999978,"TensRede":0.097000003,"ConsDiaPlaca":65.76295471,"ConsMesPlaca":65.76295471,"ConsDiaRede":25.09822083,"ConsMesRede":25.09822083,"Status":"REDE"}