{"CorrPlaca":0.898999989,"TensPlaca":18.17399979,"CorrRede":2.052000046,"TensRede":3.417999983,"ConsDiaPlaca":496.0674133,"ConsMesPlaca":496.0674133,"ConsDiaRede":206.38797,"ConsMesRede":206.38797,"Status":"REDE"}