{"CorrPlaca":0,"TensPlaca":0.792999983,"CorrRede":0.499000013,"TensRede":0.476000011,"ConsDiaPlaca":0.010343335,"ConsMesPlaca":0.010343335,"ConsDiaRede":0.718461156,"ConsMesRede":0.718461156,"Status":"REDE"}