{"Corrente":0,"Tensao":1.013000011,"Consumo":8.655833881e-6,"Status":"REDE"}