{"CorrPlaca":0.250999987,"TensPlaca":18.16200066,"CorrRede":1.460999966,"TensRede":0,"ConsDiaPlaca":2586.09082,"ConsMesPlaca":2586.09082,"ConsDiaRede":800.0961914,"ConsMesRede":800.0961914,"Status":"REDE"}