{"CorrPlaca":1.56099999,"TensPlaca":25,"CorrRede":3.322000027,"TensRede":2.111999989,"ConsDiaPlaca":347.9957275,"ConsMesPlaca":347.9957275,"ConsDiaRede":185.2914581,"ConsMesRede":185.2914581,"Status":"REDE"}