{"CorrPlaca":0,"TensPlaca":6.611000061,"CorrRede":0.760999978,"TensRede":0.231000006,"ConsDiaPlaca":1.533571362,"ConsMesPlaca":1.533571362,"ConsDiaRede":15.89676571,"ConsMesRede":15.89676571,"Status":"REDE"}