{"CorrPlaca":5,"TensPlaca":25,"CorrRede":0.938000023,"TensRede":0,"ConsDiaPlaca":22013.77734,"ConsMesPlaca":22013.77734,"ConsDiaRede":855.1009521,"ConsMesRede":855.1009521,"Status":"REDE"}