{"Corrente":14.3210001,"Tensao":11.47399998,"Consumo":3.030646801,"Status":"PLACA"}