{"CorrPlaca":0.964999974,"TensPlaca":3.118999958,"CorrRede":1.205000043,"TensRede":2.838000059,"ConsDiaPlaca":120.7054291,"ConsMesPlaca":120.7054291,"ConsDiaRede":117.5073166,"ConsMesRede":117.5073166,"Status":"REDE"}