{"CorrPlaca":1.179999948,"TensPlaca":0,"CorrRede":0.995000005,"TensRede":3.943000078,"ConsDiaPlaca":182.0374146,"ConsMesPlaca":182.0374146,"ConsDiaRede":169.7430725,"ConsMesRede":169.7430725,"Status":"REDE"}