{"Corrente":171.2089996,"Tensao":1.008999944,"Consumo":0.892242372,"Status":"REDE"}