{"CorrPlaca":2.051000118,"TensPlaca":18.05200005,"CorrRede":2.823999882,"TensRede":6.000999928,"ConsDiaPlaca":5041.824707,"ConsMesPlaca":5041.824707,"ConsDiaRede":1573.249756,"ConsMesRede":1573.249756,"Status":"REDE"}