{"CorrPlaca":5,"TensPlaca":25,"CorrRede":2.186000109,"TensRede":6.953000069,"ConsDiaPlaca":29201.23242,"ConsMesPlaca":29201.23242,"ConsDiaRede":1196.833252,"ConsMesRede":1196.833252,"Status":"REDE"}