{"CorrPlaca":0,"TensPlaca":0.628000021,"CorrRede":0.411000013,"TensRede":0.293000013,"ConsDiaPlaca":0,"ConsMesPlaca":0,"ConsDiaRede":0.257033616,"ConsMesRede":0.257033616,"Status":"REDE"}