{"CorrPlaca":0.880999982,"TensPlaca":18.13699913,"CorrRede":2.030999899,"TensRede":2.002000093,"ConsDiaPlaca":1400.331055,"ConsMesPlaca":1400.331055,"ConsDiaRede":446.449585,"ConsMesRede":446.449585,"Status":"REDE"}