{"CorrPlaca":2.384000063,"TensPlaca":18.0340004,"CorrRede":3.124000072,"TensRede":6.513999939,"ConsDiaPlaca":1034.882324,"ConsMesPlaca":1034.882324,"ConsDiaRede":321.7990417,"ConsMesRede":321.7990417,"Status":"REDE"}