{"Corrente":3.625999928,"Tensao":0,"Consumo":0.057277199,"Status":"REDE"}