{"Corrente":15.09500027,"Tensao":4.447999954,"Consumo":0.165005744,"Status":"REDE"}