{"CorrPlaca":0,"TensPlaca":0,"CorrRede":0.611000001,"TensRede":0.145999998,"ConsDiaPlaca":1.587435603,"ConsMesPlaca":1.587435603,"ConsDiaRede":188.076767,"ConsMesRede":188.076767,"Status":"REDE"}