{"Corrente":14.45300007,"Tensao":0.634000003,"Consumo":0.397666425,"Status":"REDE"}