{"CorrPlaca":5,"TensPlaca":25,"CorrRede":1.781000018,"TensRede":1.916000009,"ConsDiaPlaca":27881.79688,"ConsMesPlaca":27881.79688,"ConsDiaRede":1135.614624,"ConsMesRede":1135.614624,"Status":"REDE"}