{"Corrente":14.29100037,"Tensao":23.04500008,"Consumo":7.016070843,"Status":"PLACA"}