{"CorrPlaca":0.093999997,"TensPlaca":6.544000149,"CorrRede":0.887000024,"TensRede":0.085000001,"ConsDiaPlaca":74.97879028,"ConsMesPlaca":74.97879028,"ConsDiaRede":28.68654633,"ConsMesRede":28.68654633,"Status":"REDE"}