{"CorrPlaca":0.786000013,"TensPlaca":18.08300018,"CorrRede":2.000999928,"TensRede":3.069999933,"ConsDiaPlaca":504.7140503,"ConsMesPlaca":504.7140503,"ConsDiaRede":210.2181091,"ConsMesRede":210.2181091,"Status":"REDE"}