{"CorrPlaca":2.244999886,"TensPlaca":18.04000092,"CorrRede":2.992000103,"TensRede":5.964000225,"ConsDiaPlaca":1417.901611,"ConsMesPlaca":1417.901611,"ConsDiaRede":452.35849,"ConsMesRede":452.35849,"Status":"REDE"}