{"CorrPlaca":0.897000015,"TensPlaca":18.01499939,"CorrRede":1.809999943,"TensRede":0,"ConsDiaPlaca":2745.349854,"ConsMesPlaca":2745.349854,"ConsDiaRede":1087.569214,"ConsMesRede":1087.569214,"Status":"REDE"}