{"Corrente":0.455000013,"Tensao":1.333999991,"Consumo":0.004195239,"Status":"REDE"}