{"CorrPlaca":0.202000007,"TensPlaca":18.07600021,"CorrRede":1.452000022,"TensRede":0,"ConsDiaPlaca":4065.326172,"ConsMesPlaca":4065.326172,"ConsDiaRede":1268.9375,"ConsMesRede":1268.9375,"Status":"REDE"}