{"CorrPlaca":0,"TensPlaca":0,"CorrRede":0.603999972,"TensRede":0.085000001,"ConsDiaPlaca":1.587435603,"ConsMesPlaca":1.587435603,"ConsDiaRede":187.597641,"ConsMesRede":187.597641,"Status":"REDE"}