{"CorrPlaca":0,"TensPlaca":0,"CorrRede":0.578999996,"TensRede":0.054000001,"ConsDiaPlaca":1.587435603,"ConsMesPlaca":1.587435603,"ConsDiaRede":21.60921097,"ConsMesRede":21.60921097,"Status":"REDE"}