{"CorrPlaca":0.699000001,"TensPlaca":2.838000059,"CorrRede":0.893999994,"TensRede":2.355999947,"ConsDiaPlaca":102.6837921,"ConsMesPlaca":102.6837921,"ConsDiaRede":89.32280731,"ConsMesRede":89.32280731,"Status":"REDE"}