{"CorrPlaca":0.081,"TensPlaca":6.732999802,"CorrRede":0.898000002,"TensRede":0.218999997,"ConsDiaPlaca":78.22202301,"ConsMesPlaca":78.22202301,"ConsDiaRede":29.48273849,"ConsMesRede":29.48273849,"Status":"REDE"}