{"CorrPlaca":0,"TensPlaca":6.671999931,"CorrRede":0.782999992,"TensRede":0.268000007,"ConsDiaPlaca":1.533571362,"ConsMesPlaca":1.533571362,"ConsDiaRede":10.17779732,"ConsMesRede":10.17779732,"Status":"REDE"}