{"CorrPlaca":1.896999955,"TensPlaca":18.08300018,"CorrRede":2.746999979,"TensRede":5.604000092,"ConsDiaPlaca":4333.946777,"ConsMesPlaca":4333.946777,"ConsDiaRede":1350.896973,"ConsMesRede":1350.896973,"Status":"REDE"}