{"CorrPlaca":5,"TensPlaca":25,"CorrRede":3.665999889,"TensRede":1.080000043,"ConsDiaPlaca":2388.788086,"ConsMesPlaca":2388.788086,"ConsDiaRede":354.5380859,"ConsMesRede":354.5380859,"Status":"REDE"}