{"CorrPlaca":0.718999982,"TensPlaca":4.638999939,"CorrRede":1.180999994,"TensRede":0,"ConsDiaPlaca":101.1668701,"ConsMesPlaca":101.1668701,"ConsDiaRede":88.73773193,"ConsMesRede":88.73773193,"Status":"REDE"}