{"Corrente":0.47299999,"Tensao":0,"Consumo":0.000573213,"Status":"REDE"}