{"CorrPlaca":5,"TensPlaca":3.118999958,"CorrRede":0.573000014,"TensRede":0.628000021,"ConsDiaPlaca":6628.377441,"ConsMesPlaca":6628.377441,"ConsDiaRede":504.3592529,"ConsMesRede":504.3592529,"Status":"REDE"}