{"CorrPlaca":5,"TensPlaca":25,"CorrRede":0.995000005,"TensRede":1.330000043,"ConsDiaPlaca":12048.56445,"ConsMesPlaca":12048.56445,"ConsDiaRede":365.8045959,"ConsMesRede":365.8045959,"Status":"REDE"}