{"CorrPlaca":0,"TensPlaca":0,"CorrRede":0.615999997,"TensRede":0.128000006,"ConsDiaPlaca":1.587435603,"ConsMesPlaca":1.587435603,"ConsDiaRede":187.1779022,"ConsMesRede":187.1779022,"Status":"REDE"}