{"CorrPlaca":0,"TensPlaca":0,"CorrRede":0.603999972,"TensRede":0,"ConsDiaPlaca":1.587435603,"ConsMesPlaca":1.587435603,"ConsDiaRede":187.383255,"ConsMesRede":187.383255,"Status":"REDE"}