{"CorrPlaca":0.851999998,"TensPlaca":3.22300005,"CorrRede":1.047000051,"TensRede":2.019999981,"ConsDiaPlaca":4882.867188,"ConsMesPlaca":4882.867188,"ConsDiaRede":429.50354,"ConsMesRede":429.50354,"Status":"REDE"}