{"CorrPlaca":0,"TensPlaca":6.690999985,"CorrRede":0.800000012,"TensRede":0.305000007,"ConsDiaPlaca":1.533571362,"ConsMesPlaca":1.533571362,"ConsDiaRede":13.99633312,"ConsMesRede":13.99633312,"Status":"REDE"}