{"CorrPlaca":1.503999949,"TensPlaca":18.14999962,"CorrRede":2.246000051,"TensRede":1.074000001,"ConsDiaPlaca":1793.008301,"ConsMesPlaca":1793.008301,"ConsDiaRede":552.1855469,"ConsMesRede":552.1855469,"Status":"REDE"}