{"CorrPlaca":5,"TensPlaca":25,"CorrRede":0.93599999,"TensRede":1.427999973,"ConsDiaPlaca":19340.18359,"ConsMesPlaca":19340.18359,"ConsDiaRede":737.4675293,"ConsMesRede":737.4675293,"Status":"REDE"}