{"CorrPlaca":0.023,"TensPlaca":6.800000191,"CorrRede":0.842999995,"TensRede":0.238000005,"ConsDiaPlaca":85.66183472,"ConsMesPlaca":85.66183472,"ConsDiaRede":38.90954208,"ConsMesRede":38.90954208,"Status":"REDE"}