{"Corrente":14.70400047,"Tensao":0,"Consumo":0.792368889,"Status":"REDE"}