{"CorrPlaca":0.028000001,"TensPlaca":0.592000008,"CorrRede":0.561999977,"TensRede":1.042999983,"ConsDiaPlaca":0.058678329,"ConsMesPlaca":0.058678329,"ConsDiaRede":1.240629435,"ConsMesRede":1.240629435,"Status":"REDE"}