{"CorrPlaca":1.988999963,"TensPlaca":18.1989994,"CorrRede":2.871000051,"TensRede":5.256000042,"ConsDiaPlaca":437.5901489,"ConsMesPlaca":437.5901489,"ConsDiaRede":139.033844,"ConsMesRede":139.033844,"Status":"REDE"}