{"CorrPlaca":5,"TensPlaca":18.125,"CorrRede":2.476000071,"TensRede":0,"ConsDiaPlaca":3744.842285,"ConsMesPlaca":3744.842285,"ConsDiaRede":401.6563721,"ConsMesRede":401.6563721,"Status":"REDE"}