{"CorrPlaca":0,"TensPlaca":6.732999802,"CorrRede":0.796000004,"TensRede":0.347000003,"ConsDiaPlaca":1.533571362,"ConsMesPlaca":1.533571362,"ConsDiaRede":11.45167351,"ConsMesRede":11.45167351,"Status":"REDE"}