{"CorrPlaca":0,"TensPlaca":0,"CorrRede":0.090999998,"TensRede":0,"ConsDiaPlaca":8.510231972,"ConsMesPlaca":8.510231972,"ConsDiaRede":4.885682583,"ConsMesRede":4.885682583,"Status":"REDE"}