{"CorrPlaca":0.023,"TensPlaca":6.715000153,"CorrRede":0.851000011,"TensRede":0.151999995,"ConsDiaPlaca":84.81665802,"ConsMesPlaca":84.81665802,"ConsDiaRede":36.79113388,"ConsMesRede":36.79113388,"Status":"REDE"}