{"Corrente":0.416000009,"Tensao":0,"Consumo":0.005563721,"Status":"REDE"}