{"CorrPlaca":0,"TensPlaca":0,"CorrRede":0.002,"TensRede":0,"ConsDiaPlaca":182.0374146,"ConsMesPlaca":182.0374146,"ConsDiaRede":167.574234,"ConsMesRede":167.574234,"Status":"REDE"}