{"CorrPlaca":5,"TensPlaca":25,"CorrRede":3.230000019,"TensRede":0.860000014,"ConsDiaPlaca":2631.84375,"ConsMesPlaca":2631.84375,"ConsDiaRede":359.6684265,"ConsMesRede":359.6684265,"Status":"REDE"}