{"CorrPlaca":0,"TensPlaca":6.488999844,"CorrRede":0.782000005,"TensRede":0.298999995,"ConsDiaPlaca":1.533571362,"ConsMesPlaca":1.533571362,"ConsDiaRede":10.47203064,"ConsMesRede":10.47203064,"Status":"REDE"}