{"CorrPlaca":0.781000018,"TensPlaca":18.09499931,"CorrRede":1.746000051,"TensRede":0,"ConsDiaPlaca":2565.370117,"ConsMesPlaca":2565.370117,"ConsDiaRede":1016.959351,"ConsMesRede":1016.959351,"Status":"REDE"}