{"CorrPlaca":0,"TensPlaca":0,"CorrRede":0.623000026,"TensRede":0.024,"ConsDiaPlaca":1.587435603,"ConsMesPlaca":1.587435603,"ConsDiaRede":187.1987305,"ConsMesRede":187.1987305,"Status":"REDE"}