{"CorrPlaca":0.039999999,"TensPlaca":18.06399918,"CorrRede":1.246999979,"TensRede":0,"ConsDiaPlaca":1583.106201,"ConsMesPlaca":1583.106201,"ConsDiaRede":720.0878296,"ConsMesRede":720.0878296,"Status":"REDE"}