{"Corrente":0,"Tensao":0.298999995,"Consumo":8.655833881e-6,"Status":"REDE"}