{"CorrPlaca":2.926000118,"TensPlaca":18.10700035,"CorrRede":3.437000036,"TensRede":7.074999809,"ConsDiaPlaca":1899.548218,"ConsMesPlaca":1899.548218,"ConsDiaRede":584.3711548,"ConsMesRede":584.3711548,"Status":"REDE"}