{"corrente":0.712000012,"tensao":0,"consumo":0.022059431}