{"CorrPlaca":0.597000003,"TensPlaca":18.04000092,"CorrRede":1.633999944,"TensRede":0,"ConsDiaPlaca":1164.93811,"ConsMesPlaca":1164.93811,"ConsDiaRede":515.8775024,"ConsMesRede":515.8775024,"Status":"REDE"}