{"CorrPlaca":1.42900002,"TensPlaca":18.11300087,"CorrRede":2.190000057,"TensRede":1.305999994,"ConsDiaPlaca":3409.062256,"ConsMesPlaca":3409.062256,"ConsDiaRede":1335.281128,"ConsMesRede":1335.281128,"Status":"REDE"}