{"CorrPlaca":5,"TensPlaca":25,"CorrRede":0.453999996,"TensRede":0,"ConsDiaPlaca":16666.58984,"ConsMesPlaca":16666.58984,"ConsDiaRede":590.5792847,"ConsMesRede":590.5792847,"Status":"REDE"}