{"CorrPlaca":0,"TensPlaca":0,"CorrRede":0.619000018,"TensRede":0.041999999,"ConsDiaPlaca":1.587435603,"ConsMesPlaca":1.587435603,"ConsDiaRede":188.6620331,"ConsMesRede":188.6620331,"Status":"REDE"}