{"CorrPlaca":0,"TensPlaca":25,"CorrRede":2.128999949,"TensRede":2.344000101,"ConsDiaPlaca":13586.93066,"ConsMesPlaca":13586.93066,"ConsDiaRede":580.7782593,"ConsMesRede":580.7782593,"Status":"REDE"}