{"Corrente":0.465999991,"Tensao":0.386000007,"Consumo":0.000229675,"Status":"REDE"}