{"CorrPlaca":0,"TensPlaca":0,"CorrRede":0.602999985,"TensRede":0.067000002,"ConsDiaPlaca":1.587435603,"ConsMesPlaca":1.587435603,"ConsDiaRede":188.3786469,"ConsMesRede":188.3786469,"Status":"REDE"}