{"CorrPlaca":0.873000026,"TensPlaca":3.180000067,"CorrRede":1.062999964,"TensRede":2.032000065,"ConsDiaPlaca":4882.104004,"ConsMesPlaca":4882.104004,"ConsDiaRede":428.9160767,"ConsMesRede":428.9160767,"Status":"REDE"}