{"Corrente":15.37100029,"Tensao":0,"Consumo":0.792368889,"Status":"REDE"}