{"CorrPlaca":5,"TensPlaca":25,"CorrRede":2.519999981,"TensRede":7.228000164,"ConsDiaPlaca":13333.27832,"ConsMesPlaca":13333.27832,"ConsDiaRede":448.3548584,"ConsMesRede":448.3548584,"Status":"REDE"}