{"CorrPlaca":0,"TensPlaca":0,"CorrRede":0.623000026,"TensRede":6.574999809,"ConsDiaPlaca":1.587435603,"ConsMesPlaca":1.587435603,"ConsDiaRede":118.8551483,"ConsMesRede":118.8551483,"Status":"REDE"}