{"CorrPlaca":0.068999998,"TensPlaca":18.10099983,"CorrRede":1.327000022,"TensRede":0.451000005,"ConsDiaPlaca":1683.928223,"ConsMesPlaca":1683.928223,"ConsDiaRede":674.814209,"ConsMesRede":674.814209,"Status":"REDE"}