{"CorrPlaca":5,"TensPlaca":15.76299953,"CorrRede":1.427999973,"TensRede":0,"ConsDiaPlaca":5887.51709,"ConsMesPlaca":5887.51709,"ConsDiaRede":488.1187439,"ConsMesRede":488.1187439,"Status":"REDE"}