{"CorrPlaca":3.497999907,"TensPlaca":25,"CorrRede":2.460000038,"TensRede":4.553999901,"ConsDiaPlaca":29649.50781,"ConsMesPlaca":29649.50781,"ConsDiaRede":751.0636597,"ConsMesRede":751.0636597,"Status":"REDE"}