{"CorrPlaca":0.65200001,"TensPlaca":5.201000214,"CorrRede":1.287999988,"TensRede":2.387000084,"ConsDiaPlaca":75.09122467,"ConsMesPlaca":75.09122467,"ConsDiaRede":68.01475525,"ConsMesRede":68.01475525,"Status":"REDE"}