{"CorrPlaca":0.437999994,"TensPlaca":7.051000118,"CorrRede":1.113000035,"TensRede":0.897000015,"ConsDiaPlaca":3.69925189,"ConsMesPlaca":3.69925189,"ConsDiaRede":1.613140583,"ConsMesRede":1.613140583,"Status":"REDE"}