{"CorrPlaca":0.01,"TensPlaca":6.671999931,"CorrRede":0.841000021,"TensRede":0.164000005,"ConsDiaPlaca":85.10057068,"ConsMesPlaca":85.10057068,"ConsDiaRede":37.39879608,"ConsMesRede":37.39879608,"Status":"REDE"}