{"CorrPlaca":0.943000019,"TensPlaca":18.11300087,"CorrRede":2.147000074,"TensRede":3.492000103,"ConsDiaPlaca":877.9244385,"ConsMesPlaca":877.9244385,"ConsDiaRede":356.2983398,"ConsMesRede":356.2983398,"Status":"REDE"}