{"CorrPlaca":2.812999964,"TensPlaca":18.10700035,"CorrRede":3.420000076,"TensRede":8.607999802,"ConsDiaPlaca":828.3473511,"ConsMesPlaca":828.3473511,"ConsDiaRede":336.2495728,"ConsMesRede":336.2495728,"Status":"REDE"}