{"CorrPlaca":5,"TensPlaca":25,"CorrRede":1.613999963,"TensRede":1.166000009,"ConsDiaPlaca":24791.53711,"ConsMesPlaca":24791.53711,"ConsDiaRede":1013.776611,"ConsMesRede":1013.776611,"Status":"REDE"}