{"CorrPlaca":5,"TensPlaca":25,"CorrRede":0.479000002,"TensRede":0,"ConsDiaPlaca":2743.057129,"ConsMesPlaca":2743.057129,"ConsDiaRede":127.6207428,"ConsMesRede":127.6207428,"Status":"REDE"}