{"CorrPlaca":0.644999981,"TensPlaca":18.05200005,"CorrRede":1.832999945,"TensRede":1.598999977,"ConsDiaPlaca":2826.003906,"ConsMesPlaca":2826.003906,"ConsDiaRede":879.1774902,"ConsMesRede":879.1774902,"Status":"REDE"}