{"CorrPlaca":3.124000072,"TensPlaca":18.06999969,"CorrRede":3.519999981,"TensRede":7.514999866,"ConsDiaPlaca":151.7567444,"ConsMesPlaca":151.7567444,"ConsDiaRede":42.16109848,"ConsMesRede":42.16109848,"Status":"REDE"}