{"CorrPlaca":0.252999991,"TensPlaca":18.0890007,"CorrRede":1.361999989,"TensRede":0,"ConsDiaPlaca":313.7660828,"ConsMesPlaca":313.7660828,"ConsDiaRede":142.6068726,"ConsMesRede":142.6068726,"Status":"REDE"}