{"CorrPlaca":1.687999964,"TensPlaca":18.11300087,"CorrRede":2.654999971,"TensRede":4.278999805,"ConsDiaPlaca":526.1017456,"ConsMesPlaca":526.1017456,"ConsDiaRede":165.4356232,"ConsMesRede":165.4356232,"Status":"REDE"}