{"CorrPlaca":0.460999995,"TensPlaca":3.22300005,"CorrRede":0.86500001,"TensRede":1.855000019,"ConsDiaPlaca":133.0510101,"ConsMesPlaca":133.0510101,"ConsDiaRede":128.991272,"ConsMesRede":128.991272,"Status":"REDE"}