{"CorrPlaca":0,"TensPlaca":0.628000021,"CorrRede":0.512000024,"TensRede":0.628000021,"ConsDiaPlaca":0,"ConsMesPlaca":0,"ConsDiaRede":0.413692236,"ConsMesRede":0.413692236,"Status":"REDE"}