{"CorrPlaca":5,"TensPlaca":18.09499931,"CorrRede":2.604000092,"TensRede":0.384000003,"ConsDiaPlaca":3995.971436,"ConsMesPlaca":3995.971436,"ConsDiaRede":406.7262268,"ConsMesRede":406.7262268,"Status":"REDE"}