{"CorrPlaca":0,"TensPlaca":6.721000195,"CorrRede":0.79400003,"TensRede":0.224999994,"ConsDiaPlaca":1.533571362,"ConsMesPlaca":1.533571362,"ConsDiaRede":9.933383942,"ConsMesRede":9.933383942,"Status":"REDE"}