{"CorrPlaca":0,"TensPlaca":3.191999912,"CorrRede":0.238000005,"TensRede":0,"ConsDiaPlaca":139.4584656,"ConsMesPlaca":139.4584656,"ConsDiaRede":134.1462708,"ConsMesRede":134.1462708,"Status":"REDE"}