{"CorrPlaca":0,"TensPlaca":6.556000233,"CorrRede":0.813000023,"TensRede":0.151999995,"ConsDiaPlaca":87.08555603,"ConsMesPlaca":87.08555603,"ConsDiaRede":42.31884384,"ConsMesRede":42.31884384,"Status":"REDE"}