{"CorrPlaca":5,"TensPlaca":18.04000092,"CorrRede":3.124000072,"TensRede":3.22300005,"ConsDiaPlaca":3468.54126,"ConsMesPlaca":3468.54126,"ConsDiaRede":389.3788147,"ConsMesRede":389.3788147,"Status":"REDE"}