{"CorrPlaca":2.052999973,"TensPlaca":18.17399979,"CorrRede":2.73300004,"TensRede":3.443000078,"ConsDiaPlaca":3718.5271,"ConsMesPlaca":3718.5271,"ConsDiaRede":1164.179321,"ConsMesRede":1164.179321,"Status":"REDE"}