{"CorrPlaca":2.763999939,"TensPlaca":18.125,"CorrRede":3.282999992,"TensRede":7.026000023,"ConsDiaPlaca":4447.362793,"ConsMesPlaca":4447.362793,"ConsDiaRede":1391.643799,"ConsMesRede":1391.643799,"Status":"REDE"}