{"Corrente":3.653000116,"Tensao":0,"Consumo":0.057277199,"Status":"REDE"}