{"CorrPlaca":0.467000008,"TensPlaca":18.06399918,"CorrRede":1.498999953,"TensRede":0,"ConsDiaPlaca":3195.096924,"ConsMesPlaca":3195.096924,"ConsDiaRede":1263.261108,"ConsMesRede":1263.261108,"Status":"REDE"}