{"Corrente":14.44799995,"Tensao":0.179000005,"Consumo":0.042506211,"Status":"REDE"}