{"Corrente":13.80799961,"Tensao":0,"Consumo":0.792368889,"Status":"REDE"}