{"CorrPlaca":2.219000101,"TensPlaca":18.07600021,"CorrRede":2.862999916,"TensRede":4.290999889,"ConsDiaPlaca":3545.40332,"ConsMesPlaca":3545.40332,"ConsDiaRede":1105.855103,"ConsMesRede":1105.855103,"Status":"REDE"}