{"Corrente":15.37100029,"Tensao":3.75999999,"Consumo":0.64088136,"Status":"REDE"}