{"CorrPlaca":2.394999981,"TensPlaca":25,"CorrRede":3.947999954,"TensRede":3.321000099,"ConsDiaPlaca":1213.842896,"ConsMesPlaca":1213.842896,"ConsDiaRede":312.9703674,"ConsMesRede":312.9703674,"Status":"REDE"}