{"CorrPlaca":0.504000008,"TensPlaca":18.04000092,"CorrRede":1.722000003,"TensRede":0.555000007,"ConsDiaPlaca":1424.351807,"ConsMesPlaca":1424.351807,"ConsDiaRede":452.6239624,"ConsMesRede":452.6239624,"Status":"REDE"}