{"CorrPlaca":2.944999933,"TensPlaca":18.0340004,"CorrRede":3.417999983,"TensRede":8.626000404,"ConsDiaPlaca":2232.782715,"ConsMesPlaca":2232.782715,"ConsDiaRede":890.9022217,"ConsMesRede":890.9022217,"Status":"REDE"}