{"CorrPlaca":0,"TensPlaca":0.824000001,"CorrRede":0.448000014,"TensRede":1.360999942,"ConsDiaPlaca":0,"ConsMesPlaca":0,"ConsDiaRede":0.169368893,"ConsMesRede":0.169368893,"Status":"REDE"}