{"CorrPlaca":0.128999993,"TensPlaca":6.738999844,"CorrRede":0.995000005,"TensRede":0.261999995,"ConsDiaPlaca":19.1098175,"ConsMesPlaca":19.1098175,"ConsDiaRede":6.69460392,"ConsMesRede":6.69460392,"Status":"REDE"}