{"CorrPlaca":0,"TensPlaca":6.550000191,"CorrRede":0.777999997,"TensRede":0.115000002,"ConsDiaPlaca":1.533571362,"ConsMesPlaca":1.533571362,"ConsDiaRede":12.95613766,"ConsMesRede":12.95613766,"Status":"REDE"}