{"CorrPlaca":0,"TensPlaca":0,"CorrRede":0.648999989,"TensRede":6.659999847,"ConsDiaPlaca":1.587435603,"ConsMesPlaca":1.587435603,"ConsDiaRede":40.40534592,"ConsMesRede":40.40534592,"Status":"REDE"}