{"CorrPlaca":1.720999956,"TensPlaca":18.14999962,"CorrRede":2.625,"TensRede":5.335000038,"ConsDiaPlaca":4698.525391,"ConsMesPlaca":4698.525391,"ConsDiaRede":1462.880615,"ConsMesRede":1462.880615,"Status":"REDE"}