{"CorrPlaca":2.936000109,"TensPlaca":18.02799988,"CorrRede":3.437000036,"TensRede":7.460000038,"ConsDiaPlaca":1025.046997,"ConsMesPlaca":1025.046997,"ConsDiaRede":453.9198608,"ConsMesRede":453.9198608,"Status":"REDE"}