{"CorrPlaca":0.003,"TensPlaca":0.713999987,"CorrRede":0.566999972,"TensRede":1.105000019,"ConsDiaPlaca":0.002339445,"ConsMesPlaca":0.002339445,"ConsDiaRede":0.590439439,"ConsMesRede":0.590439439,"Status":"REDE"}