{"CorrPlaca":0.370999992,"TensPlaca":18.0890007,"CorrRede":1.478000045,"TensRede":0,"ConsDiaPlaca":3226.342285,"ConsMesPlaca":3226.342285,"ConsDiaRede":996.4484253,"ConsMesRede":996.4484253,"Status":"REDE"}