{"CorrPlaca":3.124000072,"TensPlaca":18.05200005,"CorrRede":3.614000082,"TensRede":9.37100029,"ConsDiaPlaca":1785.198853,"ConsMesPlaca":1785.198853,"ConsDiaRede":805.3304443,"ConsMesRede":805.3304443,"Status":"REDE"}