{"CorrPlaca":0.023,"TensPlaca":17.99099922,"CorrRede":1.233999968,"TensRede":0,"ConsDiaPlaca":1214.373657,"ConsMesPlaca":1214.373657,"ConsDiaRede":496.9450989,"ConsMesRede":496.9450989,"Status":"REDE"}