{"Corrente":15.27400017,"Tensao":0,"Consumo":0.792368889,"Status":"REDE"}