{"Corrente":2.226999998,"Tensao":6.367000103,"Consumo":0.065264478,"Status":"PLACA"}