{"Corrente":14.54500008,"Tensao":0.666999996,"Consumo":4.216600895,"Status":"REDE"}