{"CorrPlaca":5,"TensPlaca":25,"CorrRede":1.210999966,"TensRede":2.52699995,"ConsDiaPlaca":14756.87988,"ConsMesPlaca":14756.87988,"ConsDiaRede":496.5708008,"ConsMesRede":496.5708008,"Status":"REDE"}