{"CorrPlaca":0.698000014,"TensPlaca":18.09499931,"CorrRede":1.855000019,"TensRede":2.631000042,"ConsDiaPlaca":1274.4104,"ConsMesPlaca":1274.4104,"ConsDiaRede":515.4390259,"ConsMesRede":515.4390259,"Status":"REDE"}