{"Corrente":2.270999908,"Tensao":6.953000069,"Consumo":0.148339286,"Status":"PLACA"}