{"Corrente":2.134000063,"Tensao":0,"Consumo":0.070479967,"Status":"REDE"}