{"CorrPlaca":0,"TensPlaca":0,"CorrRede":0.587000012,"TensRede":0.090999998,"ConsDiaPlaca":1.587435603,"ConsMesPlaca":1.587435603,"ConsDiaRede":17.90232658,"ConsMesRede":17.90232658,"Status":"REDE"}