{"CorrPlaca":0,"TensPlaca":6.647999763,"CorrRede":0.839999974,"TensRede":0.108999997,"ConsDiaPlaca":83.9590683,"ConsMesPlaca":83.9590683,"ConsDiaRede":35.3334198,"ConsMesRede":35.3334198,"Status":"REDE"}