{"CorrPlaca":0,"TensPlaca":0,"CorrRede":0.598999977,"TensRede":0.335000008,"ConsDiaPlaca":1.587435603,"ConsMesPlaca":1.587435603,"ConsDiaRede":17.174366,"ConsMesRede":17.174366,"Status":"REDE"}