{"CorrPlaca":5,"TensPlaca":0.818000019,"CorrRede":0.488000005,"TensRede":0,"ConsDiaPlaca":6823.606934,"ConsMesPlaca":6823.606934,"ConsDiaRede":525.3240967,"ConsMesRede":525.3240967,"Status":"REDE"}