{"CorrPlaca":0,"TensPlaca":6.727000237,"CorrRede":0.800000012,"TensRede":0.256000012,"ConsDiaPlaca":87.48745728,"ConsMesPlaca":87.48745728,"ConsDiaRede":43.3159256,"ConsMesRede":43.3159256,"Status":"REDE"}