{"CorrPlaca":2.914000034,"TensPlaca":18.11300087,"CorrRede":3.375999928,"TensRede":8.241000175,"ConsDiaPlaca":3839.468506,"ConsMesPlaca":3839.468506,"ConsDiaRede":1494.049561,"ConsMesRede":1494.049561,"Status":"REDE"}