{"Corrente":14.63799953,"Tensao":0,"Consumo":1.197687745,"Status":"REDE"}