{"CorrPlaca":5,"TensPlaca":25,"CorrRede":0.605000019,"TensRede":0,"ConsDiaPlaca":1076.389282,"ConsMesPlaca":1076.389282,"ConsDiaRede":57.02436829,"ConsMesRede":57.02436829,"Status":"REDE"}