{"CorrPlaca":0,"TensPlaca":18.0890007,"CorrRede":1.136999965,"TensRede":0,"ConsDiaPlaca":4778.481934,"ConsMesPlaca":4778.481934,"ConsDiaRede":1867.403809,"ConsMesRede":1867.403809,"Status":"REDE"}