{"CorrPlaca":5,"TensPlaca":16.4829998,"CorrRede":1.13499999,"TensRede":0,"ConsDiaPlaca":13108.6084,"ConsMesPlaca":13108.6084,"ConsDiaRede":567.6596069,"ConsMesRede":567.6596069,"Status":"REDE"}