{"CorrPlaca":0.067000002,"TensPlaca":6.677999973,"CorrRede":0.963,"TensRede":0.280000001,"ConsDiaPlaca":62.00933075,"ConsMesPlaca":62.00933075,"ConsDiaRede":23.2193203,"ConsMesRede":23.2193203,"Status":"REDE"}