{"CorrPlaca":0.675999999,"TensPlaca":0,"CorrRede":0.213,"TensRede":0.012,"ConsDiaPlaca":76.92621613,"ConsMesPlaca":76.92621613,"ConsDiaRede":69.59085846,"ConsMesRede":69.59085846,"Status":"REDE"}