{"CorrPlaca":1.567999959,"TensPlaca":18.06999969,"CorrRede":2.335999966,"TensRede":2.056999922,"ConsDiaPlaca":3929.53125,"ConsMesPlaca":3929.53125,"ConsDiaRede":1526.891357,"ConsMesRede":1526.891357,"Status":"REDE"}