{"CorrPlaca":0,"TensPlaca":0,"CorrRede":0.598999977,"TensRede":0.218999997,"ConsDiaPlaca":1.587435603,"ConsMesPlaca":1.587435603,"ConsDiaRede":17.88748741,"ConsMesRede":17.88748741,"Status":"REDE"}