{"CorrPlaca":0.078000002,"TensPlaca":6.732999802,"CorrRede":0.957000017,"TensRede":0.244000003,"ConsDiaPlaca":60.97641373,"ConsMesPlaca":60.97641373,"ConsDiaRede":22.59560585,"ConsMesRede":22.59560585,"Status":"REDE"}