{"CorrPlaca":0.039999999,"TensPlaca":6.709000111,"CorrRede":0.833000004,"TensRede":0.256000012,"ConsDiaPlaca":87.02450562,"ConsMesPlaca":87.02450562,"ConsDiaRede":41.91537094,"ConsMesRede":41.91537094,"Status":"REDE"}