{"CorrPlaca":0.300999999,"TensPlaca":6.477000237,"CorrRede":1.06400001,"TensRede":0.708000004,"ConsDiaPlaca":9.181200027,"ConsMesPlaca":9.181200027,"ConsDiaRede":3.529254913,"ConsMesRede":3.529254913,"Status":"REDE"}