{"CorrPlaca":5,"TensPlaca":25,"CorrRede":1.754999995,"TensRede":5.177000046,"ConsDiaPlaca":28055.40625,"ConsMesPlaca":28055.40625,"ConsDiaRede":1142.931763,"ConsMesRede":1142.931763,"Status":"REDE"}