{"CorrPlaca":0.623000026,"TensPlaca":18.06999969,"CorrRede":1.699000001,"TensRede":0,"ConsDiaPlaca":427.5352173,"ConsMesPlaca":427.5352173,"ConsDiaRede":134.8421936,"ConsMesRede":134.8421936,"Status":"REDE"}