{"Corrente":0,"Tensao":0.456999987,"Consumo":8.655833881e-6,"Status":"REDE"}