{"CorrPlaca":1.174000025,"TensPlaca":18.06399918,"CorrRede":2,"TensRede":0.658999979,"ConsDiaPlaca":3747.112793,"ConsMesPlaca":3747.112793,"ConsDiaRede":1466.009399,"ConsMesRede":1466.009399,"Status":"REDE"}