{"Corrente":14.60400009,"Tensao":1.463999987,"Consumo":1.569644928,"Status":"REDE"}