{"CorrPlaca":0.748000026,"TensPlaca":18.08300018,"CorrRede":1.949000001,"TensRede":1.080000043,"ConsDiaPlaca":747.5440674,"ConsMesPlaca":747.5440674,"ConsDiaRede":240.2638092,"ConsMesRede":240.2638092,"Status":"REDE"}