{"CorrPlaca":0,"TensPlaca":0.658999979,"CorrRede":0.56099999,"TensRede":0.476000011,"ConsDiaPlaca":0,"ConsMesPlaca":0,"ConsDiaRede":0.384984434,"ConsMesRede":0.384984434,"Status":"REDE"}