{"CorrPlaca":2.986999989,"TensPlaca":18.16200066,"CorrRede":3.46600008,"TensRede":8.222999573,"ConsDiaPlaca":1604.992798,"ConsMesPlaca":1604.992798,"ConsDiaRede":651.6121826,"ConsMesRede":651.6121826,"Status":"REDE"}