{"CorrPlaca":1.797000051,"TensPlaca":18.07600021,"CorrRede":2.486999989,"TensRede":2.556999922,"ConsDiaPlaca":926.8774414,"ConsMesPlaca":926.8774414,"ConsDiaRede":375.9566956,"ConsMesRede":375.9566956,"Status":"REDE"}