{"corrente":0.128999993,"tensao":2.441999912,"consumo":0.379297614}