{"CorrPlaca":3.380000114,"TensPlaca":25,"CorrRede":1.822000027,"TensRede":0.737999976,"ConsDiaPlaca":13412.64063,"ConsMesPlaca":13412.64063,"ConsDiaRede":572.3084717,"ConsMesRede":572.3084717,"Status":"REDE"}