{"CorrPlaca":0.616999984,"TensPlaca":17.99099922,"CorrRede":1.621999979,"TensRede":0,"ConsDiaPlaca":1737.488403,"ConsMesPlaca":1737.488403,"ConsDiaRede":538.9697266,"ConsMesRede":538.9697266,"Status":"REDE"}