{"CorrPlaca":0.782000005,"TensPlaca":18.08300018,"CorrRede":1.751999974,"TensRede":0,"ConsDiaPlaca":3933.582764,"ConsMesPlaca":3933.582764,"ConsDiaRede":1224.144409,"ConsMesRede":1224.144409,"Status":"REDE"}