{"CorrPlaca":0.063000001,"TensPlaca":6.751999855,"CorrRede":0.995999992,"TensRede":0,"ConsDiaPlaca":41.93883514,"ConsMesPlaca":41.93883514,"ConsDiaRede":13.54777813,"ConsMesRede":13.54777813,"Status":"REDE"}