{"CorrPlaca":2.233999968,"TensPlaca":18.14999962,"CorrRede":3.053999901,"TensRede":6.903999805,"ConsDiaPlaca":472.9240112,"ConsMesPlaca":472.9240112,"ConsDiaRede":221.1103821,"ConsMesRede":221.1103821,"Status":"REDE"}