{"CorrPlaca":0.400000006,"TensPlaca":18.07600021,"CorrRede":1.43900001,"TensRede":0,"ConsDiaPlaca":1144.135986,"ConsMesPlaca":1144.135986,"ConsDiaRede":476.1644592,"ConsMesRede":476.1644592,"Status":"REDE"}