{"CorrPlaca":0.623000026,"TensPlaca":18.05200005,"CorrRede":1.847000003,"TensRede":1.996000051,"ConsDiaPlaca":929.322937,"ConsMesPlaca":929.322937,"ConsDiaRede":414.1081848,"ConsMesRede":414.1081848,"Status":"REDE"}