{"CorrPlaca":0.169,"TensPlaca":6.715000153,"CorrRede":1.019000053,"TensRede":0.389999986,"ConsDiaPlaca":6.781689167,"ConsMesPlaca":6.781689167,"ConsDiaRede":2.523599625,"ConsMesRede":2.523599625,"Status":"REDE"}