{"CorrPlaca":0,"TensPlaca":0,"CorrRede":0.614000022,"TensRede":0.151999995,"ConsDiaPlaca":1.587435603,"ConsMesPlaca":1.587435603,"ConsDiaRede":188.1117859,"ConsMesRede":188.1117859,"Status":"REDE"}