{"CorrPlaca":1.873999953,"TensPlaca":18.13100052,"CorrRede":2.674999952,"TensRede":6.208000183,"ConsDiaPlaca":4147.050293,"ConsMesPlaca":4147.050293,"ConsDiaRede":1612.62207,"ConsMesRede":1612.62207,"Status":"REDE"}