{"CorrPlaca":1.644000053,"TensPlaca":18.08300018,"CorrRede":2.584000111,"TensRede":5.781000137,"ConsDiaPlaca":1456.560913,"ConsMesPlaca":1456.560913,"ConsDiaRede":659.8532715,"ConsMesRede":659.8532715,"Status":"REDE"}