{"CorrPlaca":0.017999999,"TensPlaca":6.721000195,"CorrRede":0.822000027,"TensRede":0.256000012,"ConsDiaPlaca":86.096138,"ConsMesPlaca":86.096138,"ConsDiaRede":39.62812424,"ConsMesRede":39.62812424,"Status":"REDE"}