{"CorrPlaca":0.333999991,"TensPlaca":18.06999969,"CorrRede":1.550999999,"TensRede":1.38499999,"ConsDiaPlaca":4148.727051,"ConsMesPlaca":4148.727051,"ConsDiaRede":1613.218872,"ConsMesRede":1613.218872,"Status":"REDE"}