{"CorrPlaca":1.656000018,"TensPlaca":18.06399918,"CorrRede":2.559000015,"TensRede":4.920000076,"ConsDiaPlaca":3242.145752,"ConsMesPlaca":3242.145752,"ConsDiaRede":1000.606262,"ConsMesRede":1000.606262,"Status":"REDE"}