{"CorrPlaca":5,"TensPlaca":25,"CorrRede":3.730999947,"TensRede":5.572999954,"ConsDiaPlaca":2840.177246,"ConsMesPlaca":2840.177246,"ConsDiaRede":370.9723816,"ConsMesRede":370.9723816,"Status":"REDE"}