{"CorrPlaca":0.116999999,"TensPlaca":18.14999962,"CorrRede":1.302000046,"TensRede":0,"ConsDiaPlaca":1642.906738,"ConsMesPlaca":1642.906738,"ConsDiaRede":664.942688,"ConsMesRede":664.942688,"Status":"REDE"}