{"CorrPlaca":0,"TensPlaca":0,"CorrRede":0.593999982,"TensRede":0.035999998,"ConsDiaPlaca":1.587435603,"ConsMesPlaca":1.587435603,"ConsDiaRede":188.3156281,"ConsMesRede":188.3156281,"Status":"REDE"}