{"CorrPlaca":5,"TensPlaca":25,"CorrRede":2.480999947,"TensRede":5.842000008,"ConsDiaPlaca":13402.72168,"ConsMesPlaca":13402.72168,"ConsDiaRede":457.3599854,"ConsMesRede":457.3599854,"Status":"REDE"}