{"CorrPlaca":0.722000003,"TensPlaca":4.597000122,"CorrRede":1.151000023,"TensRede":1.970999956,"ConsDiaPlaca":69.38713837,"ConsMesPlaca":69.38713837,"ConsDiaRede":60.91252899,"ConsMesRede":60.91252899,"Status":"REDE"}