{"CorrPlaca":1.179999948,"TensPlaca":18.05200005,"CorrRede":2.207000017,"TensRede":4.340000153,"ConsDiaPlaca":3210.616211,"ConsMesPlaca":3210.616211,"ConsDiaRede":1268.274658,"ConsMesRede":1268.274658,"Status":"REDE"}