{"CorrPlaca":5,"TensPlaca":25,"CorrRede":1.608999968,"TensRede":4.296999931,"ConsDiaPlaca":32881.76563,"ConsMesPlaca":32881.76563,"ConsDiaRede":1356.993286,"ConsMesRede":1356.993286,"Status":"REDE"}