{"CorrPlaca":5,"TensPlaca":25,"CorrRede":0.808000028,"TensRede":0.781000018,"ConsDiaPlaca":5729.159668,"ConsMesPlaca":5729.159668,"ConsDiaRede":197.1246185,"ConsMesRede":197.1246185,"Status":"REDE"}