{"CorrPlaca":0.825999975,"TensPlaca":18.06399918,"CorrRede":1.782999992,"TensRede":0,"ConsDiaPlaca":1369.478638,"ConsMesPlaca":1369.478638,"ConsDiaRede":549.8404541,"ConsMesRede":549.8404541,"Status":"REDE"}