{"Corrente":14.35000038,"Tensao":0.308999985,"Consumo":7.531358719,"Status":"REDE"}