{"CorrPlaca":0,"TensPlaca":0,"CorrRede":0.610000014,"TensRede":0.122000001,"ConsDiaPlaca":1.587435603,"ConsMesPlaca":1.587435603,"ConsDiaRede":188.7160339,"ConsMesRede":188.7160339,"Status":"REDE"}