{"CorrPlaca":2.648000002,"TensPlaca":18.06999969,"CorrRede":3.184000015,"TensRede":6.574999809,"ConsDiaPlaca":1833.016724,"ConsMesPlaca":1833.016724,"ConsDiaRede":731.0462036,"ConsMesRede":731.0462036,"Status":"REDE"}