{"CorrPlaca":0.090999998,"TensPlaca":3.22300005,"CorrRede":0.500999987,"TensRede":0,"ConsDiaPlaca":159.0037079,"ConsMesPlaca":159.0037079,"ConsDiaRede":149.0744171,"ConsMesRede":149.0744171,"Status":"REDE"}