{"CorrPlaca":0,"TensPlaca":3.118999958,"CorrRede":0.344999999,"TensRede":0,"ConsDiaPlaca":151.8666229,"ConsMesPlaca":151.8666229,"ConsDiaRede":143.4093781,"ConsMesRede":143.4093781,"Status":"REDE"}