{"CorrPlaca":0,"TensPlaca":0,"CorrRede":0.547999978,"TensRede":0.097000003,"ConsDiaPlaca":1.587435603,"ConsMesPlaca":1.587435603,"ConsDiaRede":17.47804451,"ConsMesRede":17.47804451,"Status":"REDE"}