{"CorrPlaca":0.037,"TensPlaca":6.709000111,"CorrRede":0.920000017,"TensRede":0.256000012,"ConsDiaPlaca":68.8811264,"ConsMesPlaca":68.8811264,"ConsDiaRede":26.74046326,"ConsMesRede":26.74046326,"Status":"REDE"}