{"CorrPlaca":0.986999989,"TensPlaca":18.1439991,"CorrRede":1.855000019,"TensRede":0.134000003,"ConsDiaPlaca":5033.276855,"ConsMesPlaca":5033.276855,"ConsDiaRede":1980.007935,"ConsMesRede":1980.007935,"Status":"REDE"}