{"CorrPlaca":0.075999998,"TensPlaca":6.727000237,"CorrRede":0.975000024,"TensRede":0.213,"ConsDiaPlaca":43.93248367,"ConsMesPlaca":43.93248367,"ConsDiaRede":14.5460844,"ConsMesRede":14.5460844,"Status":"REDE"}