{"CorrPlaca":0.691999972,"TensPlaca":4.590000153,"CorrRede":1.225000024,"TensRede":3.614000082,"ConsDiaPlaca":92.41684723,"ConsMesPlaca":92.41684723,"ConsDiaRede":81.93019867,"ConsMesRede":81.93019867,"Status":"REDE"}