{"CorrPlaca":5,"TensPlaca":25,"CorrRede":2.165999889,"TensRede":6.934999943,"ConsDiaPlaca":24097.09766,"ConsMesPlaca":24097.09766,"ConsDiaRede":969.487915,"ConsMesRede":969.487915,"Status":"REDE"}