{"Corrente":14.76500034,"Tensao":30.44400024,"Consumo":0.124862686,"Status":"PLACA"}