{"CorrPlaca":5,"TensPlaca":25,"CorrRede":0.444999993,"TensRede":0,"ConsDiaPlaca":2430.556885,"ConsMesPlaca":2430.556885,"ConsDiaRede":119.966301,"ConsMesRede":119.966301,"Status":"REDE"}