{"CorrPlaca":0,"TensPlaca":0,"CorrRede":0.582000017,"TensRede":0.012,"ConsDiaPlaca":1.587435603,"ConsMesPlaca":1.587435603,"ConsDiaRede":21.43148422,"ConsMesRede":21.43148422,"Status":"REDE"}