{"CorrPlaca":5,"TensPlaca":25,"CorrRede":2.568000078,"TensRede":7.489999771,"ConsDiaPlaca":11041.62598,"ConsMesPlaca":11041.62598,"ConsDiaRede":339.5105896,"ConsMesRede":339.5105896,"Status":"REDE"}