{"CorrPlaca":0.018999999,"TensPlaca":6.738999844,"CorrRede":0.862999976,"TensRede":0.213,"ConsDiaPlaca":81.30850983,"ConsMesPlaca":81.30850983,"ConsDiaRede":31.66815948,"ConsMesRede":31.66815948,"Status":"REDE"}