{"CorrPlaca":2.836999893,"TensPlaca":18.08300018,"CorrRede":3.378999949,"TensRede":7.478000164,"ConsDiaPlaca":1602.287964,"ConsMesPlaca":1602.287964,"ConsDiaRede":498.6176147,"ConsMesRede":498.6176147,"Status":"REDE"}