{"CorrPlaca":0,"TensPlaca":25,"CorrRede":2.039999962,"TensRede":2.246000051,"ConsDiaPlaca":13586.93066,"ConsMesPlaca":13586.93066,"ConsDiaRede":588.0021973,"ConsMesRede":588.0021973,"Status":"REDE"}