{"CorrPlaca":0.039999999,"TensPlaca":6.709000111,"CorrRede":0.884000003,"TensRede":0.115000002,"ConsDiaPlaca":80.74036407,"ConsMesPlaca":80.74036407,"ConsDiaRede":31.02347565,"ConsMesRede":31.02347565,"Status":"REDE"}