{"CorrPlaca":0.238999993,"TensPlaca":3.118999958,"CorrRede":0.730000019,"TensRede":1.177999973,"ConsDiaPlaca":146.8302917,"ConsMesPlaca":146.8302917,"ConsDiaRede":140.5171204,"ConsMesRede":140.5171204,"Status":"REDE"}