{"CorrPlaca":0.842000008,"TensPlaca":18.13699913,"CorrRede":2.025000095,"TensRede":2.740999937,"ConsDiaPlaca":4727.685547,"ConsMesPlaca":4727.685547,"ConsDiaRede":1469.279785,"ConsMesRede":1469.279785,"Status":"REDE"}