{"CorrPlaca":0.372999996,"TensPlaca":18.18600082,"CorrRede":1.595000029,"TensRede":0.451000005,"ConsDiaPlaca":2495.531006,"ConsMesPlaca":2495.531006,"ConsDiaRede":775.6014404,"ConsMesRede":775.6014404,"Status":"REDE"}