{"CorrPlaca":0,"TensPlaca":6.709000111,"CorrRede":0.787999988,"TensRede":0.305000007,"ConsDiaPlaca":1.533571362,"ConsMesPlaca":1.533571362,"ConsDiaRede":13.42879486,"ConsMesRede":13.42879486,"Status":"REDE"}