{"CorrPlaca":2.898000002,"TensPlaca":18.06399918,"CorrRede":3.378000021,"TensRede":8.418000221,"ConsDiaPlaca":3369.096436,"ConsMesPlaca":3369.096436,"ConsDiaRede":1318.569946,"ConsMesRede":1318.569946,"Status":"REDE"}