{"CorrPlaca":0,"TensPlaca":6.732999802,"CorrRede":0.808000028,"TensRede":0.389999986,"ConsDiaPlaca":1.533571362,"ConsMesPlaca":1.533571362,"ConsDiaRede":6.667680264,"ConsMesRede":6.667680264,"Status":"REDE"}