{"CorrPlaca":0.623000026,"TensPlaca":18.10099983,"CorrRede":1.822000027,"TensRede":0.488000005,"ConsDiaPlaca":327.3369141,"ConsMesPlaca":327.3369141,"ConsDiaRede":98.93309784,"ConsMesRede":98.93309784,"Status":"REDE"}