{"CorrPlaca":0.013,"TensPlaca":18.13699913,"CorrRede":1.322999954,"TensRede":0.128000006,"ConsDiaPlaca":634.8658447,"ConsMesPlaca":634.8658447,"ConsDiaRede":259.0727539,"ConsMesRede":259.0727539,"Status":"REDE"}