{"CorrPlaca":0.839999974,"TensPlaca":3.191999912,"CorrRede":1.156999946,"TensRede":2.740999937,"ConsDiaPlaca":170.1136475,"ConsMesPlaca":170.1136475,"ConsDiaRede":157.64534,"ConsMesRede":157.64534,"Status":"REDE"}