{"CorrPlaca":0,"TensPlaca":6.659999847,"CorrRede":0.824999988,"TensRede":0.354000002,"ConsDiaPlaca":1.533571362,"ConsMesPlaca":1.533571362,"ConsDiaRede":7.23537302,"ConsMesRede":7.23537302,"Status":"REDE"}