{"CorrPlaca":0,"TensPlaca":6.647999763,"CorrRede":0.824999988,"TensRede":0.231000006,"ConsDiaPlaca":1.533571362,"ConsMesPlaca":1.533571362,"ConsDiaRede":9.058382988,"ConsMesRede":9.058382988,"Status":"REDE"}