{"Corrente":175.0590057,"Tensao":3.335999966,"Consumo":11.17492199,"Status":"REDE"}