{"CorrPlaca":0,"TensPlaca":0.757000029,"CorrRede":0.538999975,"TensRede":0.451000005,"ConsDiaPlaca":0.006763611,"ConsMesPlaca":0.006763611,"ConsDiaRede":0.840015292,"ConsMesRede":0.840015292,"Status":"REDE"}