{"CorrPlaca":0,"TensPlaca":0.792999983,"CorrRede":0.432000011,"TensRede":0.542999983,"ConsDiaPlaca":0.014368889,"ConsMesPlaca":0.014368889,"ConsDiaRede":0.400537789,"ConsMesRede":0.400537789,"Status":"REDE"}