{"CorrPlaca":2.013999939,"TensPlaca":18.01499939,"CorrRede":2.690999985,"TensRede":3.50999999,"ConsDiaPlaca":4345.497559,"ConsMesPlaca":4345.497559,"ConsDiaRede":1353.520752,"ConsMesRede":1353.520752,"Status":"REDE"}