{"Corrente":2.894000053,"Tensao":0,"Consumo":0.099550068,"Status":"REDE"}