{"CorrPlaca":0.453999996,"TensPlaca":18.0340004,"CorrRede":1.539999962,"TensRede":0,"ConsDiaPlaca":2529.394531,"ConsMesPlaca":2529.394531,"ConsDiaRede":784.1790771,"ConsMesRede":784.1790771,"Status":"REDE"}