{"CorrPlaca":0,"TensPlaca":0.774999976,"CorrRede":0.476999998,"TensRede":0.201000005,"ConsDiaPlaca":0,"ConsMesPlaca":0,"ConsDiaRede":0.637824178,"ConsMesRede":0.637824178,"Status":"REDE"}