{"CorrPlaca":0.605000019,"TensPlaca":3.118999958,"CorrRede":0.924000025,"TensRede":1.251000047,"ConsDiaPlaca":122.0669098,"ConsMesPlaca":122.0669098,"ConsDiaRede":118.768486,"ConsMesRede":118.768486,"Status":"REDE"}