{"CorrPlaca":0.531000018,"TensPlaca":18.10099983,"CorrRede":1.56099999,"TensRede":0,"ConsDiaPlaca":2608.835205,"ConsMesPlaca":2608.835205,"ConsDiaRede":1032.961792,"ConsMesRede":1032.961792,"Status":"REDE"}