{"CorrPlaca":0,"TensPlaca":3.095000029,"CorrRede":0.257999986,"TensRede":0,"ConsDiaPlaca":138.5927582,"ConsMesPlaca":138.5927582,"ConsDiaRede":133.5596313,"ConsMesRede":133.5596313,"Status":"REDE"}