{"Corrente":2.299999952,"Tensao":0,"Consumo":0.070479967,"Status":"REDE"}