{"CorrPlaca":0,"TensPlaca":25,"CorrRede":1.718999982,"TensRede":1.085999966,"ConsDiaPlaca":13586.93066,"ConsMesPlaca":13586.93066,"ConsDiaRede":583.5869141,"ConsMesRede":583.5869141,"Status":"REDE"}