{"CorrPlaca":0.697000027,"TensPlaca":0,"CorrRede":0.115000002,"TensRede":0,"ConsDiaPlaca":88.81515503,"ConsMesPlaca":88.81515503,"ConsDiaRede":78.20222473,"ConsMesRede":78.20222473,"Status":"REDE"}