{"CorrPlaca":5,"TensPlaca":3.107000113,"CorrRede":0.233999997,"TensRede":0,"ConsDiaPlaca":4845.540039,"ConsMesPlaca":4845.540039,"ConsDiaRede":423.1922607,"ConsMesRede":423.1922607,"Status":"REDE"}