{"CorrPlaca":5,"TensPlaca":25,"CorrRede":1.044999957,"TensRede":1.738999963,"ConsDiaPlaca":5312.495605,"ConsMesPlaca":5312.495605,"ConsDiaRede":181.8233795,"ConsMesRede":181.8233795,"Status":"REDE"}