{"CorrPlaca":0.200000003,"TensPlaca":3.191999912,"CorrRede":0.470999986,"TensRede":0.976000011,"ConsDiaPlaca":4909.9375,"ConsMesPlaca":4909.9375,"ConsDiaRede":472.7327576,"ConsMesRede":472.7327576,"Status":"REDE"}