{"CorrPlaca":5,"TensPlaca":25,"CorrRede":2.625,"TensRede":6.703000069,"ConsDiaPlaca":1180.55603,"ConsMesPlaca":1180.55603,"ConsDiaRede":67.23186493,"ConsMesRede":67.23186493,"Status":"REDE"}