{"CorrPlaca":2.434999943,"TensPlaca":18.06999969,"CorrRede":3.073999882,"TensRede":5.40199995,"ConsDiaPlaca":1043.379272,"ConsMesPlaca":1043.379272,"ConsDiaRede":459.1593018,"ConsMesRede":459.1593018,"Status":"REDE"}