{"CorrPlaca":0.041999999,"TensPlaca":0.787,"CorrRede":0.550000012,"TensRede":0.890999973,"ConsDiaPlaca":0.022247778,"ConsMesPlaca":0.022247778,"ConsDiaRede":0.673099995,"ConsMesRede":0.673099995,"Status":"REDE"}