{"corrente":1.764000058,"tensao":4.217999935,"consumo":0.036948048}