{"CorrPlaca":0,"TensPlaca":0,"CorrRede":0.418000013,"TensRede":0.097000003,"ConsDiaPlaca":168.0245667,"ConsMesPlaca":168.0245667,"ConsDiaRede":10.64533615,"ConsMesRede":10.64533615,"Status":"REDE"}