{"CorrPlaca":0,"TensPlaca":0.676999986,"CorrRede":0.462000012,"TensRede":0.298999995,"ConsDiaPlaca":0.009997778,"ConsMesPlaca":0.009997778,"ConsDiaRede":0.856789112,"ConsMesRede":0.856789112,"Status":"REDE"}