{"CorrPlaca":1.998000026,"TensPlaca":18.13699913,"CorrRede":2.815000057,"TensRede":6.642000198,"ConsDiaPlaca":1193.896118,"ConsMesPlaca":1193.896118,"ConsDiaRede":491.0267944,"ConsMesRede":491.0267944,"Status":"REDE"}