{"CorrPlaca":3.520999908,"TensPlaca":25,"CorrRede":0.913999975,"TensRede":0.328999996,"ConsDiaPlaca":21057.76758,"ConsMesPlaca":21057.76758,"ConsDiaRede":718.4393311,"ConsMesRede":718.4393311,"Status":"REDE"}