{"CorrPlaca":0.725000024,"TensPlaca":4.803999901,"CorrRede":1.269000053,"TensRede":2.898999929,"ConsDiaPlaca":80.10969543,"ConsMesPlaca":80.10969543,"ConsDiaRede":72.43319702,"ConsMesRede":72.43319702,"Status":"REDE"}