{"CorrPlaca":0.730000019,"TensPlaca":3.118999958,"CorrRede":1.029999971,"TensRede":1.715000033,"ConsDiaPlaca":143.0141296,"ConsMesPlaca":143.0141296,"ConsDiaRede":137.0904388,"ConsMesRede":137.0904388,"Status":"REDE"}