{"CorrPlaca":0.361999989,"TensPlaca":18.10700035,"CorrRede":1.539999962,"TensRede":0,"ConsDiaPlaca":1582.205444,"ConsMesPlaca":1582.205444,"ConsDiaRede":491.5986938,"ConsMesRede":491.5986938,"Status":"REDE"}