{"CorrPlaca":0.91900003,"TensPlaca":18.08300018,"CorrRede":1.853999972,"TensRede":0,"ConsDiaPlaca":2595.620117,"ConsMesPlaca":2595.620117,"ConsDiaRede":800.9580078,"ConsMesRede":800.9580078,"Status":"REDE"}