{"CorrPlaca":0.201000005,"TensPlaca":18.05200005,"CorrRede":1.389000058,"TensRede":0,"ConsDiaPlaca":4886.991699,"ConsMesPlaca":4886.991699,"ConsDiaRede":1514.268677,"ConsMesRede":1514.268677,"Status":"REDE"}