{"CorrPlaca":0,"TensPlaca":18.06999969,"CorrRede":1.197000027,"TensRede":0,"ConsDiaPlaca":4724.866211,"ConsMesPlaca":4724.866211,"ConsDiaRede":1844.893799,"ConsMesRede":1844.893799,"Status":"REDE"}