{"CorrPlaca":0.722000003,"TensPlaca":1.465000033,"CorrRede":0.437000006,"TensRede":0,"ConsDiaPlaca":52.03490829,"ConsMesPlaca":52.03490829,"ConsDiaRede":44.55805588,"ConsMesRede":44.55805588,"Status":"REDE"}