{"CorrPlaca":0,"TensPlaca":6.703000069,"CorrRede":0.800000012,"TensRede":0.280000001,"ConsDiaPlaca":1.533571362,"ConsMesPlaca":1.533571362,"ConsDiaRede":9.392567635,"ConsMesRede":9.392567635,"Status":"REDE"}