{"Corrente":176.6130066,"Tensao":8.642000198,"Consumo":19.84835243,"Status":"PLACA"}