{"CorrPlaca":0,"TensPlaca":0,"CorrRede":0.505999982,"TensRede":0,"ConsDiaPlaca":1.587435603,"ConsMesPlaca":1.587435603,"ConsDiaRede":17.01403236,"ConsMesRede":17.01403236,"Status":"REDE"}