{"CorrPlaca":0.703000009,"TensPlaca":0,"CorrRede":0.101000004,"TensRede":0,"ConsDiaPlaca":109.2712936,"ConsMesPlaca":109.2712936,"ConsDiaRede":94.68836975,"ConsMesRede":94.68836975,"Status":"REDE"}