{"CorrPlaca":0.023,"TensPlaca":0.799000025,"CorrRede":0.55400002,"TensRede":0.493999988,"ConsDiaPlaca":0.005104722,"ConsMesPlaca":0.005104722,"ConsDiaRede":0.32220611,"ConsMesRede":0.32220611,"Status":"REDE"}