{"Corrente":0,"Tensao":0.792999983,"Consumo":0.07707084,"Status":"REDE"}