{"CorrPlaca":0.722000003,"TensPlaca":0.578999996,"CorrRede":0.374000013,"TensRede":0,"ConsDiaPlaca":114.1195221,"ConsMesPlaca":114.1195221,"ConsDiaRede":98.44737244,"ConsMesRede":98.44737244,"Status":"REDE"}