{"CorrPlaca":0.879000008,"TensPlaca":18.13100052,"CorrRede":1.754999995,"TensRede":0.537,"ConsDiaPlaca":64.45267487,"ConsMesPlaca":64.45267487,"ConsDiaRede":30.11514282,"ConsMesRede":30.11514282,"Status":"REDE"}