{"Corrente":170.6170044,"Tensao":0.275999993,"Consumo":1.187785387,"Status":"REDE"}