{"CorrPlaca":2.663000107,"TensPlaca":18.09499931,"CorrRede":3.157000065,"TensRede":5.610000134,"ConsDiaPlaca":2346.022461,"ConsMesPlaca":2346.022461,"ConsDiaRede":733.0007935,"ConsMesRede":733.0007935,"Status":"REDE"}