{"CorrPlaca":0.293000013,"TensPlaca":18.06999969,"CorrRede":1.440000057,"TensRede":0,"ConsDiaPlaca":5224.39209,"ConsMesPlaca":5224.39209,"ConsDiaRede":1643.071899,"ConsMesRede":1643.071899,"Status":"REDE"}