{"CorrPlaca":5,"TensPlaca":25,"CorrRede":0.727999985,"TensRede":0,"ConsDiaPlaca":35277.67969,"ConsMesPlaca":35277.67969,"ConsDiaRede":1416.071167,"ConsMesRede":1416.071167,"Status":"REDE"}