{"Corrente":3.635999918,"Tensao":5.372000217,"Consumo":0.01174972,"Status":"PLACA"}