{"CorrPlaca":0.028000001,"TensPlaca":18.14999962,"CorrRede":1.269000053,"TensRede":0,"ConsDiaPlaca":715.2885742,"ConsMesPlaca":715.2885742,"ConsDiaRede":282.2337036,"ConsMesRede":282.2337036,"Status":"REDE"}