{"Corrente":16.49500084,"Tensao":4.015999794,"Consumo":0.285785347,"Status":"REDE"}