{"CorrPlaca":0,"TensPlaca":0,"CorrRede":0.643999994,"TensRede":6.684000015,"ConsDiaPlaca":1.587435603,"ConsMesPlaca":1.587435603,"ConsDiaRede":133.4278412,"ConsMesRede":133.4278412,"Status":"REDE"}