{"CorrPlaca":5,"TensPlaca":25,"CorrRede":2.414999962,"TensRede":5.122000217,"ConsDiaPlaca":14062.44043,"ConsMesPlaca":14062.44043,"ConsDiaRede":473.3532715,"ConsMesRede":473.3532715,"Status":"REDE"}