{"Corrente":-3.332999945,"Tensao":0,"Consumo":0.331859112,"Status":"REDE"}