{"CorrPlaca":0.720000029,"TensPlaca":0.763000011,"CorrRede":0.414999992,"TensRede":1.006999969,"ConsDiaPlaca":81.41242981,"ConsMesPlaca":81.41242981,"ConsDiaRede":73.2364502,"ConsMesRede":73.2364502,"Status":"REDE"}