{"corrente":0.712000012,"tensao":3.519000053,"consumo":0.081589922}