{"CorrPlaca":0.052000001,"TensPlaca":18.05200005,"CorrRede":1.207000017,"TensRede":0,"ConsDiaPlaca":3798.301025,"ConsMesPlaca":3798.301025,"ConsDiaRede":1482.801758,"ConsMesRede":1482.801758,"Status":"REDE"}