{"CorrPlaca":0.833000004,"TensPlaca":3.186000109,"CorrRede":1.149999976,"TensRede":2.802000046,"ConsDiaPlaca":145.3712311,"ConsMesPlaca":145.3712311,"ConsDiaRede":139.3565216,"ConsMesRede":139.3565216,"Status":"REDE"}