{"corrente":0.760999978,"tensao":0.781000018,"consumo":0.005439497}