{"CorrPlaca":0.071999997,"TensPlaca":6.738999844,"CorrRede":0.910000026,"TensRede":0.25,"ConsDiaPlaca":78.67719269,"ConsMesPlaca":78.67719269,"ConsDiaRede":29.68117714,"ConsMesRede":29.68117714,"Status":"REDE"}