{"CorrPlaca":0.035,"TensPlaca":6.738999844,"CorrRede":0.879000008,"TensRede":0.256000012,"ConsDiaPlaca":83.19332123,"ConsMesPlaca":83.19332123,"ConsDiaRede":33.78878403,"ConsMesRede":33.78878403,"Status":"REDE"}