{"CorrPlaca":0,"TensPlaca":0.824000001,"CorrRede":0.405000001,"TensRede":0.354000002,"ConsDiaPlaca":0.027280556,"ConsMesPlaca":0.027280556,"ConsDiaRede":0.568704724,"ConsMesRede":0.568704724,"Status":"REDE"}