{"CorrPlaca":1.194000006,"TensPlaca":18.125,"CorrRede":2.223999977,"TensRede":4.413000107,"ConsDiaPlaca":4810.064941,"ConsMesPlaca":4810.064941,"ConsDiaRede":1882.578613,"ConsMesRede":1882.578613,"Status":"REDE"}