{"CorrPlaca":3.835000038,"TensPlaca":25,"CorrRede":1.77699995,"TensRede":1.555999994,"ConsDiaPlaca":15961.50586,"ConsMesPlaca":15961.50586,"ConsDiaRede":600.887207,"ConsMesRede":600.887207,"Status":"REDE"}