{"CorrPlaca":0.238999993,"TensPlaca":18.18600082,"CorrRede":1.432000041,"TensRede":0,"ConsDiaPlaca":2970.350342,"ConsMesPlaca":2970.350342,"ConsDiaRede":918.9066162,"ConsMesRede":918.9066162,"Status":"REDE"}