{"CorrPlaca":0.097999997,"TensPlaca":18.15600014,"CorrRede":1.419999957,"TensRede":0.578999996,"ConsDiaPlaca":1106.615356,"ConsMesPlaca":1106.615356,"ConsDiaRede":486.5751038,"ConsMesRede":486.5751038,"Status":"REDE"}