{"CorrPlaca":0.377999991,"TensPlaca":3.118999958,"CorrRede":0.819999993,"TensRede":1.659999967,"ConsDiaPlaca":133.3785095,"ConsMesPlaca":133.3785095,"ConsDiaRede":129.3693695,"ConsMesRede":129.3693695,"Status":"REDE"}