{"CorrPlaca":5,"TensPlaca":25,"CorrRede":2.381999969,"TensRede":6.953000069,"ConsDiaPlaca":22673.49609,"ConsMesPlaca":22673.49609,"ConsDiaRede":885.9386597,"ConsMesRede":885.9386597,"Status":"REDE"}