{"corrente":0.075999998,"tensao":4.249000072,"consumo":0.377425104}