{"corrente":1.008000016,"tensao":1.904000044,"consumo":0.06081678}