{"CorrPlaca":5,"TensPlaca":0,"CorrRede":0.270999998,"TensRede":0,"ConsDiaPlaca":6236.48877,"ConsMesPlaca":6236.48877,"ConsDiaRede":493.4156799,"ConsMesRede":493.4156799,"Status":"REDE"}