{"CorrPlaca":2.086999893,"TensPlaca":18.05800056,"CorrRede":2.740999937,"TensRede":1.062000036,"ConsDiaPlaca":1500.835693,"ConsMesPlaca":1500.835693,"ConsDiaRede":466.9313965,"ConsMesRede":466.9313965,"Status":"REDE"}