{"corrente":-0.004,"tensao":0.640999973,"consumo":-0.0001818}