{"CorrPlaca":5,"TensPlaca":25,"CorrRede":1.523000002,"TensRede":0,"ConsDiaPlaca":20833.23047,"ConsMesPlaca":20833.23047,"ConsDiaRede":801.9970703,"ConsMesRede":801.9970703,"Status":"REDE"}