{"CorrPlaca":0.030999999,"TensPlaca":6.556000233,"CorrRede":0.930000007,"TensRede":0.231000006,"ConsDiaPlaca":66.59194946,"ConsMesPlaca":66.59194946,"ConsDiaRede":25.52957344,"ConsMesRede":25.52957344,"Status":"REDE"}