{"Corrente":14.39400005,"Tensao":25.86100006,"Consumo":1.454879999,"Status":"PLACA"}