{"corrente":-0.018999999,"tensao":0,"consumo":-0.000224933}