{"CorrPlaca":0.623000026,"TensPlaca":18.10700035,"CorrRede":1.692999959,"TensRede":0,"ConsDiaPlaca":5427.619141,"ConsMesPlaca":5427.619141,"ConsDiaRede":1709.965088,"ConsMesRede":1709.965088,"Status":"REDE"}