{"CorrPlaca":0,"TensPlaca":0,"CorrRede":0.644999981,"TensRede":6.671999931,"ConsDiaPlaca":1.587435603,"ConsMesPlaca":1.587435603,"ConsDiaRede":59.6815567,"ConsMesRede":59.6815567,"Status":"REDE"}