{"Corrente":15.87699986,"Tensao":26.54500008,"Consumo":1.112968802,"Status":"PLACA"}