{"CorrPlaca":5,"TensPlaca":25,"CorrRede":1.396000028,"TensRede":2.691999912,"ConsDiaPlaca":33923.44531,"ConsMesPlaca":33923.44531,"ConsDiaRede":1393.276367,"ConsMesRede":1393.276367,"Status":"REDE"}