{"CorrPlaca":0,"TensPlaca":0.781000018,"CorrRede":0.44600001,"TensRede":0.072999999,"ConsDiaPlaca":0,"ConsMesPlaca":0,"ConsDiaRede":0.683863044,"ConsMesRede":0.683863044,"Status":"REDE"}