{"CorrPlaca":0.178000003,"TensPlaca":18.06999969,"CorrRede":1.396000028,"TensRede":0,"ConsDiaPlaca":3078.536865,"ConsMesPlaca":3078.536865,"ConsDiaRede":948.1856079,"ConsMesRede":948.1856079,"Status":"REDE"}