{"CorrPlaca":0,"TensPlaca":0.81099999,"CorrRede":0.483999997,"TensRede":0.090999998,"ConsDiaPlaca":0,"ConsMesPlaca":0,"ConsDiaRede":0.569082439,"ConsMesRede":0.569082439,"Status":"REDE"}