{"CorrPlaca":2.321000099,"TensPlaca":25,"CorrRede":3.770999908,"TensRede":3.497999907,"ConsDiaPlaca":1083.905273,"ConsMesPlaca":1083.905273,"ConsDiaRede":295.618988,"ConsMesRede":295.618988,"Status":"REDE"}