{"CorrPlaca":2.809000015,"TensPlaca":18.10099983,"CorrRede":3.359999895,"TensRede":8.394000053,"ConsDiaPlaca":4670.713867,"ConsMesPlaca":4670.713867,"ConsDiaRede":1826.7323,"ConsMesRede":1826.7323,"Status":"REDE"}