{"CorrPlaca":0,"TensPlaca":0,"CorrRede":0.565999985,"TensRede":0,"ConsDiaPlaca":1.587435603,"ConsMesPlaca":1.587435603,"ConsDiaRede":17.23777199,"ConsMesRede":17.23777199,"Status":"REDE"}