{"CorrPlaca":0.312999994,"TensPlaca":18.06999969,"CorrRede":1.503999949,"TensRede":0,"ConsDiaPlaca":2103.591309,"ConsMesPlaca":2103.591309,"ConsDiaRede":659.8596191,"ConsMesRede":659.8596191,"Status":"REDE"}