{"CorrPlaca":5,"TensPlaca":25,"CorrRede":2.506000042,"TensRede":5.68900013,"ConsDiaPlaca":11736.06641,"ConsMesPlaca":11736.06641,"ConsDiaRede":361.1767578,"ConsMesRede":361.1767578,"Status":"REDE"}