{"CorrPlaca":0,"TensPlaca":6.709000111,"CorrRede":0.856999993,"TensRede":0.244000003,"ConsDiaPlaca":84.11264038,"ConsMesPlaca":84.11264038,"ConsDiaRede":35.7344017,"ConsMesRede":35.7344017,"Status":"REDE"}