{"CorrPlaca":1.799999952,"TensPlaca":18.01499939,"CorrRede":2.499000072,"TensRede":2.27699995,"ConsDiaPlaca":3133.615234,"ConsMesPlaca":3133.615234,"ConsDiaRede":966.8359985,"ConsMesRede":966.8359985,"Status":"REDE"}