{"CorrPlaca":0,"TensPlaca":6.738999844,"CorrRede":0.792999983,"TensRede":0.293000013,"ConsDiaPlaca":1.533571362,"ConsMesPlaca":1.533571362,"ConsDiaRede":9.122923851,"ConsMesRede":9.122923851,"Status":"REDE"}