{"CorrPlaca":0,"TensPlaca":6.671999931,"CorrRede":0.787,"TensRede":0.293000013,"ConsDiaPlaca":1.533571362,"ConsMesPlaca":1.533571362,"ConsDiaRede":12.6923933,"ConsMesRede":12.6923933,"Status":"REDE"}