{"CorrPlaca":0.261999995,"TensPlaca":3.191999912,"CorrRede":0.725000024,"TensRede":1.348999977,"ConsDiaPlaca":130.7959595,"ConsMesPlaca":130.7959595,"ConsDiaRede":127.2415619,"ConsMesRede":127.2415619,"Status":"REDE"}