{"CorrPlaca":5,"TensPlaca":25,"CorrRede":1.758999944,"TensRede":3.655999899,"ConsDiaPlaca":35208.23047,"ConsMesPlaca":35208.23047,"ConsDiaRede":1416.071167,"ConsMesRede":1416.071167,"Status":"REDE"}