{"CorrPlaca":0.921000004,"TensPlaca":3.180000067,"CorrRede":1.174999952,"TensRede":2.637000084,"ConsDiaPlaca":143.8276672,"ConsMesPlaca":143.8276672,"ConsDiaRede":137.963974,"ConsMesRede":137.963974,"Status":"REDE"}