{"CorrPlaca":0.981999993,"TensPlaca":18.06999969,"CorrRede":1.90199995,"TensRede":0,"ConsDiaPlaca":4553.058594,"ConsMesPlaca":4553.058594,"ConsDiaRede":1422.06543,"ConsMesRede":1422.06543,"Status":"REDE"}