{"CorrPlaca":3.028000116,"TensPlaca":18.13699913,"CorrRede":3.614000082,"TensRede":7.81400013,"ConsDiaPlaca":568.7935791,"ConsMesPlaca":568.7935791,"ConsDiaRede":179.3561249,"ConsMesRede":179.3561249,"Status":"REDE"}