{"Corrente":0,"Tensao":0.865999997,"Consumo":8.655833881e-6,"Status":"REDE"}