{"CorrPlaca":0.898000002,"TensPlaca":3.180000067,"CorrRede":1.161000013,"TensRede":2.349999905,"ConsDiaPlaca":161.1129303,"ConsMesPlaca":161.1129303,"ConsDiaRede":151.0731659,"ConsMesRede":151.0731659,"Status":"REDE"}