{"CorrPlaca":0.156000003,"TensPlaca":6.488999844,"CorrRede":0.879999995,"TensRede":0.122000001,"ConsDiaPlaca":75.78663635,"ConsMesPlaca":75.78663635,"ConsDiaRede":28.78594208,"ConsMesRede":28.78594208,"Status":"REDE"}