{"CorrPlaca":1.133999944,"TensPlaca":25,"CorrRede":2.947999954,"TensRede":0.781000018,"ConsDiaPlaca":355.8707275,"ConsMesPlaca":355.8707275,"ConsDiaRede":185.9309998,"ConsMesRede":185.9309998,"Status":"REDE"}