{"CorrPlaca":2.881999969,"TensPlaca":18.0890007,"CorrRede":3.506999969,"TensRede":8.986000061,"ConsDiaPlaca":179.6643066,"ConsMesPlaca":179.6643066,"ConsDiaRede":80.07589722,"ConsMesRede":80.07589722,"Status":"REDE"}