{"Corrente":2.187999964,"Tensao":0,"Consumo":0.149639666,"Status":"REDE"}