{"CorrPlaca":5,"TensPlaca":25,"CorrRede":2.513999939,"TensRede":5.988999844,"ConsDiaPlaca":14374.93848,"ConsMesPlaca":14374.93848,"ConsDiaRede":486.0322876,"ConsMesRede":486.0322876,"Status":"REDE"}