{"CorrPlaca":0.057999998,"TensPlaca":6.709000111,"CorrRede":0.950999975,"TensRede":0.286000013,"ConsDiaPlaca":58.20438004,"ConsMesPlaca":58.20438004,"ConsDiaRede":21.25739288,"ConsMesRede":21.25739288,"Status":"REDE"}