{"CorrPlaca":0,"TensPlaca":18.07600021,"CorrRede":1.273000002,"TensRede":0,"ConsDiaPlaca":578.0145874,"ConsMesPlaca":578.0145874,"ConsDiaRede":239.4255066,"ConsMesRede":239.4255066,"Status":"REDE"}