{"CorrPlaca":1.120000005,"TensPlaca":18.02799988,"CorrRede":2.257999897,"TensRede":2.637000084,"ConsDiaPlaca":850.1900024,"ConsMesPlaca":850.1900024,"ConsDiaRede":269.4832764,"ConsMesRede":269.4832764,"Status":"REDE"}