{"Corrente":15.58300018,"Tensao":0,"Consumo":0.146355033,"Status":"REDE"}