{"CorrPlaca":0.730000019,"TensPlaca":18.10700035,"CorrRede":1.725999951,"TensRede":0,"ConsDiaPlaca":4227.94043,"ConsMesPlaca":4227.94043,"ConsDiaRede":1321.363892,"ConsMesRede":1321.363892,"Status":"REDE"}