{"CorrPlaca":0.134000003,"TensPlaca":18.05800056,"CorrRede":1.424000025,"TensRede":0,"ConsDiaPlaca":3778.258057,"ConsMesPlaca":3778.258057,"ConsDiaRede":1175.048096,"ConsMesRede":1175.048096,"Status":"REDE"}