{"CorrPlaca":0,"TensPlaca":6.665999889,"CorrRede":0.791999996,"TensRede":0.328999996,"ConsDiaPlaca":1.533571362,"ConsMesPlaca":1.533571362,"ConsDiaRede":11.63366985,"ConsMesRede":11.63366985,"Status":"REDE"}