{"CorrPlaca":2.848999977,"TensPlaca":18.13100052,"CorrRede":3.348999977,"TensRede":6.544000149,"ConsDiaPlaca":2360.371338,"ConsMesPlaca":2360.371338,"ConsDiaRede":739.088562,"ConsMesRede":739.088562,"Status":"REDE"}