{"Corrente":2.148999929,"Tensao":0,"Consumo":0.070479967,"Status":"REDE"}