{"Corrente":0.463999987,"Tensao":0,"Consumo":0.000573213,"Status":"REDE"}