{"CorrPlaca":5,"TensPlaca":25,"CorrRede":1.11500001,"TensRede":0,"ConsDiaPlaca":28888.73438,"ConsMesPlaca":28888.73438,"ConsDiaRede":1178.422485,"ConsMesRede":1178.422485,"Status":"REDE"}