{"CorrPlaca":0,"TensPlaca":0.781000018,"CorrRede":0.467000008,"TensRede":0.072999999,"ConsDiaPlaca":0.007955277,"ConsMesPlaca":0.007955277,"ConsDiaRede":0.635404408,"ConsMesRede":0.635404408,"Status":"REDE"}