{"CorrPlaca":0,"TensPlaca":0.84799999,"CorrRede":0.449000001,"TensRede":1.404000044,"ConsDiaPlaca":0,"ConsMesPlaca":0,"ConsDiaRede":0.175109997,"ConsMesRede":0.175109997,"Status":"REDE"}