{"CorrPlaca":2.632999897,"TensPlaca":18.13100052,"CorrRede":3.124000072,"TensRede":5.81799984,"ConsDiaPlaca":2772.954102,"ConsMesPlaca":2772.954102,"ConsDiaRede":863.6072998,"ConsMesRede":863.6072998,"Status":"REDE"}