{"Corrente":0,"Tensao":0.976000011,"Consumo":8.655833881e-6,"Status":"REDE"}