{"Corrente":2.075999975,"Tensao":0,"Consumo":0.070479967,"Status":"REDE"}