{"CorrPlaca":0,"TensPlaca":0.774999976,"CorrRede":0.405000001,"TensRede":0.293000013,"ConsDiaPlaca":0.007644444,"ConsMesPlaca":0.007644444,"ConsDiaRede":0.592317045,"ConsMesRede":0.592317045,"Status":"REDE"}