{"Corrente":14.29599953,"Tensao":11.63599968,"Consumo":0.227016121,"Status":"PLACA"}