{"CorrPlaca":0.086999997,"TensPlaca":6.697000027,"CorrRede":0.995999992,"TensRede":0.273999989,"ConsDiaPlaca":33.9470253,"ConsMesPlaca":33.9470253,"ConsDiaRede":10.88767242,"ConsMesRede":10.88767242,"Status":"REDE"}