{"CorrPlaca":5,"TensPlaca":25,"CorrRede":2.118000031,"TensRede":4.590000153,"ConsDiaPlaca":17048.53125,"ConsMesPlaca":17048.53125,"ConsDiaRede":606.1515503,"ConsMesRede":606.1515503,"Status":"REDE"}