{"CorrPlaca":0,"TensPlaca":25,"CorrRede":1.843999982,"TensRede":0.683000028,"ConsDiaPlaca":16010.18066,"ConsMesPlaca":16010.18066,"ConsDiaRede":607.666748,"ConsMesRede":607.666748,"Status":"REDE"}