{"CorrPlaca":0.686999977,"TensPlaca":18.0890007,"CorrRede":1.837000012,"TensRede":1.666000009,"ConsDiaPlaca":3137.067139,"ConsMesPlaca":3137.067139,"ConsDiaRede":967.6860962,"ConsMesRede":967.6860962,"Status":"REDE"}