{"CorrPlaca":5,"TensPlaca":25,"CorrRede":2.262000084,"TensRede":7.019999981,"ConsDiaPlaca":27499.85352,"ConsMesPlaca":27499.85352,"ConsDiaRede":1115.949463,"ConsMesRede":1115.949463,"Status":"REDE"}