{"CorrPlaca":5,"TensPlaca":25,"CorrRede":0.57099998,"TensRede":0.293000013,"ConsDiaPlaca":13923.55176,"ConsMesPlaca":13923.55176,"ConsDiaRede":469.4081421,"ConsMesRede":469.4081421,"Status":"REDE"}