{"CorrPlaca":0.317000002,"TensPlaca":18.02799988,"CorrRede":1.567999959,"TensRede":0.451000005,"ConsDiaPlaca":3548.057617,"ConsMesPlaca":3548.057617,"ConsDiaRede":1106.090454,"ConsMesRede":1106.090454,"Status":"REDE"}