{"CorrPlaca":0,"TensPlaca":18.13100052,"CorrRede":1.152999997,"TensRede":0,"ConsDiaPlaca":3626.678223,"ConsMesPlaca":3626.678223,"ConsDiaRede":1414.025269,"ConsMesRede":1414.025269,"Status":"REDE"}