{"CorrPlaca":0.658999979,"TensPlaca":3.118999958,"CorrRede":0.953999996,"TensRede":1.274999976,"ConsDiaPlaca":4904.419434,"ConsMesPlaca":4904.419434,"ConsDiaRede":468.208313,"ConsMesRede":468.208313,"Status":"REDE"}