{"CorrPlaca":5,"TensPlaca":25,"CorrRede":2.167999983,"TensRede":3.943000078,"ConsDiaPlaca":22117.94336,"ConsMesPlaca":22117.94336,"ConsDiaRede":858.2275391,"ConsMesRede":858.2275391,"Status":"REDE"}