{"CorrPlaca":0.838,"TensPlaca":18.13100052,"CorrRede":1.766000032,"TensRede":0,"ConsDiaPlaca":2309.171631,"ConsMesPlaca":2309.171631,"ConsDiaRede":909.0907593,"ConsMesRede":909.0907593,"Status":"REDE"}