{"CorrPlaca":5,"TensPlaca":25,"CorrRede":0.615999997,"TensRede":0,"ConsDiaPlaca":17361.0293,"ConsMesPlaca":17361.0293,"ConsDiaRede":617.9094238,"ConsMesRede":617.9094238,"Status":"REDE"}