{"CorrPlaca":0,"TensPlaca":3.118999958,"CorrRede":0,"TensRede":0,"ConsDiaPlaca":4889.335938,"ConsMesPlaca":4889.335938,"ConsDiaRede":437.3973389,"ConsMesRede":437.3973389,"Status":"REDE"}