{"CorrPlaca":0.73299998,"TensPlaca":4.78000021,"CorrRede":1.22300005,"TensRede":3.058000088,"ConsDiaPlaca":47.24806976,"ConsMesPlaca":47.24806976,"ConsDiaRede":40.20071411,"ConsMesRede":40.20071411,"Status":"REDE"}