{"CorrPlaca":0,"TensPlaca":6.738999844,"CorrRede":0.837000012,"TensRede":0.115000002,"ConsDiaPlaca":86.2158432,"ConsMesPlaca":86.2158432,"ConsDiaRede":39.83346558,"ConsMesRede":39.83346558,"Status":"REDE"}