{"corrente":0.653999984,"tensao":3.188999891,"consumo":0.105601728}