{"CorrPlaca":0,"TensPlaca":0.768999994,"CorrRede":0.561999977,"TensRede":0.549000025,"ConsDiaPlaca":0,"ConsMesPlaca":0,"ConsDiaRede":0.443303049,"ConsMesRede":0.443303049,"Status":"REDE"}