{"corrente":0.693000019,"tensao":0,"consumo":0.0090743}