{"CorrPlaca":0.097999997,"TensPlaca":18.06999969,"CorrRede":1.292999983,"TensRede":0,"ConsDiaPlaca":491.5289612,"ConsMesPlaca":491.5289612,"ConsDiaRede":204.4396973,"ConsMesRede":204.4396973,"Status":"REDE"}