{"corrente":-0.015,"tensao":0.592000008,"consumo":-0.000174678}