{"CorrPlaca":0.395000011,"TensPlaca":18.06999969,"CorrRede":1.610000014,"TensRede":0.395999998,"ConsDiaPlaca":2332.637207,"ConsMesPlaca":2332.637207,"ConsDiaRede":728.0811157,"ConsMesRede":728.0811157,"Status":"REDE"}