{"CorrPlaca":0.540000021,"TensPlaca":18.06999969,"CorrRede":1.672000051,"TensRede":0,"ConsDiaPlaca":579.0587769,"ConsMesPlaca":579.0587769,"ConsDiaRede":181.8648376,"ConsMesRede":181.8648376,"Status":"REDE"}