{"CorrPlaca":5,"TensPlaca":25,"CorrRede":0.611999989,"TensRede":0,"ConsDiaPlaca":33437.31641,"ConsMesPlaca":33437.31641,"ConsDiaRede":1384.405396,"ConsMesRede":1384.405396,"Status":"REDE"}