{"CorrPlaca":0.768000007,"TensPlaca":18.13699913,"CorrRede":1.718999982,"TensRede":0,"ConsDiaPlaca":1988.033203,"ConsMesPlaca":1988.033203,"ConsDiaRede":907.5785522,"ConsMesRede":907.5785522,"Status":"REDE"}