{"Corrente":14.44299984,"Tensao":24.65699959,"Consumo":3.326056004,"Status":"PLACA"}