{"CorrPlaca":5,"TensPlaca":25,"CorrRede":1.014000058,"TensRede":1.879999995,"ConsDiaPlaca":13055.50195,"ConsMesPlaca":13055.50195,"ConsDiaRede":427.0614319,"ConsMesRede":427.0614319,"Status":"REDE"}