{"CorrPlaca":5,"TensPlaca":18.05200005,"CorrRede":1.697999954,"TensRede":1.391000032,"ConsDiaPlaca":9398.044922,"ConsMesPlaca":9398.044922,"ConsDiaRede":531.2866821,"ConsMesRede":531.2866821,"Status":"REDE"}