{"Corrente":0.008,"Tensao":5.994999886,"Consumo":0.014868441,"Status":"REDE"}