{"CorrPlaca":0.246000007,"TensPlaca":18.125,"CorrRede":1.417000055,"TensRede":0,"ConsDiaPlaca":3278.474854,"ConsMesPlaca":3278.474854,"ConsDiaRede":1285.886108,"ConsMesRede":1285.886108,"Status":"REDE"}