{"Corrente":14.52099991,"Tensao":0,"Consumo":1.197687745,"Status":"REDE"}