{"CorrPlaca":2.832000017,"TensPlaca":18.10099983,"CorrRede":3.301000118,"TensRede":7.703999996,"ConsDiaPlaca":78.69212341,"ConsMesPlaca":78.69212341,"ConsDiaRede":37.17928314,"ConsMesRede":37.17928314,"Status":"REDE"}