{"CorrPlaca":2.421999931,"TensPlaca":18.06999969,"CorrRede":3.006000042,"TensRede":4.505000114,"ConsDiaPlaca":1616.12793,"ConsMesPlaca":1616.12793,"ConsDiaRede":502.379303,"ConsMesRede":502.379303,"Status":"REDE"}