{"CorrPlaca":5,"TensPlaca":5.763000011,"CorrRede":0.716000021,"TensRede":0,"ConsDiaPlaca":12851.50977,"ConsMesPlaca":12851.50977,"ConsDiaRede":541.7310181,"ConsMesRede":541.7310181,"Status":"REDE"}