{"CorrPlaca":5,"TensPlaca":25,"CorrRede":2.483999968,"TensRede":7.172999859,"ConsDiaPlaca":16840.19922,"ConsMesPlaca":16840.19922,"ConsDiaRede":597.8582764,"ConsMesRede":597.8582764,"Status":"REDE"}