{"CorrPlaca":0.703000009,"TensPlaca":5.366000175,"CorrRede":1.348999977,"TensRede":1.074000001,"ConsDiaPlaca":79.14222717,"ConsMesPlaca":79.14222717,"ConsDiaRede":71.41130066,"ConsMesRede":71.41130066,"Status":"REDE"}