{"CorrPlaca":3.887000084,"TensPlaca":25,"CorrRede":1.547999978,"TensRede":0.395999998,"ConsDiaPlaca":15882.4707,"ConsMesPlaca":15882.4707,"ConsDiaRede":599.3980103,"ConsMesRede":599.3980103,"Status":"REDE"}