{"CorrPlaca":1.406000018,"TensPlaca":18.13699913,"CorrRede":2.417999983,"TensRede":5.047999859,"ConsDiaPlaca":1682.079712,"ConsMesPlaca":1682.079712,"ConsDiaRede":761.0060425,"ConsMesRede":761.0060425,"Status":"REDE"}