{"CorrPlaca":0.078000002,"TensPlaca":6.642000198,"CorrRede":0.931999981,"TensRede":0.256000012,"ConsDiaPlaca":70.80738831,"ConsMesPlaca":70.80738831,"ConsDiaRede":27.51236916,"ConsMesRede":27.51236916,"Status":"REDE"}