{"Corrente":14.30099964,"Tensao":11.55500031,"Consumo":6.470376968,"Status":"PLACA"}