{"CorrPlaca":1.269000053,"TensPlaca":18.06999969,"CorrRede":2.112999916,"TensRede":0.75,"ConsDiaPlaca":1200.265747,"ConsMesPlaca":1200.265747,"ConsDiaRede":491.4670105,"ConsMesRede":491.4670105,"Status":"REDE"}