{"CorrPlaca":0.730000019,"TensPlaca":3.839999914,"CorrRede":0.998000026,"TensRede":1.287999988,"ConsDiaPlaca":90.05571747,"ConsMesPlaca":90.05571747,"ConsDiaRede":78.9677887,"ConsMesRede":78.9677887,"Status":"REDE"}