{"CorrPlaca":0,"TensPlaca":0,"CorrRede":0.609000027,"TensRede":0.115000002,"ConsDiaPlaca":1.587435603,"ConsMesPlaca":1.587435603,"ConsDiaRede":21.58087349,"ConsMesRede":21.58087349,"Status":"REDE"}