{"CorrPlaca":5,"TensPlaca":25,"CorrRede":2.519999981,"TensRede":6.544000149,"ConsDiaPlaca":24652.65039,"ConsMesPlaca":24652.65039,"ConsDiaRede":1004.927124,"ConsMesRede":1004.927124,"Status":"REDE"}