{"CorrPlaca":0.081,"TensPlaca":18.125,"CorrRede":1.207999945,"TensRede":0,"ConsDiaPlaca":34.1090126,"ConsMesPlaca":34.1090126,"ConsDiaRede":18.13022995,"ConsMesRede":18.13022995,"Status":"REDE"}