{"CorrPlaca":0.779999971,"TensPlaca":18.11300087,"CorrRede":1.796000004,"TensRede":0,"ConsDiaPlaca":1421.826172,"ConsMesPlaca":1421.826172,"ConsDiaRede":452.35849,"ConsMesRede":452.35849,"Status":"REDE"}