{"CorrPlaca":0,"TensPlaca":0,"CorrRede":0.586000025,"TensRede":0.041999999,"ConsDiaPlaca":1.587435603,"ConsMesPlaca":1.587435603,"ConsDiaRede":21.6005249,"ConsMesRede":21.6005249,"Status":"REDE"}