{"CorrPlaca":0.078000002,"TensPlaca":6.709000111,"CorrRede":0.957000017,"TensRede":0.25,"ConsDiaPlaca":63.16809464,"ConsMesPlaca":63.16809464,"ConsDiaRede":23.81739044,"ConsMesRede":23.81739044,"Status":"REDE"}