{"CorrPlaca":0.018999999,"TensPlaca":6.732999802,"CorrRede":0.82099998,"TensRede":0.177000001,"ConsDiaPlaca":86.64099121,"ConsMesPlaca":86.64099121,"ConsDiaRede":40.90355301,"ConsMesRede":40.90355301,"Status":"REDE"}