{"CorrPlaca":3.22300005,"TensPlaca":18.02099991,"CorrRede":3.684000015,"TensRede":8.748000145,"ConsDiaPlaca":873.2191772,"ConsMesPlaca":873.2191772,"ConsDiaRede":388.4951172,"ConsMesRede":388.4951172,"Status":"REDE"}