{"CorrPlaca":0.915000021,"TensPlaca":25,"CorrRede":2.773999929,"TensRede":0.298999995,"ConsDiaPlaca":651.3706055,"ConsMesPlaca":651.3706055,"ConsDiaRede":225.4793396,"ConsMesRede":225.4793396,"Status":"REDE"}