{"CorrPlaca":3.040999889,"TensPlaca":18.08300018,"CorrRede":3.568000078,"TensRede":8.369000435,"ConsDiaPlaca":84.7073822,"ConsMesPlaca":84.7073822,"ConsDiaRede":20.79340744,"ConsMesRede":20.79340744,"Status":"REDE"}