{"CorrPlaca":0.101000004,"TensPlaca":6.738999844,"CorrRede":0.975000024,"TensRede":0.280000001,"ConsDiaPlaca":54.44672394,"ConsMesPlaca":54.44672394,"ConsDiaRede":19.24142838,"ConsMesRede":19.24142838,"Status":"REDE"}