{"CorrPlaca":3.483999968,"TensPlaca":25,"CorrRede":2.10800004,"TensRede":5.097000122,"ConsDiaPlaca":30112.81445,"ConsMesPlaca":30112.81445,"ConsDiaRede":774.5523071,"ConsMesRede":774.5523071,"Status":"REDE"}