{"CorrPlaca":0,"TensPlaca":0,"CorrRede":0.623000026,"TensRede":0.012,"ConsDiaPlaca":1.587435603,"ConsMesPlaca":1.587435603,"ConsDiaRede":188.8891754,"ConsMesRede":188.8891754,"Status":"REDE"}