{"CorrPlaca":1.406000018,"TensPlaca":18.13100052,"CorrRede":2.40199995,"TensRede":3.411999941,"ConsDiaPlaca":158.8379059,"ConsMesPlaca":158.8379059,"ConsDiaRede":44.43766022,"ConsMesRede":44.43766022,"Status":"REDE"}