{"CorrPlaca":2.114000082,"TensPlaca":18.04000092,"CorrRede":2.788000107,"TensRede":4.346000195,"ConsDiaPlaca":4520.794434,"ConsMesPlaca":4520.794434,"ConsDiaRede":1762.421875,"ConsMesRede":1762.421875,"Status":"REDE"}