{"CorrPlaca":5,"TensPlaca":25,"CorrRede":0.903999984,"TensRede":1.54400003,"ConsDiaPlaca":19687.4043,"ConsMesPlaca":19687.4043,"ConsDiaRede":755.6452026,"ConsMesRede":755.6452026,"Status":"REDE"}