{"Corrente":0.467999995,"Tensao":1.302000046,"Consumo":0.003508012,"Status":"REDE"}