{"Corrente":169.5809937,"Tensao":0.162,"Consumo":1.19541657,"Status":"REDE"}