{"CorrPlaca":1.787999988,"TensPlaca":18.13100052,"CorrRede":2.664999962,"TensRede":4.864999771,"ConsDiaPlaca":1634.748169,"ConsMesPlaca":1634.748169,"ConsDiaRede":506.1326599,"ConsMesRede":506.1326599,"Status":"REDE"}