{"CorrPlaca":0,"TensPlaca":18.04000092,"CorrRede":1.213000059,"TensRede":0,"ConsDiaPlaca":1801.691162,"ConsMesPlaca":1801.691162,"ConsDiaRede":813.0792847,"ConsMesRede":813.0792847,"Status":"REDE"}