{"CorrPlaca":1.973999977,"TensPlaca":18.07600021,"CorrRede":2.746999979,"TensRede":6.538000107,"ConsDiaPlaca":2333.875,"ConsMesPlaca":2333.875,"ConsDiaRede":919.1261597,"ConsMesRede":919.1261597,"Status":"REDE"}