{"CorrPlaca":0.082999997,"TensPlaca":18.16200066,"CorrRede":1.248999953,"TensRede":0,"ConsDiaPlaca":1896.606689,"ConsMesPlaca":1896.606689,"ConsDiaRede":763.9519043,"ConsMesRede":763.9519043,"Status":"REDE"}