{"CorrPlaca":0,"TensPlaca":18.06999969,"CorrRede":1.248999953,"TensRede":0,"ConsDiaPlaca":695.2233887,"ConsMesPlaca":695.2233887,"ConsDiaRede":280.5639038,"ConsMesRede":280.5639038,"Status":"REDE"}