{"Corrente":15.61600018,"Tensao":0,"Consumo":0.146355033,"Status":"REDE"}