{"CorrPlaca":2.767999887,"TensPlaca":18.04000092,"CorrRede":3.296999931,"TensRede":8.307999611,"ConsDiaPlaca":3614.252197,"ConsMesPlaca":3614.252197,"ConsDiaRede":1411.993286,"ConsMesRede":1411.993286,"Status":"REDE"}