{"CorrPlaca":5,"TensPlaca":25,"CorrRede":1.975999951,"TensRede":5.873000145,"ConsDiaPlaca":416.6666565,"ConsMesPlaca":416.6666565,"ConsDiaRede":17.18051529,"ConsMesRede":17.18051529,"Status":"REDE"}