{"CorrPlaca":0,"TensPlaca":6.732999802,"CorrRede":0.813000023,"TensRede":0.115000002,"ConsDiaPlaca":87.08555603,"ConsMesPlaca":87.08555603,"ConsDiaRede":42.147892,"ConsMesRede":42.147892,"Status":"REDE"}