{"CorrPlaca":0.723999977,"TensPlaca":3.204999924,"CorrRede":1.074000001,"TensRede":2.661000013,"ConsDiaPlaca":179.6563416,"ConsMesPlaca":179.6563416,"ConsDiaRede":166.1374054,"ConsMesRede":166.1374054,"Status":"REDE"}