{"CorrPlaca":2.832999945,"TensPlaca":18.08300018,"CorrRede":3.309999943,"TensRede":7.210000038,"ConsDiaPlaca":1943.116699,"ConsMesPlaca":1943.116699,"ConsDiaRede":884.9337769,"ConsMesRede":884.9337769,"Status":"REDE"}