{"CorrPlaca":0.409999996,"TensPlaca":18.16200066,"CorrRede":1.657999992,"TensRede":0.970000029,"ConsDiaPlaca":317.4032898,"ConsMesPlaca":317.4032898,"ConsDiaRede":143.3043365,"ConsMesRede":143.3043365,"Status":"REDE"}