{"CorrPlaca":0.064999998,"TensPlaca":6.709000111,"CorrRede":0.984000027,"TensRede":0.231000006,"ConsDiaPlaca":52.13066864,"ConsMesPlaca":52.13066864,"ConsDiaRede":18.15745163,"ConsMesRede":18.15745163,"Status":"REDE"}