{"CorrPlaca":2.302000046,"TensPlaca":18.10700035,"CorrRede":2.982000113,"TensRede":7.441999912,"ConsDiaPlaca":1354.321655,"ConsMesPlaca":1354.321655,"ConsDiaRede":547.500061,"ConsMesRede":547.500061,"Status":"REDE"}