{"CorrPlaca":0,"TensPlaca":6.757999897,"CorrRede":0.782000005,"TensRede":0.273999989,"ConsDiaPlaca":1.533571362,"ConsMesPlaca":1.533571362,"ConsDiaRede":14.68946171,"ConsMesRede":14.68946171,"Status":"REDE"}