{"CorrPlaca":0,"TensPlaca":0.665000021,"CorrRede":0.56400001,"TensRede":0.456999987,"ConsDiaPlaca":0.009997778,"ConsMesPlaca":0.009997778,"ConsDiaRede":0.928385794,"ConsMesRede":0.928385794,"Status":"REDE"}