{"CorrPlaca":0,"TensPlaca":0.787,"CorrRede":0.504000008,"TensRede":0.469999999,"ConsDiaPlaca":0,"ConsMesPlaca":0,"ConsDiaRede":0.313312232,"ConsMesRede":0.313312232,"Status":"REDE"}