{"CorrPlaca":0,"TensPlaca":0,"CorrRede":0.593999982,"TensRede":0.170000002,"ConsDiaPlaca":1.587435603,"ConsMesPlaca":1.587435603,"ConsDiaRede":22.14035797,"ConsMesRede":22.14035797,"Status":"REDE"}