{"CorrPlaca":2.094000101,"TensPlaca":18.17399979,"CorrRede":2.747999907,"TensRede":3.601000071,"ConsDiaPlaca":2796.991943,"ConsMesPlaca":2796.991943,"ConsDiaRede":868.5797729,"ConsMesRede":868.5797729,"Status":"REDE"}