{"CorrPlaca":0,"TensPlaca":0,"CorrRede":0.647000015,"TensRede":6.586999893,"ConsDiaPlaca":1.587435603,"ConsMesPlaca":1.587435603,"ConsDiaRede":178.1435852,"ConsMesRede":178.1435852,"Status":"REDE"}