{"CorrPlaca":5,"TensPlaca":15.86600018,"CorrRede":1.804999948,"TensRede":2.734999895,"ConsDiaPlaca":5800.007813,"ConsMesPlaca":5800.007813,"ConsDiaRede":485.3454895,"ConsMesRede":485.3454895,"Status":"REDE"}