{"CorrPlaca":0.451000005,"TensPlaca":18.11300087,"CorrRede":1.654000044,"TensRede":0.737999976,"ConsDiaPlaca":3213.757324,"ConsMesPlaca":3213.757324,"ConsDiaRede":995.6581421,"ConsMesRede":995.6581421,"Status":"REDE"}