{"CorrPlaca":0.333000004,"TensPlaca":18.10700035,"CorrRede":1.547000051,"TensRede":0.389999986,"ConsDiaPlaca":3888.63623,"ConsMesPlaca":3888.63623,"ConsDiaRede":1211.905273,"ConsMesRede":1211.905273,"Status":"REDE"}