{"CorrPlaca":0.704999983,"TensPlaca":0,"CorrRede":0.100000001,"TensRede":0,"ConsDiaPlaca":22.78981209,"ConsMesPlaca":22.78981209,"ConsDiaRede":16.84036446,"ConsMesRede":16.84036446,"Status":"REDE"}