{"CorrPlaca":0.372000009,"TensPlaca":18.05200005,"CorrRede":1.427999973,"TensRede":0,"ConsDiaPlaca":2467.425049,"ConsMesPlaca":2467.425049,"ConsDiaRede":979.8323364,"ConsMesRede":979.8323364,"Status":"REDE"}