{"CorrPlaca":0.012,"TensPlaca":6.642000198,"CorrRede":0.85799998,"TensRede":0.194999993,"ConsDiaPlaca":81.99422455,"ConsMesPlaca":81.99422455,"ConsDiaRede":32.54138947,"ConsMesRede":32.54138947,"Status":"REDE"}