{"CorrPlaca":0.518000007,"TensPlaca":25,"CorrRede":1.169999957,"TensRede":0,"ConsDiaPlaca":13597.06152,"ConsMesPlaca":13597.06152,"ConsDiaRede":595.9899292,"ConsMesRede":595.9899292,"Status":"REDE"}