{"CorrPlaca":2.855000019,"TensPlaca":18.05200005,"CorrRede":3.312000036,"TensRede":6.379000187,"ConsDiaPlaca":1936.509644,"ConsMesPlaca":1936.509644,"ConsDiaRede":597.6229248,"ConsMesRede":597.6229248,"Status":"REDE"}