{"CorrPlaca":5,"TensPlaca":25,"CorrRede":1.738999963,"TensRede":1.366999984,"ConsDiaPlaca":10763.84961,"ConsMesPlaca":10763.84961,"ConsDiaRede":326.621582,"ConsMesRede":326.621582,"Status":"REDE"}