{"CorrPlaca":2.444000006,"TensPlaca":18.16799927,"CorrRede":3.124000072,"TensRede":8.107000351,"ConsDiaPlaca":1668.716553,"ConsMesPlaca":1668.716553,"ConsDiaRede":757.4926147,"ConsMesRede":757.4926147,"Status":"REDE"}