{"CorrPlaca":5,"TensPlaca":25,"CorrRede":3.178999901,"TensRede":0,"ConsDiaPlaca":2249.898926,"ConsMesPlaca":2249.898926,"ConsDiaRede":352.6934814,"ConsMesRede":352.6934814,"Status":"REDE"}