{"CorrPlaca":0.917999983,"TensPlaca":18.04000092,"CorrRede":1.828999996,"TensRede":0.017999999,"ConsDiaPlaca":2954.34668,"ConsMesPlaca":2954.34668,"ConsDiaRede":1170.472534,"ConsMesRede":1170.472534,"Status":"REDE"}