{"CorrPlaca":1.177999973,"TensPlaca":18.10099983,"CorrRede":1.998000026,"TensRede":0.395999998,"ConsDiaPlaca":1180.646362,"ConsMesPlaca":1180.646362,"ConsDiaRede":484.7664185,"ConsMesRede":484.7664185,"Status":"REDE"}