{"CorrPlaca":0,"TensPlaca":0,"CorrRede":0.589999974,"TensRede":0,"ConsDiaPlaca":1.587435603,"ConsMesPlaca":1.587435603,"ConsDiaRede":186.9303894,"ConsMesRede":186.9303894,"Status":"REDE"}