{"CorrPlaca":0.067000002,"TensPlaca":6.550000191,"CorrRede":0.981000006,"TensRede":0.188999996,"ConsDiaPlaca":29.66547775,"ConsMesPlaca":29.66547775,"ConsDiaRede":9.485517502,"ConsMesRede":9.485517502,"Status":"REDE"}