{"CorrPlaca":0.432999998,"TensPlaca":18.05800056,"CorrRede":1.692000031,"TensRede":0.524999976,"ConsDiaPlaca":2801.0979,"ConsMesPlaca":2801.0979,"ConsDiaRede":869.0640259,"ConsMesRede":869.0640259,"Status":"REDE"}