{"Corrente":3.058000088,"Tensao":7.063000202,"Consumo":0.061834797,"Status":"PLACA"}