{"CorrPlaca":0,"TensPlaca":6.738999844,"CorrRede":0.787999988,"TensRede":0.261999995,"ConsDiaPlaca":1.587435603,"ConsMesPlaca":1.587435603,"ConsDiaRede":19.25794029,"ConsMesRede":19.25794029,"Status":"REDE"}