{"CorrPlaca":1.79400003,"TensPlaca":18.11300087,"CorrRede":2.61500001,"TensRede":5.964000225,"ConsDiaPlaca":4421.459473,"ConsMesPlaca":4421.459473,"ConsDiaRede":1721.606079,"ConsMesRede":1721.606079,"Status":"REDE"}