{"Corrente":14.64299965,"Tensao":0.308999985,"Consumo":4.305142403,"Status":"REDE"}