{"CorrPlaca":1.35800004,"TensPlaca":18.08300018,"CorrRede":2.167999983,"TensRede":0.476000011,"ConsDiaPlaca":2299.03418,"ConsMesPlaca":2299.03418,"ConsDiaRede":715.2786865,"ConsMesRede":715.2786865,"Status":"REDE"}