{"CorrPlaca":5,"TensPlaca":25,"CorrRede":2.351000071,"TensRede":7.032000065,"ConsDiaPlaca":27083.18945,"ConsMesPlaca":27083.18945,"ConsDiaRede":1093.282227,"ConsMesRede":1093.282227,"Status":"REDE"}