{"CorrPlaca":5,"TensPlaca":3.112999916,"CorrRede":1.230000019,"TensRede":1.605000019,"ConsDiaPlaca":6650.428711,"ConsMesPlaca":6650.428711,"ConsDiaRede":506.5427246,"ConsMesRede":506.5427246,"Status":"REDE"}