{"CorrPlaca":0.764999986,"TensPlaca":3.118999958,"CorrRede":1.074000001,"TensRede":1.677999973,"ConsDiaPlaca":176.3305817,"ConsMesPlaca":176.3305817,"ConsDiaRede":163.499939,"ConsMesRede":163.499939,"Status":"REDE"}