{"CorrPlaca":1.847000003,"TensPlaca":18.0890007,"CorrRede":2.555999994,"TensRede":3.118999958,"ConsDiaPlaca":4099.914551,"ConsMesPlaca":4099.914551,"ConsDiaRede":1593.688232,"ConsMesRede":1593.688232,"Status":"REDE"}