{"CorrPlaca":2.420000076,"TensPlaca":18.20499992,"CorrRede":2.989000082,"TensRede":4.609000206,"ConsDiaPlaca":2019.519287,"ConsMesPlaca":2019.519287,"ConsDiaRede":625.9417114,"ConsMesRede":625.9417114,"Status":"REDE"}