{"CorrPlaca":0.118000001,"TensPlaca":18.06999969,"CorrRede":1.373999953,"TensRede":0.610000014,"ConsDiaPlaca":4521.387207,"ConsMesPlaca":4521.387207,"ConsDiaRede":1762.654785,"ConsMesRede":1762.654785,"Status":"REDE"}