{"CorrPlaca":1.01699996,"TensPlaca":4.895999908,"CorrRede":1.149999976,"TensRede":0.647000015,"ConsDiaPlaca":13.44265366,"ConsMesPlaca":13.44265366,"ConsDiaRede":7.543375969,"ConsMesRede":7.543375969,"Status":"REDE"}