{"Corrente":0.216999993,"Tensao":0,"Consumo":0.053693287,"Status":"REDE"}