{"CorrPlaca":1.934000015,"TensPlaca":18.02799988,"CorrRede":2.586999893,"TensRede":3.357000113,"ConsDiaPlaca":2755.034668,"ConsMesPlaca":2755.034668,"ConsDiaRede":1089.981567,"ConsMesRede":1089.981567,"Status":"REDE"}