{"CorrPlaca":0.090999998,"TensPlaca":6.586999893,"CorrRede":0.971000016,"TensRede":0.213,"ConsDiaPlaca":51.85643387,"ConsMesPlaca":51.85643387,"ConsDiaRede":18.04888344,"ConsMesRede":18.04888344,"Status":"REDE"}