{"CorrPlaca":0,"TensPlaca":6.738999844,"CorrRede":0.776000023,"TensRede":0.218999997,"ConsDiaPlaca":1.533571362,"ConsMesPlaca":1.533571362,"ConsDiaRede":14.19563675,"ConsMesRede":14.19563675,"Status":"REDE"}