{"CorrPlaca":0.788999975,"TensPlaca":25,"CorrRede":2.709000111,"TensRede":0,"ConsDiaPlaca":1159.821899,"ConsMesPlaca":1159.821899,"ConsDiaRede":308.90802,"ConsMesRede":308.90802,"Status":"REDE"}