{"CorrPlaca":1.06099999,"TensPlaca":18.08300018,"CorrRede":2.137000084,"TensRede":3.204999924,"ConsDiaPlaca":4544.756348,"ConsMesPlaca":4544.756348,"ConsDiaRede":1422.06543,"ConsMesRede":1422.06543,"Status":"REDE"}