{"CorrPlaca":5,"TensPlaca":7.735000134,"CorrRede":0.934000015,"TensRede":1.105000019,"ConsDiaPlaca":35323.71484,"ConsMesPlaca":35323.71484,"ConsDiaRede":1416.427856,"ConsMesRede":1416.427856,"Status":"REDE"}