{"CorrPlaca":0.064000003,"TensPlaca":6.653999805,"CorrRede":0.99000001,"TensRede":0.201000005,"ConsDiaPlaca":26.81225967,"ConsMesPlaca":26.81225967,"ConsDiaRede":8.436155319,"ConsMesRede":8.436155319,"Status":"REDE"}