{"CorrPlaca":0.469999999,"TensPlaca":7.026000023,"CorrRede":1.190999985,"TensRede":0.879000008,"ConsDiaPlaca":7.85454464,"ConsMesPlaca":7.85454464,"ConsDiaRede":3.107310534,"ConsMesRede":3.107310534,"Status":"REDE"}