{"CorrPlaca":0,"TensPlaca":0,"CorrRede":0.586000025,"TensRede":0.128000006,"ConsDiaPlaca":1.587435603,"ConsMesPlaca":1.587435603,"ConsDiaRede":21.32562447,"ConsMesRede":21.32562447,"Status":"REDE"}