{"CorrPlaca":0.050999999,"TensPlaca":6.738999844,"CorrRede":0.936999977,"TensRede":0.218999997,"ConsDiaPlaca":66.76382446,"ConsMesPlaca":66.76382446,"ConsDiaRede":25.65219879,"ConsMesRede":25.65219879,"Status":"REDE"}