{"CorrPlaca":0,"TensPlaca":0,"CorrRede":0.354999989,"TensRede":0.256000012,"ConsDiaPlaca":116.909935,"ConsMesPlaca":116.909935,"ConsDiaRede":113.2802811,"ConsMesRede":113.2802811,"Status":"REDE"}