{"CorrPlaca":0.916000009,"TensPlaca":18.10700035,"CorrRede":1.855000019,"TensRede":0.041999999,"ConsDiaPlaca":1252.027588,"ConsMesPlaca":1252.027588,"ConsDiaRede":506.640686,"ConsMesRede":506.640686,"Status":"REDE"}