{"CorrPlaca":0.488000005,"TensPlaca":18.10700035,"CorrRede":1.702999949,"TensRede":1.116999984,"ConsDiaPlaca":4831.131836,"ConsMesPlaca":4831.131836,"ConsDiaRede":1500.249756,"ConsMesRede":1500.249756,"Status":"REDE"}