{"Corrente":0.330000013,"Tensao":0,"Consumo":0.053693287,"Status":"REDE"}