{"corrente":0.653999984,"tensao":0.666000009,"consumo":0.103675835}