{"CorrPlaca":5,"TensPlaca":15.62199974,"CorrRede":0.904999971,"TensRede":0,"ConsDiaPlaca":5996.810059,"ConsMesPlaca":5996.810059,"ConsDiaRede":488.7629395,"ConsMesRede":488.7629395,"Status":"REDE"}