{"CorrPlaca":0.025,"TensPlaca":0.781000018,"CorrRede":0.587000012,"TensRede":0.512000024,"ConsDiaPlaca":0.013378889,"ConsMesPlaca":0.013378889,"ConsDiaRede":0.736246645,"ConsMesRede":0.736246645,"Status":"REDE"}