{"CorrPlaca":5,"TensPlaca":25,"CorrRede":2.59800005,"TensRede":6.989999771,"ConsDiaPlaca":10277.74219,"ConsMesPlaca":10277.74219,"ConsDiaRede":304.8179626,"ConsMesRede":304.8179626,"Status":"REDE"}