{"CorrPlaca":0.013,"TensPlaca":6.671999931,"CorrRede":0.859000027,"TensRede":0.151999995,"ConsDiaPlaca":83.3941803,"ConsMesPlaca":83.3941803,"ConsDiaRede":34.13124847,"ConsMesRede":34.13124847,"Status":"REDE"}