{"CorrPlaca":0,"TensPlaca":6.738999844,"CorrRede":0.776000023,"TensRede":0.224999994,"ConsDiaPlaca":1.533571362,"ConsMesPlaca":1.533571362,"ConsDiaRede":13.83684731,"ConsMesRede":13.83684731,"Status":"REDE"}