{"corrente":0.5,"tensao":1.312000036,"consumo":0.33047083}