{"CorrPlaca":0,"TensPlaca":18.06999969,"CorrRede":1.133999944,"TensRede":0,"ConsDiaPlaca":3989.100586,"ConsMesPlaca":3989.100586,"ConsDiaRede":1550.43103,"ConsMesRede":1550.43103,"Status":"REDE"}