{"CorrPlaca":0,"TensPlaca":3.112999916,"CorrRede":0.340000004,"TensRede":0,"ConsDiaPlaca":138.8561096,"ConsMesPlaca":138.8561096,"ConsDiaRede":133.7422791,"ConsMesRede":133.7422791,"Status":"REDE"}