{"CorrPlaca":0.740999997,"TensPlaca":18.05800056,"CorrRede":1.730999947,"TensRede":0,"ConsDiaPlaca":1826.177368,"ConsMesPlaca":1826.177368,"ConsDiaRede":565.8729858,"ConsMesRede":565.8729858,"Status":"REDE"}