{"CorrPlaca":0,"TensPlaca":6.544000149,"CorrRede":0.800000012,"TensRede":0.231000006,"ConsDiaPlaca":87.08555603,"ConsMesPlaca":87.08555603,"ConsDiaRede":42.2365303,"ConsMesRede":42.2365303,"Status":"REDE"}