{"corrente":0,"tensao":1.776000023,"consumo":0.077996299}