{"CorrPlaca":0.515999973,"TensPlaca":18.05200005,"CorrRede":1.60800004,"TensRede":0,"ConsDiaPlaca":108.5177841,"ConsMesPlaca":108.5177841,"ConsDiaRede":25.86598396,"ConsMesRede":25.86598396,"Status":"REDE"}