{"CorrPlaca":0.405999988,"TensPlaca":18.0890007,"CorrRede":1.621000051,"TensRede":0.115000002,"ConsDiaPlaca":1458.602661,"ConsMesPlaca":1458.602661,"ConsDiaRede":459.4449768,"ConsMesRede":459.4449768,"Status":"REDE"}