{"Corrente":0,"Tensao":1.085999966,"Consumo":8.655833881e-6,"Status":"REDE"}