{"CorrPlaca":0,"TensPlaca":0.75,"CorrRede":0.514999986,"TensRede":0.244000003,"ConsDiaPlaca":0,"ConsMesPlaca":0,"ConsDiaRede":0.823450804,"ConsMesRede":0.823450804,"Status":"REDE"}