{"CorrPlaca":5,"TensPlaca":25,"CorrRede":1.699000001,"TensRede":1.092000008,"ConsDiaPlaca":1250.000488,"ConsMesPlaca":1250.000488,"ConsDiaRede":71.74131012,"ConsMesRede":71.74131012,"Status":"REDE"}