{"Corrente":0,"Tensao":5.683000088,"Consumo":0.014855118,"Status":"REDE"}