{"Corrente":15.63199997,"Tensao":3.657999992,"Consumo":0.656765223,"Status":"REDE"}