{"CorrPlaca":0.119000003,"TensPlaca":6.732999802,"CorrRede":0.998000026,"TensRede":0.097000003,"ConsDiaPlaca":10.08280849,"ConsMesPlaca":10.08280849,"ConsDiaRede":3.638384342,"ConsMesRede":3.638384342,"Status":"REDE"}