{"Corrente":14.07199955,"Tensao":2.131999969,"Consumo":1.008594632,"Status":"REDE"}