{"CorrPlaca":2.471999884,"TensPlaca":18.13699913,"CorrRede":3.124000072,"TensRede":6.623000145,"ConsDiaPlaca":251.5277863,"ConsMesPlaca":251.5277863,"ConsDiaRede":90.16831207,"ConsMesRede":90.16831207,"Status":"REDE"}