{"CorrPlaca":2.355999947,"TensPlaca":18.06999969,"CorrRede":2.930000067,"TensRede":5.274000168,"ConsDiaPlaca":3242.399902,"ConsMesPlaca":3242.399902,"ConsDiaRede":1276.890259,"ConsMesRede":1276.890259,"Status":"REDE"}