{"CorrPlaca":1.93599999,"TensPlaca":18.06999969,"CorrRede":2.753999949,"TensRede":6.434000015,"ConsDiaPlaca":4746.26416,"ConsMesPlaca":4746.26416,"ConsDiaRede":1853.880615,"ConsMesRede":1853.880615,"Status":"REDE"}