{"CorrPlaca":1.238999963,"TensPlaca":18.05800056,"CorrRede":2.056999922,"TensRede":0.720000029,"ConsDiaPlaca":2528.369141,"ConsMesPlaca":2528.369141,"ConsDiaRede":1002.369751,"ConsMesRede":1002.369751,"Status":"REDE"}