{"CorrPlaca":0.298999995,"TensPlaca":18.02099991,"CorrRede":1.542999983,"TensRede":0,"ConsDiaPlaca":1783.367676,"ConsMesPlaca":1783.367676,"ConsDiaRede":551.5155029,"ConsMesRede":551.5155029,"Status":"REDE"}