{"CorrPlaca":0,"TensPlaca":6.727000237,"CorrRede":0.800000012,"TensRede":0.177000001,"ConsDiaPlaca":87.64395142,"ConsMesPlaca":87.64395142,"ConsDiaRede":43.69119644,"ConsMesRede":43.69119644,"Status":"REDE"}