{"CorrPlaca":0,"TensPlaca":0,"CorrRede":0.615999997,"TensRede":0.151999995,"ConsDiaPlaca":1.587435603,"ConsMesPlaca":1.587435603,"ConsDiaRede":188.171936,"ConsMesRede":188.171936,"Status":"REDE"}