{"CorrPlaca":5,"TensPlaca":25,"CorrRede":0.652999997,"TensRede":0,"ConsDiaPlaca":25590.14453,"ConsMesPlaca":25590.14453,"ConsDiaRede":1030.888916,"ConsMesRede":1030.888916,"Status":"REDE"}