{"CorrPlaca":1.873999953,"TensPlaca":18.10099983,"CorrRede":2.714999914,"TensRede":5.585999966,"ConsDiaPlaca":4255.217773,"ConsMesPlaca":4255.217773,"ConsDiaRede":1330.992554,"ConsMesRede":1330.992554,"Status":"REDE"}