{"Corrente":178.2409973,"Tensao":0.829999983,"Consumo":12.44958973,"Status":"REDE"}