{"CorrPlaca":2.266000032,"TensPlaca":18.0340004,"CorrRede":2.859999895,"TensRede":4.718999863,"ConsDiaPlaca":1598.714111,"ConsMesPlaca":1598.714111,"ConsDiaRede":723.836792,"ConsMesRede":723.836792,"Status":"REDE"}