{"CorrPlaca":1.95599997,"TensPlaca":18.06999969,"CorrRede":2.747999907,"TensRede":6.598999977,"ConsDiaPlaca":2164.427246,"ConsMesPlaca":2164.427246,"ConsDiaRede":867.2946167,"ConsMesRede":867.2946167,"Status":"REDE"}