{"CorrPlaca":0.001,"TensPlaca":6.709000111,"CorrRede":0.824000001,"TensRede":0.218999997,"ConsDiaPlaca":86.25170135,"ConsMesPlaca":86.25170135,"ConsDiaRede":39.94647217,"ConsMesRede":39.94647217,"Status":"REDE"}