{"Corrente":14.44299984,"Tensao":0,"Consumo":1.197687745,"Status":"REDE"}