{"CorrPlaca":0.781000018,"TensPlaca":18.02799988,"CorrRede":1.766000032,"TensRede":0,"ConsDiaPlaca":309.0848083,"ConsMesPlaca":309.0848083,"ConsDiaRede":93.57552338,"ConsMesRede":93.57552338,"Status":"REDE"}