{"Corrente":3.569999933,"Tensao":0,"Consumo":0.057277199,"Status":"REDE"}