{"CorrPlaca":5,"TensPlaca":0,"CorrRede":0.963,"TensRede":0.56099999,"ConsDiaPlaca":6734.087891,"ConsMesPlaca":6734.087891,"ConsDiaRede":522.8518066,"ConsMesRede":522.8518066,"Status":"REDE"}