{"CorrPlaca":5,"TensPlaca":18.11300087,"CorrRede":2.267999887,"TensRede":0,"ConsDiaPlaca":3267.582764,"ConsMesPlaca":3267.582764,"ConsDiaRede":382.4435425,"ConsMesRede":382.4435425,"Status":"REDE"}