{"CorrPlaca":5,"TensPlaca":18.04000092,"CorrRede":2.480999947,"TensRede":0,"ConsDiaPlaca":2865.232666,"ConsMesPlaca":2865.232666,"ConsDiaRede":370.9723816,"ConsMesRede":370.9723816,"Status":"REDE"}