{"CorrPlaca":0.824999988,"TensPlaca":18.05800056,"CorrRede":1.815000057,"TensRede":0,"ConsDiaPlaca":1116.216675,"ConsMesPlaca":1116.216675,"ConsDiaRede":352.0246277,"ConsMesRede":352.0246277,"Status":"REDE"}