{"CorrPlaca":5,"TensPlaca":25,"CorrRede":3.124000072,"TensRede":0.177000001,"ConsDiaPlaca":1729.065308,"ConsMesPlaca":1729.065308,"ConsDiaRede":349.9697571,"ConsMesRede":349.9697571,"Status":"REDE"}