{"CorrPlaca":5,"TensPlaca":25,"CorrRede":0.509000003,"TensRede":0,"ConsDiaPlaca":20104.06836,"ConsMesPlaca":20104.06836,"ConsDiaRede":771.9658203,"ConsMesRede":771.9658203,"Status":"REDE"}