{"CorrPlaca":0,"TensPlaca":0.818000019,"CorrRede":0.42899999,"TensRede":0.323000014,"ConsDiaPlaca":0,"ConsMesPlaca":0,"ConsDiaRede":0.421878904,"ConsMesRede":0.421878904,"Status":"REDE"}