{"CorrPlaca":0.090000004,"TensPlaca":6.684000015,"CorrRede":0.986000001,"TensRede":0.286000013,"ConsDiaPlaca":32.99843979,"ConsMesPlaca":32.99843979,"ConsDiaRede":10.60416317,"ConsMesRede":10.60416317,"Status":"REDE"}