{"Corrente":3.482000113,"Tensao":23.5170002,"Consumo":0.247509271,"Status":"PLACA"}