{"CorrPlaca":0,"TensPlaca":0,"CorrRede":0.597000003,"TensRede":0.097000003,"ConsDiaPlaca":1.587435603,"ConsMesPlaca":1.587435603,"ConsDiaRede":188.2598114,"ConsMesRede":188.2598114,"Status":"REDE"}