{"Corrente":14.23799992,"Tensao":0.56099999,"Consumo":0.159768388,"Status":"REDE"}