{"CorrPlaca":2.417999983,"TensPlaca":18.00300026,"CorrRede":3.101999998,"TensRede":6.989999771,"ConsDiaPlaca":2935.940674,"ConsMesPlaca":2935.940674,"ConsDiaRede":909.9271851,"ConsMesRede":909.9271851,"Status":"REDE"}