{"CorrPlaca":0.068999998,"TensPlaca":18.05800056,"CorrRede":1.386999965,"TensRede":0.067000002,"ConsDiaPlaca":940.0023193,"ConsMesPlaca":940.0023193,"ConsDiaRede":416.2565613,"ConsMesRede":416.2565613,"Status":"REDE"}