{"CorrPlaca":0.064999998,"TensPlaca":6.709000111,"CorrRede":0.964999974,"TensRede":0.244000003,"ConsDiaPlaca":58.09629059,"ConsMesPlaca":58.09629059,"ConsDiaRede":21.1818409,"ConsMesRede":21.1818409,"Status":"REDE"}