{"CorrPlaca":0.083999999,"TensPlaca":6.544000149,"CorrRede":0.957000017,"TensRede":0.134000003,"ConsDiaPlaca":42.09152603,"ConsMesPlaca":42.09152603,"ConsDiaRede":13.58340073,"ConsMesRede":13.58340073,"Status":"REDE"}