{"CorrPlaca":1.58099997,"TensPlaca":18.06999969,"CorrRede":2.566999912,"TensRede":5.537000179,"ConsDiaPlaca":773.5024414,"ConsMesPlaca":773.5024414,"ConsDiaRede":308.9723816,"ConsMesRede":308.9723816,"Status":"REDE"}