{"CorrPlaca":5,"TensPlaca":0,"CorrRede":0.723999977,"TensRede":0.842000008,"ConsDiaPlaca":6236.48877,"ConsMesPlaca":6236.48877,"ConsDiaRede":494.0276184,"ConsMesRede":494.0276184,"Status":"REDE"}