{"Corrente":14.54500008,"Tensao":0,"Consumo":1.197687745,"Status":"REDE"}