{"corrente":0,"tensao":1.666000009,"consumo":0.016279846}