{"CorrPlaca":0,"TensPlaca":6.642000198,"CorrRede":0.792999983,"TensRede":0,"ConsDiaPlaca":1.533571362,"ConsMesPlaca":1.533571362,"ConsDiaRede":15.95704269,"ConsMesRede":15.95704269,"Status":"REDE"}