{"CorrPlaca":0.233999997,"TensPlaca":18.06999969,"CorrRede":1.468000054,"TensRede":0.097000003,"ConsDiaPlaca":4346.671875,"ConsMesPlaca":4346.671875,"ConsDiaRede":1353.560303,"ConsMesRede":1353.560303,"Status":"REDE"}