{"corrente":0.731999993,"tensao":4.105000019,"consumo":0.039424259}