{"CorrPlaca":0,"TensPlaca":0,"CorrRede":0.64200002,"TensRede":6.677999973,"ConsDiaPlaca":1.587435603,"ConsMesPlaca":1.587435603,"ConsDiaRede":73.04705048,"ConsMesRede":73.04705048,"Status":"REDE"}