{"CorrPlaca":0.025,"TensPlaca":6.617000103,"CorrRede":0.848999977,"TensRede":0.555000007,"ConsDiaPlaca":0.685746968,"ConsMesPlaca":0.685746968,"ConsDiaRede":1.187574387,"ConsMesRede":1.187574387,"Status":"REDE"}