{"corrente":0.875999987,"tensao":1.947000027,"consumo":0.0047377}