{"CorrPlaca":1.93599999,"TensPlaca":18.10099983,"CorrRede":2.64199996,"TensRede":3.028000116,"ConsDiaPlaca":831.1330566,"ConsMesPlaca":831.1330566,"ConsDiaRede":368.1899414,"ConsMesRede":368.1899414,"Status":"REDE"}