{"CorrPlaca":0,"TensPlaca":6.677999973,"CorrRede":0.760999978,"TensRede":0.145999998,"ConsDiaPlaca":1.587435603,"ConsMesPlaca":1.587435603,"ConsDiaRede":19.48929024,"ConsMesRede":19.48929024,"Status":"REDE"}