{"CorrPlaca":3.592999935,"TensPlaca":25,"CorrRede":0.785000026,"TensRede":0,"ConsDiaPlaca":30283.73047,"ConsMesPlaca":30283.73047,"ConsDiaRede":781.6385498,"ConsMesRede":781.6385498,"Status":"REDE"}