{"Corrente":14.35999966,"Tensao":25.68199921,"Consumo":3.528336763,"Status":"PLACA"}