{"Corrente":15.46899986,"Tensao":0,"Consumo":0.792368889,"Status":"REDE"}