{"CorrPlaca":0,"TensPlaca":0,"CorrRede":0.643999994,"TensRede":6.617000103,"ConsDiaPlaca":1.587435603,"ConsMesPlaca":1.587435603,"ConsDiaRede":135.8283081,"ConsMesRede":135.8283081,"Status":"REDE"}