{"CorrPlaca":0,"TensPlaca":6.421999931,"CorrRede":0.80400002,"TensRede":0.108999997,"ConsDiaPlaca":86.47319794,"ConsMesPlaca":86.47319794,"ConsDiaRede":40.41676712,"ConsMesRede":40.41676712,"Status":"REDE"}