{"CorrPlaca":0.202000007,"TensPlaca":18.10700035,"CorrRede":1.345999956,"TensRede":0,"ConsDiaPlaca":1787.911499,"ConsMesPlaca":1787.911499,"ConsDiaRede":806.0238037,"ConsMesRede":806.0238037,"Status":"REDE"}