{"CorrPlaca":0,"TensPlaca":0,"CorrRede":0.621999979,"TensRede":0.006,"ConsDiaPlaca":1.587435603,"ConsMesPlaca":1.587435603,"ConsDiaRede":188.3166504,"ConsMesRede":188.3166504,"Status":"REDE"}