{"CorrPlaca":0.363000005,"TensPlaca":18.04000092,"CorrRede":1.412999988,"TensRede":0,"ConsDiaPlaca":4101.733398,"ConsMesPlaca":4101.733398,"ConsDiaRede":1593.688232,"ConsMesRede":1593.688232,"Status":"REDE"}