{"CorrPlaca":3.401000023,"TensPlaca":17.90500069,"CorrRede":3.665999889,"TensRede":10.42099953,"ConsDiaPlaca":413.1896973,"ConsMesPlaca":413.1896973,"ConsDiaRede":163.5854034,"ConsMesRede":163.5854034,"Status":"REDE"}