{"CorrPlaca":0.081,"TensPlaca":6.532000065,"CorrRede":0.989000022,"TensRede":0.273999989,"ConsDiaPlaca":35.93389893,"ConsMesPlaca":35.93389893,"ConsDiaRede":11.56908989,"ConsMesRede":11.56908989,"Status":"REDE"}