{"CorrPlaca":1.15199995,"TensPlaca":25,"CorrRede":3.22300005,"TensRede":0.84799999,"ConsDiaPlaca":213.9054871,"ConsMesPlaca":213.9054871,"ConsDiaRede":171.2690125,"ConsMesRede":171.2690125,"Status":"REDE"}