{"CorrPlaca":2.246000051,"TensPlaca":18.06399918,"CorrRede":2.948999882,"TensRede":7.393000126,"ConsDiaPlaca":3192.753662,"ConsMesPlaca":3192.753662,"ConsDiaRede":1263.261108,"ConsMesRede":1263.261108,"Status":"REDE"}