{"CorrPlaca":0.018999999,"TensPlaca":6.671999931,"CorrRede":0.943000019,"TensRede":0.134000003,"ConsDiaPlaca":61.16444778,"ConsMesPlaca":61.16444778,"ConsDiaRede":22.7326088,"ConsMesRede":22.7326088,"Status":"REDE"}