{"CorrPlaca":5,"TensPlaca":18.0890007,"CorrRede":1.031000018,"TensRede":0,"ConsDiaPlaca":12013.9834,"ConsMesPlaca":12013.9834,"ConsDiaRede":536.7750854,"ConsMesRede":536.7750854,"Status":"REDE"}