{"CorrPlaca":0.057,"TensPlaca":6.653999805,"CorrRede":0.958999991,"TensRede":0.140000001,"ConsDiaPlaca":57.17860031,"ConsMesPlaca":57.17860031,"ConsDiaRede":20.72417831,"ConsMesRede":20.72417831,"Status":"REDE"}