{"CorrPlaca":3.516000032,"TensPlaca":25,"CorrRede":1.347000003,"TensRede":2.062999964,"ConsDiaPlaca":30404.57617,"ConsMesPlaca":30404.57617,"ConsDiaRede":786.9537354,"ConsMesRede":786.9537354,"Status":"REDE"}