{"CorrPlaca":5,"TensPlaca":25,"CorrRede":0.619000018,"TensRede":0,"ConsDiaPlaca":23402.6582,"ConsMesPlaca":23402.6582,"ConsDiaRede":918.5996094,"ConsMesRede":918.5996094,"Status":"REDE"}