{"CorrPlaca":1.406999946,"TensPlaca":18.14999962,"CorrRede":2.394000053,"TensRede":4.401000023,"ConsDiaPlaca":5078.215332,"ConsMesPlaca":5078.215332,"ConsDiaRede":1584.987671,"ConsMesRede":1584.987671,"Status":"REDE"}