{"Corrente":0,"Tensao":0.280000001,"Consumo":0.07707084,"Status":"REDE"}