{"Corrente":14.14000034,"Tensao":10.88799953,"Consumo":3.227133512,"Status":"PLACA"}