{"Corrente":0.488000005,"Tensao":6.056000233,"Consumo":0.055576172,"Status":"PLACA"}