{"Corrente":0.472000003,"Tensao":0.324999988,"Consumo":0.000327389,"Status":"REDE"}