{"CorrPlaca":0,"TensPlaca":0,"CorrRede":0.603999972,"TensRede":0,"ConsDiaPlaca":1.587435603,"ConsMesPlaca":1.587435603,"ConsDiaRede":187.5069733,"ConsMesRede":187.5069733,"Status":"REDE"}