{"CorrPlaca":0.261999995,"TensPlaca":18.1439991,"CorrRede":1.347000003,"TensRede":0,"ConsDiaPlaca":4425.18457,"ConsMesPlaca":4425.18457,"ConsDiaRede":1722.511108,"ConsMesRede":1722.511108,"Status":"REDE"}