{"Corrente":1.949000001,"Tensao":0,"Consumo":0.070479967,"Status":"REDE"}