{"CorrPlaca":0.025,"TensPlaca":6.732999802,"CorrRede":0.861999989,"TensRede":0.244000003,"ConsDiaPlaca":83.66157532,"ConsMesPlaca":83.66157532,"ConsDiaRede":34.56546021,"ConsMesRede":34.56546021,"Status":"REDE"}