{"CorrPlaca":0,"TensPlaca":6.677999973,"CorrRede":0.768000007,"TensRede":0,"ConsDiaPlaca":1.587435603,"ConsMesPlaca":1.587435603,"ConsDiaRede":20.20836067,"ConsMesRede":20.20836067,"Status":"REDE"}