{"Corrente":14.45300007,"Tensao":16.06299973,"Consumo":4.63037014,"Status":"PLACA"}