{"CorrPlaca":0.331999987,"TensPlaca":18.0890007,"CorrRede":1.559000015,"TensRede":0.5,"ConsDiaPlaca":3599.262939,"ConsMesPlaca":3599.262939,"ConsDiaRede":1124.811157,"ConsMesRede":1124.811157,"Status":"REDE"}