{"CorrPlaca":0.097000003,"TensPlaca":6.671999931,"CorrRede":1.003000021,"TensRede":0.273999989,"ConsDiaPlaca":14.97355556,"ConsMesPlaca":14.97355556,"ConsDiaRede":5.43332386,"ConsMesRede":5.43332386,"Status":"REDE"}