{"CorrPlaca":0,"TensPlaca":0,"CorrRede":0.602999985,"TensRede":0.097000003,"ConsDiaPlaca":1.587435603,"ConsMesPlaca":1.587435603,"ConsDiaRede":187.7963257,"ConsMesRede":187.7963257,"Status":"REDE"}