{"Corrente":14.03800011,"Tensao":11.68500042,"Consumo":2.133782148,"Status":"PLACA"}