{"CorrPlaca":3.49000001,"TensPlaca":25,"CorrRede":0.940999985,"TensRede":0.108999997,"ConsDiaPlaca":29747.9668,"ConsMesPlaca":29747.9668,"ConsDiaRede":753.3363037,"ConsMesRede":753.3363037,"Status":"REDE"}