{"CorrPlaca":0,"TensPlaca":6.538000107,"CorrRede":0.765999973,"TensRede":0.213,"ConsDiaPlaca":1.533571362,"ConsMesPlaca":1.533571362,"ConsDiaRede":15.07338047,"ConsMesRede":15.07338047,"Status":"REDE"}