{"CorrPlaca":0,"TensPlaca":6.715000153,"CorrRede":0.77700001,"TensRede":0.293000013,"ConsDiaPlaca":1.587435603,"ConsMesPlaca":1.587435603,"ConsDiaRede":18.55347824,"ConsMesRede":18.55347824,"Status":"REDE"}