{"CorrPlaca":0,"TensPlaca":6.738999844,"CorrRede":0.856999993,"TensRede":0,"ConsDiaPlaca":85.57184601,"ConsMesPlaca":85.57184601,"ConsDiaRede":38.65898895,"ConsMesRede":38.65898895,"Status":"REDE"}