{"CorrPlaca":0.037,"TensPlaca":6.709000111,"CorrRede":0.989000022,"TensRede":0.280000001,"ConsDiaPlaca":59.29191971,"ConsMesPlaca":59.29191971,"ConsDiaRede":21.86809731,"ConsMesRede":21.86809731,"Status":"REDE"}