{"CorrPlaca":0,"TensPlaca":3.118999958,"CorrRede":0.370999992,"TensRede":0,"ConsDiaPlaca":157.6551971,"ConsMesPlaca":157.6551971,"ConsDiaRede":148.1602631,"ConsMesRede":148.1602631,"Status":"REDE"}