{"Corrente":0,"Tensao":0.029999999,"Consumo":0.07707084,"Status":"REDE"}