{"CorrPlaca":0.282000005,"TensPlaca":18.07600021,"CorrRede":1.583999991,"TensRede":0.792999983,"ConsDiaPlaca":707.6140747,"ConsMesPlaca":707.6140747,"ConsDiaRede":311.7621765,"ConsMesRede":311.7621765,"Status":"REDE"}