{"CorrPlaca":2.871000051,"TensPlaca":18.01499939,"CorrRede":3.427000046,"TensRede":7.545000076,"ConsDiaPlaca":1182.419434,"ConsMesPlaca":1182.419434,"ConsDiaRede":370.193573,"ConsMesRede":370.193573,"Status":"REDE"}