{"CorrPlaca":5,"TensPlaca":25,"CorrRede":2.444999933,"TensRede":7.172999859,"ConsDiaPlaca":24340.15234,"ConsMesPlaca":24340.15234,"ConsDiaRede":985.0513306,"ConsMesRede":985.0513306,"Status":"REDE"}