{"CorrPlaca":0,"TensPlaca":0.615999997,"CorrRede":0.412999988,"TensRede":0.256000012,"ConsDiaPlaca":0,"ConsMesPlaca":0,"ConsDiaRede":0.223582789,"ConsMesRede":0.223582789,"Status":"REDE"}