{"CorrPlaca":0.42899999,"TensPlaca":18.13100052,"CorrRede":1.496000051,"TensRede":0,"ConsDiaPlaca":3916.574951,"ConsMesPlaca":3916.574951,"ConsDiaRede":1220.051758,"ConsMesRede":1220.051758,"Status":"REDE"}