{"CorrPlaca":2.673000097,"TensPlaca":18.13100052,"CorrRede":3.256000042,"TensRede":7.147999763,"ConsDiaPlaca":5337.365723,"ConsMesPlaca":5337.365723,"ConsDiaRede":1685.132202,"ConsMesRede":1685.132202,"Status":"REDE"}