{"CorrPlaca":0.60799998,"TensPlaca":3.191999912,"CorrRede":0.930000007,"TensRede":1.213999987,"ConsDiaPlaca":170.6527405,"ConsMesPlaca":170.6527405,"ConsDiaRede":157.9589539,"ConsMesRede":157.9589539,"Status":"REDE"}