{"CorrPlaca":0,"TensPlaca":0,"CorrRede":0.620999992,"TensRede":0.006,"ConsDiaPlaca":1.587435603,"ConsMesPlaca":1.587435603,"ConsDiaRede":188.6548157,"ConsMesRede":188.6548157,"Status":"REDE"}