{"CorrPlaca":2.542999983,"TensPlaca":18.18600082,"CorrRede":3.124000072,"TensRede":7.90500021,"ConsDiaPlaca":4269.705566,"ConsMesPlaca":4269.705566,"ConsDiaRede":1666.673096,"ConsMesRede":1666.673096,"Status":"REDE"}