{"CorrPlaca":0.063000001,"TensPlaca":6.482999802,"CorrRede":0.968999982,"TensRede":0.305000007,"ConsDiaPlaca":55.05645752,"ConsMesPlaca":55.05645752,"ConsDiaRede":19.62965012,"ConsMesRede":19.62965012,"Status":"REDE"}