{"corrente":0.848999977,"tensao":0.666000009,"consumo":0.078758195}