{"CorrPlaca":0,"TensPlaca":0,"CorrRede":0.660000026,"TensRede":6.721000195,"ConsDiaPlaca":1.587435603,"ConsMesPlaca":1.587435603,"ConsDiaRede":168.430542,"ConsMesRede":168.430542,"Status":"REDE"}