{"CorrPlaca":0,"TensPlaca":0,"CorrRede":0.600000024,"TensRede":0,"ConsDiaPlaca":1.587435603,"ConsMesPlaca":1.587435603,"ConsDiaRede":186.8440857,"ConsMesRede":186.8440857,"Status":"REDE"}