{"Corrente":0.474999994,"Tensao":0,"Consumo":0.005563721,"Status":"REDE"}