{"CorrPlaca":0.092,"TensPlaca":6.580999851,"CorrRede":0.968999982,"TensRede":0.224999994,"ConsDiaPlaca":34.67319107,"ConsMesPlaca":34.67319107,"ConsDiaRede":11.14647675,"ConsMesRede":11.14647675,"Status":"REDE"}