{"CorrPlaca":1.537999988,"TensPlaca":18.13699913,"CorrRede":2.312000036,"TensRede":1.531999946,"ConsDiaPlaca":686.6903076,"ConsMesPlaca":686.6903076,"ConsDiaRede":301.599762,"ConsMesRede":301.599762,"Status":"REDE"}