{"CorrPlaca":0.006,"TensPlaca":6.561999798,"CorrRede":0.841000021,"TensRede":0.103,"ConsDiaPlaca":84.96650696,"ConsMesPlaca":84.96650696,"ConsDiaRede":36.96873093,"ConsMesRede":36.96873093,"Status":"REDE"}