{"CorrPlaca":2.085000038,"TensPlaca":18.09499931,"CorrRede":2.871000051,"TensRede":6.934999943,"ConsDiaPlaca":315.964447,"ConsMesPlaca":315.964447,"ConsDiaRede":115.5377197,"ConsMesRede":115.5377197,"Status":"REDE"}