{"CorrPlaca":1.424000025,"TensPlaca":18.11300087,"CorrRede":2.448999882,"TensRede":4.803999901,"ConsDiaPlaca":1001.177979,"ConsMesPlaca":1001.177979,"ConsDiaRede":442.8783875,"ConsMesRede":442.8783875,"Status":"REDE"}