{"CorrPlaca":5,"TensPlaca":25,"CorrRede":0.703000009,"TensRede":0,"ConsDiaPlaca":31631.77148,"ConsMesPlaca":31631.77148,"ConsDiaRede":1308.898315,"ConsMesRede":1308.898315,"Status":"REDE"}