{"CorrPlaca":5,"TensPlaca":25,"CorrRede":2.009000063,"TensRede":2.996999979,"ConsDiaPlaca":22534.60742,"ConsMesPlaca":22534.60742,"ConsDiaRede":876.5397339,"ConsMesRede":876.5397339,"Status":"REDE"}