{"CorrPlaca":0,"TensPlaca":18.05200005,"CorrRede":1.182999969,"TensRede":0,"ConsDiaPlaca":4085.47876,"ConsMesPlaca":4085.47876,"ConsDiaRede":1591.210815,"ConsMesRede":1591.210815,"Status":"REDE"}