{"CorrPlaca":5,"TensPlaca":25,"CorrRede":0.488000005,"TensRede":0,"ConsDiaPlaca":13645.77637,"ConsMesPlaca":13645.77637,"ConsDiaRede":467.6448364,"ConsMesRede":467.6448364,"Status":"REDE"}