{"CorrPlaca":0.444000006,"TensPlaca":3.118999958,"CorrRede":0.77700001,"TensRede":0.488000005,"ConsDiaPlaca":172.2976532,"ConsMesPlaca":172.2976532,"ConsDiaRede":159.1895599,"ConsMesRede":159.1895599,"Status":"REDE"}