{"CorrPlaca":0.085000001,"TensPlaca":6.598999977,"CorrRede":0.986999989,"TensRede":0.231000006,"ConsDiaPlaca":35.5334816,"ConsMesPlaca":35.5334816,"ConsDiaRede":11.44252586,"ConsMesRede":11.44252586,"Status":"REDE"}