{"CorrPlaca":0.079999998,"TensPlaca":6.671999931,"CorrRede":0.925999999,"TensRede":0.293000013,"ConsDiaPlaca":67.96528625,"ConsMesPlaca":67.96528625,"ConsDiaRede":26.24804878,"ConsMesRede":26.24804878,"Status":"REDE"}