{"Corrente":15.8760004,"Tensao":3.907000065,"Consumo":0.624827206,"Status":"REDE"}