{"CorrPlaca":0.533999979,"TensPlaca":18.10099983,"CorrRede":1.511999965,"TensRede":0,"ConsDiaPlaca":1609.836914,"ConsMesPlaca":1609.836914,"ConsDiaRede":652.3012085,"ConsMesRede":652.3012085,"Status":"REDE"}