{"CorrPlaca":0,"TensPlaca":6.697000027,"CorrRede":0.828999996,"TensRede":0.188999996,"ConsDiaPlaca":86.24983215,"ConsMesPlaca":86.24983215,"ConsDiaRede":39.89634705,"ConsMesRede":39.89634705,"Status":"REDE"}