{"CorrPlaca":0,"TensPlaca":0.774999976,"CorrRede":0.527999997,"TensRede":0.389999986,"ConsDiaPlaca":0.001813611,"ConsMesPlaca":0.001813611,"ConsDiaRede":0.761005878,"ConsMesRede":0.761005878,"Status":"REDE"}