{"CorrPlaca":0.95599997,"TensPlaca":18.06999969,"CorrRede":1.873999953,"TensRede":0,"ConsDiaPlaca":3031.495361,"ConsMesPlaca":3031.495361,"ConsDiaRede":937.8377075,"ConsMesRede":937.8377075,"Status":"REDE"}