{"CorrPlaca":0,"TensPlaca":0,"CorrRede":0.638999999,"TensRede":6.709000111,"ConsDiaPlaca":1.587435603,"ConsMesPlaca":1.587435603,"ConsDiaRede":42.74026489,"ConsMesRede":42.74026489,"Status":"REDE"}