{"CorrPlaca":1.034999967,"TensPlaca":18.06999969,"CorrRede":1.932000041,"TensRede":0,"ConsDiaPlaca":4433.446777,"ConsMesPlaca":4433.446777,"ConsDiaRede":1385.236328,"ConsMesRede":1385.236328,"Status":"REDE"}