{"CorrPlaca":1.940000057,"TensPlaca":18.0890007,"CorrRede":2.730999947,"TensRede":6.390999794,"ConsDiaPlaca":3636.42627,"ConsMesPlaca":3636.42627,"ConsDiaRede":1418.873535,"ConsMesRede":1418.873535,"Status":"REDE"}