{"CorrPlaca":5,"TensPlaca":25,"CorrRede":0.623000026,"TensRede":0.328999996,"ConsDiaPlaca":32534.54492,"ConsMesPlaca":32534.54492,"ConsDiaRede":1331.992798,"ConsMesRede":1331.992798,"Status":"REDE"}