{"Corrente":-2.589999914,"Tensao":3.434000015,"Consumo":0.381431878,"Status":"REDE"}