{"CorrPlaca":0,"TensPlaca":3.186000109,"CorrRede":0.449000001,"TensRede":0.035999998,"ConsDiaPlaca":4909.9375,"ConsMesPlaca":4909.9375,"ConsDiaRede":474.3511658,"ConsMesRede":474.3511658,"Status":"REDE"}