{"CorrPlaca":0.097000003,"TensPlaca":18.16200066,"CorrRede":1.40199995,"TensRede":0.377999991,"ConsDiaPlaca":1689.983032,"ConsMesPlaca":1689.983032,"ConsDiaRede":762.0562134,"ConsMesRede":762.0562134,"Status":"REDE"}