{"CorrPlaca":5,"TensPlaca":25,"CorrRede":0.786000013,"TensRede":0.140000001,"ConsDiaPlaca":34340.13281,"ConsMesPlaca":34340.13281,"ConsDiaRede":1398.499878,"ConsMesRede":1398.499878,"Status":"REDE"}