{"CorrPlaca":0,"TensPlaca":25,"CorrRede":1.592000008,"TensRede":0.56099999,"ConsDiaPlaca":13586.93066,"ConsMesPlaca":13586.93066,"ConsDiaRede":588.2502441,"ConsMesRede":588.2502441,"Status":"REDE"}