{"CorrPlaca":1.286000013,"TensPlaca":25,"CorrRede":3.184000015,"TensRede":1.751999974,"ConsDiaPlaca":527.6554565,"ConsMesPlaca":527.6554565,"ConsDiaRede":206.4453125,"ConsMesRede":206.4453125,"Status":"REDE"}