{"CorrPlaca":0.957000017,"TensPlaca":3.167999983,"CorrRede":1.161000013,"TensRede":2.52699995,"ConsDiaPlaca":140.8041687,"ConsMesPlaca":140.8041687,"ConsDiaRede":135.0241852,"ConsMesRede":135.0241852,"Status":"REDE"}