{"CorrPlaca":0.546999991,"TensPlaca":3.217000008,"CorrRede":0.800000012,"TensRede":0,"ConsDiaPlaca":139.9472809,"ConsMesPlaca":139.9472809,"ConsDiaRede":134.1462708,"ConsMesRede":134.1462708,"Status":"REDE"}