{"CorrPlaca":0,"TensPlaca":18.13100052,"CorrRede":1.184999943,"TensRede":0,"ConsDiaPlaca":1696.475098,"ConsMesPlaca":1696.475098,"ConsDiaRede":762.9609375,"ConsMesRede":762.9609375,"Status":"REDE"}