{"CorrPlaca":0,"TensPlaca":0,"CorrRede":0.574999988,"TensRede":0.067000002,"ConsDiaPlaca":1.587435603,"ConsMesPlaca":1.587435603,"ConsDiaRede":17.81833076,"ConsMesRede":17.81833076,"Status":"REDE"}