{"CorrPlaca":5,"TensPlaca":25,"CorrRede":1.664000034,"TensRede":4.785999775,"ConsDiaPlaca":26110.97461,"ConsMesPlaca":26110.97461,"ConsDiaRede":1040.252441,"ConsMesRede":1040.252441,"Status":"REDE"}