{"CorrPlaca":5,"TensPlaca":25,"CorrRede":2.536000013,"TensRede":6.544000149,"ConsDiaPlaca":21423.50391,"ConsMesPlaca":21423.50391,"ConsDiaRede":822.0065918,"ConsMesRede":822.0065918,"Status":"REDE"}