{"Corrente":0,"Tensao":0.890999973,"Consumo":8.655833881e-6,"Status":"REDE"}