{"CorrPlaca":0.041000001,"TensPlaca":6.721000195,"CorrRede":0.86500001,"TensRede":0.665000021,"ConsDiaPlaca":1.507565975,"ConsMesPlaca":1.507565975,"ConsDiaRede":3.790897608,"ConsMesRede":3.790897608,"Status":"REDE"}