{"CorrPlaca":1.758000016,"TensPlaca":18.06999969,"CorrRede":2.477999926,"TensRede":2.344000101,"ConsDiaPlaca":5088.095703,"ConsMesPlaca":5088.095703,"ConsDiaRede":1586.675659,"ConsMesRede":1586.675659,"Status":"REDE"}