{"CorrPlaca":2.747999907,"TensPlaca":18.05800056,"CorrRede":3.351999998,"TensRede":7.30700016,"ConsDiaPlaca":1232.437378,"ConsMesPlaca":1232.437378,"ConsDiaRede":391.1682739,"ConsMesRede":391.1682739,"Status":"REDE"}