{"CorrPlaca":5,"TensPlaca":25,"CorrRede":2.013999939,"TensRede":5.964000225,"ConsDiaPlaca":15173.54395,"ConsMesPlaca":15173.54395,"ConsDiaRede":520.7307129,"ConsMesRede":520.7307129,"Status":"REDE"}