{"CorrPlaca":5,"TensPlaca":25,"CorrRede":2.210999966,"TensRede":2.263999939,"ConsDiaPlaca":21701.2793,"ConsMesPlaca":21701.2793,"ConsDiaRede":845.4375,"ConsMesRede":845.4375,"Status":"REDE"}