{"CorrPlaca":5,"TensPlaca":25,"CorrRede":0.754999995,"TensRede":0.84799999,"ConsDiaPlaca":16041.59375,"ConsMesPlaca":16041.59375,"ConsDiaRede":558.6567993,"ConsMesRede":558.6567993,"Status":"REDE"}