{"CorrPlaca":0,"TensPlaca":0,"CorrRede":0.643999994,"TensRede":6.715000153,"ConsDiaPlaca":1.587435603,"ConsMesPlaca":1.587435603,"ConsDiaRede":37.99729538,"ConsMesRede":37.99729538,"Status":"REDE"}