{"CorrPlaca":0,"TensPlaca":18.18000031,"CorrRede":1.154999971,"TensRede":0,"ConsDiaPlaca":4412.433105,"ConsMesPlaca":4412.433105,"ConsDiaRede":1717.274048,"ConsMesRede":1717.274048,"Status":"REDE"}