{"CorrPlaca":0.097999997,"TensPlaca":6.561999798,"CorrRede":0.995999992,"TensRede":0.097000003,"ConsDiaPlaca":25.46050262,"ConsMesPlaca":25.46050262,"ConsDiaRede":8.074142456,"ConsMesRede":8.074142456,"Status":"REDE"}