{"CorrPlaca":0.703000009,"TensPlaca":3.118999958,"CorrRede":0.915000021,"TensRede":0,"ConsDiaPlaca":149.6476593,"ConsMesPlaca":149.6476593,"ConsDiaRede":142.2380524,"ConsMesRede":142.2380524,"Status":"REDE"}