{"CorrPlaca":0,"TensPlaca":0.799000025,"CorrRede":0.437999994,"TensRede":0,"ConsDiaPlaca":0.013378889,"ConsMesPlaca":0.013378889,"ConsDiaRede":0.859474421,"ConsMesRede":0.859474421,"Status":"REDE"}