{"corrente":1.486999989,"tensao":15.98900032,"consumo":0.186068416}