{"CorrPlaca":0.600000024,"TensPlaca":18.10099983,"CorrRede":1.815999985,"TensRede":2.392999887,"ConsDiaPlaca":3110.459961,"ConsMesPlaca":3110.459961,"ConsDiaRede":1229.51355,"ConsMesRede":1229.51355,"Status":"REDE"}