{"CorrPlaca":5,"TensPlaca":18.06999969,"CorrRede":1.113999963,"TensRede":0.067000002,"ConsDiaPlaca":9599.292969,"ConsMesPlaca":9599.292969,"ConsDiaRede":533.7959595,"ConsMesRede":533.7959595,"Status":"REDE"}