{"CorrPlaca":5,"TensPlaca":15.75699997,"CorrRede":1.572999954,"TensRede":0,"ConsDiaPlaca":5668.551758,"ConsMesPlaca":5668.551758,"ConsDiaRede":481.1550598,"ConsMesRede":481.1550598,"Status":"REDE"}