{"Corrente":0,"Tensao":1.055999994,"Consumo":8.655833881e-6,"Status":"REDE"}