{"CorrPlaca":5,"TensPlaca":25,"CorrRede":2.553999901,"TensRede":7.063000202,"ConsDiaPlaca":19131.85156,"ConsMesPlaca":19131.85156,"ConsDiaRede":728.3024292,"ConsMesRede":728.3024292,"Status":"REDE"}