{"CorrPlaca":0.347000003,"TensPlaca":18.05200005,"CorrRede":1.483999968,"TensRede":0,"ConsDiaPlaca":4701.305176,"ConsMesPlaca":4701.305176,"ConsDiaRede":1462.920044,"ConsMesRede":1462.920044,"Status":"REDE"}