{"CorrPlaca":5,"TensPlaca":25,"CorrRede":0.638000011,"TensRede":0.414999992,"ConsDiaPlaca":21909.61133,"ConsMesPlaca":21909.61133,"ConsDiaRede":849.880188,"ConsMesRede":849.880188,"Status":"REDE"}