{"CorrPlaca":2.045000076,"TensPlaca":18.17399979,"CorrRede":2.710999966,"TensRede":3.821000099,"ConsDiaPlaca":520.22052,"ConsMesPlaca":520.22052,"ConsDiaRede":213.2087402,"ConsMesRede":213.2087402,"Status":"REDE"}