{"CorrPlaca":5,"TensPlaca":18.10099983,"CorrRede":2.279000044,"TensRede":0.012,"ConsDiaPlaca":3945.759033,"ConsMesPlaca":3945.759033,"ConsDiaRede":406.4484558,"ConsMesRede":406.4484558,"Status":"REDE"}