{"CorrPlaca":0.592999995,"TensPlaca":18.06999969,"CorrRede":1.77699995,"TensRede":0.409000009,"ConsDiaPlaca":11.63954163,"ConsMesPlaca":11.63954163,"ConsDiaRede":1.849936128,"ConsMesRede":1.849936128,"Status":"REDE"}