{"CorrPlaca":0,"TensPlaca":3.198999882,"CorrRede":0.411000013,"TensRede":0.097000003,"ConsDiaPlaca":4906.311523,"ConsMesPlaca":4906.311523,"ConsDiaRede":470.4136658,"ConsMesRede":470.4136658,"Status":"REDE"}