{"CorrPlaca":0,"TensPlaca":6.721000195,"CorrRede":0.788999975,"TensRede":0.31099999,"ConsDiaPlaca":1.533571362,"ConsMesPlaca":1.533571362,"ConsDiaRede":8.320077896,"ConsMesRede":8.320077896,"Status":"REDE"}