{"CorrPlaca":5,"TensPlaca":25,"CorrRede":2.480999947,"TensRede":5.633999825,"ConsDiaPlaca":12638.83789,"ConsMesPlaca":12638.83789,"ConsDiaRede":400.0112,"ConsMesRede":400.0112,"Status":"REDE"}