{"CorrPlaca":1.817999959,"TensPlaca":25,"CorrRede":3.285000086,"TensRede":1.245000005,"ConsDiaPlaca":1302.905273,"ConsMesPlaca":1302.905273,"ConsDiaRede":321.5999756,"ConsMesRede":321.5999756,"Status":"REDE"}