{"CorrPlaca":0.493999988,"TensPlaca":18.13699913,"CorrRede":1.738000035,"TensRede":1.873999953,"ConsDiaPlaca":1692.471802,"ConsMesPlaca":1692.471802,"ConsDiaRede":762.9609375,"ConsMesRede":762.9609375,"Status":"REDE"}