{"CorrPlaca":0.393999994,"TensPlaca":3.22300005,"CorrRede":0.745999992,"TensRede":0.389999986,"ConsDiaPlaca":127.7142563,"ConsMesPlaca":127.7142563,"ConsDiaRede":123.9624481,"ConsMesRede":123.9624481,"Status":"REDE"}