{"CorrPlaca":0,"TensPlaca":18.10099983,"CorrRede":1.233999968,"TensRede":0,"ConsDiaPlaca":742.0054932,"ConsMesPlaca":742.0054932,"ConsDiaRede":297.0987854,"ConsMesRede":297.0987854,"Status":"REDE"}