{"CorrPlaca":0,"TensPlaca":18.07600021,"CorrRede":1.144999981,"TensRede":0,"ConsDiaPlaca":4207.945313,"ConsMesPlaca":4207.945313,"ConsDiaRede":1643.859131,"ConsMesRede":1643.859131,"Status":"REDE"}