{"CorrPlaca":2.111000061,"TensPlaca":18.07600021,"CorrRede":2.858999968,"TensRede":6.208000183,"ConsDiaPlaca":5243.508789,"ConsMesPlaca":5243.508789,"ConsDiaRede":1649.709839,"ConsMesRede":1649.709839,"Status":"REDE"}