{"CorrPlaca":0.078000002,"TensPlaca":18.0890007,"CorrRede":1.338000059,"TensRede":0.293000013,"ConsDiaPlaca":1573.056763,"ConsMesPlaca":1573.056763,"ConsDiaRede":635.6790161,"ConsMesRede":635.6790161,"Status":"REDE"}