{"CorrPlaca":0.093999997,"TensPlaca":6.715000153,"CorrRede":0.897000015,"TensRede":0.879000008,"ConsDiaPlaca":0.86108309,"ConsMesPlaca":0.86108309,"ConsDiaRede":1.406591773,"ConsMesRede":1.406591773,"Status":"REDE"}