{"CorrPlaca":0.050000001,"TensPlaca":6.677999973,"CorrRede":0.957000017,"TensRede":0.261999995,"ConsDiaPlaca":46.90439987,"ConsMesPlaca":46.90439987,"ConsDiaRede":15.71135044,"ConsMesRede":15.71135044,"Status":"REDE"}