{"Corrente":14.3210001,"Tensao":1.041000009,"Consumo":6.846012115,"Status":"REDE"}