{"CorrPlaca":0.270999998,"TensPlaca":18.1439991,"CorrRede":1.542000055,"TensRede":0,"ConsDiaPlaca":2487.20874,"ConsMesPlaca":2487.20874,"ConsDiaRede":775.1929932,"ConsMesRede":775.1929932,"Status":"REDE"}