{"CorrPlaca":0.307999998,"TensPlaca":18.15600014,"CorrRede":1.368999958,"TensRede":0,"ConsDiaPlaca":3041.473389,"ConsMesPlaca":3041.473389,"ConsDiaRede":1204.054321,"ConsMesRede":1204.054321,"Status":"REDE"}