{"CorrPlaca":0,"TensPlaca":6.544000149,"CorrRede":0.853999972,"TensRede":0.128000006,"ConsDiaPlaca":84.03287506,"ConsMesPlaca":84.03287506,"ConsDiaRede":35.48245239,"ConsMesRede":35.48245239,"Status":"REDE"}