{"CorrPlaca":2.838000059,"TensPlaca":18.14999962,"CorrRede":3.388000011,"TensRede":7.46600008,"ConsDiaPlaca":2155.832031,"ConsMesPlaca":2155.832031,"ConsDiaRede":674.5991211,"ConsMesRede":674.5991211,"Status":"REDE"}