{"CorrPlaca":5,"TensPlaca":25,"CorrRede":1.524999976,"TensRede":3.229000092,"ConsDiaPlaca":34652.64844,"ConsMesPlaca":34652.64844,"ConsDiaRede":1404.230103,"ConsMesRede":1404.230103,"Status":"REDE"}