{"CorrPlaca":5,"TensPlaca":25,"CorrRede":1.843999982,"TensRede":0.934000015,"ConsDiaPlaca":6477.845703,"ConsMesPlaca":6477.845703,"ConsDiaRede":499.7744446,"ConsMesRede":499.7744446,"Status":"REDE"}