{"Corrente":-3.332999945,"Tensao":0,"Consumo":0.272141159,"Status":"REDE"}