{"CorrPlaca":0.057999998,"TensPlaca":3.191999912,"CorrRede":0.560000002,"TensRede":0.658999979,"ConsDiaPlaca":171.9129791,"ConsMesPlaca":171.9129791,"ConsDiaRede":159.0842285,"ConsMesRede":159.0842285,"Status":"REDE"}