{"corrente":0,"tensao":2.344000101,"consumo":0.077996299}