{"CorrPlaca":2.345999956,"TensPlaca":18.06999969,"CorrRede":3.013999939,"TensRede":7.625,"ConsDiaPlaca":2885.131592,"ConsMesPlaca":2885.131592,"ConsDiaRede":1144.866821,"ConsMesRede":1144.866821,"Status":"REDE"}