{"CorrPlaca":0,"TensPlaca":0,"CorrRede":0.656000018,"TensRede":6.684000015,"ConsDiaPlaca":1.587435603,"ConsMesPlaca":1.587435603,"ConsDiaRede":47.61399078,"ConsMesRede":47.61399078,"Status":"REDE"}