{"CorrPlaca":0.70599997,"TensPlaca":2.441999912,"CorrRede":0.680000007,"TensRede":0.017999999,"ConsDiaPlaca":20.70682335,"ConsMesPlaca":20.70682335,"ConsDiaRede":14.81581688,"ConsMesRede":14.81581688,"Status":"REDE"}