{"CorrPlaca":5,"TensPlaca":12.89299965,"CorrRede":2.190999985,"TensRede":4.461999893,"ConsDiaPlaca":4013.878418,"ConsMesPlaca":4013.878418,"ConsDiaRede":409.4418335,"ConsMesRede":409.4418335,"Status":"REDE"}