{"CorrPlaca":3.009000063,"TensPlaca":18.11300087,"CorrRede":3.553999901,"TensRede":7.660999775,"ConsDiaPlaca":1066.297607,"ConsMesPlaca":1066.297607,"ConsDiaRede":336.1528015,"ConsMesRede":336.1528015,"Status":"REDE"}