{"CorrPlaca":0,"TensPlaca":6.697000027,"CorrRede":0.773999989,"TensRede":0.256000012,"ConsDiaPlaca":1.587435603,"ConsMesPlaca":1.587435603,"ConsDiaRede":19.59059715,"ConsMesRede":19.59059715,"Status":"REDE"}