{"Corrente":14.65799999,"Tensao":22.55699921,"Consumo":1.563705921,"Status":"PLACA"}