{"CorrPlaca":0,"TensPlaca":6.526000023,"CorrRede":0.782000005,"TensRede":0.238000005,"ConsDiaPlaca":1.533571362,"ConsMesPlaca":1.533571362,"ConsDiaRede":13.11396217,"ConsMesRede":13.11396217,"Status":"REDE"}