{"CorrPlaca":0,"TensPlaca":6.721000195,"CorrRede":0.81099999,"TensRede":0.134000003,"ConsDiaPlaca":88.00974274,"ConsMesPlaca":88.00974274,"ConsDiaRede":44.82075119,"ConsMesRede":44.82075119,"Status":"REDE"}