{"CorrPlaca":0.057999998,"TensPlaca":18.125,"CorrRede":1.226999998,"TensRede":0,"ConsDiaPlaca":2248.596924,"ConsMesPlaca":2248.596924,"ConsDiaRede":893.4389038,"ConsMesRede":893.4389038,"Status":"REDE"}