{"Corrente":16.00699997,"Tensao":4.163000107,"Consumo":0.710350573,"Status":"REDE"}