{"Corrente":14.13500023,"Tensao":0,"Consumo":1.197687745,"Status":"REDE"}