{"CorrPlaca":1.958999991,"TensPlaca":25,"CorrRede":3.346999884,"TensRede":1.488999963,"ConsDiaPlaca":1018.238708,"ConsMesPlaca":1018.238708,"ConsDiaRede":283.8580933,"ConsMesRede":283.8580933,"Status":"REDE"}