{"CorrPlaca":0,"TensPlaca":0,"CorrRede":0.65200001,"TensRede":6.738999844,"ConsDiaPlaca":1.587435603,"ConsMesPlaca":1.587435603,"ConsDiaRede":172.086441,"ConsMesRede":172.086441,"Status":"REDE"}