{"CorrPlaca":1.23300004,"TensPlaca":18.04000092,"CorrRede":2.068000078,"TensRede":0.194999993,"ConsDiaPlaca":1625.743042,"ConsMesPlaca":1625.743042,"ConsDiaRede":502.5312195,"ConsMesRede":502.5312195,"Status":"REDE"}