{"CorrPlaca":3.338000059,"TensPlaca":18.06999969,"CorrRede":3.270999908,"TensRede":6.390999794,"ConsDiaPlaca":33.86333466,"ConsMesPlaca":33.86333466,"ConsDiaRede":14.41306019,"ConsMesRede":14.41306019,"Status":"REDE"}