{"CorrPlaca":0.282000005,"TensPlaca":3.118999958,"CorrRede":0.665000021,"TensRede":0,"ConsDiaPlaca":164.0679932,"ConsMesPlaca":164.0679932,"ConsDiaRede":153.20047,"ConsMesRede":153.20047,"Status":"REDE"}