{"CorrPlaca":5,"TensPlaca":25,"CorrRede":1.756999969,"TensRede":5.103000164,"ConsDiaPlaca":19062.4082,"ConsMesPlaca":19062.4082,"ConsDiaRede":723.291626,"ConsMesRede":723.291626,"Status":"REDE"}