{"CorrPlaca":5,"TensPlaca":25,"CorrRede":0.787999988,"TensRede":0.072999999,"ConsDiaPlaca":34930.44141,"ConsMesPlaca":34930.44141,"ConsDiaRede":1406.325439,"ConsMesRede":1406.325439,"Status":"REDE"}