{"CorrPlaca":0.006,"TensPlaca":0.805000007,"CorrRede":0.565999985,"TensRede":0.621999979,"ConsDiaPlaca":0.006763611,"ConsMesPlaca":0.006763611,"ConsDiaRede":0.772490621,"ConsMesRede":0.772490621,"Status":"REDE"}