{"corrente":1.024999976,"tensao":4.296999931,"consumo":0.016279846}