{"CorrPlaca":0,"TensPlaca":6.642000198,"CorrRede":0.760999978,"TensRede":0.151999995,"ConsDiaPlaca":1.587435603,"ConsMesPlaca":1.587435603,"ConsDiaRede":19.4383812,"ConsMesRede":19.4383812,"Status":"REDE"}