{"CorrPlaca":0.460999995,"TensPlaca":18.13100052,"CorrRede":1.503999949,"TensRede":0,"ConsDiaPlaca":3977.253174,"ConsMesPlaca":3977.253174,"ConsDiaRede":1547.38208,"ConsMesRede":1547.38208,"Status":"REDE"}