{"CorrPlaca":0.086999997,"TensPlaca":18.13699913,"CorrRede":1.379999995,"TensRede":0.389999986,"ConsDiaPlaca":1046.120728,"ConsMesPlaca":1046.120728,"ConsDiaRede":429.2758789,"ConsMesRede":429.2758789,"Status":"REDE"}