{"CorrPlaca":0,"TensPlaca":6.738999844,"CorrRede":0.764999986,"TensRede":0.108999997,"ConsDiaPlaca":1.587435603,"ConsMesPlaca":1.587435603,"ConsDiaRede":22.28028679,"ConsMesRede":22.28028679,"Status":"REDE"}