{"CorrPlaca":5,"TensPlaca":25,"CorrRede":1.23300004,"TensRede":0,"ConsDiaPlaca":29062.34375,"ConsMesPlaca":29062.34375,"ConsDiaRede":1183.419922,"ConsMesRede":1183.419922,"Status":"REDE"}