{"CorrPlaca":0.578000009,"TensPlaca":18.05800056,"CorrRede":1.779999971,"TensRede":2.349999905,"ConsDiaPlaca":5047.028809,"ConsMesPlaca":5047.028809,"ConsDiaRede":1984.721558,"ConsMesRede":1984.721558,"Status":"REDE"}