{"Corrente":15.28999996,"Tensao":0,"Consumo":0.792368889,"Status":"REDE"}