{"CorrPlaca":0,"TensPlaca":6.574999809,"CorrRede":0.759000003,"TensRede":0.256000012,"ConsDiaPlaca":1.533571362,"ConsMesPlaca":1.533571362,"ConsDiaRede":12.9312849,"ConsMesRede":12.9312849,"Status":"REDE"}