{"corrente":0.771000028,"tensao":4.251999855,"consumo":0.136473447}