{"CorrPlaca":0.716000021,"TensPlaca":1.978000045,"CorrRede":0.643000007,"TensRede":1.238999963,"ConsDiaPlaca":55.92601013,"ConsMesPlaca":55.92601013,"ConsDiaRede":48.32043457,"ConsMesRede":48.32043457,"Status":"REDE"}