{"CorrPlaca":3.517999887,"TensPlaca":25,"CorrRede":2.54399991,"TensRede":5.866000175,"ConsDiaPlaca":16180.95313,"ConsMesPlaca":16180.95313,"ConsDiaRede":620.9942627,"ConsMesRede":620.9942627,"Status":"REDE"}