{"CorrPlaca":0,"TensPlaca":25,"CorrRede":1.861999989,"TensRede":0.84799999,"ConsDiaPlaca":13516.80664,"ConsMesPlaca":13516.80664,"ConsDiaRede":576.0703735,"ConsMesRede":576.0703735,"Status":"REDE"}