{"CorrPlaca":1.544999957,"TensPlaca":18.06999969,"CorrRede":2.519999981,"TensRede":4.828999996,"ConsDiaPlaca":4578.3125,"ConsMesPlaca":4578.3125,"ConsDiaRede":1428.183228,"ConsMesRede":1428.183228,"Status":"REDE"}