{"Corrente":14.54500008,"Tensao":2.049999952,"Consumo":5.728509426,"Status":"REDE"}