{"CorrPlaca":0.671999991,"TensPlaca":18.05800056,"CorrRede":1.822000027,"TensRede":1.312000036,"ConsDiaPlaca":2328.591064,"ConsMesPlaca":2328.591064,"ConsDiaRede":727.7918091,"ConsMesRede":727.7918091,"Status":"REDE"}