{"CorrPlaca":0,"TensPlaca":6.653999805,"CorrRede":0.788999975,"TensRede":0.182999998,"ConsDiaPlaca":1.533571362,"ConsMesPlaca":1.533571362,"ConsDiaRede":14.33372211,"ConsMesRede":14.33372211,"Status":"REDE"}