{"CorrPlaca":0,"TensPlaca":0.702000022,"CorrRede":0.432000011,"TensRede":0.414999992,"ConsDiaPlaca":0.058678329,"ConsMesPlaca":0.058678329,"ConsDiaRede":1.290429473,"ConsMesRede":1.290429473,"Status":"REDE"}