{"Corrente":16.03300095,"Tensao":22.34600067,"Consumo":1.212489247,"Status":"PLACA"}