{"CorrPlaca":0.623000026,"TensPlaca":18.13699913,"CorrRede":1.677000046,"TensRede":0,"ConsDiaPlaca":4671.200684,"ConsMesPlaca":4671.200684,"ConsDiaRede":1454.448975,"ConsMesRede":1454.448975,"Status":"REDE"}