{"Corrente":173.3560028,"Tensao":25.61700058,"Consumo":12.40849495,"Status":"PLACA"}