{"CorrPlaca":5,"TensPlaca":25,"CorrRede":0.546999991,"TensRede":0.097000003,"ConsDiaPlaca":21458.22656,"ConsMesPlaca":21458.22656,"ConsDiaRede":822.0213013,"ConsMesRede":822.0213013,"Status":"REDE"}