{"CorrPlaca":5,"TensPlaca":25,"CorrRede":0.588999987,"TensRede":0,"ConsDiaPlaca":16527.70117,"ConsMesPlaca":16527.70117,"ConsDiaRede":583.4465332,"ConsMesRede":583.4465332,"Status":"REDE"}