{"Corrente":-0.838999987,"Tensao":8.593000412,"Consumo":0.248664692,"Status":"REDE"}