{"CorrPlaca":0.094999999,"TensPlaca":6.642000198,"CorrRede":0.995000005,"TensRede":0.097000003,"ConsDiaPlaca":25.86300087,"ConsMesPlaca":25.86300087,"ConsDiaRede":8.158699036,"ConsMesRede":8.158699036,"Status":"REDE"}