{"CorrPlaca":5,"TensPlaca":3.082999945,"CorrRede":0.703000009,"TensRede":0.207000002,"ConsDiaPlaca":4858.75,"ConsMesPlaca":4858.75,"ConsDiaRede":423.6784973,"ConsMesRede":423.6784973,"Status":"REDE"}