{"CorrPlaca":5,"TensPlaca":25,"CorrRede":0.851000011,"TensRede":1.172000051,"ConsDiaPlaca":28298.46094,"ConsMesPlaca":28298.46094,"ConsDiaRede":1158.288086,"ConsMesRede":1158.288086,"Status":"REDE"}