{"CorrPlaca":2.855000019,"TensPlaca":18.15600014,"CorrRede":3.440000057,"TensRede":7.422999859,"ConsDiaPlaca":968.1585693,"ConsMesPlaca":968.1585693,"ConsDiaRede":303.283844,"ConsMesRede":303.283844,"Status":"REDE"}