{"CorrPlaca":0,"TensPlaca":0.781000018,"CorrRede":0.488000005,"TensRede":0.683000028,"ConsDiaPlaca":0.006364445,"ConsMesPlaca":0.006364445,"ConsDiaRede":0.94805336,"ConsMesRede":0.94805336,"Status":"REDE"}