{"CorrPlaca":0,"TensPlaca":0.781000018,"CorrRede":0.462000012,"TensRede":0.293000013,"ConsDiaPlaca":0,"ConsMesPlaca":0,"ConsDiaRede":0.200488895,"ConsMesRede":0.200488895,"Status":"REDE"}