{"CorrPlaca":1.269000053,"TensPlaca":18.07600021,"CorrRede":2.107000113,"TensRede":1.141000032,"ConsDiaPlaca":353.5210266,"ConsMesPlaca":353.5210266,"ConsDiaRede":158.7747955,"ConsMesRede":158.7747955,"Status":"REDE"}