{"CorrPlaca":0,"TensPlaca":0.781000018,"CorrRede":0.442000002,"TensRede":0.395999998,"ConsDiaPlaca":0.027197776,"ConsMesPlaca":0.027197776,"ConsDiaRede":0.693941414,"ConsMesRede":0.693941414,"Status":"REDE"}