{"CorrPlaca":1.699000001,"TensPlaca":18.15600014,"CorrRede":2.405999899,"TensRede":2.246000051,"ConsDiaPlaca":586.5831909,"ConsMesPlaca":586.5831909,"ConsDiaRede":240.9265747,"ConsMesRede":240.9265747,"Status":"REDE"}