{"CorrPlaca":5,"TensPlaca":25,"CorrRede":1.269000053,"TensRede":0,"ConsDiaPlaca":19097.13086,"ConsMesPlaca":19097.13086,"ConsDiaRede":723.291626,"ConsMesRede":723.291626,"Status":"REDE"}