{"CorrPlaca":0.549000025,"TensPlaca":3.186000109,"CorrRede":0.876999974,"TensRede":0.84799999,"ConsDiaPlaca":4903.848633,"ConsMesPlaca":4903.848633,"ConsDiaRede":467.8704224,"ConsMesRede":467.8704224,"Status":"REDE"}