{"CorrPlaca":2.374000072,"TensPlaca":18.09499931,"CorrRede":2.948999882,"TensRede":5.372000217,"ConsDiaPlaca":3869.729004,"ConsMesPlaca":3869.729004,"ConsDiaRede":1504.131592,"ConsMesRede":1504.131592,"Status":"REDE"}