{"CorrPlaca":5,"TensPlaca":25,"CorrRede":0.453999996,"TensRede":0,"ConsDiaPlaca":14027.71777,"ConsMesPlaca":14027.71777,"ConsDiaRede":469.9172668,"ConsMesRede":469.9172668,"Status":"REDE"}