{"Corrente":16.33200073,"Tensao":4.113999844,"Consumo":0.224269688,"Status":"REDE"}