{"CorrPlaca":1.144000053,"TensPlaca":18.06999969,"CorrRede":2.000999928,"TensRede":0.293000013,"ConsDiaPlaca":5312.425781,"ConsMesPlaca":5312.425781,"ConsDiaRede":1672.825073,"ConsMesRede":1672.825073,"Status":"REDE"}