{"CorrPlaca":0,"TensPlaca":3.118999958,"CorrRede":0.266000003,"TensRede":0,"ConsDiaPlaca":116.909935,"ConsMesPlaca":116.909935,"ConsDiaRede":113.2802811,"ConsMesRede":113.2802811,"Status":"REDE"}