{"CorrPlaca":0,"TensPlaca":6.636000156,"CorrRede":0.839999974,"TensRede":0.476000011,"ConsDiaPlaca":1.533571362,"ConsMesPlaca":1.533571362,"ConsDiaRede":5.671391487,"ConsMesRede":5.671391487,"Status":"REDE"}