{"CorrPlaca":1.52699995,"TensPlaca":18.09499931,"CorrRede":2.289000034,"TensRede":1.213999987,"ConsDiaPlaca":2584.824463,"ConsMesPlaca":2584.824463,"ConsDiaRede":800.0961914,"ConsMesRede":800.0961914,"Status":"REDE"}