{"CorrPlaca":0,"TensPlaca":0,"CorrRede":0.605000019,"TensRede":0.072999999,"ConsDiaPlaca":1.587435603,"ConsMesPlaca":1.587435603,"ConsDiaRede":187.383255,"ConsMesRede":187.383255,"Status":"REDE"}