{"CorrPlaca":0.921000004,"TensPlaca":4.688000202,"CorrRede":1.133000016,"TensRede":0.115000002,"ConsDiaPlaca":35324.91406,"ConsMesPlaca":35324.91406,"ConsDiaRede":1416.464111,"ConsMesRede":1416.464111,"Status":"REDE"}