{"Corrente":2.224999905,"Tensao":6.989999771,"Consumo":0.11782138,"Status":"PLACA"}