{"CorrPlaca":2.167999983,"TensPlaca":18.06999969,"CorrRede":2.910000086,"TensRede":5.879000187,"ConsDiaPlaca":1781.87085,"ConsMesPlaca":1781.87085,"ConsDiaRede":551.5155029,"ConsMesRede":551.5155029,"Status":"REDE"}