{"CorrPlaca":5,"TensPlaca":25,"CorrRede":1,"TensRede":1.746000051,"ConsDiaPlaca":28784.56836,"ConsMesPlaca":28784.56836,"ConsDiaRede":1174.12561,"ConsMesRede":1174.12561,"Status":"REDE"}