{"CorrPlaca":3.52699995,"TensPlaca":25,"CorrRede":1.036000013,"TensRede":0.702000022,"ConsDiaPlaca":16253.87012,"ConsMesPlaca":16253.87012,"ConsDiaRede":626.8762207,"ConsMesRede":626.8762207,"Status":"REDE"}