{"CorrPlaca":0.097000003,"TensPlaca":6.738999844,"CorrRede":0.991999984,"TensRede":0.238000005,"ConsDiaPlaca":11.52352524,"ConsMesPlaca":11.52352524,"ConsDiaRede":4.325817108,"ConsMesRede":4.325817108,"Status":"REDE"}