{"Corrente":14.22299957,"Tensao":0,"Consumo":4.461383343,"Status":"REDE"}