{"CorrPlaca":1.542999983,"TensPlaca":18.01499939,"CorrRede":2.536999941,"TensRede":4.004000187,"ConsDiaPlaca":241.6204224,"ConsMesPlaca":241.6204224,"ConsDiaRede":76.42327118,"ConsMesRede":76.42327118,"Status":"REDE"}