{"Corrente":14.2869997,"Tensao":0,"Consumo":1.197687745,"Status":"REDE"}