{"CorrPlaca":0.916000009,"TensPlaca":25,"CorrRede":2.663000107,"TensRede":0,"ConsDiaPlaca":518.7248535,"ConsMesPlaca":518.7248535,"ConsDiaRede":204.8957672,"ConsMesRede":204.8957672,"Status":"REDE"}