{"corrente":1.722000003,"tensao":17.48399925,"consumo":0.083631799}