{"CorrPlaca":0,"TensPlaca":0.781000018,"CorrRede":0.449000001,"TensRede":0.035999998,"ConsDiaPlaca":0.005104722,"ConsMesPlaca":0.005104722,"ConsDiaRede":0.573189437,"ConsMesRede":0.573189437,"Status":"REDE"}