{"CorrPlaca":0.409000009,"TensPlaca":18.0890007,"CorrRede":1.715999961,"TensRede":2.105999947,"ConsDiaPlaca":2.055111408,"ConsMesPlaca":2.055111408,"ConsDiaRede":1.003859997,"ConsMesRede":1.003859997,"Status":"REDE"}