{"Corrente":0,"Tensao":0.481999993,"Consumo":0.00001544,"Status":"REDE"}