{"CorrPlaca":0,"TensPlaca":0,"CorrRede":0.582000017,"TensRede":0.122000001,"ConsDiaPlaca":1.587435603,"ConsMesPlaca":1.587435603,"ConsDiaRede":21.28910828,"ConsMesRede":21.28910828,"Status":"REDE"}