{"CorrPlaca":0.621999979,"TensPlaca":18.06999969,"CorrRede":1.771999955,"TensRede":0.395999998,"ConsDiaPlaca":8.663011551,"ConsMesPlaca":8.663011551,"ConsDiaRede":1.648049235,"ConsMesRede":1.648049235,"Status":"REDE"}