{"CorrPlaca":0.085000001,"TensPlaca":6.684000015,"CorrRede":0.981999993,"TensRede":0.293000013,"ConsDiaPlaca":53.95184708,"ConsMesPlaca":53.95184708,"ConsDiaRede":19.00534248,"ConsMesRede":19.00534248,"Status":"REDE"}