{"Corrente":14.86699963,"Tensao":0,"Consumo":0.146355033,"Status":"REDE"}