{"CorrPlaca":0,"TensPlaca":3.191999912,"CorrRede":0.499000013,"TensRede":0.493999988,"ConsDiaPlaca":4891.943848,"ConsMesPlaca":4891.943848,"ConsDiaRede":442.5289001,"ConsMesRede":442.5289001,"Status":"REDE"}