{"CorrPlaca":1.593000054,"TensPlaca":18.10700035,"CorrRede":2.569999933,"TensRede":5.902999878,"ConsDiaPlaca":1843.703613,"ConsMesPlaca":1843.703613,"ConsDiaRede":835.8156738,"ConsMesRede":835.8156738,"Status":"REDE"}