{"CorrPlaca":2.576999903,"TensPlaca":18.10700035,"CorrRede":3.25999999,"TensRede":8.204999924,"ConsDiaPlaca":1269.312866,"ConsMesPlaca":1269.312866,"ConsDiaRede":565.7637939,"ConsMesRede":565.7637939,"Status":"REDE"}