{"Corrente":14.6239996,"Tensao":24.55999947,"Consumo":0.999088526,"Status":"PLACA"}