{"CorrPlaca":0,"TensPlaca":18.125,"CorrRede":1.15199995,"TensRede":0,"ConsDiaPlaca":2738.615234,"ConsMesPlaca":2738.615234,"ConsDiaRede":1086.825317,"ConsMesRede":1086.825317,"Status":"REDE"}