{"CorrPlaca":0.280000001,"TensPlaca":0,"CorrRede":0.409999996,"TensRede":0.421000004,"ConsDiaPlaca":182.0374146,"ConsMesPlaca":182.0374146,"ConsDiaRede":167.751236,"ConsMesRede":167.751236,"Status":"REDE"}