{"CorrPlaca":3.53399992,"TensPlaca":25,"CorrRede":2.140000105,"TensRede":0.067000002,"ConsDiaPlaca":30355.4375,"ConsMesPlaca":30355.4375,"ConsDiaRede":785.6104736,"ConsMesRede":785.6104736,"Status":"REDE"}