{"CorrPlaca":0.158999994,"TensPlaca":3.210999966,"CorrRede":0.64200002,"TensRede":0.976000011,"ConsDiaPlaca":152.334198,"ConsMesPlaca":152.334198,"ConsDiaRede":143.6277008,"ConsMesRede":143.6277008,"Status":"REDE"}