{"CorrPlaca":0.93599999,"TensPlaca":18.18000031,"CorrRede":1.911999941,"TensRede":0,"ConsDiaPlaca":1314.003418,"ConsMesPlaca":1314.003418,"ConsDiaRede":417.2184143,"ConsMesRede":417.2184143,"Status":"REDE"}