{"CorrPlaca":0.623000026,"TensPlaca":25,"CorrRede":2.815999985,"TensRede":0.103,"ConsDiaPlaca":186.3638153,"ConsMesPlaca":186.3638153,"ConsDiaRede":170.5098114,"ConsMesRede":170.5098114,"Status":"REDE"}