{"CorrPlaca":5,"TensPlaca":25,"CorrRede":1.853999972,"TensRede":2.344000101,"ConsDiaPlaca":19791.57031,"ConsMesPlaca":19791.57031,"ConsDiaRede":762.010437,"ConsMesRede":762.010437,"Status":"REDE"}