{"CorrPlaca":0,"TensPlaca":0,"CorrRede":0.654999971,"TensRede":6.745999813,"ConsDiaPlaca":1.587435603,"ConsMesPlaca":1.587435603,"ConsDiaRede":100.695137,"ConsMesRede":100.695137,"Status":"REDE"}