{"CorrPlaca":5,"TensPlaca":15.62199974,"CorrRede":1.873999953,"TensRede":2.697999954,"ConsDiaPlaca":6040.204102,"ConsMesPlaca":6040.204102,"ConsDiaRede":490.3337097,"ConsMesRede":490.3337097,"Status":"REDE"}