{"CorrPlaca":2.565999985,"TensPlaca":18.11300087,"CorrRede":3.201999903,"TensRede":8.454999924,"ConsDiaPlaca":2017.356323,"ConsMesPlaca":2017.356323,"ConsDiaRede":919.9787598,"ConsMesRede":919.9787598,"Status":"REDE"}