{"CorrPlaca":0,"TensPlaca":0,"CorrRede":0.428000003,"TensRede":0.090999998,"ConsDiaPlaca":168.0245667,"ConsMesPlaca":168.0245667,"ConsDiaRede":10.74833584,"ConsMesRede":10.74833584,"Status":"REDE"}