{"CorrPlaca":1.799999952,"TensPlaca":18.1439991,"CorrRede":2.727999926,"TensRede":4.609000206,"ConsDiaPlaca":381.70401,"ConsMesPlaca":381.70401,"ConsDiaRede":119.2555313,"ConsMesRede":119.2555313,"Status":"REDE"}