{"CorrPlaca":0,"TensPlaca":0.634000003,"CorrRede":0.523000002,"TensRede":0.578999996,"ConsDiaPlaca":0,"ConsMesPlaca":0,"ConsDiaRede":0.356785864,"ConsMesRede":0.356785864,"Status":"REDE"}