{"CorrPlaca":5,"TensPlaca":25,"CorrRede":0.559000015,"TensRede":0,"ConsDiaPlaca":22430.44141,"ConsMesPlaca":22430.44141,"ConsDiaRede":866.4499512,"ConsMesRede":866.4499512,"Status":"REDE"}