{"CorrPlaca":0,"TensPlaca":0.787,"CorrRede":0.398000002,"TensRede":0.372000009,"ConsDiaPlaca":0.031049168,"ConsMesPlaca":0.031049168,"ConsDiaRede":0.698170483,"ConsMesRede":0.698170483,"Status":"REDE"}