{"corrente":0.683000028,"tensao":0.75,"consumo":0.001422917}