{"CorrPlaca":2.734999895,"TensPlaca":18.06999969,"CorrRede":3.266000032,"TensRede":8.357000351,"ConsDiaPlaca":1765.226685,"ConsMesPlaca":1765.226685,"ConsDiaRede":707.6478882,"ConsMesRede":707.6478882,"Status":"REDE"}