{"CorrPlaca":2.128999949,"TensPlaca":18.13100052,"CorrRede":2.887000084,"TensRede":6.830999851,"ConsDiaPlaca":1214.258667,"ConsMesPlaca":1214.258667,"ConsDiaRede":496.9450989,"ConsMesRede":496.9450989,"Status":"REDE"}