{"CorrPlaca":5,"TensPlaca":25,"CorrRede":1.648000002,"TensRede":4.632999897,"ConsDiaPlaca":17152.69727,"ConsMesPlaca":17152.69727,"ConsDiaRede":609.286377,"ConsMesRede":609.286377,"Status":"REDE"}