{"CorrPlaca":0.876999974,"TensPlaca":3.118999958,"CorrRede":1.152999997,"TensRede":2.77699995,"ConsDiaPlaca":175.6678009,"ConsMesPlaca":175.6678009,"ConsDiaRede":162.9993286,"ConsMesRede":162.9993286,"Status":"REDE"}