{"CorrPlaca":2.644999981,"TensPlaca":18.06999969,"CorrRede":3.371999979,"TensRede":8.437000275,"ConsDiaPlaca":597.3171997,"ConsMesPlaca":597.3171997,"ConsDiaRede":272.8054504,"ConsMesRede":272.8054504,"Status":"REDE"}