{"CorrPlaca":0,"TensPlaca":6.586999893,"CorrRede":0.791999996,"TensRede":0.213,"ConsDiaPlaca":1.533571362,"ConsMesPlaca":1.533571362,"ConsDiaRede":7.964314461,"ConsMesRede":7.964314461,"Status":"REDE"}