{"CorrPlaca":1.008999944,"TensPlaca":18.07600021,"CorrRede":2.089999914,"TensRede":3.894000053,"ConsDiaPlaca":4473.080566,"ConsMesPlaca":4473.080566,"ConsDiaRede":1743.019531,"ConsMesRede":1743.019531,"Status":"REDE"}