{"CorrPlaca":0.039000001,"TensPlaca":6.738999844,"CorrRede":0.842000008,"TensRede":0.194999993,"ConsDiaPlaca":85.23828125,"ConsMesPlaca":85.23828125,"ConsDiaRede":37.90100479,"ConsMesRede":37.90100479,"Status":"REDE"}