{"Corrente":0,"Tensao":0.873000026,"Consumo":0.07707084,"Status":"REDE"}