{"Corrente":0.474000007,"Tensao":0,"Consumo":0.000573213,"Status":"REDE"}