{"CorrPlaca":0.063000001,"TensPlaca":6.544000149,"CorrRede":0.95599997,"TensRede":0.261999995,"ConsDiaPlaca":56.46570206,"ConsMesPlaca":56.46570206,"ConsDiaRede":20.33643341,"ConsMesRede":20.33643341,"Status":"REDE"}