{"CorrPlaca":2.862999916,"TensPlaca":18.13100052,"CorrRede":3.282999992,"TensRede":7.489999771,"ConsDiaPlaca":2549.911621,"ConsMesPlaca":2549.911621,"ConsDiaRede":1012.512268,"ConsMesRede":1012.512268,"Status":"REDE"}