{"CorrPlaca":0.119999997,"TensPlaca":6.721000195,"CorrRede":1.001999974,"TensRede":0.372000009,"ConsDiaPlaca":9.398171425,"ConsMesPlaca":9.398171425,"ConsDiaRede":3.417333603,"ConsMesRede":3.417333603,"Status":"REDE"}