{"CorrPlaca":0,"TensPlaca":0,"CorrRede":0.588,"TensRede":0.041999999,"ConsDiaPlaca":1.587435603,"ConsMesPlaca":1.587435603,"ConsDiaRede":187.2158508,"ConsMesRede":187.2158508,"Status":"REDE"}