{"CorrPlaca":0,"TensPlaca":18.04000092,"CorrRede":1.128999949,"TensRede":0,"ConsDiaPlaca":4227.305664,"ConsMesPlaca":4227.305664,"ConsDiaRede":1652.297485,"ConsMesRede":1652.297485,"Status":"REDE"}