{"CorrPlaca":0.765999973,"TensPlaca":18.19199944,"CorrRede":1.952999949,"TensRede":3.240999937,"ConsDiaPlaca":1991.904175,"ConsMesPlaca":1991.904175,"ConsDiaRede":909.336792,"ConsMesRede":909.336792,"Status":"REDE"}