{"CorrPlaca":5,"TensPlaca":25,"CorrRede":1.059000015,"TensRede":2.062999964,"ConsDiaPlaca":24513.76172,"ConsMesPlaca":24513.76172,"ConsDiaRede":995.4796143,"ConsMesRede":995.4796143,"Status":"REDE"}