{"CorrPlaca":0.185000002,"TensPlaca":18.06999969,"CorrRede":1.411999941,"TensRede":0,"ConsDiaPlaca":4588.484863,"ConsMesPlaca":4588.484863,"ConsDiaRede":1429.802979,"ConsMesRede":1429.802979,"Status":"REDE"}