{"CorrPlaca":0,"TensPlaca":6.709000111,"CorrRede":0.786000013,"TensRede":0.261999995,"ConsDiaPlaca":1.533571362,"ConsMesPlaca":1.533571362,"ConsDiaRede":14.14842987,"ConsMesRede":14.14842987,"Status":"REDE"}