{"CorrPlaca":0.017000001,"TensPlaca":6.684000015,"CorrRede":0.860000014,"TensRede":0.256000012,"ConsDiaPlaca":83.69313812,"ConsMesPlaca":83.69313812,"ConsDiaRede":34.69822693,"ConsMesRede":34.69822693,"Status":"REDE"}