{"CorrPlaca":1.470999956,"TensPlaca":18.1439991,"CorrRede":2.227999926,"TensRede":1.458999991,"ConsDiaPlaca":1689.493652,"ConsMesPlaca":1689.493652,"ConsDiaRede":761.9089966,"ConsMesRede":761.9089966,"Status":"REDE"}