{"CorrPlaca":5,"TensPlaca":25,"CorrRede":0.619000018,"TensRede":0.335000008,"ConsDiaPlaca":21736.00195,"ConsMesPlaca":21736.00195,"ConsDiaRede":845.4951172,"ConsMesRede":845.4951172,"Status":"REDE"}