{"CorrPlaca":0.294,"TensPlaca":0.194999993,"CorrRede":0.623000026,"TensRede":0.493999988,"ConsDiaPlaca":13109.50293,"ConsMesPlaca":13109.50293,"ConsDiaRede":567.8302002,"ConsMesRede":567.8302002,"Status":"REDE"}