{"CorrPlaca":5,"TensPlaca":25,"CorrRede":0.474000007,"TensRede":0,"ConsDiaPlaca":11874.9541,"ConsMesPlaca":11874.9541,"ConsDiaRede":361.1767578,"ConsMesRede":361.1767578,"Status":"REDE"}