{"CorrPlaca":0.025,"TensPlaca":6.721000195,"CorrRede":0.870999992,"TensRede":0.293000013,"ConsDiaPlaca":83.11473083,"ConsMesPlaca":83.11473083,"ConsDiaRede":33.55584717,"ConsMesRede":33.55584717,"Status":"REDE"}