{"CorrPlaca":5,"TensPlaca":25,"CorrRede":2.519999981,"TensRede":6.800000191,"ConsDiaPlaca":22742.93945,"ConsMesPlaca":22742.93945,"ConsDiaRede":893.6094971,"ConsMesRede":893.6094971,"Status":"REDE"}