{"Corrente":0.416000009,"Tensao":1.447999954,"Consumo":0.000718985,"Status":"REDE"}