{"CorrPlaca":5,"TensPlaca":0,"CorrRede":1.233999968,"TensRede":2.734999895,"ConsDiaPlaca":6734.087891,"ConsMesPlaca":6734.087891,"ConsDiaRede":518.230957,"ConsMesRede":518.230957,"Status":"REDE"}