{"CorrPlaca":0.855000019,"TensPlaca":18.06999969,"CorrRede":1.840999961,"TensRede":0,"ConsDiaPlaca":1687.712769,"ConsMesPlaca":1687.712769,"ConsDiaRede":519.7538452,"ConsMesRede":519.7538452,"Status":"REDE"}