{"CorrPlaca":0.046999998,"TensPlaca":0.774999976,"CorrRede":0.547999978,"TensRede":0.652999997,"ConsDiaPlaca":0.018453334,"ConsMesPlaca":0.018453334,"ConsDiaRede":0.521263599,"ConsMesRede":0.521263599,"Status":"REDE"}