{"CorrPlaca":5,"TensPlaca":25,"CorrRede":2.460999966,"TensRede":5.842000008,"ConsDiaPlaca":21492.94727,"ConsMesPlaca":21492.94727,"ConsDiaRede":826.0149536,"ConsMesRede":826.0149536,"Status":"REDE"}