{"CorrPlaca":0.129999995,"TensPlaca":6.697000027,"CorrRede":0.991999984,"TensRede":0.280000001,"ConsDiaPlaca":37.93634415,"ConsMesPlaca":37.93634415,"ConsDiaRede":12.23082352,"ConsMesRede":12.23082352,"Status":"REDE"}