{"CorrPlaca":2.674999952,"TensPlaca":18.10700035,"CorrRede":3.22300005,"TensRede":8.302000046,"ConsDiaPlaca":3740.112793,"ConsMesPlaca":3740.112793,"ConsDiaRede":1465.263306,"ConsMesRede":1465.263306,"Status":"REDE"}