{"CorrPlaca":0.465000004,"TensPlaca":3.186000109,"CorrRede":0.867999971,"TensRede":1.807000041,"ConsDiaPlaca":150.0591888,"ConsMesPlaca":150.0591888,"ConsDiaRede":142.6737366,"ConsMesRede":142.6737366,"Status":"REDE"}