{"Corrente":0,"Tensao":0.035999998,"Consumo":8.655833881e-6,"Status":"REDE"}