{"CorrPlaca":2.539000034,"TensPlaca":18.20499992,"CorrRede":3.260999918,"TensRede":6.15899992,"ConsDiaPlaca":152.3694153,"ConsMesPlaca":152.3694153,"ConsDiaRede":56.3005867,"ConsMesRede":56.3005867,"Status":"REDE"}