{"CorrPlaca":5,"TensPlaca":25,"CorrRede":0.938000023,"TensRede":0,"ConsDiaPlaca":34201.23438,"ConsMesPlaca":34201.23438,"ConsDiaRede":1397.472534,"ConsMesRede":1397.472534,"Status":"REDE"}