{"CorrPlaca":1.636999965,"TensPlaca":18.05800056,"CorrRede":2.519999981,"TensRede":5.604000092,"ConsDiaPlaca":3166.000488,"ConsMesPlaca":3166.000488,"ConsDiaRede":1250.151489,"ConsMesRede":1250.151489,"Status":"REDE"}