{"CorrPlaca":0.708000004,"TensPlaca":3.460999966,"CorrRede":0.912,"TensRede":0.963999987,"ConsDiaPlaca":34.02968597,"ConsMesPlaca":34.02968597,"ConsDiaRede":26.98783493,"ConsMesRede":26.98783493,"Status":"REDE"}