{"CorrPlaca":5,"TensPlaca":25,"CorrRede":1.23300004,"TensRede":2.71600008,"ConsDiaPlaca":21597.11328,"ConsMesPlaca":21597.11328,"ConsDiaRede":834.9344482,"ConsMesRede":834.9344482,"Status":"REDE"}