{"CorrPlaca":0,"TensPlaca":25,"CorrRede":2.118000031,"TensRede":2.411000013,"ConsDiaPlaca":13586.93066,"ConsMesPlaca":13586.93066,"ConsDiaRede":585.0054321,"ConsMesRede":585.0054321,"Status":"REDE"}