{"CorrPlaca":5,"TensPlaca":25,"CorrRede":1.335000038,"TensRede":0,"ConsDiaPlaca":26735.9707,"ConsMesPlaca":26735.9707,"ConsDiaRede":1073.344849,"ConsMesRede":1073.344849,"Status":"REDE"}