{"Corrente":2.278000116,"Tensao":0,"Consumo":0.070479967,"Status":"REDE"}