{"CorrPlaca":0,"TensPlaca":6.703000069,"CorrRede":0.787,"TensRede":0.293000013,"ConsDiaPlaca":1.533571362,"ConsMesPlaca":1.533571362,"ConsDiaRede":14.3977747,"ConsMesRede":14.3977747,"Status":"REDE"}