{"CorrPlaca":0.046,"TensPlaca":18.11300087,"CorrRede":1.269000053,"TensRede":0.256000012,"ConsDiaPlaca":3636.657715,"ConsMesPlaca":3636.657715,"ConsDiaRede":1418.963745,"ConsMesRede":1418.963745,"Status":"REDE"}