{"CorrPlaca":0,"TensPlaca":0.781000018,"CorrRede":0.547999978,"TensRede":0.340999991,"ConsDiaPlaca":0,"ConsMesPlaca":0,"ConsDiaRede":0.221276671,"ConsMesRede":0.221276671,"Status":"REDE"}