{"CorrPlaca":5,"TensPlaca":25,"CorrRede":0.880999982,"TensRede":0,"ConsDiaPlaca":31527.60547,"ConsMesPlaca":31527.60547,"ConsDiaRede":1303.759155,"ConsMesRede":1303.759155,"Status":"REDE"}