{"corrente":2.438999891,"tensao":13.18599987,"consumo":1.137474537}