{"CorrPlaca":5,"TensPlaca":3.204999924,"CorrRede":0.703000009,"TensRede":0.68900001,"ConsDiaPlaca":4980.773438,"ConsMesPlaca":4980.773438,"ConsDiaRede":476.5724792,"ConsMesRede":476.5724792,"Status":"REDE"}