{"Corrente":2.071000099,"Tensao":0,"Consumo":0.070479967,"Status":"REDE"}