{"CorrPlaca":5,"TensPlaca":25,"CorrRede":2.430999994,"TensRede":7.026000023,"ConsDiaPlaca":29930.39453,"ConsMesPlaca":29930.39453,"ConsDiaRede":1239.040649,"ConsMesRede":1239.040649,"Status":"REDE"}