{"CorrPlaca":0.389999986,"TensPlaca":18.09499931,"CorrRede":1.567000031,"TensRede":0.128000006,"ConsDiaPlaca":1766.606934,"ConsMesPlaca":1766.606934,"ConsDiaRede":546.4329834,"ConsMesRede":546.4329834,"Status":"REDE"}