{"CorrPlaca":2.141000032,"TensPlaca":18.04000092,"CorrRede":2.91899991,"TensRede":5.84800005,"ConsDiaPlaca":102.5350494,"ConsMesPlaca":102.5350494,"ConsDiaRede":25.56603622,"ConsMesRede":25.56603622,"Status":"REDE"}