{"CorrPlaca":0.075000003,"TensPlaca":6.671999931,"CorrRede":0.989000022,"TensRede":0.201000005,"ConsDiaPlaca":34.50501251,"ConsMesPlaca":34.50501251,"ConsDiaRede":11.08591366,"ConsMesRede":11.08591366,"Status":"REDE"}