{"CorrPlaca":0.293000013,"TensPlaca":18.08300018,"CorrRede":1.465999961,"TensRede":0,"ConsDiaPlaca":924.8637695,"ConsMesPlaca":924.8637695,"ConsDiaRede":413.084137,"ConsMesRede":413.084137,"Status":"REDE"}