{"CorrPlaca":0,"TensPlaca":6.727000237,"CorrRede":0.787999988,"TensRede":0.323000014,"ConsDiaPlaca":1.587435603,"ConsMesPlaca":1.587435603,"ConsDiaRede":18.44403076,"ConsMesRede":18.44403076,"Status":"REDE"}