{"CorrPlaca":0,"TensPlaca":6.697000027,"CorrRede":0.709999979,"TensRede":0.017999999,"ConsDiaPlaca":1.539162278,"ConsMesPlaca":1.539162278,"ConsDiaRede":16.41810799,"ConsMesRede":16.41810799,"Status":"REDE"}