{"CorrPlaca":0,"TensPlaca":0,"CorrRede":0.574999988,"TensRede":0,"ConsDiaPlaca":1.587435603,"ConsMesPlaca":1.587435603,"ConsDiaRede":22.21974182,"ConsMesRede":22.21974182,"Status":"REDE"}