{"CorrPlaca":0.282999992,"TensPlaca":18.06999969,"CorrRede":1.493000031,"TensRede":0,"ConsDiaPlaca":2400.217285,"ConsMesPlaca":2400.217285,"ConsDiaRede":755.1525879,"ConsMesRede":755.1525879,"Status":"REDE"}