{"CorrPlaca":2.365999937,"TensPlaca":18.13100052,"CorrRede":3.078000069,"TensRede":7.679999828,"ConsDiaPlaca":1411.943848,"ConsMesPlaca":1411.943848,"ConsDiaRede":640.9727173,"ConsMesRede":640.9727173,"Status":"REDE"}