{"CorrPlaca":0.017000001,"TensPlaca":6.477000237,"CorrRede":0.859000027,"TensRede":0.658999979,"ConsDiaPlaca":1.225359321,"ConsMesPlaca":1.225359321,"ConsDiaRede":2.458714008,"ConsMesRede":2.458714008,"Status":"REDE"}