{"CorrPlaca":0,"TensPlaca":0.787,"CorrRede":0.476000011,"TensRede":0.56099999,"ConsDiaPlaca":0.058678329,"ConsMesPlaca":0.058678329,"ConsDiaRede":1.46417284,"ConsMesRede":1.46417284,"Status":"REDE"}