{"CorrPlaca":0.170000002,"TensPlaca":6.703000069,"CorrRede":1.021000028,"TensRede":0.421000004,"ConsDiaPlaca":1.766535878,"ConsMesPlaca":1.766535878,"ConsDiaRede":0.964358389,"ConsMesRede":0.964358389,"Status":"REDE"}