{"CorrPlaca":0.746999979,"TensPlaca":18.125,"CorrRede":1.726999998,"TensRede":0,"ConsDiaPlaca":5232.909668,"ConsMesPlaca":5232.909668,"ConsDiaRede":1644.779785,"ConsMesRede":1644.779785,"Status":"REDE"}