{"Corrente":3.628000021,"Tensao":0,"Consumo":0.057277199,"Status":"REDE"}