{"CorrPlaca":1.136999965,"TensPlaca":18.10099983,"CorrRede":2.013999939,"TensRede":0.097000003,"ConsDiaPlaca":1470.560913,"ConsMesPlaca":1470.560913,"ConsDiaRede":459.6186218,"ConsMesRede":459.6186218,"Status":"REDE"}