{"corrente":4.434000015,"tensao":23.73600006,"consumo":0.846640706}