{"CorrPlaca":0,"TensPlaca":0,"CorrRede":0.611999989,"TensRede":0.097000003,"ConsDiaPlaca":1.587435603,"ConsMesPlaca":1.587435603,"ConsDiaRede":187.3608856,"ConsMesRede":187.3608856,"Status":"REDE"}