{"CorrPlaca":0,"TensPlaca":6.659999847,"CorrRede":0.787999988,"TensRede":0.286000013,"ConsDiaPlaca":1.533571362,"ConsMesPlaca":1.533571362,"ConsDiaRede":15.34472084,"ConsMesRede":15.34472084,"Status":"REDE"}