{"CorrPlaca":0,"TensPlaca":0.787,"CorrRede":0.527999997,"TensRede":0.640999973,"ConsDiaPlaca":0.009997778,"ConsMesPlaca":0.009997778,"ConsDiaRede":0.734685779,"ConsMesRede":0.734685779,"Status":"REDE"}