{"CorrPlaca":1.97300005,"TensPlaca":18.04000092,"CorrRede":2.644000053,"TensRede":3.546999931,"ConsDiaPlaca":1174.723389,"ConsMesPlaca":1174.723389,"ConsDiaRede":484.5466309,"ConsMesRede":484.5466309,"Status":"REDE"}