{"CorrPlaca":2.684000015,"TensPlaca":18.11300087,"CorrRede":3.184000015,"TensRede":6.745999813,"ConsDiaPlaca":1656.411011,"ConsMesPlaca":1656.411011,"ConsDiaRede":670.9091187,"ConsMesRede":670.9091187,"Status":"REDE"}