{"CorrPlaca":5,"TensPlaca":25,"CorrRede":1.621000051,"TensRede":4.499000072,"ConsDiaPlaca":27569.29883,"ConsMesPlaca":27569.29883,"ConsDiaRede":1118.369873,"ConsMesRede":1118.369873,"Status":"REDE"}