{"CorrPlaca":5,"TensPlaca":18.13100052,"CorrRede":1.019999981,"TensRede":0,"ConsDiaPlaca":8468.244141,"ConsMesPlaca":8468.244141,"ConsDiaRede":529.5661011,"ConsMesRede":529.5661011,"Status":"REDE"}