{"CorrPlaca":0.115000002,"TensPlaca":6.738999844,"CorrRede":0.915000021,"TensRede":0.25,"ConsDiaPlaca":73.06112671,"ConsMesPlaca":73.06112671,"ConsDiaRede":28.06446075,"ConsMesRede":28.06446075,"Status":"REDE"}