{"CorrPlaca":0,"TensPlaca":6.703000069,"CorrRede":0.85799998,"TensRede":0.158000007,"ConsDiaPlaca":83.86122131,"ConsMesPlaca":83.86122131,"ConsDiaRede":34.98193741,"ConsMesRede":34.98193741,"Status":"REDE"}