{"CorrPlaca":0.716000021,"TensPlaca":3.217000008,"CorrRede":0.998000026,"TensRede":1.616999984,"ConsDiaPlaca":178.3687897,"ConsMesPlaca":178.3687897,"ConsDiaRede":164.5714569,"ConsMesRede":164.5714569,"Status":"REDE"}