{"CorrPlaca":0.354000002,"TensPlaca":0,"CorrRede":0.708000004,"TensRede":1.330000043,"ConsDiaPlaca":4909.9375,"ConsMesPlaca":4909.9375,"ConsDiaRede":474.3351135,"ConsMesRede":474.3351135,"Status":"REDE"}