{"CorrPlaca":1.781999946,"TensPlaca":18.0890007,"CorrRede":2.664999962,"TensRede":6.000999928,"ConsDiaPlaca":1465.514893,"ConsMesPlaca":1465.514893,"ConsDiaRede":664.2957153,"ConsMesRede":664.2957153,"Status":"REDE"}