{"CorrPlaca":5,"TensPlaca":25,"CorrRede":2.506999969,"TensRede":7.142000198,"ConsDiaPlaca":18611.02148,"ConsMesPlaca":18611.02148,"ConsDiaRede":703.4515381,"ConsMesRede":703.4515381,"Status":"REDE"}