{"CorrPlaca":0.725000024,"TensPlaca":0,"CorrRede":0.191,"TensRede":0,"ConsDiaPlaca":90.35573578,"ConsMesPlaca":90.35573578,"ConsDiaRede":78.9677887,"ConsMesRede":78.9677887,"Status":"REDE"}