{"CorrPlaca":2.756999969,"TensPlaca":18.0890007,"CorrRede":3.282000065,"TensRede":8.199000359,"ConsDiaPlaca":4640.249512,"ConsMesPlaca":4640.249512,"ConsDiaRede":1810.447754,"ConsMesRede":1810.447754,"Status":"REDE"}