{"CorrPlaca":0,"TensPlaca":3.198999882,"CorrRede":0.252999991,"TensRede":0,"ConsDiaPlaca":146.8302917,"ConsMesPlaca":146.8302917,"ConsDiaRede":140.5171204,"ConsMesRede":140.5171204,"Status":"REDE"}