{"CorrPlaca":0,"TensPlaca":3.118999958,"CorrRede":0.347000003,"TensRede":0,"ConsDiaPlaca":4877.92627,"ConsMesPlaca":4877.92627,"ConsDiaRede":425.4539185,"ConsMesRede":425.4539185,"Status":"REDE"}