{"CorrPlaca":0.075999998,"TensPlaca":6.605000019,"CorrRede":0.968999982,"TensRede":0.261999995,"ConsDiaPlaca":46.29091644,"ConsMesPlaca":46.29091644,"ConsDiaRede":15.41368389,"ConsMesRede":15.41368389,"Status":"REDE"}