{"CorrPlaca":0,"TensPlaca":0,"CorrRede":0.046999998,"TensRede":0,"ConsDiaPlaca":116.909935,"ConsMesPlaca":116.909935,"ConsDiaRede":113.2802811,"ConsMesRede":113.2802811,"Status":"REDE"}