{"CorrPlaca":0.032000002,"TensPlaca":6.721000195,"CorrRede":0.839999974,"TensRede":0.201000005,"ConsDiaPlaca":86.38220978,"ConsMesPlaca":86.38220978,"ConsDiaRede":40.21771622,"ConsMesRede":40.21771622,"Status":"REDE"}