{"CorrPlaca":2.989000082,"TensPlaca":18.05800056,"CorrRede":3.417000055,"TensRede":7.782999992,"ConsDiaPlaca":1581.061401,"ConsMesPlaca":1581.061401,"ConsDiaRede":719.4016724,"ConsMesRede":719.4016724,"Status":"REDE"}