{"Corrente":0.462000012,"Tensao":0,"Consumo":0.006886377,"Status":"REDE"}