{"CorrPlaca":0,"TensPlaca":0,"CorrRede":0.598999977,"TensRede":0.090999998,"ConsDiaPlaca":1.587435603,"ConsMesPlaca":1.587435603,"ConsDiaRede":21.44662476,"ConsMesRede":21.44662476,"Status":"REDE"}