{"Corrente":0.317999989,"Tensao":1.562000036,"Consumo":0.004718454,"Status":"REDE"}