{"CorrPlaca":5,"TensPlaca":15.78100014,"CorrRede":1.110999942,"TensRede":0,"ConsDiaPlaca":5931.437988,"ConsMesPlaca":5931.437988,"ConsDiaRede":488.7629395,"ConsMesRede":488.7629395,"Status":"REDE"}