{"CorrPlaca":2.907000065,"TensPlaca":18.21699905,"CorrRede":3.555999994,"TensRede":8.998000145,"ConsDiaPlaca":452.8275452,"ConsMesPlaca":452.8275452,"ConsDiaRede":213.4061279,"ConsMesRede":213.4061279,"Status":"REDE"}