{"CorrPlaca":0,"TensPlaca":0.781000018,"CorrRede":0.467999995,"TensRede":1.837000012,"ConsDiaPlaca":0,"ConsMesPlaca":0,"ConsDiaRede":0.238810003,"ConsMesRede":0.238810003,"Status":"REDE"}