{"CorrPlaca":5,"TensPlaca":25,"CorrRede":2.433000088,"TensRede":5.677000046,"ConsDiaPlaca":18819.35352,"ConsMesPlaca":18819.35352,"ConsDiaRede":707.6177368,"ConsMesRede":707.6177368,"Status":"REDE"}