{"Corrente":2.342000008,"Tensao":0,"Consumo":0.070479967,"Status":"REDE"}