{"CorrPlaca":0.064000003,"TensPlaca":6.665999889,"CorrRede":0.935000002,"TensRede":0.164000005,"ConsDiaPlaca":65.29957581,"ConsMesPlaca":65.29957581,"ConsDiaRede":24.93982315,"ConsMesRede":24.93982315,"Status":"REDE"}