{"CorrPlaca":0,"TensPlaca":6.647999763,"CorrRede":0.765999973,"TensRede":0.273999989,"ConsDiaPlaca":1.533571362,"ConsMesPlaca":1.533571362,"ConsDiaRede":15.55208397,"ConsMesRede":15.55208397,"Status":"REDE"}