{"CorrPlaca":0.703000009,"TensPlaca":0.59799999,"CorrRede":0.360000014,"TensRede":0.578999996,"ConsDiaPlaca":75.57419586,"ConsMesPlaca":75.57419586,"ConsDiaRede":68.07265472,"ConsMesRede":68.07265472,"Status":"REDE"}