{"CorrPlaca":5,"TensPlaca":25,"CorrRede":1.070000052,"TensRede":0,"ConsDiaPlaca":625.000061,"ConsMesPlaca":625.000061,"ConsDiaRede":22.02912331,"ConsMesRede":22.02912331,"Status":"REDE"}