{"CorrPlaca":0,"TensPlaca":0.505999982,"CorrRede":0.538999975,"TensRede":0.389999986,"ConsDiaPlaca":0.010343335,"ConsMesPlaca":0.010343335,"ConsDiaRede":0.643431127,"ConsMesRede":0.643431127,"Status":"REDE"}