{"CorrPlaca":5,"TensPlaca":15.62199974,"CorrRede":1.812999964,"TensRede":1.470999956,"ConsDiaPlaca":6061.900879,"ConsMesPlaca":6061.900879,"ConsDiaRede":491.0745239,"ConsMesRede":491.0745239,"Status":"REDE"}