{"CorrPlaca":0.340000004,"TensPlaca":18.07600021,"CorrRede":1.516000032,"TensRede":0,"ConsDiaPlaca":1619.564209,"ConsMesPlaca":1619.564209,"ConsDiaRede":502.4191895,"ConsMesRede":502.4191895,"Status":"REDE"}