{"CorrPlaca":0.079000004,"TensPlaca":6.677999973,"CorrRede":0.970000029,"TensRede":0.317000002,"ConsDiaPlaca":54.94300461,"ConsMesPlaca":54.94300461,"ConsDiaRede":19.54755402,"ConsMesRede":19.54755402,"Status":"REDE"}