{"CorrPlaca":0.150000006,"TensPlaca":18.0890007,"CorrRede":1.417000055,"TensRede":0.493999988,"ConsDiaPlaca":880.9249878,"ConsMesPlaca":880.9249878,"ConsDiaRede":356.4927673,"ConsMesRede":356.4927673,"Status":"REDE"}