{"CorrPlaca":5,"TensPlaca":25,"CorrRede":1.090999961,"TensRede":1.965000033,"ConsDiaPlaca":11527.73438,"ConsMesPlaca":11527.73438,"ConsDiaRede":355.12323,"ConsMesRede":355.12323,"Status":"REDE"}