{"CorrPlaca":2.174000025,"TensPlaca":18.06999969,"CorrRede":2.75999999,"TensRede":4.522999763,"ConsDiaPlaca":3892.871582,"ConsMesPlaca":3892.871582,"ConsDiaRede":1514.404175,"ConsMesRede":1514.404175,"Status":"REDE"}