{"CorrPlaca":1.159000039,"TensPlaca":18.07600021,"CorrRede":2.230000019,"TensRede":4.278999805,"ConsDiaPlaca":4591.421387,"ConsMesPlaca":4591.421387,"ConsDiaRede":1786.705566,"ConsMesRede":1786.705566,"Status":"REDE"}