{"CorrPlaca":0.990999997,"TensPlaca":18.1439991,"CorrRede":1.868999958,"TensRede":0.108999997,"ConsDiaPlaca":1614.831543,"ConsMesPlaca":1614.831543,"ConsDiaRede":652.3577271,"ConsMesRede":652.3577271,"Status":"REDE"}