{"CorrPlaca":1.736999989,"TensPlaca":18.17399979,"CorrRede":2.444999933,"TensRede":2.374000072,"ConsDiaPlaca":1475.516479,"ConsMesPlaca":1475.516479,"ConsDiaRede":665.90802,"ConsMesRede":665.90802,"Status":"REDE"}