{"CorrPlaca":5,"TensPlaca":25,"CorrRede":1.666000009,"TensRede":1.73300004,"ConsDiaPlaca":34895.71484,"ConsMesPlaca":34895.71484,"ConsDiaRede":1406.309448,"ConsMesRede":1406.309448,"Status":"REDE"}