{"CorrPlaca":0.709999979,"TensPlaca":1.269000053,"CorrRede":0.541999996,"TensRede":0.897000015,"ConsDiaPlaca":115.3445816,"ConsMesPlaca":115.3445816,"ConsDiaRede":99.63650513,"ConsMesRede":99.63650513,"Status":"REDE"}