{"CorrPlaca":5,"TensPlaca":25,"CorrRede":0.5,"TensRede":0,"ConsDiaPlaca":17638.80664,"ConsMesPlaca":17638.80664,"ConsDiaRede":632.5789185,"ConsMesRede":632.5789185,"Status":"REDE"}