{"Corrente":0,"Tensao":0.360000014,"Consumo":8.655833881e-6,"Status":"REDE"}