{"CorrPlaca":1.113999963,"TensPlaca":18.05800056,"CorrRede":2.200999975,"TensRede":2.851000071,"ConsDiaPlaca":1759.237549,"ConsMesPlaca":1759.237549,"ConsDiaRede":546.3773193,"ConsMesRede":546.3773193,"Status":"REDE"}