{"CorrPlaca":0.277999997,"TensPlaca":18.07600021,"CorrRede":1.366000056,"TensRede":0,"ConsDiaPlaca":2707.854736,"ConsMesPlaca":2707.854736,"ConsDiaRede":1074.256836,"ConsMesRede":1074.256836,"Status":"REDE"}