{"CorrPlaca":0,"TensPlaca":0,"CorrRede":0.60799998,"TensRede":0,"ConsDiaPlaca":1.587435603,"ConsMesPlaca":1.587435603,"ConsDiaRede":188.3457642,"ConsMesRede":188.3457642,"Status":"REDE"}