{"Corrente":0,"Tensao":0.293000013,"Consumo":0.001148617,"Status":"REDE"}