{"CorrPlaca":5,"TensPlaca":25,"CorrRede":3.407000065,"TensRede":0.787,"ConsDiaPlaca":2319.343506,"ConsMesPlaca":2319.343506,"ConsDiaRede":353.4382935,"ConsMesRede":353.4382935,"Status":"REDE"}