{"CorrPlaca":5,"TensPlaca":25,"CorrRede":1.06099999,"TensRede":2.051000118,"ConsDiaPlaca":26631.80469,"ConsMesPlaca":26631.80469,"ConsDiaRede":1066.62793,"ConsMesRede":1066.62793,"Status":"REDE"}