{"CorrPlaca":2.872999907,"TensPlaca":18.13699913,"CorrRede":3.380000114,"TensRede":7.52699995,"ConsDiaPlaca":2743.822266,"ConsMesPlaca":2743.822266,"ConsDiaRede":851.9953613,"ConsMesRede":851.9953613,"Status":"REDE"}