{"CorrPlaca":0,"TensPlaca":0,"CorrRede":0.623000026,"TensRede":6.611000061,"ConsDiaPlaca":1.587435603,"ConsMesPlaca":1.587435603,"ConsDiaRede":41.5494194,"ConsMesRede":41.5494194,"Status":"REDE"}