{"CorrPlaca":0,"TensPlaca":6.550000191,"CorrRede":0.791000009,"TensRede":0.213,"ConsDiaPlaca":1.533571362,"ConsMesPlaca":1.533571362,"ConsDiaRede":13.78834724,"ConsMesRede":13.78834724,"Status":"REDE"}