{"Corrente":14.5010004,"Tensao":1.496999979,"Consumo":0.119722597,"Status":"REDE"}