{"CorrPlaca":2.311000109,"TensPlaca":18.15600014,"CorrRede":2.982000113,"TensRede":7.539000034,"ConsDiaPlaca":2873.355957,"ConsMesPlaca":2873.355957,"ConsDiaRede":1138.483032,"ConsMesRede":1138.483032,"Status":"REDE"}