{"CorrPlaca":0.846000016,"TensPlaca":25,"CorrRede":2.890000105,"TensRede":0.5,"ConsDiaPlaca":1346.599609,"ConsMesPlaca":1346.599609,"ConsDiaRede":327.523468,"ConsMesRede":327.523468,"Status":"REDE"}