{"CorrPlaca":0.885999978,"TensPlaca":3.22300005,"CorrRede":1.042000055,"TensRede":0.188999996,"ConsDiaPlaca":4909.641602,"ConsMesPlaca":4909.641602,"ConsDiaRede":472.5298462,"ConsMesRede":472.5298462,"Status":"REDE"}