{"CorrPlaca":5,"TensPlaca":3.266000032,"CorrRede":0.958999991,"TensRede":0.122000001,"ConsDiaPlaca":4963.003906,"ConsMesPlaca":4963.003906,"ConsDiaRede":476.4379272,"ConsMesRede":476.4379272,"Status":"REDE"}