{"CorrPlaca":3.967000008,"TensPlaca":25,"CorrRede":1.643000007,"TensRede":0.158000007,"ConsDiaPlaca":13215.64941,"ConsMesPlaca":13215.64941,"ConsDiaRede":568.4078369,"ConsMesRede":568.4078369,"Status":"REDE"}