{"Corrente":5,"Tensao":2.789000034,"Consumo":0.023236113,"Status":"REDE"}