{"corrente":0.741999984,"tensao":4.06799984,"consumo":0.031077426}