{"CorrPlaca":0.133000001,"TensPlaca":18.06999969,"CorrRede":1.432000041,"TensRede":0.573000014,"ConsDiaPlaca":947.4359131,"ConsMesPlaca":947.4359131,"ConsDiaRede":384.9258423,"ConsMesRede":384.9258423,"Status":"REDE"}