{"CorrPlaca":0.018999999,"TensPlaca":3.118999958,"CorrRede":0.559000015,"TensRede":0.652999997,"ConsDiaPlaca":168.8988037,"ConsMesPlaca":168.8988037,"ConsDiaRede":156.5635223,"ConsMesRede":156.5635223,"Status":"REDE"}