{"Corrente":14.64299965,"Tensao":27.32600021,"Consumo":2.244930744,"Status":"PLACA"}