{"CorrPlaca":2.464999914,"TensPlaca":25,"CorrRede":3.769999981,"TensRede":3.60800004,"ConsDiaPlaca":632.1137085,"ConsMesPlaca":632.1137085,"ConsDiaRede":224.2916565,"ConsMesRede":224.2916565,"Status":"REDE"}