{"CorrPlaca":3.503999949,"TensPlaca":25,"CorrRede":2.382999897,"TensRede":4.334000111,"ConsDiaPlaca":30210.32031,"ConsMesPlaca":30210.32031,"ConsDiaRede":777.7937012,"ConsMesRede":777.7937012,"Status":"REDE"}