{"Corrente":14.57999992,"Tensao":3.10800004,"Consumo":2.779476643,"Status":"REDE"}