{"CorrPlaca":0.694000006,"TensPlaca":0,"CorrRede":0.174999997,"TensRede":0,"ConsDiaPlaca":84.47689056,"ConsMesPlaca":84.47689056,"ConsDiaRede":74.94685364,"ConsMesRede":74.94685364,"Status":"REDE"}