{"CorrPlaca":0.703000009,"TensPlaca":0.31099999,"CorrRede":0.266000003,"TensRede":0.389999986,"ConsDiaPlaca":26.42716599,"ConsMesPlaca":26.42716599,"ConsDiaRede":21.16053963,"ConsMesRede":21.16053963,"Status":"REDE"}