{"CorrPlaca":0,"TensPlaca":0.628000021,"CorrRede":0.504000008,"TensRede":0.395999998,"ConsDiaPlaca":0,"ConsMesPlaca":0,"ConsDiaRede":0.616665304,"ConsMesRede":0.616665304,"Status":"REDE"}