{"CorrPlaca":3.124000072,"TensPlaca":18.09499931,"CorrRede":3.746999979,"TensRede":9.37100029,"ConsDiaPlaca":849.1414185,"ConsMesPlaca":849.1414185,"ConsDiaRede":378.4340515,"ConsMesRede":378.4340515,"Status":"REDE"}