{"CorrPlaca":0.552999973,"TensPlaca":7.130000114,"CorrRede":1.169999957,"TensRede":1.202000022,"ConsDiaPlaca":10.85269451,"ConsMesPlaca":10.85269451,"ConsDiaRede":3.818354607,"ConsMesRede":3.818354607,"Status":"REDE"}