{"CorrPlaca":0,"TensPlaca":0,"CorrRede":0.588999987,"TensRede":0.177000001,"ConsDiaPlaca":1.587435603,"ConsMesPlaca":1.587435603,"ConsDiaRede":186.7701111,"ConsMesRede":186.7701111,"Status":"REDE"}