{"CorrPlaca":5,"TensPlaca":25,"CorrRede":1.868999958,"TensRede":2.960000038,"ConsDiaPlaca":35104.05859,"ConsMesPlaca":35104.05859,"ConsDiaRede":1413.770996,"ConsMesRede":1413.770996,"Status":"REDE"}