{"CorrPlaca":1.110999942,"TensPlaca":18.11300087,"CorrRede":2.221999884,"TensRede":3.619999886,"ConsDiaPlaca":491.0370483,"ConsMesPlaca":491.0370483,"ConsDiaRede":204.4396973,"ConsMesRede":204.4396973,"Status":"REDE"}