{"CorrPlaca":0.603999972,"TensPlaca":18.06999969,"CorrRede":1.856999993,"TensRede":1.952999949,"ConsDiaPlaca":4224.269043,"ConsMesPlaca":4224.269043,"ConsDiaRede":1321.363892,"ConsMesRede":1321.363892,"Status":"REDE"}