{"CorrPlaca":0.061999999,"TensPlaca":6.709000111,"CorrRede":0.898999989,"TensRede":0,"ConsDiaPlaca":74.05874634,"ConsMesPlaca":74.05874634,"ConsDiaRede":28.40076256,"ConsMesRede":28.40076256,"Status":"REDE"}