{"CorrPlaca":1.674999952,"TensPlaca":18.13699913,"CorrRede":2.405999899,"TensRede":1.848999977,"ConsDiaPlaca":4104.194336,"ConsMesPlaca":4104.194336,"ConsDiaRede":1282.895264,"ConsMesRede":1282.895264,"Status":"REDE"}