{"CorrPlaca":0.735000014,"TensPlaca":2.441999912,"CorrRede":0.681999981,"TensRede":0.395999998,"ConsDiaPlaca":29.34606171,"ConsMesPlaca":29.34606171,"ConsDiaRede":23.81149483,"ConsMesRede":23.81149483,"Status":"REDE"}