{"CorrPlaca":0,"TensPlaca":6.738999844,"CorrRede":0.785000026,"TensRede":0.293000013,"ConsDiaPlaca":1.533571362,"ConsMesPlaca":1.533571362,"ConsDiaRede":13.33370781,"ConsMesRede":13.33370781,"Status":"REDE"}