{"Corrente":0.481000006,"Tensao":0,"Consumo":0.006886377,"Status":"REDE"}