{"CorrPlaca":0.714999974,"TensPlaca":4.620999813,"CorrRede":1.222000003,"TensRede":3.028000116,"ConsDiaPlaca":114.0033951,"ConsMesPlaca":114.0033951,"ConsDiaRede":98.44737244,"ConsMesRede":98.44737244,"Status":"REDE"}