{"CorrPlaca":5,"TensPlaca":25,"CorrRede":2.157999992,"TensRede":6.830999851,"ConsDiaPlaca":22465.16406,"ConsMesPlaca":22465.16406,"ConsDiaRede":870.5447388,"ConsMesRede":870.5447388,"Status":"REDE"}