{"Corrente":15.11100006,"Tensao":0,"Consumo":0.792368889,"Status":"REDE"}