{"CorrPlaca":0.703000009,"TensPlaca":5.981999874,"CorrRede":1.48300004,"TensRede":3.417999983,"ConsDiaPlaca":78.09436798,"ConsMesPlaca":78.09436798,"ConsDiaRede":70.99888611,"ConsMesRede":70.99888611,"Status":"REDE"}