{"CorrPlaca":5,"TensPlaca":25,"CorrRede":0.957000017,"TensRede":0,"ConsDiaPlaca":14305.49414,"ConsMesPlaca":14305.49414,"ConsDiaRede":479.528595,"ConsMesRede":479.528595,"Status":"REDE"}