{"CorrPlaca":1.190999985,"TensPlaca":18.1439991,"CorrRede":2.130000114,"TensRede":0,"ConsDiaPlaca":572.793335,"ConsMesPlaca":572.793335,"ConsDiaRede":259.6400146,"ConsMesRede":259.6400146,"Status":"REDE"}