{"CorrPlaca":0.435000002,"TensPlaca":18.05800056,"CorrRede":1.613999963,"TensRede":0.317000002,"ConsDiaPlaca":2007.281494,"ConsMesPlaca":2007.281494,"ConsDiaRede":622.1149292,"ConsMesRede":622.1149292,"Status":"REDE"}