{"Corrente":14.56499958,"Tensao":3.124000072,"Consumo":6.128645897,"Status":"REDE"}