{"CorrPlaca":0,"TensPlaca":6.738999844,"CorrRede":0.768000007,"TensRede":0.017999999,"ConsDiaPlaca":1.587435603,"ConsMesPlaca":1.587435603,"ConsDiaRede":22.25712585,"ConsMesRede":22.25712585,"Status":"REDE"}