{"CorrPlaca":3.515000105,"TensPlaca":25,"CorrRede":2.38499999,"TensRede":5.873000145,"ConsDiaPlaca":21008.70313,"ConsMesPlaca":21008.70313,"ConsDiaRede":717.7670288,"ConsMesRede":717.7670288,"Status":"REDE"}