{"CorrPlaca":3.332999945,"TensPlaca":25,"CorrRede":2.40199995,"TensRede":5.177000046,"ConsDiaPlaca":30306.87695,"ConsMesPlaca":30306.87695,"ConsDiaRede":785.0927734,"ConsMesRede":785.0927734,"Status":"REDE"}