{"CorrPlaca":0.001,"TensPlaca":6.574999809,"CorrRede":0.833000004,"TensRede":0.201000005,"ConsDiaPlaca":85.31069946,"ConsMesPlaca":85.31069946,"ConsDiaRede":38.18825912,"ConsMesRede":38.18825912,"Status":"REDE"}