{"CorrPlaca":1.781999946,"TensPlaca":18.06399918,"CorrRede":2.464999914,"TensRede":2.569999933,"ConsDiaPlaca":625.3939209,"ConsMesPlaca":625.3939209,"ConsDiaRede":256.9026794,"ConsMesRede":256.9026794,"Status":"REDE"}