{"CorrPlaca":0.202999994,"TensPlaca":18.07600021,"CorrRede":1.425999999,"TensRede":0,"ConsDiaPlaca":4082.433105,"ConsMesPlaca":4082.433105,"ConsDiaRede":1275.039795,"ConsMesRede":1275.039795,"Status":"REDE"}