{"CorrPlaca":0.467999995,"TensPlaca":18.05200005,"CorrRede":1.572999954,"TensRede":0,"ConsDiaPlaca":2141.523682,"ConsMesPlaca":2141.523682,"ConsDiaRede":667.5728149,"ConsMesRede":667.5728149,"Status":"REDE"}