{"CorrPlaca":0,"TensPlaca":6.727000237,"CorrRede":0.808000028,"TensRede":0.328999996,"ConsDiaPlaca":1.533571362,"ConsMesPlaca":1.533571362,"ConsDiaRede":9.607269287,"ConsMesRede":9.607269287,"Status":"REDE"}