{"CorrPlaca":0.023,"TensPlaca":6.677999973,"CorrRede":0.81400001,"TensRede":0.041999999,"ConsDiaPlaca":86.9499588,"ConsMesPlaca":86.9499588,"ConsDiaRede":41.85613632,"ConsMesRede":41.85613632,"Status":"REDE"}