{"corrente":0.693000019,"tensao":0.708000004,"consumo":0.0041831}