{"CorrPlaca":0.048,"TensPlaca":6.653999805,"CorrRede":0.882000029,"TensRede":0.261999995,"ConsDiaPlaca":81.77196503,"ConsMesPlaca":81.77196503,"ConsDiaRede":32.31626511,"ConsMesRede":32.31626511,"Status":"REDE"}