{"CorrPlaca":0.074000001,"TensPlaca":6.697000027,"CorrRede":0.957000017,"TensRede":0.280000001,"ConsDiaPlaca":62.31658173,"ConsMesPlaca":62.31658173,"ConsDiaRede":23.3730278,"ConsMesRede":23.3730278,"Status":"REDE"}