{"Corrente":0,"Tensao":6.659999847,"Consumo":0.018012863,"Status":"REDE"}