{"CorrPlaca":1.511000037,"TensPlaca":18.125,"CorrRede":2.520999908,"TensRede":3.778000116,"ConsDiaPlaca":462.2322998,"ConsMesPlaca":462.2322998,"ConsDiaRede":148.9195099,"ConsMesRede":148.9195099,"Status":"REDE"}