{"CorrPlaca":0,"TensPlaca":0,"CorrRede":0.611999989,"TensRede":0.140000001,"ConsDiaPlaca":1.587435603,"ConsMesPlaca":1.587435603,"ConsDiaRede":186.8257446,"ConsMesRede":186.8257446,"Status":"REDE"}