{"CorrPlaca":0,"TensPlaca":0,"CorrRede":0.619000018,"TensRede":0.164000005,"ConsDiaPlaca":1.587435603,"ConsMesPlaca":1.587435603,"ConsDiaRede":187.0531769,"ConsMesRede":187.0531769,"Status":"REDE"}