{"CorrPlaca":0.703000009,"TensPlaca":4.670000076,"CorrRede":1.266000032,"TensRede":3.766000032,"ConsDiaPlaca":116.909935,"ConsMesPlaca":116.909935,"ConsDiaRede":101.6932526,"ConsMesRede":101.6932526,"Status":"REDE"}