{"Corrente":14.32600021,"Tensao":27.26099968,"Consumo":7.362103462,"Status":"PLACA"}