{"CorrPlaca":0.119999997,"TensPlaca":6.727000237,"CorrRede":0.995999992,"TensRede":0.273999989,"ConsDiaPlaca":18.86833763,"ConsMesPlaca":18.86833763,"ConsDiaRede":6.622189999,"ConsMesRede":6.622189999,"Status":"REDE"}