{"CorrPlaca":0,"TensPlaca":0,"CorrRede":0.43900001,"TensRede":0.029999999,"ConsDiaPlaca":168.0245667,"ConsMesPlaca":168.0245667,"ConsDiaRede":10.7297554,"ConsMesRede":10.7297554,"Status":"REDE"}