{"CorrPlaca":0,"TensPlaca":6.727000237,"CorrRede":0.852999985,"TensRede":0.537,"ConsDiaPlaca":1.507565975,"ConsMesPlaca":1.507565975,"ConsDiaRede":3.918137074,"ConsMesRede":3.918137074,"Status":"REDE"}