{"CorrPlaca":0.039000001,"TensPlaca":6.659999847,"CorrRede":0.870000005,"TensRede":0.25,"ConsDiaPlaca":81.88674164,"ConsMesPlaca":81.88674164,"ConsDiaRede":32.42687607,"ConsMesRede":32.42687607,"Status":"REDE"}