{"Corrente":14.27200031,"Tensao":0,"Consumo":1.197687745,"Status":"REDE"}