{"CorrPlaca":5,"TensPlaca":25,"CorrRede":1.97300005,"TensRede":1.202000022,"ConsDiaPlaca":6803.532227,"ConsMesPlaca":6803.532227,"ConsDiaRede":523.7597046,"ConsMesRede":523.7597046,"Status":"REDE"}