{"CorrPlaca":0,"TensPlaca":6.544000149,"CorrRede":0.815999985,"TensRede":0.090999998,"ConsDiaPlaca":86.20278931,"ConsMesPlaca":86.20278931,"ConsDiaRede":39.80537033,"ConsMesRede":39.80537033,"Status":"REDE"}