{"CorrPlaca":1.113000035,"TensPlaca":25,"CorrRede":2.875,"TensRede":0,"ConsDiaPlaca":448.926239,"ConsMesPlaca":448.926239,"ConsDiaRede":194.7237549,"ConsMesRede":194.7237549,"Status":"REDE"}