{"CorrPlaca":0.722000003,"TensPlaca":18.13100052,"CorrRede":1.763000011,"TensRede":0,"ConsDiaPlaca":1560.738281,"ConsMesPlaca":1560.738281,"ConsDiaRede":484.4987488,"ConsMesRede":484.4987488,"Status":"REDE"}