{"CorrPlaca":0.82099998,"TensPlaca":18.06399918,"CorrRede":1.99000001,"TensRede":1.031000018,"ConsDiaPlaca":553.5383301,"ConsMesPlaca":553.5383301,"ConsDiaRede":171.511734,"ConsMesRede":171.511734,"Status":"REDE"}