{"CorrPlaca":1.73300004,"TensPlaca":18.13699913,"CorrRede":2.61500001,"TensRede":5.243999958,"ConsDiaPlaca":3745.3479,"ConsMesPlaca":3745.3479,"ConsDiaRede":1168.914185,"ConsMesRede":1168.914185,"Status":"REDE"}