{"CorrPlaca":1.065000057,"TensPlaca":18.05800056,"CorrRede":1.912999988,"TensRede":0.177000001,"ConsDiaPlaca":3102.514404,"ConsMesPlaca":3102.514404,"ConsDiaRede":1228.237549,"ConsMesRede":1228.237549,"Status":"REDE"}