{"CorrPlaca":5,"TensPlaca":18.06999969,"CorrRede":1.256999969,"TensRede":0.097000003,"ConsDiaPlaca":12164.66211,"ConsMesPlaca":12164.66211,"ConsDiaRede":537.7966919,"ConsMesRede":537.7966919,"Status":"REDE"}