{"CorrPlaca":0.699999988,"TensPlaca":0,"CorrRede":0.057,"TensRede":0,"ConsDiaPlaca":72.6997757,"ConsMesPlaca":72.6997757,"ConsDiaRede":65.41631317,"ConsMesRede":65.41631317,"Status":"REDE"}