{"CorrPlaca":0,"TensPlaca":0.683000028,"CorrRede":0.519999981,"TensRede":0.505999982,"ConsDiaPlaca":0,"ConsMesPlaca":0,"ConsDiaRede":0.654630244,"ConsMesRede":0.654630244,"Status":"REDE"}