{"Corrente":0.331999987,"Tensao":5.946000099,"Consumo":0.002505193,"Status":"REDE"}