{"CorrPlaca":0.423999995,"TensPlaca":7.074999809,"CorrRede":1.133000016,"TensRede":0.671000004,"ConsDiaPlaca":3.693356991,"ConsMesPlaca":3.693356991,"ConsDiaRede":1.7518996,"ConsMesRede":1.7518996,"Status":"REDE"}