{"corrente":-0.017999999,"tensao":0,"consumo":-0.000224933}