{"CorrPlaca":0,"TensPlaca":0.781000018,"CorrRede":0.528999984,"TensRede":0.286000013,"ConsDiaPlaca":0,"ConsMesPlaca":0,"ConsDiaRede":0.492982507,"ConsMesRede":0.492982507,"Status":"REDE"}