{"CorrPlaca":0.718999982,"TensPlaca":0,"CorrRede":0.156000003,"TensRede":0,"ConsDiaPlaca":87.61139679,"ConsMesPlaca":87.61139679,"ConsDiaRede":77.97691345,"ConsMesRede":77.97691345,"Status":"REDE"}