{"CorrPlaca":3.448999882,"TensPlaca":25,"CorrRede":1.343999982,"TensRede":2.387000084,"ConsDiaPlaca":16473.10547,"ConsMesPlaca":16473.10547,"ConsDiaRede":639.7667236,"ConsMesRede":639.7667236,"Status":"REDE"}