{"CorrPlaca":0.035999998,"TensPlaca":6.782000065,"CorrRede":0.860000014,"TensRede":0.25,"ConsDiaPlaca":82.36903381,"ConsMesPlaca":82.36903381,"ConsDiaRede":32.94284058,"ConsMesRede":32.94284058,"Status":"REDE"}