{"CorrPlaca":5,"TensPlaca":3.198999882,"CorrRede":0.577000022,"TensRede":0,"ConsDiaPlaca":6632.820313,"ConsMesPlaca":6632.820313,"ConsDiaRede":504.3592529,"ConsMesRede":504.3592529,"Status":"REDE"}