{"Corrente":179.5,"Tensao":26.15399933,"Consumo":4.052639961,"Status":"PLACA"}