{"CorrPlaca":0.694999993,"TensPlaca":3.417999983,"CorrRede":0.924000025,"TensRede":2.625,"ConsDiaPlaca":28.8474884,"ConsMesPlaca":28.8474884,"ConsDiaRede":23.73647499,"ConsMesRede":23.73647499,"Status":"REDE"}