{"corrente":1.327999949,"tensao":3.693000078,"consumo":0.008453317}