{"Corrente":-3.332999945,"Tensao":0,"Consumo":0.071220368,"Status":"REDE"}