{"CorrPlaca":3.54399991,"TensPlaca":25,"CorrRede":1.27699995,"TensRede":1.659999967,"ConsDiaPlaca":21033.31641,"ConsMesPlaca":21033.31641,"ConsDiaRede":718.355835,"ConsMesRede":718.355835,"Status":"REDE"}