{"CorrPlaca":0,"TensPlaca":0,"CorrRede":0.644999981,"TensRede":6.684000015,"ConsDiaPlaca":1.587435603,"ConsMesPlaca":1.587435603,"ConsDiaRede":56.07162476,"ConsMesRede":56.07162476,"Status":"REDE"}