{"corrente":0,"tensao":1.074000001,"consumo":0.379297614}