{"CorrPlaca":0,"TensPlaca":3.191999912,"CorrRede":0.467999995,"TensRede":0.384000003,"ConsDiaPlaca":154.1610718,"ConsMesPlaca":154.1610718,"ConsDiaRede":145.3090057,"ConsMesRede":145.3090057,"Status":"REDE"}