{"CorrPlaca":0.818000019,"TensPlaca":18.06999969,"CorrRede":1.779999971,"TensRede":0,"ConsDiaPlaca":2782.094482,"ConsMesPlaca":2782.094482,"ConsDiaRede":864.4553833,"ConsMesRede":864.4553833,"Status":"REDE"}