{"CorrPlaca":0,"TensPlaca":6.684000015,"CorrRede":0.842000008,"TensRede":0.140000001,"ConsDiaPlaca":83.23625946,"ConsMesPlaca":83.23625946,"ConsDiaRede":33.8887291,"ConsMesRede":33.8887291,"Status":"REDE"}