{"Corrente":-0.493999988,"Tensao":11.45699978,"Consumo":0.195241168,"Status":"REDE"}