{"CorrPlaca":1.226999998,"TensPlaca":18.0890007,"CorrRede":2.046999931,"TensRede":0.151999995,"ConsDiaPlaca":2447.331055,"ConsMesPlaca":2447.331055,"ConsDiaRede":761.2260132,"ConsMesRede":761.2260132,"Status":"REDE"}