{"CorrPlaca":0.31099999,"TensPlaca":18.01499939,"CorrRede":1.434000015,"TensRede":0,"ConsDiaPlaca":3829.937012,"ConsMesPlaca":3829.937012,"ConsDiaRede":1190.87854,"ConsMesRede":1190.87854,"Status":"REDE"}