{"CorrPlaca":0,"TensPlaca":0,"CorrRede":0.614000022,"TensRede":0.097000003,"ConsDiaPlaca":1.587435603,"ConsMesPlaca":1.587435603,"ConsDiaRede":187.7686615,"ConsMesRede":187.7686615,"Status":"REDE"}