{"CorrPlaca":0.703000009,"TensPlaca":5.981999874,"CorrRede":1.483999968,"TensRede":2.734999895,"ConsDiaPlaca":94.51858521,"ConsMesPlaca":94.51858521,"ConsDiaRede":84.3600235,"ConsMesRede":84.3600235,"Status":"REDE"}