{"CorrPlaca":5,"TensPlaca":25,"CorrRede":0.623000026,"TensRede":0.389999986,"ConsDiaPlaca":312.5,"ConsMesPlaca":312.5,"ConsDiaRede":10.54403305,"ConsMesRede":10.54403305,"Status":"REDE"}