{"CorrPlaca":0.018999999,"TensPlaca":6.721000195,"CorrRede":0.809000015,"TensRede":0.177000001,"ConsDiaPlaca":87.30899048,"ConsMesPlaca":87.30899048,"ConsDiaRede":42.99959564,"ConsMesRede":42.99959564,"Status":"REDE"}