{"Corrente":-3.332999945,"Tensao":0,"Consumo":0.081170537,"Status":"REDE"}