{"CorrPlaca":0.241999999,"TensPlaca":3.22300005,"CorrRede":0.638999999,"TensRede":0,"ConsDiaPlaca":136.1814423,"ConsMesPlaca":136.1814423,"ConsDiaRede":131.3912354,"ConsMesRede":131.3912354,"Status":"REDE"}