{"Corrente":2.937999964,"Tensao":0,"Consumo":0.099550068,"Status":"REDE"}