{"CorrPlaca":0.305999994,"TensPlaca":18.07600021,"CorrRede":1.542000055,"TensRede":0.512000024,"ConsDiaPlaca":4888.527832,"ConsMesPlaca":4888.527832,"ConsDiaRede":1514.487915,"ConsMesRede":1514.487915,"Status":"REDE"}