{"CorrPlaca":0,"TensPlaca":6.697000027,"CorrRede":0.836000025,"TensRede":0.524999976,"ConsDiaPlaca":1.522501469,"ConsMesPlaca":1.522501469,"ConsDiaRede":5.449664116,"ConsMesRede":5.449664116,"Status":"REDE"}