{"CorrPlaca":0,"TensPlaca":6.751999855,"CorrRede":0.768000007,"TensRede":0.201000005,"ConsDiaPlaca":1.587435603,"ConsMesPlaca":1.587435603,"ConsDiaRede":18.95433235,"ConsMesRede":18.95433235,"Status":"REDE"}