{"CorrPlaca":0,"TensPlaca":6.709000111,"CorrRede":0.773999989,"TensRede":0.097000003,"ConsDiaPlaca":1.587435603,"ConsMesPlaca":1.587435603,"ConsDiaRede":22.40069008,"ConsMesRede":22.40069008,"Status":"REDE"}