{"CorrPlaca":0.426999986,"TensPlaca":3.217000008,"CorrRede":0.84799999,"TensRede":1.715000033,"ConsDiaPlaca":139.4584656,"ConsMesPlaca":139.4584656,"ConsDiaRede":134.1462708,"ConsMesRede":134.1462708,"Status":"REDE"}