{"CorrPlaca":0.716000021,"TensPlaca":0,"CorrRede":0.085000001,"TensRede":0,"ConsDiaPlaca":39.21432114,"ConsMesPlaca":39.21432114,"ConsDiaRede":32.17258453,"ConsMesRede":32.17258453,"Status":"REDE"}