{"Corrente":14.35999966,"Tensao":2.39199996,"Consumo":0.057686768,"Status":"REDE"}