{"Corrente":1.993000031,"Tensao":0,"Consumo":0.070479967,"Status":"REDE"}