{"CorrPlaca":0.638999999,"TensPlaca":18.06999969,"CorrRede":1.840999961,"TensRede":0.578999996,"ConsDiaPlaca":489.6193542,"ConsMesPlaca":489.6193542,"ConsDiaRede":154.6362,"ConsMesRede":154.6362,"Status":"REDE"}