{"CorrPlaca":0.178000003,"TensPlaca":18.06399918,"CorrRede":1.286000013,"TensRede":0,"ConsDiaPlaca":2465.559814,"ConsMesPlaca":2465.559814,"ConsDiaRede":979.8323364,"ConsMesRede":979.8323364,"Status":"REDE"}