{"CorrPlaca":1.427999973,"TensPlaca":18.22900009,"CorrRede":2.434999943,"TensRede":4.486999989,"ConsDiaPlaca":4278.895996,"ConsMesPlaca":4278.895996,"ConsDiaRede":1338.974976,"ConsMesRede":1338.974976,"Status":"REDE"}