{"CorrPlaca":0,"TensPlaca":6.665999889,"CorrRede":0.825999975,"TensRede":0.476000011,"ConsDiaPlaca":1.533571362,"ConsMesPlaca":1.533571362,"ConsDiaRede":6.512539387,"ConsMesRede":6.512539387,"Status":"REDE"}