{"CorrPlaca":0.465999991,"TensPlaca":6.409999847,"CorrRede":1.228999972,"TensRede":1.422000051,"ConsDiaPlaca":6.181697845,"ConsMesPlaca":6.181697845,"ConsDiaRede":2.487865686,"ConsMesRede":2.487865686,"Status":"REDE"}