{"CorrPlaca":0.759000003,"TensPlaca":18.125,"CorrRede":1.947000027,"TensRede":2.631000042,"ConsDiaPlaca":5420.109375,"ConsMesPlaca":5420.109375,"ConsDiaRede":1708.327026,"ConsMesRede":1708.327026,"Status":"REDE"}