{"CorrPlaca":0.057,"TensPlaca":6.703000069,"CorrRede":0.967999995,"TensRede":0.261999995,"ConsDiaPlaca":52.4034462,"ConsMesPlaca":52.4034462,"ConsDiaRede":18.29540634,"ConsMesRede":18.29540634,"Status":"REDE"}