{"CorrPlaca":0.42899999,"TensPlaca":18.06999969,"CorrRede":1.542999983,"TensRede":0,"ConsDiaPlaca":1012.484314,"ConsMesPlaca":1012.484314,"ConsDiaRede":412.2450256,"ConsMesRede":412.2450256,"Status":"REDE"}