{"CorrPlaca":0.119999997,"TensPlaca":6.738999844,"CorrRede":0.984000027,"TensRede":0.224999994,"ConsDiaPlaca":15.81337261,"ConsMesPlaca":15.81337261,"ConsDiaRede":5.686346054,"ConsMesRede":5.686346054,"Status":"REDE"}