{"CorrPlaca":5,"TensPlaca":25,"CorrRede":0.609000027,"TensRede":0,"ConsDiaPlaca":22985.99414,"ConsMesPlaca":22985.99414,"ConsDiaRede":899.4425659,"ConsMesRede":899.4425659,"Status":"REDE"}