{"CorrPlaca":5,"TensPlaca":25,"CorrRede":2.494999886,"TensRede":5.763000011,"ConsDiaPlaca":1215.278198,"ConsMesPlaca":1215.278198,"ConsDiaRede":71.22594452,"ConsMesRede":71.22594452,"Status":"REDE"}