{"CorrPlaca":5,"TensPlaca":0,"CorrRede":0.819999993,"TensRede":0.469999999,"ConsDiaPlaca":6734.087891,"ConsMesPlaca":6734.087891,"ConsDiaRede":521.9464722,"ConsMesRede":521.9464722,"Status":"REDE"}