{"CorrPlaca":1.506000042,"TensPlaca":18.06999969,"CorrRede":2.249000072,"TensRede":1.605000019,"ConsDiaPlaca":2452.570801,"ConsMesPlaca":2452.570801,"ConsDiaRede":973.0983276,"ConsMesRede":973.0983276,"Status":"REDE"}