{"CorrPlaca":5,"TensPlaca":25,"CorrRede":0.666999996,"TensRede":0,"ConsDiaPlaca":14131.88379,"ConsMesPlaca":14131.88379,"ConsDiaRede":476.4004822,"ConsMesRede":476.4004822,"Status":"REDE"}