{"CorrPlaca":0.981000006,"TensPlaca":18.09499931,"CorrRede":1.866000056,"TensRede":0.128000006,"ConsDiaPlaca":2110.042969,"ConsMesPlaca":2110.042969,"ConsDiaRede":846.2791748,"ConsMesRede":846.2791748,"Status":"REDE"}