{"CorrPlaca":3.102999926,"TensPlaca":18.13100052,"CorrRede":3.614000082,"TensRede":9.248999596,"ConsDiaPlaca":1614.342041,"ConsMesPlaca":1614.342041,"ConsDiaRede":733.1217651,"ConsMesRede":733.1217651,"Status":"REDE"}