{"CorrPlaca":0.722000003,"TensPlaca":0,"CorrRede":0.180999994,"TensRede":0,"ConsDiaPlaca":102.1327438,"ConsMesPlaca":102.1327438,"ConsDiaRede":88.73773193,"ConsMesRede":88.73773193,"Status":"REDE"}