{"CorrPlaca":5,"TensPlaca":25,"CorrRede":1.667000055,"TensRede":1.398000002,"ConsDiaPlaca":30381.7793,"ConsMesPlaca":30381.7793,"ConsDiaRede":1260.500366,"ConsMesRede":1260.500366,"Status":"REDE"}