{"CorrPlaca":0.119000003,"TensPlaca":6.544000149,"CorrRede":0.964999974,"TensRede":0.188999996,"ConsDiaPlaca":40.44078827,"ConsMesPlaca":40.44078827,"ConsDiaRede":13.02995491,"ConsMesRede":13.02995491,"Status":"REDE"}