{"CorrPlaca":5,"TensPlaca":25,"CorrRede":0.56400001,"TensRede":0,"ConsDiaPlaca":19722.12695,"ConsMesPlaca":19722.12695,"ConsDiaRede":755.6452026,"ConsMesRede":755.6452026,"Status":"REDE"}