{"CorrPlaca":2.029000044,"TensPlaca":18.05200005,"CorrRede":2.786999941,"TensRede":5.781000137,"ConsDiaPlaca":3705.996094,"ConsMesPlaca":3705.996094,"ConsDiaRede":1161.238037,"ConsMesRede":1161.238037,"Status":"REDE"}