{"CorrPlaca":0,"TensPlaca":18.11300087,"CorrRede":1.161000013,"TensRede":0,"ConsDiaPlaca":3806.058594,"ConsMesPlaca":3806.058594,"ConsDiaRede":1484.024536,"ConsMesRede":1484.024536,"Status":"REDE"}