{"CorrPlaca":5,"TensPlaca":25,"CorrRede":1.820000052,"TensRede":2.203000069,"ConsDiaPlaca":28610.95703,"ConsMesPlaca":28610.95703,"ConsDiaRede":1167.086914,"ConsMesRede":1167.086914,"Status":"REDE"}