{"corrente":1.333999991,"tensao":7.387000084,"consumo":1.410978794}