{"CorrPlaca":0.018999999,"TensPlaca":6.684000015,"CorrRede":0.848999977,"TensRede":0.213,"ConsDiaPlaca":83.61109161,"ConsMesPlaca":83.61109161,"ConsDiaRede":34.47215652,"ConsMesRede":34.47215652,"Status":"REDE"}