{"CorrPlaca":5,"TensPlaca":25,"CorrRede":0.504000008,"TensRede":0,"ConsDiaPlaca":25034.5918,"ConsMesPlaca":25034.5918,"ConsDiaRede":1023.081909,"ConsMesRede":1023.081909,"Status":"REDE"}