{"CorrPlaca":0.018999999,"TensPlaca":6.684000015,"CorrRede":0.825999975,"TensRede":0.194999993,"ConsDiaPlaca":85.28662872,"ConsMesPlaca":85.28662872,"ConsDiaRede":38.01582718,"ConsMesRede":38.01582718,"Status":"REDE"}