{"CorrPlaca":5,"TensPlaca":25,"CorrRede":1.720999956,"TensRede":1.54400003,"ConsDiaPlaca":32256.76758,"ConsMesPlaca":32256.76758,"ConsDiaRede":1327.962769,"ConsMesRede":1327.962769,"Status":"REDE"}