{"CorrPlaca":2.484999895,"TensPlaca":25,"CorrRede":3.825999975,"TensRede":3.118999958,"ConsDiaPlaca":684.0581055,"ConsMesPlaca":684.0581055,"ConsDiaRede":228.7941437,"ConsMesRede":228.7941437,"Status":"REDE"}