{"Corrente":0,"Tensao":0.84799999,"Consumo":0.07707084,"Status":"REDE"}