{"Corrente":2.249000072,"Tensao":0,"Consumo":0.149639666,"Status":"REDE"}