{"CorrPlaca":0,"TensPlaca":6.642000198,"CorrRede":0.809000015,"TensRede":0.395999998,"ConsDiaPlaca":1.533571362,"ConsMesPlaca":1.533571362,"ConsDiaRede":7.852424622,"ConsMesRede":7.852424622,"Status":"REDE"}