{"Corrente":2.74000001,"Tensao":7.051000118,"Consumo":0.077964395,"Status":"PLACA"}