{"CorrPlaca":0,"TensPlaca":3.191999912,"CorrRede":0.340000004,"TensRede":0,"ConsDiaPlaca":118.9064865,"ConsMesPlaca":118.9064865,"ConsDiaRede":115.3450089,"ConsMesRede":115.3450089,"Status":"REDE"}