{"CorrPlaca":0.165999994,"TensPlaca":18.06999969,"CorrRede":1.386999965,"TensRede":0,"ConsDiaPlaca":3559.117432,"ConsMesPlaca":3559.117432,"ConsDiaRede":1108.637695,"ConsMesRede":1108.637695,"Status":"REDE"}