{"corrente":0.791999996,"tensao":0,"consumo":0.198622882}