{"CorrPlaca":0.043000001,"TensPlaca":6.684000015,"CorrRede":0.917999983,"TensRede":0.158000007,"ConsDiaPlaca":77.92955017,"ConsMesPlaca":77.92955017,"ConsDiaRede":29.39010239,"ConsMesRede":29.39010239,"Status":"REDE"}