{"CorrPlaca":0,"TensPlaca":0.628000021,"CorrRede":0.416999996,"TensRede":0.444999993,"ConsDiaPlaca":0,"ConsMesPlaca":0,"ConsDiaRede":0.329570293,"ConsMesRede":0.329570293,"Status":"REDE"}