{"CorrPlaca":0.172999993,"TensPlaca":6.727000237,"CorrRede":1.018000007,"TensRede":0.409000009,"ConsDiaPlaca":1.450005412,"ConsMesPlaca":1.450005412,"ConsDiaRede":0.844958127,"ConsMesRede":0.844958127,"Status":"REDE"}