{"CorrPlaca":0.722000003,"TensPlaca":4.974999905,"CorrRede":1.235999942,"TensRede":0.409000009,"ConsDiaPlaca":88.60916138,"ConsMesPlaca":88.60916138,"ConsDiaRede":78.11733246,"ConsMesRede":78.11733246,"Status":"REDE"}