{"Corrente":0.500999987,"Tensao":1.659999967,"Consumo":0.005794737,"Status":"REDE"}