{"CorrPlaca":0,"TensPlaca":0,"CorrRede":0.605000019,"TensRede":0.122000001,"ConsDiaPlaca":1.587435603,"ConsMesPlaca":1.587435603,"ConsDiaRede":187.425293,"ConsMesRede":187.425293,"Status":"REDE"}