{"CorrPlaca":5,"TensPlaca":25,"CorrRede":1.199000001,"TensRede":2.532999992,"ConsDiaPlaca":14409.66016,"ConsMesPlaca":14409.66016,"ConsDiaRede":486.8759155,"ConsMesRede":486.8759155,"Status":"REDE"}