{"CorrPlaca":2.15899992,"TensPlaca":18.0890007,"CorrRede":2.898999929,"TensRede":7.136000156,"ConsDiaPlaca":1498.574829,"ConsMesPlaca":1498.574829,"ConsDiaRede":609.7888794,"ConsMesRede":609.7888794,"Status":"REDE"}