{"CorrPlaca":5,"TensPlaca":25,"CorrRede":2.012000084,"TensRede":3.039999962,"ConsDiaPlaca":30138.72656,"ConsMesPlaca":30138.72656,"ConsDiaRede":1249.716553,"ConsMesRede":1249.716553,"Status":"REDE"}