{"corrente":0.643999994,"tensao":0,"consumo":0.136473447}