{"CorrPlaca":0.169,"TensPlaca":0,"CorrRede":0,"TensRede":0,"ConsDiaPlaca":116.909935,"ConsMesPlaca":116.909935,"ConsDiaRede":113.2802811,"ConsMesRede":113.2802811,"Status":"REDE"}