{"Corrente":2.177999973,"Tensao":0,"Consumo":0.070479967,"Status":"REDE"}