{"CorrPlaca":5,"TensPlaca":25,"CorrRede":1.919999957,"TensRede":2.661000013,"ConsDiaPlaca":27847.07422,"ConsMesPlaca":27847.07422,"ConsDiaRede":1134.666748,"ConsMesRede":1134.666748,"Status":"REDE"}