{"CorrPlaca":0,"TensPlaca":6.703000069,"CorrRede":0.800000012,"TensRede":0.293000013,"ConsDiaPlaca":1.533571362,"ConsMesPlaca":1.533571362,"ConsDiaRede":11.56128979,"ConsMesRede":11.56128979,"Status":"REDE"}