{"Corrente":14.20400047,"Tensao":21.62999916,"Consumo":0.393817127,"Status":"PLACA"}