{"CorrPlaca":5,"TensPlaca":25,"CorrRede":3.124000072,"TensRede":0.744000018,"ConsDiaPlaca":2215.176758,"ConsMesPlaca":2215.176758,"ConsDiaRede":352.6934814,"ConsMesRede":352.6934814,"Status":"REDE"}