{"CorrPlaca":5,"TensPlaca":25,"CorrRede":2.387000084,"TensRede":5.047999859,"ConsDiaPlaca":15555.48633,"ConsMesPlaca":15555.48633,"ConsDiaRede":537.59552,"ConsMesRede":537.59552,"Status":"REDE"}