{"CorrPlaca":5,"TensPlaca":25,"CorrRede":2.467000008,"TensRede":6.244999886,"ConsDiaPlaca":26874.85742,"ConsMesPlaca":26874.85742,"ConsDiaRede":1082.480713,"ConsMesRede":1082.480713,"Status":"REDE"}