{"CorrPlaca":0,"TensPlaca":6.738999844,"CorrRede":0.726000011,"TensRede":0.201000005,"ConsDiaPlaca":1.533571362,"ConsMesPlaca":1.533571362,"ConsDiaRede":16.2640934,"ConsMesRede":16.2640934,"Status":"REDE"}