{"CorrPlaca":5,"TensPlaca":0.873000026,"CorrRede":0.512000024,"TensRede":0,"ConsDiaPlaca":6822.471191,"ConsMesPlaca":6822.471191,"ConsDiaRede":525.3240967,"ConsMesRede":525.3240967,"Status":"REDE"}