{"CorrPlaca":0.518000007,"TensPlaca":18.13699913,"CorrRede":1.575000048,"TensRede":0,"ConsDiaPlaca":4793.831543,"ConsMesPlaca":4793.831543,"ConsDiaRede":1489.71106,"ConsMesRede":1489.71106,"Status":"REDE"}