{"CorrPlaca":0.425999999,"TensPlaca":18.04000092,"CorrRede":1.5,"TensRede":0,"ConsDiaPlaca":3832.071777,"ConsMesPlaca":3832.071777,"ConsDiaRede":1190.87854,"ConsMesRede":1190.87854,"Status":"REDE"}