{"CorrPlaca":5,"TensPlaca":25,"CorrRede":2.477999926,"TensRede":5.206999779,"ConsDiaPlaca":10243.01953,"ConsMesPlaca":10243.01953,"ConsDiaRede":299.7735291,"ConsMesRede":299.7735291,"Status":"REDE"}