{"CorrPlaca":1.074000001,"TensPlaca":18.08300018,"CorrRede":2.200999975,"TensRede":2.447999954,"ConsDiaPlaca":19.77913666,"ConsMesPlaca":19.77913666,"ConsDiaRede":3.346616268,"ConsMesRede":3.346616268,"Status":"REDE"}