{"CorrPlaca":0.565999985,"TensPlaca":18.10099983,"CorrRede":1.761000037,"TensRede":1.54400003,"ConsDiaPlaca":5271.148438,"ConsMesPlaca":5271.148438,"ConsDiaRede":1660.308105,"ConsMesRede":1660.308105,"Status":"REDE"}