{"Corrente":1.855000019,"Tensao":26.33300018,"Consumo":0.261078089,"Status":"PLACA"}