{"CorrPlaca":3.253000021,"TensPlaca":25,"CorrRede":1.633999944,"TensRede":0.890999973,"ConsDiaPlaca":16570.84766,"ConsMesPlaca":16570.84766,"ConsDiaRede":641.8260498,"ConsMesRede":641.8260498,"Status":"REDE"}