{"CorrPlaca":0.398999989,"TensPlaca":18.11300087,"CorrRede":1.61500001,"TensRede":0.652999997,"ConsDiaPlaca":3004.137207,"ConsMesPlaca":3004.137207,"ConsDiaRede":928.8983154,"ConsMesRede":928.8983154,"Status":"REDE"}