{"Corrente":0.467999995,"Tensao":0.324999988,"Consumo":0.00047346,"Status":"REDE"}