{"CorrPlaca":1.036000013,"TensPlaca":18.20499992,"CorrRede":1.97300005,"TensRede":0.463,"ConsDiaPlaca":536.5322266,"ConsMesPlaca":536.5322266,"ConsDiaRede":242.7503967,"ConsMesRede":242.7503967,"Status":"REDE"}