{"CorrPlaca":0.067000002,"TensPlaca":6.732999802,"CorrRede":0.990999997,"TensRede":0,"ConsDiaPlaca":44.8261528,"ConsMesPlaca":44.8261528,"ConsDiaRede":14.84623146,"ConsMesRede":14.84623146,"Status":"REDE"}