{"CorrPlaca":0.043000001,"TensPlaca":6.665999889,"CorrRede":0.873000026,"TensRede":0.238000005,"ConsDiaPlaca":83.57582092,"ConsMesPlaca":83.57582092,"ConsDiaRede":34.42192078,"ConsMesRede":34.42192078,"Status":"REDE"}