{"CorrPlaca":0.078000002,"TensPlaca":6.732999802,"CorrRede":0.998000026,"TensRede":0.298999995,"ConsDiaPlaca":39.11819839,"ConsMesPlaca":39.11819839,"ConsDiaRede":12.58355904,"ConsMesRede":12.58355904,"Status":"REDE"}