{"Corrente":14.46700001,"Tensao":20.65299988,"Consumo":4.299597263,"Status":"PLACA"}