{"CorrPlaca":0.638000011,"TensPlaca":18.13100052,"CorrRede":1.661000013,"TensRede":0,"ConsDiaPlaca":4733.343262,"ConsMesPlaca":4733.343262,"ConsDiaRede":1469.429443,"ConsMesRede":1469.429443,"Status":"REDE"}