{"CorrPlaca":0,"TensPlaca":0,"CorrRede":0.652999997,"TensRede":6.738999844,"ConsDiaPlaca":1.587435603,"ConsMesPlaca":1.587435603,"ConsDiaRede":93.4549408,"ConsMesRede":93.4549408,"Status":"REDE"}