{"CorrPlaca":0,"TensPlaca":0,"CorrRede":0.59799999,"TensRede":0.151999995,"ConsDiaPlaca":1.587435603,"ConsMesPlaca":1.587435603,"ConsDiaRede":188.6903076,"ConsMesRede":188.6903076,"Status":"REDE"}