{"CorrPlaca":3.50999999,"TensPlaca":25,"CorrRede":1.748999953,"TensRede":3.845999956,"ConsDiaPlaca":21204.64453,"ConsMesPlaca":21204.64453,"ConsDiaRede":725.9445801,"ConsMesRede":725.9445801,"Status":"REDE"}