{"CorrPlaca":0.486999989,"TensPlaca":18.06399918,"CorrRede":1.702000022,"TensRede":0.017999999,"ConsDiaPlaca":738.2657471,"ConsMesPlaca":738.2657471,"ConsDiaRede":239.6791077,"ConsMesRede":239.6791077,"Status":"REDE"}