{"CorrPlaca":1.777999997,"TensPlaca":18.07600021,"CorrRede":2.714999914,"TensRede":5.890999794,"ConsDiaPlaca":894.46521,"ConsMesPlaca":894.46521,"ConsDiaRede":397.4312744,"ConsMesRede":397.4312744,"Status":"REDE"}