{"CorrPlaca":5,"TensPlaca":25,"CorrRede":0.930000007,"TensRede":0,"ConsDiaPlaca":16006.87207,"ConsMesPlaca":16006.87207,"ConsDiaRede":558.4789429,"ConsMesRede":558.4789429,"Status":"REDE"}