{"Corrente":2.562000036,"Tensao":6.146999836,"Consumo":0.022341181,"Status":"PLACA"}