{"CorrPlaca":0.787999988,"TensPlaca":18.06999969,"CorrRede":1.738999963,"TensRede":0,"ConsDiaPlaca":4777.196777,"ConsMesPlaca":4777.196777,"ConsDiaRede":1867.403809,"ConsMesRede":1867.403809,"Status":"REDE"}