{"CorrPlaca":2.167000055,"TensPlaca":25,"CorrRede":3.605999947,"TensRede":2.460000038,"ConsDiaPlaca":930.1553955,"ConsMesPlaca":930.1553955,"ConsDiaRede":269.8248291,"ConsMesRede":269.8248291,"Status":"REDE"}