{"CorrPlaca":2.421999931,"TensPlaca":18.10700035,"CorrRede":3.163000107,"TensRede":6.459000111,"ConsDiaPlaca":935.8688965,"ConsMesPlaca":935.8688965,"ConsDiaRede":291.5031738,"ConsMesRede":291.5031738,"Status":"REDE"}