{"CorrPlaca":0,"TensPlaca":25,"CorrRede":1.643000007,"TensRede":0.122000001,"ConsDiaPlaca":13589.81934,"ConsMesPlaca":13589.81934,"ConsDiaRede":595.5551147,"ConsMesRede":595.5551147,"Status":"REDE"}