{"CorrPlaca":0.704999983,"TensPlaca":4.980999947,"CorrRede":1.225000024,"TensRede":2.582000017,"ConsDiaPlaca":45.14751053,"ConsMesPlaca":45.14751053,"ConsDiaRede":38.29083252,"ConsMesRede":38.29083252,"Status":"REDE"}