{"CorrPlaca":1.419999957,"TensPlaca":18.05800056,"CorrRede":2.361999989,"TensRede":5.047999859,"ConsDiaPlaca":2535.492188,"ConsMesPlaca":2535.492188,"ConsDiaRede":1005.681824,"ConsMesRede":1005.681824,"Status":"REDE"}