{"Corrente":0,"Tensao":0.444999993,"Consumo":8.655833881e-6,"Status":"REDE"}