{"CorrPlaca":0,"TensPlaca":6.703000069,"CorrRede":0.819000006,"TensRede":0.201000005,"ConsDiaPlaca":87.04656219,"ConsMesPlaca":87.04656219,"ConsDiaRede":42.02619934,"ConsMesRede":42.02619934,"Status":"REDE"}