{"Corrente":14.35499954,"Tensao":2.148000002,"Consumo":6.761018276,"Status":"REDE"}