{"CorrPlaca":2.410000086,"TensPlaca":18.06399918,"CorrRede":3.073999882,"TensRede":7.747000217,"ConsDiaPlaca":2771.932129,"ConsMesPlaca":2771.932129,"ConsDiaRede":1097.101807,"ConsMesRede":1097.101807,"Status":"REDE"}