{"CorrPlaca":0.118000001,"TensPlaca":6.757999897,"CorrRede":1.019999981,"TensRede":0,"ConsDiaPlaca":8.277162552,"ConsMesPlaca":8.277162552,"ConsDiaRede":2.95827508,"ConsMesRede":2.95827508,"Status":"REDE"}