{"corrente":5,"tensao":4.010000229,"consumo":0.316760123}