{"CorrPlaca":0,"TensPlaca":0,"CorrRede":0.588999987,"TensRede":0,"ConsDiaPlaca":1.587435603,"ConsMesPlaca":1.587435603,"ConsDiaRede":188.7490082,"ConsMesRede":188.7490082,"Status":"REDE"}