{"CorrPlaca":0.400999993,"TensPlaca":18.16799927,"CorrRede":1.628000021,"TensRede":1.549999952,"ConsDiaPlaca":1183.830078,"ConsMesPlaca":1183.830078,"ConsDiaRede":485.8330994,"ConsMesRede":485.8330994,"Status":"REDE"}