{"CorrPlaca":0.711000025,"TensPlaca":3.53399992,"CorrRede":0.898000002,"TensRede":1.105000019,"ConsDiaPlaca":54.01867294,"ConsMesPlaca":54.01867294,"ConsDiaRede":46.61362076,"ConsMesRede":46.61362076,"Status":"REDE"}