{"CorrPlaca":3.51699996,"TensPlaca":25,"CorrRede":0.880999982,"TensRede":0.213,"ConsDiaPlaca":16083.60547,"ConsMesPlaca":16083.60547,"ConsDiaRede":609.2788696,"ConsMesRede":609.2788696,"Status":"REDE"}