{"CorrPlaca":5,"TensPlaca":18.01499939,"CorrRede":2.880000114,"TensRede":2.178999901,"ConsDiaPlaca":3669.389648,"ConsMesPlaca":3669.389648,"ConsDiaRede":398.150238,"ConsMesRede":398.150238,"Status":"REDE"}