{"CorrPlaca":0.090999998,"TensPlaca":6.709000111,"CorrRede":0.910000026,"TensRede":0.293000013,"ConsDiaPlaca":77.6681366,"ConsMesPlaca":77.6681366,"ConsDiaRede":29.2772007,"ConsMesRede":29.2772007,"Status":"REDE"}