{"CorrPlaca":2.147000074,"TensPlaca":18.06399918,"CorrRede":2.89199996,"TensRede":5.804999828,"ConsDiaPlaca":2097.396484,"ConsMesPlaca":2097.396484,"ConsDiaRede":659.8596191,"ConsMesRede":659.8596191,"Status":"REDE"}