{"CorrPlaca":5,"TensPlaca":25,"CorrRede":1.965000033,"TensRede":2.605999947,"ConsDiaPlaca":1875.000977,"ConsMesPlaca":1875.000977,"ConsDiaRede":99.56817627,"ConsMesRede":99.56817627,"Status":"REDE"}