{"CorrPlaca":0.512000024,"TensPlaca":18.06999969,"CorrRede":1.621000051,"TensRede":0,"ConsDiaPlaca":5061.060547,"ConsMesPlaca":5061.060547,"ConsDiaRede":1580.923218,"ConsMesRede":1580.923218,"Status":"REDE"}