{"CorrPlaca":2.194999933,"TensPlaca":18.07600021,"CorrRede":2.974999905,"TensRede":5.829999924,"ConsDiaPlaca":887.9420166,"ConsMesPlaca":887.9420166,"ConsDiaRede":277.2841797,"ConsMesRede":277.2841797,"Status":"REDE"}