{"CorrPlaca":5,"TensPlaca":3.118999958,"CorrRede":1.034000039,"TensRede":2.532999992,"ConsDiaPlaca":4989.615234,"ConsMesPlaca":4989.615234,"ConsDiaRede":477.3198547,"ConsMesRede":477.3198547,"Status":"REDE"}