{"CorrPlaca":5,"TensPlaca":0,"CorrRede":0.510999978,"TensRede":0,"ConsDiaPlaca":6236.48877,"ConsMesPlaca":6236.48877,"ConsDiaRede":493.0890503,"ConsMesRede":493.0890503,"Status":"REDE"}