{"CorrPlaca":1.559000015,"TensPlaca":18.10099983,"CorrRede":2.335999966,"TensRede":1.708999991,"ConsDiaPlaca":856.9801636,"ConsMesPlaca":856.9801636,"ConsDiaRede":379.5429993,"ConsMesRede":379.5429993,"Status":"REDE"}