{"CorrPlaca":0,"TensPlaca":6.532000065,"CorrRede":0.768999994,"TensRede":0.201000005,"ConsDiaPlaca":1.533571362,"ConsMesPlaca":1.533571362,"ConsDiaRede":15.28211784,"ConsMesRede":15.28211784,"Status":"REDE"}