{"CorrPlaca":1.848999977,"TensPlaca":18.17399979,"CorrRede":2.641000032,"TensRede":6.061999798,"ConsDiaPlaca":2560.509033,"ConsMesPlaca":2560.509033,"ConsDiaRede":1016.959351,"ConsMesRede":1016.959351,"Status":"REDE"}