{"CorrPlaca":3.237999916,"TensPlaca":18.16799927,"CorrRede":3.785000086,"TensRede":9.798000336,"ConsDiaPlaca":333.7443848,"ConsMesPlaca":333.7443848,"ConsDiaRede":153.6058655,"ConsMesRede":153.6058655,"Status":"REDE"}