{"CorrPlaca":0,"TensPlaca":0,"CorrRede":0.620000005,"TensRede":0.054000001,"ConsDiaPlaca":1.587435603,"ConsMesPlaca":1.587435603,"ConsDiaRede":188.8049927,"ConsMesRede":188.8049927,"Status":"REDE"}