{"CorrPlaca":5,"TensPlaca":18.08300018,"CorrRede":1.621000051,"TensRede":1.355000019,"ConsDiaPlaca":12215.06152,"ConsMesPlaca":12215.06152,"ConsDiaRede":538.4067993,"ConsMesRede":538.4067993,"Status":"REDE"}