{"CorrPlaca":0,"TensPlaca":0.628000021,"CorrRede":0.460000008,"TensRede":0.40200001,"ConsDiaPlaca":0,"ConsMesPlaca":0,"ConsDiaRede":0.236659169,"ConsMesRede":0.236659169,"Status":"REDE"}