{"CorrPlaca":0.675999999,"TensPlaca":0.493999988,"CorrRede":0.375999987,"TensRede":0.384000003,"ConsDiaPlaca":112.0430527,"ConsMesPlaca":112.0430527,"ConsDiaRede":97.13005066,"ConsMesRede":97.13005066,"Status":"REDE"}