{"CorrPlaca":0,"TensPlaca":6.605000019,"CorrRede":0.782000005,"TensRede":0.238000005,"ConsDiaPlaca":1.533571362,"ConsMesPlaca":1.533571362,"ConsDiaRede":12.74409294,"ConsMesRede":12.74409294,"Status":"REDE"}