{"corrente":0.731999993,"tensao":0.781000018,"consumo":0.010266278}