{"Corrente":-3.332999945,"Tensao":0,"Consumo":0.455887258,"Status":"REDE"}