{"Corrente":174.7619934,"Tensao":0.25999999,"Consumo":18.03513908,"Status":"REDE"}