{"Corrente":2.069999933,"Tensao":20.53899956,"Consumo":0.291470468,"Status":"PLACA"}