{"CorrPlaca":0.980000019,"TensPlaca":18.05800056,"CorrRede":1.860000014,"TensRede":0.035999998,"ConsDiaPlaca":1739.026611,"ConsMesPlaca":1739.026611,"ConsDiaRede":780.4813843,"ConsMesRede":780.4813843,"Status":"REDE"}