{"CorrPlaca":5,"TensPlaca":25,"CorrRede":0.649999976,"TensRede":0,"ConsDiaPlaca":19583.23828,"ConsMesPlaca":19583.23828,"ConsDiaRede":750.1730957,"ConsMesRede":750.1730957,"Status":"REDE"}