{"CorrPlaca":0,"TensPlaca":17.99099922,"CorrRede":1.297000051,"TensRede":0.115000002,"ConsDiaPlaca":520.22052,"ConsMesPlaca":520.22052,"ConsDiaRede":213.2501678,"ConsMesRede":213.2501678,"Status":"REDE"}