{"CorrPlaca":1.151000023,"TensPlaca":18.11300087,"CorrRede":1.968000054,"TensRede":0.354000002,"ConsDiaPlaca":2154.609131,"ConsMesPlaca":2154.609131,"ConsDiaRede":862.2573853,"ConsMesRede":862.2573853,"Status":"REDE"}