{"CorrPlaca":3.594000101,"TensPlaca":25,"CorrRede":0.779999971,"TensRede":0,"ConsDiaPlaca":32977.36719,"ConsMesPlaca":32977.36719,"ConsDiaRede":809.1258545,"ConsMesRede":809.1258545,"Status":"REDE"}