{"CorrPlaca":0,"TensPlaca":0.792999983,"CorrRede":0.488000005,"TensRede":0.286000013,"ConsDiaPlaca":0.006436666,"ConsMesPlaca":0.006436666,"ConsDiaRede":0.493559986,"ConsMesRede":0.493559986,"Status":"REDE"}