{"CorrPlaca":5,"TensPlaca":25,"CorrRede":2.381999969,"TensRede":7.387000084,"ConsDiaPlaca":729.1668091,"ConsMesPlaca":729.1668091,"ConsDiaRede":34.15745926,"ConsMesRede":34.15745926,"Status":"REDE"}