{"CorrPlaca":1.200000048,"TensPlaca":18.05800056,"CorrRede":2.187999964,"TensRede":4.199999809,"ConsDiaPlaca":2445.011475,"ConsMesPlaca":2445.011475,"ConsDiaRede":972.0956421,"ConsMesRede":972.0956421,"Status":"REDE"}