{"CorrPlaca":0,"TensPlaca":0,"CorrRede":0.623000026,"TensRede":6.647999763,"ConsDiaPlaca":1.587435603,"ConsMesPlaca":1.587435603,"ConsDiaRede":89.88814545,"ConsMesRede":89.88814545,"Status":"REDE"}