{"CorrPlaca":0.039999999,"TensPlaca":6.727000237,"CorrRede":0.879000008,"TensRede":0.702000022,"ConsDiaPlaca":1.080788374,"ConsMesPlaca":1.080788374,"ConsDiaRede":1.946376562,"ConsMesRede":1.946376562,"Status":"REDE"}