{"CorrPlaca":0,"TensPlaca":0,"CorrRede":0.601000011,"TensRede":0,"ConsDiaPlaca":1.587435603,"ConsMesPlaca":1.587435603,"ConsDiaRede":188.3447418,"ConsMesRede":188.3447418,"Status":"REDE"}