{"CorrPlaca":3.522000074,"TensPlaca":25,"CorrRede":0.948000014,"TensRede":0.414999992,"ConsDiaPlaca":30185.98633,"ConsMesPlaca":30185.98633,"ConsDiaRede":774.9248047,"ConsMesRede":774.9248047,"Status":"REDE"}