{"CorrPlaca":0,"TensPlaca":0.805000007,"CorrRede":0.425999999,"TensRede":0,"ConsDiaPlaca":0.013378889,"ConsMesPlaca":0.013378889,"ConsDiaRede":0.736246645,"ConsMesRede":0.736246645,"Status":"REDE"}