{"CorrPlaca":1.144000053,"TensPlaca":18.05800056,"CorrRede":1.97300005,"TensRede":1.080000043,"ConsDiaPlaca":130.0552521,"ConsMesPlaca":130.0552521,"ConsDiaRede":58.6941452,"ConsMesRede":58.6941452,"Status":"REDE"}