{"Corrente":2.282999992,"Tensao":6.978000164,"Consumo":0.130824864,"Status":"PLACA"}