{"CorrPlaca":0.014,"TensPlaca":0,"CorrRede":0.472000003,"TensRede":0.389999986,"ConsDiaPlaca":0,"ConsMesPlaca":0,"ConsDiaRede":0.18173334,"ConsMesRede":0.18173334,"Status":"REDE"}