{"CorrPlaca":0.097000003,"TensPlaca":6.727000237,"CorrRede":0.995999992,"TensRede":0.298999995,"ConsDiaPlaca":45.47221375,"ConsMesPlaca":45.47221375,"ConsDiaRede":15.06106091,"ConsMesRede":15.06106091,"Status":"REDE"}