{"CorrPlaca":0.925999999,"TensPlaca":3.118999958,"CorrRede":1.177000046,"TensRede":2.832000017,"ConsDiaPlaca":142.3816528,"ConsMesPlaca":142.3816528,"ConsDiaRede":136.5997467,"ConsMesRede":136.5997467,"Status":"REDE"}