{"CorrPlaca":0.82099998,"TensPlaca":18.16200066,"CorrRede":1.774000049,"TensRede":0.134000003,"ConsDiaPlaca":302.0168457,"ConsMesPlaca":302.0168457,"ConsDiaRede":137.6017456,"ConsMesRede":137.6017456,"Status":"REDE"}