{"CorrPlaca":0.078000002,"TensPlaca":6.409999847,"CorrRede":0.934000015,"TensRede":0.164000005,"ConsDiaPlaca":66.20529938,"ConsMesPlaca":66.20529938,"ConsDiaRede":25.26475334,"ConsMesRede":25.26475334,"Status":"REDE"}