{"CorrPlaca":5,"TensPlaca":25,"CorrRede":0.547999978,"TensRede":0.097000003,"ConsDiaPlaca":15798.54004,"ConsMesPlaca":15798.54004,"ConsDiaRede":549.3200073,"ConsMesRede":549.3200073,"Status":"REDE"}