{"CorrPlaca":0.007,"TensPlaca":6.721000195,"CorrRede":0.853999972,"TensRede":0.231000006,"ConsDiaPlaca":84.20912933,"ConsMesPlaca":84.20912933,"ConsDiaRede":35.96972275,"ConsMesRede":35.96972275,"Status":"REDE"}