{"CorrPlaca":0,"TensPlaca":6.677999973,"CorrRede":0.785000026,"TensRede":0.256000012,"ConsDiaPlaca":1.533571362,"ConsMesPlaca":1.533571362,"ConsDiaRede":12.02185249,"ConsMesRede":12.02185249,"Status":"REDE"}