{"CorrPlaca":0.092,"TensPlaca":6.738999844,"CorrRede":0.976000011,"TensRede":0.31099999,"ConsDiaPlaca":11.12926769,"ConsMesPlaca":11.12926769,"ConsDiaRede":4.186460495,"ConsMesRede":4.186460495,"Status":"REDE"}