{"CorrPlaca":0.603999972,"TensPlaca":18.05200005,"CorrRede":1.682999969,"TensRede":0,"ConsDiaPlaca":720.5332642,"ConsMesPlaca":720.5332642,"ConsDiaRede":231.8543549,"ConsMesRede":231.8543549,"Status":"REDE"}