{"Corrente":3.743000031,"Tensao":29.34399986,"Consumo":0.561644256,"Status":"PLACA"}