{"CorrPlaca":1.465000033,"TensPlaca":18.04000092,"CorrRede":2.230000019,"TensRede":1.184000015,"ConsDiaPlaca":3725.868164,"ConsMesPlaca":3725.868164,"ConsDiaRede":1164.91272,"ConsMesRede":1164.91272,"Status":"REDE"}