{"CorrPlaca":1.503999949,"TensPlaca":18.08300018,"CorrRede":2.499000072,"TensRede":3.614000082,"ConsDiaPlaca":576.3482666,"ConsMesPlaca":576.3482666,"ConsDiaRede":181.8648376,"ConsMesRede":181.8648376,"Status":"REDE"}