{"CorrPlaca":5,"TensPlaca":25,"CorrRede":1.50999999,"TensRede":4.163000107,"ConsDiaPlaca":27291.52148,"ConsMesPlaca":27291.52148,"ConsDiaRede":1107.121704,"ConsMesRede":1107.121704,"Status":"REDE"}