{"CorrPlaca":2.588000059,"TensPlaca":18.06999969,"CorrRede":3.184000015,"TensRede":7.130000114,"ConsDiaPlaca":4856.277832,"ConsMesPlaca":4856.277832,"ConsDiaRede":1506.757202,"ConsMesRede":1506.757202,"Status":"REDE"}