{"corrente":0.703000009,"tensao":0,"consumo":0.053421266}