{"Corrente":0,"Tensao":0.426999986,"Consumo":0.07707084,"Status":"REDE"}