{"CorrPlaca":2.111000061,"TensPlaca":18.13100052,"CorrRede":2.835999966,"TensRede":6.025000095,"ConsDiaPlaca":2915.522705,"ConsMesPlaca":2915.522705,"ConsDiaRede":903.9041138,"ConsMesRede":903.9041138,"Status":"REDE"}