{"CorrPlaca":0.643000007,"TensPlaca":3.522000074,"CorrRede":0.91900003,"TensRede":1.452000022,"ConsDiaPlaca":0.629068375,"ConsMesPlaca":0.629068375,"ConsDiaRede":0.393554986,"ConsMesRede":0.393554986,"Status":"REDE"}