{"Corrente":0.393999994,"Tensao":0,"Consumo":0.053693287,"Status":"REDE"}