{"Corrente":16.1439991,"Tensao":20.86499977,"Consumo":1.306057215,"Status":"PLACA"}