{"CorrPlaca":0.079999998,"TensPlaca":6.598999977,"CorrRede":0.980000019,"TensRede":0.194999993,"ConsDiaPlaca":40.58743286,"ConsMesPlaca":40.58743286,"ConsDiaRede":13.08303833,"ConsMesRede":13.08303833,"Status":"REDE"}