{"Corrente":2.042000055,"Tensao":0,"Consumo":0.070479967,"Status":"REDE"}