{"CorrPlaca":0.740999997,"TensPlaca":18.13100052,"CorrRede":1.738000035,"TensRede":0,"ConsDiaPlaca":600.8786011,"ConsMesPlaca":600.8786011,"ConsDiaRede":246.5551147,"ConsMesRede":246.5551147,"Status":"REDE"}