{"Corrente":14.10099983,"Tensao":0.389999986,"Consumo":0.161295995,"Status":"REDE"}