{"CorrPlaca":0,"TensPlaca":0.781000018,"CorrRede":0.476000011,"TensRede":0.061000001,"ConsDiaPlaca":0,"ConsMesPlaca":0,"ConsDiaRede":0.364851415,"ConsMesRede":0.364851415,"Status":"REDE"}