{"CorrPlaca":0,"TensPlaca":0,"CorrRede":0.606000006,"TensRede":0.079000004,"ConsDiaPlaca":1.587435603,"ConsMesPlaca":1.587435603,"ConsDiaRede":187.280365,"ConsMesRede":187.280365,"Status":"REDE"}