{"Corrente":2.232000113,"Tensao":0,"Consumo":0.070479967,"Status":"REDE"}