{"Corrente":0.488000005,"Tensao":1.383000016,"Consumo":0.005296584,"Status":"REDE"}