{"Corrente":3.828999996,"Tensao":5.743999958,"Consumo":0.024122246,"Status":"PLACA"}