{"CorrPlaca":0,"TensPlaca":0,"CorrRede":0.638999999,"TensRede":0.372000009,"ConsDiaPlaca":1.587435603,"ConsMesPlaca":1.587435603,"ConsDiaRede":17.08006287,"ConsMesRede":17.08006287,"Status":"REDE"}