{"CorrPlaca":0.432999998,"TensPlaca":18.04000092,"CorrRede":1.486999989,"TensRede":0,"ConsDiaPlaca":3715.717773,"ConsMesPlaca":3715.717773,"ConsDiaRede":1452.009644,"ConsMesRede":1452.009644,"Status":"REDE"}