{"CorrPlaca":5,"TensPlaca":25,"CorrRede":1.590000033,"TensRede":0.88499999,"ConsDiaPlaca":27117.91211,"ConsMesPlaca":27117.91211,"ConsDiaRede":1093.673096,"ConsMesRede":1093.673096,"Status":"REDE"}