{"Corrente":0.42899999,"Tensao":0,"Consumo":0.005563721,"Status":"REDE"}