{"CorrPlaca":5,"TensPlaca":25,"CorrRede":2.451999903,"TensRede":6.105000019,"ConsDiaPlaca":21770.72461,"ConsMesPlaca":21770.72461,"ConsDiaRede":849.6533203,"ConsMesRede":849.6533203,"Status":"REDE"}