{"Corrente":0.481000006,"Tensao":1.302000046,"Consumo":0.006886377,"Status":"REDE"}