{"CorrPlaca":0.078000002,"TensPlaca":6.611000061,"CorrRede":1,"TensRede":0,"ConsDiaPlaca":22.5643158,"ConsMesPlaca":22.5643158,"ConsDiaRede":7.398519516,"ConsMesRede":7.398519516,"Status":"REDE"}