{"CorrPlaca":2.753999949,"TensPlaca":18.08300018,"CorrRede":3.220999956,"TensRede":6.934999943,"ConsDiaPlaca":1628.665039,"ConsMesPlaca":1628.665039,"ConsDiaRede":658.5626221,"ConsMesRede":658.5626221,"Status":"REDE"}