{"Corrente":14.16499996,"Tensao":0.552999973,"Consumo":6.590254784,"Status":"REDE"}