{"CorrPlaca":2.86500001,"TensPlaca":18.15600014,"CorrRede":3.359999895,"TensRede":7.032000065,"ConsDiaPlaca":2759.693359,"ConsMesPlaca":2759.693359,"ConsDiaRede":858.5585327,"ConsMesRede":858.5585327,"Status":"REDE"}