{"CorrPlaca":0.691999972,"TensPlaca":5.360000134,"CorrRede":1.355999947,"TensRede":3.992000103,"ConsDiaPlaca":76.61523438,"ConsMesPlaca":76.61523438,"ConsDiaRede":69.59014893,"ConsMesRede":69.59014893,"Status":"REDE"}