{"Corrente":14.01299953,"Tensao":0.226999998,"Consumo":5.117037296,"Status":"REDE"}