{"CorrPlaca":5,"TensPlaca":25,"CorrRede":0.882000029,"TensRede":0,"ConsDiaPlaca":34548.47656,"ConsMesPlaca":34548.47656,"ConsDiaRede":1400.835815,"ConsMesRede":1400.835815,"Status":"REDE"}