{"CorrPlaca":0.085000001,"TensPlaca":6.703000069,"CorrRede":0.995999992,"TensRede":0.305000007,"ConsDiaPlaca":30.68581009,"ConsMesPlaca":30.68581009,"ConsDiaRede":9.818275452,"ConsMesRede":9.818275452,"Status":"REDE"}