{"CorrPlaca":0,"TensPlaca":0.781000018,"CorrRede":0.465999991,"TensRede":0.097000003,"ConsDiaPlaca":0,"ConsMesPlaca":0,"ConsDiaRede":0.435942501,"ConsMesRede":0.435942501,"Status":"REDE"}