{"CorrPlaca":0,"TensPlaca":6.574999809,"CorrRede":0.838,"TensRede":0.647000015,"ConsDiaPlaca":1.410824776,"ConsMesPlaca":1.410824776,"ConsDiaRede":3.216253042,"ConsMesRede":3.216253042,"Status":"REDE"}