{"CorrPlaca":0.064000003,"TensPlaca":6.721000195,"CorrRede":0.917999983,"TensRede":0.238000005,"ConsDiaPlaca":70.55491638,"ConsMesPlaca":70.55491638,"ConsDiaRede":27.38553429,"ConsMesRede":27.38553429,"Status":"REDE"}