{"CorrPlaca":0.115000002,"TensPlaca":3.210999966,"CorrRede":0.531000018,"TensRede":0,"ConsDiaPlaca":135.5019226,"ConsMesPlaca":135.5019226,"ConsDiaRede":131.1472931,"ConsMesRede":131.1472931,"Status":"REDE"}