{"CorrPlaca":1.268000007,"TensPlaca":18.08300018,"CorrRede":2.302000046,"TensRede":4.603000164,"ConsDiaPlaca":1406.239746,"ConsMesPlaca":1406.239746,"ConsDiaRede":565.1522217,"ConsMesRede":565.1522217,"Status":"REDE"}