{"CorrPlaca":0,"TensPlaca":6.671999931,"CorrRede":0.791999996,"TensRede":0.280000001,"ConsDiaPlaca":1.533571362,"ConsMesPlaca":1.533571362,"ConsDiaRede":11.2021389,"ConsMesRede":11.2021389,"Status":"REDE"}