{"CorrPlaca":5,"TensPlaca":25,"CorrRede":0.542999983,"TensRede":0,"ConsDiaPlaca":32603.98828,"ConsMesPlaca":32603.98828,"ConsDiaRede":1335.266113,"ConsMesRede":1335.266113,"Status":"REDE"}