{"CorrPlaca":5,"TensPlaca":25,"CorrRede":0.573000014,"TensRede":0,"ConsDiaPlaca":31180.38672,"ConsMesPlaca":31180.38672,"ConsDiaRede":1293.089844,"ConsMesRede":1293.089844,"Status":"REDE"}