{"CorrPlaca":2.526000023,"TensPlaca":18.09499931,"CorrRede":3.061000109,"TensRede":5.731999874,"ConsDiaPlaca":4746.040039,"ConsMesPlaca":4746.040039,"ConsDiaRede":1474.303223,"ConsMesRede":1474.303223,"Status":"REDE"}