{"CorrPlaca":0.172000006,"TensPlaca":6.671999931,"CorrRede":0.990999997,"TensRede":0.293000013,"ConsDiaPlaca":21.23058128,"ConsMesPlaca":21.23058128,"ConsDiaRede":7.260724545,"ConsMesRede":7.260724545,"Status":"REDE"}