{"CorrPlaca":0,"TensPlaca":6.709000111,"CorrRede":0.773999989,"TensRede":0.293000013,"ConsDiaPlaca":1.587435603,"ConsMesPlaca":1.587435603,"ConsDiaRede":21.15116882,"ConsMesRede":21.15116882,"Status":"REDE"}