{"CorrPlaca":5,"TensPlaca":25,"CorrRede":1.531999946,"TensRede":4.217999935,"ConsDiaPlaca":29235.95313,"ConsMesPlaca":29235.95313,"ConsDiaRede":1198.628296,"ConsMesRede":1198.628296,"Status":"REDE"}