{"CorrPlaca":2.88499999,"TensPlaca":18.07600021,"CorrRede":3.388000011,"TensRede":8.229000092,"ConsDiaPlaca":3458.803223,"ConsMesPlaca":3458.803223,"ConsDiaRede":1356.101929,"ConsMesRede":1356.101929,"Status":"REDE"}