{"Corrente":14.63799953,"Tensao":0.781000018,"Consumo":6.424474716,"Status":"REDE"}