{"corrente":1.786000013,"tensao":9.706000328,"consumo":1.361527801}