{"CorrPlaca":0.017000001,"TensPlaca":18.17399979,"CorrRede":1.340000033,"TensRede":0,"ConsDiaPlaca":907.1790161,"ConsMesPlaca":907.1790161,"ConsDiaRede":403.2705994,"ConsMesRede":403.2705994,"Status":"REDE"}