{"CorrPlaca":2.83100009,"TensPlaca":18.06999969,"CorrRede":3.346999884,"TensRede":8.571000099,"ConsDiaPlaca":2579.580078,"ConsMesPlaca":2579.580078,"ConsDiaRede":1024.927979,"ConsMesRede":1024.927979,"Status":"REDE"}