{"Corrente":14.27200031,"Tensao":1.855000019,"Consumo":1.57890451,"Status":"REDE"}