{"CorrPlaca":5,"TensPlaca":25,"CorrRede":2.073999882,"TensRede":6.556000233,"ConsDiaPlaca":20277.67773,"ConsMesPlaca":20277.67773,"ConsDiaRede":780.0053711,"ConsMesRede":780.0053711,"Status":"REDE"}