{"CorrPlaca":0,"TensPlaca":0,"CorrRede":0.621999979,"TensRede":0.280000001,"ConsDiaPlaca":1.587435603,"ConsMesPlaca":1.587435603,"ConsDiaRede":16.97152328,"ConsMesRede":16.97152328,"Status":"REDE"}