{"CorrPlaca":0.723999977,"TensPlaca":4.242000103,"CorrRede":1.087000012,"TensRede":1.720999956,"ConsDiaPlaca":84.47689056,"ConsMesPlaca":84.47689056,"ConsDiaRede":74.94685364,"ConsMesRede":74.94685364,"Status":"REDE"}