{"CorrPlaca":0.018999999,"TensPlaca":6.684000015,"CorrRede":0.839999974,"TensRede":0.041999999,"ConsDiaPlaca":84.62998199,"ConsMesPlaca":84.62998199,"ConsDiaRede":36.48565674,"ConsMesRede":36.48565674,"Status":"REDE"}