{"Corrente":2.292999983,"Tensao":0,"Consumo":0.070479967,"Status":"REDE"}