{"CorrPlaca":1.019000053,"TensPlaca":18.13699913,"CorrRede":2.13499999,"TensRede":3.22300005,"ConsDiaPlaca":5145.60791,"ConsMesPlaca":5145.60791,"ConsDiaRede":1611.190552,"ConsMesRede":1611.190552,"Status":"REDE"}