{"CorrPlaca":2.584000111,"TensPlaca":18.0340004,"CorrRede":3.272000074,"TensRede":6.836999893,"ConsDiaPlaca":772.7754517,"ConsMesPlaca":772.7754517,"ConsDiaRede":248.4134521,"ConsMesRede":248.4134521,"Status":"REDE"}