{"CorrPlaca":0,"TensPlaca":18.0890007,"CorrRede":1.164000034,"TensRede":0,"ConsDiaPlaca":4269.705566,"ConsMesPlaca":4269.705566,"ConsDiaRede":1666.673096,"ConsMesRede":1666.673096,"Status":"REDE"}