{"CorrPlaca":3.516000032,"TensPlaca":25,"CorrRede":0.839999974,"TensRede":0,"ConsDiaPlaca":16400.42578,"ConsMesPlaca":16400.42578,"ConsDiaRede":634.3799438,"ConsMesRede":634.3799438,"Status":"REDE"}