{"CorrPlaca":5,"TensPlaca":25,"CorrRede":0.560000002,"TensRede":0.085000001,"ConsDiaPlaca":12569.39355,"ConsMesPlaca":12569.39355,"ConsDiaRede":396.1284485,"ConsMesRede":396.1284485,"Status":"REDE"}