{"CorrPlaca":5,"TensPlaca":25,"CorrRede":0.526000023,"TensRede":0,"ConsDiaPlaca":21006.83984,"ConsMesPlaca":21006.83984,"ConsDiaRede":802.1385498,"ConsMesRede":802.1385498,"Status":"REDE"}