{"CorrPlaca":0.067000002,"TensPlaca":6.738999844,"CorrRede":0.936999977,"TensRede":0.293000013,"ConsDiaPlaca":67.12197876,"ConsMesPlaca":67.12197876,"ConsDiaRede":25.86709404,"ConsMesRede":25.86709404,"Status":"REDE"}