{"CorrPlaca":5,"TensPlaca":18.17399979,"CorrRede":3.078999996,"TensRede":2.667000055,"ConsDiaPlaca":3091.670166,"ConsMesPlaca":3091.670166,"ConsDiaRede":379.5620422,"ConsMesRede":379.5620422,"Status":"REDE"}