{"CorrPlaca":5,"TensPlaca":3.22300005,"CorrRede":0.768999994,"TensRede":1.312000036,"ConsDiaPlaca":6699.143066,"ConsMesPlaca":6699.143066,"ConsDiaRede":510.1662598,"ConsMesRede":510.1662598,"Status":"REDE"}