{"CorrPlaca":5,"TensPlaca":25,"CorrRede":1.493999958,"TensRede":0,"ConsDiaPlaca":15381.87598,"ConsMesPlaca":15381.87598,"ConsDiaRede":528.1777344,"ConsMesRede":528.1777344,"Status":"REDE"}