{"CorrPlaca":0.68599999,"TensPlaca":4.657999992,"CorrRede":1.187999964,"TensRede":2.282999992,"ConsDiaPlaca":111.9502869,"ConsMesPlaca":111.9502869,"ConsDiaRede":97.0899353,"ConsMesRede":97.0899353,"Status":"REDE"}