{"Corrente":14.49699974,"Tensao":27.3579998,"Consumo":5.276056767,"Status":"PLACA"}