{"CorrPlaca":1.506999969,"TensPlaca":18.07600021,"CorrRede":2.24000001,"TensRede":1.575000048,"ConsDiaPlaca":4946.942871,"ConsMesPlaca":4946.942871,"ConsDiaRede":1944.869263,"ConsMesRede":1944.869263,"Status":"REDE"}