{"CorrPlaca":0.526000023,"TensPlaca":18.06999969,"CorrRede":1.730999947,"TensRede":0.090999998,"ConsDiaPlaca":492.259552,"ConsMesPlaca":492.259552,"ConsDiaRede":154.6799469,"ConsMesRede":154.6799469,"Status":"REDE"}