{"CorrPlaca":0.279000014,"TensPlaca":7.001999855,"CorrRede":1.057000041,"TensRede":0.59799999,"ConsDiaPlaca":6.277906418,"ConsMesPlaca":6.277906418,"ConsDiaRede":2.642004013,"ConsMesRede":2.642004013,"Status":"REDE"}