{"CorrPlaca":0,"TensPlaca":0.81099999,"CorrRede":0.421999991,"TensRede":0,"ConsDiaPlaca":0.010343335,"ConsMesPlaca":0.010343335,"ConsDiaRede":0.651098967,"ConsMesRede":0.651098967,"Status":"REDE"}