{"CorrPlaca":2.674999952,"TensPlaca":18.16200066,"CorrRede":3.255000114,"TensRede":8.411999702,"ConsDiaPlaca":1859.967163,"ConsMesPlaca":1859.967163,"ConsDiaRede":744.4671021,"ConsMesRede":744.4671021,"Status":"REDE"}