{"CorrPlaca":5,"TensPlaca":25,"CorrRede":1.023000002,"TensRede":0,"ConsDiaPlaca":1597.223022,"ConsMesPlaca":1597.223022,"ConsDiaRede":91.58076477,"ConsMesRede":91.58076477,"Status":"REDE"}