{"CorrPlaca":5,"TensPlaca":25,"CorrRede":0.754000008,"TensRede":0,"ConsDiaPlaca":25624.86523,"ConsMesPlaca":25624.86523,"ConsDiaRede":1030.888916,"ConsMesRede":1030.888916,"Status":"REDE"}