{"CorrPlaca":0,"TensPlaca":6.677999973,"CorrRede":0.813000023,"TensRede":0.231000006,"ConsDiaPlaca":86.83493805,"ConsMesPlaca":86.83493805,"ConsDiaRede":41.75503922,"ConsMesRede":41.75503922,"Status":"REDE"}