{"Corrente":0.449000001,"Tensao":5.537000179,"Consumo":0.00431357,"Status":"PLACA"}