{"CorrPlaca":1.722000003,"TensPlaca":18.15600014,"CorrRede":2.61500001,"TensRede":4.951000214,"ConsDiaPlaca":2005.099487,"ConsMesPlaca":2005.099487,"ConsDiaRede":621.9728394,"ConsMesRede":621.9728394,"Status":"REDE"}