{"CorrPlaca":0,"TensPlaca":6.738999844,"CorrRede":0.827000022,"TensRede":0.164000005,"ConsDiaPlaca":86.47319794,"ConsMesPlaca":86.47319794,"ConsDiaRede":40.50924683,"ConsMesRede":40.50924683,"Status":"REDE"}