{"CorrPlaca":1.873999953,"TensPlaca":18.11300087,"CorrRede":2.59800005,"TensRede":3.107000113,"ConsDiaPlaca":2001.333008,"ConsMesPlaca":2001.333008,"ConsDiaRede":911.5789795,"ConsMesRede":911.5789795,"Status":"REDE"}