{"Corrente":16.57600021,"Tensao":5.232999802,"Consumo":0.267384261,"Status":"PLACA"}