{"CorrPlaca":5,"TensPlaca":25,"CorrRede":1.291000009,"TensRede":2.252000093,"ConsDiaPlaca":34027.61719,"ConsMesPlaca":34027.61719,"ConsDiaRede":1394.083984,"ConsMesRede":1394.083984,"Status":"REDE"}