{"CorrPlaca":5,"TensPlaca":18.20499992,"CorrRede":1.026000023,"TensRede":0,"ConsDiaPlaca":12189.94727,"ConsMesPlaca":12189.94727,"ConsDiaRede":537.7966919,"ConsMesRede":537.7966919,"Status":"REDE"}