{"CorrPlaca":5,"TensPlaca":25,"CorrRede":0.509000003,"TensRede":0,"ConsDiaPlaca":22326.27539,"ConsMesPlaca":22326.27539,"ConsDiaRede":863.4077759,"ConsMesRede":863.4077759,"Status":"REDE"}