{"CorrPlaca":0,"TensPlaca":0,"CorrRede":0.609000027,"TensRede":0.128000006,"ConsDiaPlaca":1.587435603,"ConsMesPlaca":1.587435603,"ConsDiaRede":188.3674164,"ConsMesRede":188.3674164,"Status":"REDE"}