{"CorrPlaca":0,"TensPlaca":0.818000019,"CorrRede":0.488999993,"TensRede":0.531000018,"ConsDiaPlaca":0,"ConsMesPlaca":0,"ConsDiaRede":0.42595613,"ConsMesRede":0.42595613,"Status":"REDE"}