{"Corrente":0.472000003,"Tensao":0.272000015,"Consumo":0.000136232,"Status":"REDE"}