{"corrente":0.722000003,"tensao":0,"consumo":0.011674017}