{"CorrPlaca":5,"TensPlaca":15.77499962,"CorrRede":2.22300005,"TensRede":2.642999887,"ConsDiaPlaca":5734.118164,"ConsMesPlaca":5734.118164,"ConsDiaRede":482.9321899,"ConsMesRede":482.9321899,"Status":"REDE"}