{"CorrPlaca":5,"TensPlaca":25,"CorrRede":0.797999978,"TensRede":0,"ConsDiaPlaca":35138.78516,"ConsMesPlaca":35138.78516,"ConsDiaRede":1413.770996,"ConsMesRede":1413.770996,"Status":"REDE"}