{"CorrPlaca":0.089000002,"TensPlaca":6.727000237,"CorrRede":0.992999971,"TensRede":0.273999989,"ConsDiaPlaca":28.42991829,"ConsMesPlaca":28.42991829,"ConsDiaRede":9.00839138,"ConsMesRede":9.00839138,"Status":"REDE"}