{"CorrPlaca":1.835000038,"TensPlaca":18.05800056,"CorrRede":2.546999931,"TensRede":3.191999912,"ConsDiaPlaca":2119.247559,"ConsMesPlaca":2119.247559,"ConsDiaRede":848.5374756,"ConsMesRede":848.5374756,"Status":"REDE"}