{"CorrPlaca":0,"TensPlaca":6.677999973,"CorrRede":0.769999981,"TensRede":0.115000002,"ConsDiaPlaca":1.533571362,"ConsMesPlaca":1.533571362,"ConsDiaRede":14.62994289,"ConsMesRede":14.62994289,"Status":"REDE"}