{"corrente":0.023,"tensao":2.069000006,"consumo":0.379429787}