{"CorrPlaca":0,"TensPlaca":6.709000111,"CorrRede":0.782999992,"TensRede":0.354000002,"ConsDiaPlaca":1.533571362,"ConsMesPlaca":1.533571362,"ConsDiaRede":12.20119667,"ConsMesRede":12.20119667,"Status":"REDE"}