{"CorrPlaca":0.686999977,"TensPlaca":3.424000025,"CorrRede":0.995000005,"TensRede":2.642999887,"ConsDiaPlaca":115.9979935,"ConsMesPlaca":115.9979935,"ConsDiaRede":100.3688736,"ConsMesRede":100.3688736,"Status":"REDE"}