{"CorrPlaca":0,"TensPlaca":0,"CorrRede":0.620999992,"TensRede":0.085000001,"ConsDiaPlaca":1.587435603,"ConsMesPlaca":1.587435603,"ConsDiaRede":188.4922638,"ConsMesRede":188.4922638,"Status":"REDE"}