{"Corrente":2.282999992,"Tensao":6.965000153,"Consumo":0.122238353,"Status":"PLACA"}