{"CorrPlaca":0.254999995,"TensPlaca":18.06999969,"CorrRede":1.42900002,"TensRede":0,"ConsDiaPlaca":4704.132813,"ConsMesPlaca":4704.132813,"ConsDiaRede":1462.962036,"ConsMesRede":1462.962036,"Status":"REDE"}