{"CorrPlaca":0.002,"TensPlaca":6.544000149,"CorrRede":0.828999996,"TensRede":0.115000002,"ConsDiaPlaca":84.29009247,"ConsMesPlaca":84.29009247,"ConsDiaRede":36.12531281,"ConsMesRede":36.12531281,"Status":"REDE"}