{"CorrPlaca":5,"TensPlaca":25,"CorrRede":1.656000018,"TensRede":4.688000202,"ConsDiaPlaca":17430.47461,"ConsMesPlaca":17430.47461,"ConsDiaRede":622.9467163,"ConsMesRede":622.9467163,"Status":"REDE"}