{"CorrPlaca":2.604000092,"TensPlaca":18.125,"CorrRede":3.230999947,"TensRede":7.15500021,"ConsDiaPlaca":1807.777832,"ConsMesPlaca":1807.777832,"ConsDiaRede":558.6071777,"ConsMesRede":558.6071777,"Status":"REDE"}