{"CorrPlaca":5,"TensPlaca":3.118999958,"CorrRede":0.753000021,"TensRede":1.110999942,"ConsDiaPlaca":4836.748047,"ConsMesPlaca":4836.748047,"ConsDiaRede":422.7611084,"ConsMesRede":422.7611084,"Status":"REDE"}