{"CorrPlaca":0.381999999,"TensPlaca":7.130000114,"CorrRede":1.090999961,"TensRede":0.488000005,"ConsDiaPlaca":2.86007905,"ConsMesPlaca":2.86007905,"ConsDiaRede":1.540721059,"ConsMesRede":1.540721059,"Status":"REDE"}