{"CorrPlaca":0,"TensPlaca":0,"CorrRede":0.546999991,"TensRede":0.017999999,"ConsDiaPlaca":1.587435603,"ConsMesPlaca":1.587435603,"ConsDiaRede":21.17009544,"ConsMesRede":21.17009544,"Status":"REDE"}