{"CorrPlaca":1.996999979,"TensPlaca":18.05200005,"CorrRede":2.638999939,"TensRede":3.47300005,"ConsDiaPlaca":1675.89856,"ConsMesPlaca":1675.89856,"ConsDiaRede":673.6150513,"ConsMesRede":673.6150513,"Status":"REDE"}