{"Corrente":14.47700024,"Tensao":3.694000006,"Consumo":1.471861362,"Status":"REDE"}