{"CorrPlaca":0.411000013,"TensPlaca":18.13100052,"CorrRede":1.641000032,"TensRede":0.665000021,"ConsDiaPlaca":2803.167969,"ConsMesPlaca":2803.167969,"ConsDiaRede":869.3671265,"ConsMesRede":869.3671265,"Status":"REDE"}