{"CorrPlaca":5,"TensPlaca":25,"CorrRede":2.173000097,"TensRede":2.27699995,"ConsDiaPlaca":11111.07031,"ConsMesPlaca":11111.07031,"ConsDiaRede":346.2861328,"ConsMesRede":346.2861328,"Status":"REDE"}