{"CorrPlaca":0.372000009,"TensPlaca":18.06399918,"CorrRede":1.57099998,"TensRede":1.48300004,"ConsDiaPlaca":2140.076904,"ConsMesPlaca":2140.076904,"ConsDiaRede":857.8760376,"ConsMesRede":857.8760376,"Status":"REDE"}