{"CorrPlaca":0.158000007,"TensPlaca":18.15600014,"CorrRede":1.417999983,"TensRede":0.768999994,"ConsDiaPlaca":2.851958036,"ConsMesPlaca":2.851958036,"ConsDiaRede":1.30676055,"ConsMesRede":1.30676055,"Status":"REDE"}