{"CorrPlaca":5,"TensPlaca":0,"CorrRede":0.374000013,"TensRede":0,"ConsDiaPlaca":4989.615234,"ConsMesPlaca":4989.615234,"ConsDiaRede":477.3198547,"ConsMesRede":477.3198547,"Status":"REDE"}