{"CorrPlaca":0.105999999,"TensPlaca":18.10700035,"CorrRede":1.463000059,"TensRede":0.421000004,"ConsDiaPlaca":933.8776245,"ConsMesPlaca":933.8776245,"ConsDiaRede":416.0094299,"ConsMesRede":416.0094299,"Status":"REDE"}