{"CorrPlaca":2.323999882,"TensPlaca":18.10700035,"CorrRede":2.937999964,"TensRede":4.914000034,"ConsDiaPlaca":4869.237305,"ConsMesPlaca":4869.237305,"ConsDiaRede":1510.767578,"ConsMesRede":1510.767578,"Status":"REDE"}