{"CorrPlaca":0,"TensPlaca":6.574999809,"CorrRede":0.79400003,"TensRede":0.097000003,"ConsDiaPlaca":1.522501469,"ConsMesPlaca":1.522501469,"ConsDiaRede":5.471057892,"ConsMesRede":5.471057892,"Status":"REDE"}