{"Corrente":0.041999999,"Tensao":5.964000225,"Consumo":0.055645753,"Status":"REDE"}