{"Corrente":14.33100033,"Tensao":0,"Consumo":1.197687745,"Status":"REDE"}