{"CorrPlaca":5,"TensPlaca":25,"CorrRede":3.648000002,"TensRede":2.575999975,"ConsDiaPlaca":1624.89856,"ConsMesPlaca":1624.89856,"ConsDiaRede":345.2717285,"ConsMesRede":345.2717285,"Status":"REDE"}