{"CorrPlaca":0.912,"TensPlaca":18.09499931,"CorrRede":1.802999973,"TensRede":0,"ConsDiaPlaca":1342.743286,"ConsMesPlaca":1342.743286,"ConsDiaRede":541.3356323,"ConsMesRede":541.3356323,"Status":"REDE"}