{"CorrPlaca":2.078000069,"TensPlaca":18.04000092,"CorrRede":2.835000038,"TensRede":7.001999855,"ConsDiaPlaca":4411.454102,"ConsMesPlaca":4411.454102,"ConsDiaRede":1716.904175,"ConsMesRede":1716.904175,"Status":"REDE"}