{"corrente":0.771000028,"tensao":2.733999968,"consumo":0.007591428}