{"Corrente":0.970000029,"Tensao":8.796999931,"Consumo":0.029743822,"Status":"PLACA"}