{"CorrPlaca":5,"TensPlaca":25,"CorrRede":2.377000093,"TensRede":5.31099987,"ConsDiaPlaca":18020.74805,"ConsMesPlaca":18020.74805,"ConsDiaRede":658.4282837,"ConsMesRede":658.4282837,"Status":"REDE"}