{"CorrPlaca":2.444000006,"TensPlaca":18.1439991,"CorrRede":3.114000082,"TensRede":6.947000027,"ConsDiaPlaca":4987.041016,"ConsMesPlaca":4987.041016,"ConsDiaRede":1550.108276,"ConsMesRede":1550.108276,"Status":"REDE"}