{"Corrente":14.53600025,"Tensao":1.154999971,"Consumo":0.263242424,"Status":"REDE"}