{"CorrPlaca":5,"TensPlaca":25,"CorrRede":0.991999984,"TensRede":1.677999973,"ConsDiaPlaca":15590.20801,"ConsMesPlaca":15590.20801,"ConsDiaRede":538.0578613,"ConsMesRede":538.0578613,"Status":"REDE"}