{"CorrPlaca":5,"TensPlaca":25,"CorrRede":1.039000034,"TensRede":2.039000034,"ConsDiaPlaca":25312.36719,"ConsMesPlaca":25312.36719,"ConsDiaRede":1028.263916,"ConsMesRede":1028.263916,"Status":"REDE"}