{"CorrPlaca":0.658999979,"TensPlaca":18.14999962,"CorrRede":1.621000051,"TensRede":0,"ConsDiaPlaca":4256.858887,"ConsMesPlaca":4256.858887,"ConsDiaRede":1659.813354,"ConsMesRede":1659.813354,"Status":"REDE"}