{"CorrPlaca":5,"TensPlaca":25,"CorrRede":1.230999947,"TensRede":2.740999937,"ConsDiaPlaca":28263.73828,"ConsMesPlaca":28263.73828,"ConsDiaRede":1158.011108,"ConsMesRede":1158.011108,"Status":"REDE"}