{"CorrPlaca":0.488999993,"TensPlaca":18.17399979,"CorrRede":1.64199996,"TensRede":0,"ConsDiaPlaca":384.1726379,"ConsMesPlaca":384.1726379,"ConsDiaRede":119.2555313,"ConsMesRede":119.2555313,"Status":"REDE"}