{"Corrente":14.56000042,"Tensao":0,"Consumo":1.197687745,"Status":"REDE"}