{"CorrPlaca":5,"TensPlaca":25,"CorrRede":2.414999962,"TensRede":6.745999813,"ConsDiaPlaca":32847.04297,"ConsMesPlaca":32847.04297,"ConsDiaRede":1355.072754,"ConsMesRede":1355.072754,"Status":"REDE"}