{"Corrente":3.525000095,"Tensao":0,"Consumo":0.057277199,"Status":"REDE"}