{"CorrPlaca":0,"TensPlaca":0,"CorrRede":0.605000019,"TensRede":0.035999998,"ConsDiaPlaca":1.587435603,"ConsMesPlaca":1.587435603,"ConsDiaRede":187.0592194,"ConsMesRede":187.0592194,"Status":"REDE"}