{"CorrPlaca":0.860000014,"TensPlaca":18.06999969,"CorrRede":2.007999897,"TensRede":2.556999922,"ConsDiaPlaca":4974.723145,"ConsMesPlaca":4974.723145,"ConsDiaRede":1544.099121,"ConsMesRede":1544.099121,"Status":"REDE"}