{"CorrPlaca":0.713999987,"TensPlaca":3.901000023,"CorrRede":1.074000001,"TensRede":3.118999958,"ConsDiaPlaca":95.67699432,"ConsMesPlaca":95.67699432,"ConsDiaRede":85.42677307,"ConsMesRede":85.42677307,"Status":"REDE"}