{"CorrPlaca":0.194999993,"TensPlaca":18.125,"CorrRede":1.425999999,"TensRede":0.824000001,"ConsDiaPlaca":3698.912109,"ConsMesPlaca":3698.912109,"ConsDiaRede":1444.784912,"ConsMesRede":1444.784912,"Status":"REDE"}