{"CorrPlaca":0.037,"TensPlaca":3.191999912,"CorrRede":0.510999978,"TensRede":0.573000014,"ConsDiaPlaca":144.6340332,"ConsMesPlaca":144.6340332,"ConsDiaRede":138.461441,"ConsMesRede":138.461441,"Status":"REDE"}