{"CorrPlaca":5,"TensPlaca":25,"CorrRede":1.991000056,"TensRede":2.667000055,"ConsDiaPlaca":12256.89648,"ConsMesPlaca":12256.89648,"ConsDiaRede":382.894928,"ConsMesRede":382.894928,"Status":"REDE"}