{"CorrPlaca":0.048,"TensPlaca":6.732999802,"CorrRede":0.870000005,"TensRede":0.261999995,"ConsDiaPlaca":83.36643982,"ConsMesPlaca":83.36643982,"ConsDiaRede":34.0501976,"ConsMesRede":34.0501976,"Status":"REDE"}