{"CorrPlaca":5,"TensPlaca":25,"CorrRede":2.400000095,"TensRede":6.971000195,"ConsDiaPlaca":26458.19336,"ConsMesPlaca":26458.19336,"ConsDiaRede":1060.509155,"ConsMesRede":1060.509155,"Status":"REDE"}