{"CorrPlaca":2.344000101,"TensPlaca":18.05200005,"CorrRede":2.934000015,"TensRede":5.372000217,"ConsDiaPlaca":5005.973145,"ConsMesPlaca":5005.973145,"ConsDiaRede":1968.587158,"ConsMesRede":1968.587158,"Status":"REDE"}