{"CorrPlaca":0.409999996,"TensPlaca":18.06999969,"CorrRede":1.554999948,"TensRede":0,"ConsDiaPlaca":1785.425659,"ConsMesPlaca":1785.425659,"ConsDiaRede":551.5155029,"ConsMesRede":551.5155029,"Status":"REDE"}