{"CorrPlaca":0.039999999,"TensPlaca":6.550000191,"CorrRede":0.898999989,"TensRede":0.108999997,"ConsDiaPlaca":69.58176422,"ConsMesPlaca":69.58176422,"ConsDiaRede":27.05306244,"ConsMesRede":27.05306244,"Status":"REDE"}