{"CorrPlaca":0.425999999,"TensPlaca":18.0890007,"CorrRede":1.412999988,"TensRede":0,"ConsDiaPlaca":3039.372803,"ConsMesPlaca":3039.372803,"ConsDiaRede":1203.943481,"ConsMesRede":1203.943481,"Status":"REDE"}