{"CorrPlaca":1.15199995,"TensPlaca":18.06399918,"CorrRede":1.95599997,"TensRede":0.444999993,"ConsDiaPlaca":2614.615723,"ConsMesPlaca":2614.615723,"ConsDiaRede":1033.203613,"ConsMesRede":1033.203613,"Status":"REDE"}