{"corrente":0.174999997,"tensao":3.576999903,"consumo":0.383302987}