{"CorrPlaca":2.819999933,"TensPlaca":13.5710001,"CorrRede":2.180999994,"TensRede":7.032000065,"ConsDiaPlaca":35340.04688,"ConsMesPlaca":35340.04688,"ConsDiaRede":1449.747559,"ConsMesRede":1449.747559,"Status":"REDE"}