{"CorrPlaca":0.097000003,"TensPlaca":6.586999893,"CorrRede":0.963,"TensRede":0.360000014,"ConsDiaPlaca":61.5491333,"ConsMesPlaca":61.5491333,"ConsDiaRede":22.98382759,"ConsMesRede":22.98382759,"Status":"REDE"}