{"CorrPlaca":0,"TensPlaca":0,"CorrRede":0.583999991,"TensRede":0.103,"ConsDiaPlaca":1.587435603,"ConsMesPlaca":1.587435603,"ConsDiaRede":21.56141853,"ConsMesRede":21.56141853,"Status":"REDE"}