{"corrente":0.771000028,"tensao":2.684999943,"consumo":0.018088331}