{"CorrPlaca":2.930999994,"TensPlaca":18.06999969,"CorrRede":3.434000015,"TensRede":7.703999996,"ConsDiaPlaca":1235.555176,"ConsMesPlaca":1235.555176,"ConsDiaRede":553.1672363,"ConsMesRede":553.1672363,"Status":"REDE"}