{"CorrPlaca":2.492000103,"TensPlaca":18.0890007,"CorrRede":3.045000076,"TensRede":5.183000088,"ConsDiaPlaca":2855.458984,"ConsMesPlaca":2855.458984,"ConsDiaRede":889.0495605,"ConsMesRede":889.0495605,"Status":"REDE"}