{"CorrPlaca":2.361000061,"TensPlaca":18.01499939,"CorrRede":3.046999931,"TensRede":7.752999783,"ConsDiaPlaca":5023.103516,"ConsMesPlaca":5023.103516,"ConsDiaRede":1977.526001,"ConsMesRede":1977.526001,"Status":"REDE"}