{"corrente":0.074000001,"tensao":1.970999956,"consumo":0.38156417}