{"CorrPlaca":0,"TensPlaca":0.592000008,"CorrRede":0.50999999,"TensRede":0.505999982,"ConsDiaPlaca":0.005104722,"ConsMesPlaca":0.005104722,"ConsDiaRede":0.434962213,"ConsMesRede":0.434962213,"Status":"REDE"}