{"Corrente":0.26699999,"Tensao":25,"Consumo":0.047601391,"Status":"REDE"}