{"CorrPlaca":0,"TensPlaca":6.659999847,"CorrRede":0.774999976,"TensRede":0.224999994,"ConsDiaPlaca":1.587435603,"ConsMesPlaca":1.587435603,"ConsDiaRede":20.64780807,"ConsMesRede":20.64780807,"Status":"REDE"}