{"CorrPlaca":0.723999977,"TensPlaca":4.401000023,"CorrRede":1.182999969,"TensRede":2.447999954,"ConsDiaPlaca":106.5295258,"ConsMesPlaca":106.5295258,"ConsDiaRede":92.80021667,"ConsMesRede":92.80021667,"Status":"REDE"}