{"CorrPlaca":1.843999982,"TensPlaca":18.10700035,"CorrRede":2.530999899,"TensRede":2.661000013,"ConsDiaPlaca":4636.59082,"ConsMesPlaca":4636.59082,"ConsDiaRede":1445.734985,"ConsMesRede":1445.734985,"Status":"REDE"}