{"CorrPlaca":0.097000003,"TensPlaca":3.22300005,"CorrRede":0.578999996,"TensRede":0.81099999,"ConsDiaPlaca":133.9188385,"ConsMesPlaca":133.9188385,"ConsDiaRede":129.8489227,"ConsMesRede":129.8489227,"Status":"REDE"}