{"CorrPlaca":1.121999979,"TensPlaca":18.06999969,"CorrRede":1.967000008,"TensRede":0.293000013,"ConsDiaPlaca":1665.884644,"ConsMesPlaca":1665.884644,"ConsDiaRede":671.0692139,"ConsMesRede":671.0692139,"Status":"REDE"}