{"CorrPlaca":1.425999999,"TensPlaca":18.06999969,"CorrRede":2.23300004,"TensRede":1.031000018,"ConsDiaPlaca":760.4859009,"ConsMesPlaca":760.4859009,"ConsDiaRede":337.1619263,"ConsMesRede":337.1619263,"Status":"REDE"}