{"Corrente":0.488000005,"Tensao":0,"Consumo":0.006886377,"Status":"REDE"}