{"CorrPlaca":0.388999999,"TensPlaca":18.16799927,"CorrRede":1.526000023,"TensRede":0,"ConsDiaPlaca":2376.52124,"ConsMesPlaca":2376.52124,"ConsDiaRede":745.9940186,"ConsMesRede":745.9940186,"Status":"REDE"}