{"CorrPlaca":3.194000006,"TensPlaca":18.16799927,"CorrRede":3.691999912,"TensRede":9.303999901,"ConsDiaPlaca":1161.946533,"ConsMesPlaca":1161.946533,"ConsDiaRede":515.8775024,"ConsMesRede":515.8775024,"Status":"REDE"}