{"Corrente":0.540000021,"Tensao":22.44300079,"Consumo":0.093959838,"Status":"PLACA"}