{"CorrPlaca":0.722000003,"TensPlaca":4.815999985,"CorrRede":1.210000038,"TensRede":0,"ConsDiaPlaca":102.1327438,"ConsMesPlaca":102.1327438,"ConsDiaRede":88.73773193,"ConsMesRede":88.73773193,"Status":"REDE"}