{"CorrPlaca":5,"TensPlaca":25,"CorrRede":1.738999963,"TensRede":2.051000118,"ConsDiaPlaca":34965.16406,"ConsMesPlaca":34965.16406,"ConsDiaRede":1407.316284,"ConsMesRede":1407.316284,"Status":"REDE"}