{"CorrPlaca":5,"TensPlaca":25,"CorrRede":1.830000043,"TensRede":0.59799999,"ConsDiaPlaca":13354.44727,"ConsMesPlaca":13354.44727,"ConsDiaRede":571.5040894,"ConsMesRede":571.5040894,"Status":"REDE"}