{"Corrente":16.13699913,"Tensao":0.699000001,"Consumo":0.805022717,"Status":"REDE"}