{"CorrPlaca":0.310000002,"TensPlaca":3.204999924,"CorrRede":0.773999989,"TensRede":1.465000033,"ConsDiaPlaca":179.0117798,"ConsMesPlaca":179.0117798,"ConsDiaRede":165.3435516,"ConsMesRede":165.3435516,"Status":"REDE"}