{"CorrPlaca":0,"TensPlaca":6.732999802,"CorrRede":0.83099997,"TensRede":0.456999987,"ConsDiaPlaca":1.522501469,"ConsMesPlaca":1.522501469,"ConsDiaRede":4.862018108,"ConsMesRede":4.862018108,"Status":"REDE"}