{"CorrPlaca":0,"TensPlaca":6.732999802,"CorrRede":0.81400001,"TensRede":0.201000005,"ConsDiaPlaca":87.85235596,"ConsMesPlaca":87.85235596,"ConsDiaRede":44.54865265,"ConsMesRede":44.54865265,"Status":"REDE"}