{"Corrente":16.41399956,"Tensao":4.048999786,"Consumo":0.537864208,"Status":"REDE"}