{"CorrPlaca":0,"TensPlaca":25,"CorrRede":1.937000036,"TensRede":1.38499999,"ConsDiaPlaca":13586.93066,"ConsMesPlaca":13586.93066,"ConsDiaRede":594.2711182,"ConsMesRede":594.2711182,"Status":"REDE"}