{"CorrPlaca":5,"TensPlaca":3.22300005,"CorrRede":0.503000021,"TensRede":0.360000014,"ConsDiaPlaca":6716.599121,"ConsMesPlaca":6716.599121,"ConsDiaRede":511.3112488,"ConsMesRede":511.3112488,"Status":"REDE"}