{"Corrente":0.488000005,"Tensao":1.513000011,"Consumo":0.000399265,"Status":"REDE"}