{"CorrPlaca":0,"TensPlaca":6.659999847,"CorrRede":0.788999975,"TensRede":0.201000005,"ConsDiaPlaca":1.533571362,"ConsMesPlaca":1.533571362,"ConsDiaRede":15.493783,"ConsMesRede":15.493783,"Status":"REDE"}