{"CorrPlaca":1.458999991,"TensPlaca":18.10099983,"CorrRede":2.513999939,"TensRede":4.993000031,"ConsDiaPlaca":960.0067749,"ConsMesPlaca":960.0067749,"ConsDiaRede":423.9891357,"ConsMesRede":423.9891357,"Status":"REDE"}