{"corrente":0.584999979,"tensao":0.666000009,"consumo":0.055015292}