{"CorrPlaca":0.041000001,"TensPlaca":6.709000111,"CorrRede":0.944999993,"TensRede":0.25,"ConsDiaPlaca":66.66835785,"ConsMesPlaca":66.66835785,"ConsDiaRede":25.59519958,"ConsMesRede":25.59519958,"Status":"REDE"}