{"CorrPlaca":0,"TensPlaca":18.06399918,"CorrRede":1.194000006,"TensRede":0,"ConsDiaPlaca":1984.16394,"ConsMesPlaca":1984.16394,"ConsDiaRede":907.5785522,"ConsMesRede":907.5785522,"Status":"REDE"}