{"CorrPlaca":2.246000051,"TensPlaca":18.0340004,"CorrRede":2.884000063,"TensRede":3.650000095,"ConsDiaPlaca":1013.342529,"ConsMesPlaca":1013.342529,"ConsDiaRede":315.4860229,"ConsMesRede":315.4860229,"Status":"REDE"}