{"CorrPlaca":0,"TensPlaca":0,"CorrRede":0.611999989,"TensRede":0.041999999,"ConsDiaPlaca":1.587435603,"ConsMesPlaca":1.587435603,"ConsDiaRede":188.7897644,"ConsMesRede":188.7897644,"Status":"REDE"}