{"Corrente":-3.332999945,"Tensao":14.45199966,"Consumo":0.289278239,"Status":"REDE"}