{"CorrPlaca":5,"TensPlaca":25,"CorrRede":0.623000026,"TensRede":0.335000008,"ConsDiaPlaca":15277.70996,"ConsMesPlaca":15277.70996,"ConsDiaRede":525.1174927,"ConsMesRede":525.1174927,"Status":"REDE"}