{"CorrPlaca":0.164000005,"TensPlaca":18.06999969,"CorrRede":1.425999999,"TensRede":0.421000004,"ConsDiaPlaca":1180.894653,"ConsMesPlaca":1180.894653,"ConsDiaRede":523.5870361,"ConsMesRede":523.5870361,"Status":"REDE"}