{"Corrente":174.2440033,"Tensao":24.9659996,"Consumo":24.21362686,"Status":"PLACA"}