{"CorrPlaca":0.565999985,"TensPlaca":18.06399918,"CorrRede":1.582000017,"TensRede":0,"ConsDiaPlaca":4524.227051,"ConsMesPlaca":4524.227051,"ConsDiaRede":1762.654785,"ConsMesRede":1762.654785,"Status":"REDE"}