{"CorrPlaca":5,"TensPlaca":25,"CorrRede":1.843000054,"TensRede":0,"ConsDiaPlaca":11979.12012,"ConsMesPlaca":11979.12012,"ConsDiaRede":361.494812,"ConsMesRede":361.494812,"Status":"REDE"}