{"CorrPlaca":3.210999966,"TensPlaca":18.06999969,"CorrRede":3.769999981,"TensRede":9.37100029,"ConsDiaPlaca":923.2964478,"ConsMesPlaca":923.2964478,"ConsDiaRede":413.084137,"ConsMesRede":413.084137,"Status":"REDE"}