{"corrente":0.683000028,"tensao":0.666000009,"consumo":0.035318349}