{"Corrente":14.60900021,"Tensao":0,"Consumo":0.474916309,"Status":"REDE"}