{"CorrPlaca":0.222000003,"TensPlaca":18.0890007,"CorrRede":1.467000008,"TensRede":0.488000005,"ConsDiaPlaca":1002.293518,"ConsMesPlaca":1002.293518,"ConsDiaRede":443.07724,"ConsMesRede":443.07724,"Status":"REDE"}