{"Corrente":-2.480000019,"Tensao":12.53199959,"Consumo":0.252444923,"Status":"REDE"}