{"CorrPlaca":0.119999997,"TensPlaca":6.745999813,"CorrRede":0.99000001,"TensRede":0.293000013,"ConsDiaPlaca":23.33953476,"ConsMesPlaca":23.33953476,"ConsDiaRede":7.656847477,"ConsMesRede":7.656847477,"Status":"REDE"}