{"CorrPlaca":0,"TensPlaca":3.217000008,"CorrRede":0.442999989,"TensRede":0.488000005,"ConsDiaPlaca":138.2971802,"ConsMesPlaca":138.2971802,"ConsDiaRede":133.2889099,"ConsMesRede":133.2889099,"Status":"REDE"}