{"CorrPlaca":0,"TensPlaca":0,"CorrRede":0.623000026,"TensRede":0.151999995,"ConsDiaPlaca":1.587435603,"ConsMesPlaca":1.587435603,"ConsDiaRede":187.914917,"ConsMesRede":187.914917,"Status":"REDE"}