{"CorrPlaca":5,"TensPlaca":25,"CorrRede":0.569999993,"TensRede":0,"ConsDiaPlaca":29652.61719,"ConsMesPlaca":29652.61719,"ConsDiaRede":1221.051514,"ConsMesRede":1221.051514,"Status":"REDE"}