{"CorrPlaca":0,"TensPlaca":6.659999847,"CorrRede":0.833000004,"TensRede":0.456999987,"ConsDiaPlaca":1.533571362,"ConsMesPlaca":1.533571362,"ConsDiaRede":5.966930866,"ConsMesRede":5.966930866,"Status":"REDE"}