{"Corrente":14.83399963,"Tensao":0,"Consumo":0.146355033,"Status":"REDE"}