{"CorrPlaca":0.210999995,"TensPlaca":18.14999962,"CorrRede":1.404000044,"TensRede":0,"ConsDiaPlaca":5124.10498,"ConsMesPlaca":5124.10498,"ConsDiaRede":1602.254761,"ConsMesRede":1602.254761,"Status":"REDE"}