{"CorrPlaca":0,"TensPlaca":6.721000195,"CorrRede":0.722000003,"TensRede":0.017999999,"ConsDiaPlaca":1.533571362,"ConsMesPlaca":1.533571362,"ConsDiaRede":16.26770401,"ConsMesRede":16.26770401,"Status":"REDE"}