{"Corrente":2.950000048,"Tensao":7.080999851,"Consumo":0.038919162,"Status":"PLACA"}