{"CorrPlaca":3.523000002,"TensPlaca":25,"CorrRede":1.476999998,"TensRede":2.746999979,"ConsDiaPlaca":30651.03516,"ConsMesPlaca":30651.03516,"ConsDiaRede":800.1578979,"ConsMesRede":800.1578979,"Status":"REDE"}