{"CorrPlaca":0.179000005,"TensPlaca":18.08300018,"CorrRede":1.330000043,"TensRede":0,"ConsDiaPlaca":699.3031616,"ConsMesPlaca":699.3031616,"ConsDiaRede":280.8739624,"ConsMesRede":280.8739624,"Status":"REDE"}