{"CorrPlaca":0,"TensPlaca":0,"CorrRede":0.593999982,"TensRede":0,"ConsDiaPlaca":1.587435603,"ConsMesPlaca":1.587435603,"ConsDiaRede":188.8871002,"ConsMesRede":188.8871002,"Status":"REDE"}