{"CorrPlaca":0.075999998,"TensPlaca":6.659999847,"CorrRede":0.985000014,"TensRede":0.224999994,"ConsDiaPlaca":33.37095642,"ConsMesPlaca":33.37095642,"ConsDiaRede":10.72394562,"ConsMesRede":10.72394562,"Status":"REDE"}