{"CorrPlaca":3.671000004,"TensPlaca":0.395999998,"CorrRede":0.395999998,"TensRede":0,"ConsDiaPlaca":13109.44531,"ConsMesPlaca":13109.44531,"ConsDiaRede":567.6596069,"ConsMesRede":567.6596069,"Status":"REDE"}