{"CorrPlaca":0.827000022,"TensPlaca":18.1439991,"CorrRede":2.003999949,"TensRede":2.673000097,"ConsDiaPlaca":5123.041016,"ConsMesPlaca":5123.041016,"ConsDiaRede":1602.254761,"ConsMesRede":1602.254761,"Status":"REDE"}