{"Corrente":15.35499954,"Tensao":3.890000105,"Consumo":0.554456115,"Status":"REDE"}