{"CorrPlaca":5,"TensPlaca":25,"CorrRede":2.423000097,"TensRede":7.130000114,"ConsDiaPlaca":30520.66797,"ConsMesPlaca":30520.66797,"ConsDiaRede":1265.818359,"ConsMesRede":1265.818359,"Status":"REDE"}