{"CorrPlaca":0.273000002,"TensPlaca":18.11300087,"CorrRede":1.432999969,"TensRede":0.298999995,"ConsDiaPlaca":124.3168259,"ConsMesPlaca":124.3168259,"ConsDiaRede":58.10224533,"ConsMesRede":58.10224533,"Status":"REDE"}