{"Corrente":0,"Tensao":6.232999802,"Consumo":0.053693287,"Status":"REDE"}