{"CorrPlaca":2.825999975,"TensPlaca":18.00300026,"CorrRede":3.404999971,"TensRede":7.349999905,"ConsDiaPlaca":1201.039185,"ConsMesPlaca":1201.039185,"ConsDiaRede":378.3111877,"ConsMesRede":378.3111877,"Status":"REDE"}