{"CorrPlaca":0,"TensPlaca":0.665000021,"CorrRede":0.439999998,"TensRede":0.488000005,"ConsDiaPlaca":0.045552503,"ConsMesPlaca":0.045552503,"ConsDiaRede":1.123783231,"ConsMesRede":1.123783231,"Status":"REDE"}