{"CorrPlaca":5,"TensPlaca":25,"CorrRede":2.092000008,"TensRede":3.321000099,"ConsDiaPlaca":1041.667114,"ConsMesPlaca":1041.667114,"ConsDiaRede":57.02436829,"ConsMesRede":57.02436829,"Status":"REDE"}