{"CorrPlaca":0,"TensPlaca":0,"CorrRede":0.611999989,"TensRede":0.151999995,"ConsDiaPlaca":1.587435603,"ConsMesPlaca":1.587435603,"ConsDiaRede":187.0850677,"ConsMesRede":187.0850677,"Status":"REDE"}