{"CorrPlaca":0.698000014,"TensPlaca":0,"CorrRede":0.097000003,"TensRede":0,"ConsDiaPlaca":104.5239868,"ConsMesPlaca":104.5239868,"ConsDiaRede":90.86338806,"ConsMesRede":90.86338806,"Status":"REDE"}