{"CorrPlaca":0.007,"TensPlaca":6.544000149,"CorrRede":0.838,"TensRede":0.188999996,"ConsDiaPlaca":82.3012085,"ConsMesPlaca":82.3012085,"ConsDiaRede":32.88311768,"ConsMesRede":32.88311768,"Status":"REDE"}