{"CorrPlaca":0,"TensPlaca":18.125,"CorrRede":1.248999953,"TensRede":0.158000007,"ConsDiaPlaca":2075.511963,"ConsMesPlaca":2075.511963,"ConsDiaRede":831.1348877,"ConsMesRede":831.1348877,"Status":"REDE"}