{"Corrente":0.333999991,"Tensao":2.380000114,"Consumo":0.021837587,"Status":"REDE"}