{"CorrPlaca":0.230000004,"TensPlaca":18.15600014,"CorrRede":1.498000026,"TensRede":0.879000008,"ConsDiaPlaca":1181.806396,"ConsMesPlaca":1181.806396,"ConsDiaRede":485.1321411,"ConsMesRede":485.1321411,"Status":"REDE"}