{"CorrPlaca":0.218999997,"TensPlaca":18.09499931,"CorrRede":1.44599998,"TensRede":0,"ConsDiaPlaca":3005.238037,"ConsMesPlaca":3005.238037,"ConsDiaRede":928.8983154,"ConsMesRede":928.8983154,"Status":"REDE"}