{"CorrPlaca":2.755000114,"TensPlaca":18.04000092,"CorrRede":3.236000061,"TensRede":6.684000015,"ConsDiaPlaca":4053.638184,"ConsMesPlaca":4053.638184,"ConsDiaRede":1265.547241,"ConsMesRede":1265.547241,"Status":"REDE"}