{"CorrPlaca":0.093999997,"TensPlaca":6.684000015,"CorrRede":0.995999992,"TensRede":0.293000013,"ConsDiaPlaca":50.79804611,"ConsMesPlaca":50.79804611,"ConsDiaRede":17.54265022,"ConsMesRede":17.54265022,"Status":"REDE"}