{"CorrPlaca":0,"TensPlaca":18.0890007,"CorrRede":1.304999948,"TensRede":0,"ConsDiaPlaca":1235.555176,"ConsMesPlaca":1235.555176,"ConsDiaRede":553.1672363,"ConsMesRede":553.1672363,"Status":"REDE"}