{"CorrPlaca":0,"TensPlaca":18.09499931,"CorrRede":1.164000034,"TensRede":0,"ConsDiaPlaca":2194.009521,"ConsMesPlaca":2194.009521,"ConsDiaRede":875.4684448,"ConsMesRede":875.4684448,"Status":"REDE"}