{"CorrPlaca":0.731000006,"TensPlaca":18.16200066,"CorrRede":1.967000008,"TensRede":3.009000063,"ConsDiaPlaca":1534.039917,"ConsMesPlaca":1534.039917,"ConsDiaRede":696.2518921,"ConsMesRede":696.2518921,"Status":"REDE"}