{"Corrente":0.096000001,"Tensao":0,"Consumo":0.053693287,"Status":"REDE"}