{"CorrPlaca":5,"TensPlaca":25,"CorrRede":2.575999975,"TensRede":6.934999943,"ConsDiaPlaca":12708.28223,"ConsMesPlaca":12708.28223,"ConsDiaRede":404.9735718,"ConsMesRede":404.9735718,"Status":"REDE"}