{"CorrPlaca":2.719000101,"TensPlaca":18.10099983,"CorrRede":3.230999947,"TensRede":5.640999794,"ConsDiaPlaca":233.8990021,"ConsMesPlaca":233.8990021,"ConsDiaRede":73.6015625,"ConsMesRede":73.6015625,"Status":"REDE"}