{"CorrPlaca":0.379999995,"TensPlaca":18.06399918,"CorrRede":1.542999983,"TensRede":0,"ConsDiaPlaca":1474.901978,"ConsMesPlaca":1474.901978,"ConsDiaRede":459.6186218,"ConsMesRede":459.6186218,"Status":"REDE"}