{"CorrPlaca":0,"TensPlaca":6.727000237,"CorrRede":0.785000026,"TensRede":0.194999993,"ConsDiaPlaca":1.533571362,"ConsMesPlaca":1.533571362,"ConsDiaRede":13.87936783,"ConsMesRede":13.87936783,"Status":"REDE"}