{"CorrPlaca":1.174999952,"TensPlaca":18.05800056,"CorrRede":2.028000116,"TensRede":0.158000007,"ConsDiaPlaca":3170.404053,"ConsMesPlaca":3170.404053,"ConsDiaRede":980.3013306,"ConsMesRede":980.3013306,"Status":"REDE"}