{"CorrPlaca":0,"TensPlaca":25,"CorrRede":1.741000056,"TensRede":0.915000021,"ConsDiaPlaca":13412.64063,"ConsMesPlaca":13412.64063,"ConsDiaRede":572.7509766,"ConsMesRede":572.7509766,"Status":"REDE"}