{"CorrPlaca":2.552999973,"TensPlaca":18.07600021,"CorrRede":3.124000072,"TensRede":8.06400013,"ConsDiaPlaca":4174.945313,"ConsMesPlaca":4174.945313,"ConsDiaRede":1627.609131,"ConsMesRede":1627.609131,"Status":"REDE"}