{"Corrente":2.107000113,"Tensao":0,"Consumo":0.070479967,"Status":"REDE"}