{"CorrPlaca":0.112999998,"TensPlaca":18.06999969,"CorrRede":1.425999999,"TensRede":0.25,"ConsDiaPlaca":907.0932007,"ConsMesPlaca":907.0932007,"ConsDiaRede":403.2705994,"ConsMesRede":403.2705994,"Status":"REDE"}