{"CorrPlaca":0,"TensPlaca":0.792999983,"CorrRede":0.451000005,"TensRede":0.097000003,"ConsDiaPlaca":0.001813611,"ConsMesPlaca":0.001813611,"ConsDiaRede":0.773157775,"ConsMesRede":0.773157775,"Status":"REDE"}