{"CorrPlaca":0.967999995,"TensPlaca":18.125,"CorrRede":1.873999953,"TensRede":0,"ConsDiaPlaca":4568.484863,"ConsMesPlaca":4568.484863,"ConsDiaRede":1424.405029,"ConsMesRede":1424.405029,"Status":"REDE"}