{"CorrPlaca":5,"TensPlaca":25,"CorrRede":2.019999981,"TensRede":3.326999903,"ConsDiaPlaca":19861.01367,"ConsMesPlaca":19861.01367,"ConsDiaRede":763.8772583,"ConsMesRede":763.8772583,"Status":"REDE"}