{"CorrPlaca":0,"TensPlaca":0,"CorrRede":0.565999985,"TensRede":0.017999999,"ConsDiaPlaca":1.587435603,"ConsMesPlaca":1.587435603,"ConsDiaRede":21.36027145,"ConsMesRede":21.36027145,"Status":"REDE"}