{"Corrente":2.746999979,"Tensao":7.099999905,"Consumo":0.083382092,"Status":"PLACA"}