{"CorrPlaca":0.001,"TensPlaca":0.774999976,"CorrRede":0.574999988,"TensRede":0.683000028,"ConsDiaPlaca":0.000215278,"ConsMesPlaca":0.000215278,"ConsDiaRede":0.378019154,"ConsMesRede":0.378019154,"Status":"REDE"}