{"CorrPlaca":0,"TensPlaca":0.787,"CorrRede":0.421000004,"TensRede":0.017999999,"ConsDiaPlaca":0.004695833,"ConsMesPlaca":0.004695833,"ConsDiaRede":0.435630023,"ConsMesRede":0.435630023,"Status":"REDE"}