{"CorrPlaca":0,"TensPlaca":0,"CorrRede":0.605000019,"TensRede":0.054000001,"ConsDiaPlaca":1.587435603,"ConsMesPlaca":1.587435603,"ConsDiaRede":186.9611511,"ConsMesRede":186.9611511,"Status":"REDE"}