{"CorrPlaca":5,"TensPlaca":25,"CorrRede":1.141000032,"TensRede":2.312999964,"ConsDiaPlaca":1944.445557,"ConsMesPlaca":1944.445557,"ConsDiaRede":104.0591202,"ConsMesRede":104.0591202,"Status":"REDE"}