{"CorrPlaca":2.381999969,"TensPlaca":18.10099983,"CorrRede":2.592000008,"TensRede":1.501000047,"ConsDiaPlaca":4281.682617,"ConsMesPlaca":4281.682617,"ConsDiaRede":1667.753906,"ConsMesRede":1667.753906,"Status":"REDE"}