{"CorrPlaca":0,"TensPlaca":0.792999983,"CorrRede":0.411000013,"TensRede":0,"ConsDiaPlaca":0.008335277,"ConsMesPlaca":0.008335277,"ConsDiaRede":0.369702518,"ConsMesRede":0.369702518,"Status":"REDE"}