{"CorrPlaca":0,"TensPlaca":0,"CorrRede":0.614000022,"TensRede":0,"ConsDiaPlaca":1.587435603,"ConsMesPlaca":1.587435603,"ConsDiaRede":188.5482483,"ConsMesRede":188.5482483,"Status":"REDE"}