{"CorrPlaca":0.097000003,"TensPlaca":6.738999844,"CorrRede":0.893999994,"TensRede":0.444999993,"ConsDiaPlaca":0.434291095,"ConsMesPlaca":0.434291095,"ConsDiaRede":0.676548362,"ConsMesRede":0.676548362,"Status":"REDE"}