{"CorrPlaca":0.233999997,"TensPlaca":18.10700035,"CorrRede":1.453999996,"TensRede":0.041999999,"ConsDiaPlaca":3512.398193,"ConsMesPlaca":3512.398193,"ConsDiaRede":1098.396973,"ConsMesRede":1098.396973,"Status":"REDE"}