{"CorrPlaca":0,"TensPlaca":18.11899948,"CorrRede":1.146000028,"TensRede":0,"ConsDiaPlaca":2248.596924,"ConsMesPlaca":2248.596924,"ConsDiaRede":893.4389038,"ConsMesRede":893.4389038,"Status":"REDE"}