{"Corrente":14.18400002,"Tensao":12.15699959,"Consumo":0.548980772,"Status":"PLACA"}