{"Corrente":0,"Tensao":6.092000008,"Consumo":0.002505193,"Status":"REDE"}