{"CorrPlaca":5,"TensPlaca":25,"CorrRede":0.860000014,"TensRede":1.23300004,"ConsDiaPlaca":14791.60156,"ConsMesPlaca":14791.60156,"ConsDiaRede":496.865387,"ConsMesRede":496.865387,"Status":"REDE"}