{"CorrPlaca":5,"TensPlaca":25,"CorrRede":0.564999998,"TensRede":0,"ConsDiaPlaca":31978.99219,"ConsMesPlaca":31978.99219,"ConsDiaRede":1316.514038,"ConsMesRede":1316.514038,"Status":"REDE"}