{"CorrPlaca":5,"TensPlaca":25,"CorrRede":0.467000008,"TensRede":0,"ConsDiaPlaca":16111.03809,"ConsMesPlaca":16111.03809,"ConsDiaRede":563.0239258,"ConsMesRede":563.0239258,"Status":"REDE"}