{"CorrPlaca":0.052000001,"TensPlaca":6.738999844,"CorrRede":0.930999994,"TensRede":0.293000013,"ConsDiaPlaca":67.29773712,"ConsMesPlaca":67.29773712,"ConsDiaRede":25.94286728,"ConsMesRede":25.94286728,"Status":"REDE"}