{"CorrPlaca":0.481999993,"TensPlaca":7.032000065,"CorrRede":1.210000038,"TensRede":0.531000018,"ConsDiaPlaca":5.351958752,"ConsMesPlaca":5.351958752,"ConsDiaRede":2.00241065,"ConsMesRede":2.00241065,"Status":"REDE"}