{"CorrPlaca":3.496000051,"TensPlaca":25,"CorrRede":0.915000021,"TensRede":0.377999991,"ConsDiaPlaca":30453.11719,"ConsMesPlaca":30453.11719,"ConsDiaRede":787.263855,"ConsMesRede":787.263855,"Status":"REDE"}