{"CorrPlaca":5,"TensPlaca":18.6989994,"CorrRede":1.626999974,"TensRede":0.115000002,"ConsDiaPlaca":13076.28809,"ConsMesPlaca":13076.28809,"ConsDiaRede":567.2697754,"ConsMesRede":567.2697754,"Status":"REDE"}