{"CorrPlaca":2.936000109,"TensPlaca":18.00300026,"CorrRede":3.438999891,"TensRede":7.605999947,"ConsDiaPlaca":1822.460327,"ConsMesPlaca":1822.460327,"ConsDiaRede":565.8729858,"ConsMesRede":565.8729858,"Status":"REDE"}