{"CorrPlaca":0.032000002,"TensPlaca":0.860000014,"CorrRede":0.583000004,"TensRede":2.434999943,"ConsDiaPlaca":0.007644444,"ConsMesPlaca":0.007644444,"ConsDiaRede":0.394334704,"ConsMesRede":0.394334704,"Status":"REDE"}