{"CorrPlaca":0.101000004,"TensPlaca":18.05200005,"CorrRede":1.383999944,"TensRede":0.140000001,"ConsDiaPlaca":1002.799927,"ConsMesPlaca":1002.799927,"ConsDiaRede":443.131073,"ConsMesRede":443.131073,"Status":"REDE"}