{"CorrPlaca":0.26699999,"TensPlaca":18.06999969,"CorrRede":1.488000035,"TensRede":1.123000026,"ConsDiaPlaca":4685.02002,"ConsMesPlaca":4685.02002,"ConsDiaRede":1833.032715,"ConsMesRede":1833.032715,"Status":"REDE"}