{"Corrente":14.57499981,"Tensao":8.315999985,"Consumo":3.703933954,"Status":"PLACA"}