{"CorrPlaca":0,"TensPlaca":0,"CorrRede":0.648000002,"TensRede":6.684000015,"ConsDiaPlaca":1.587435603,"ConsMesPlaca":1.587435603,"ConsDiaRede":153.9374695,"ConsMesRede":153.9374695,"Status":"REDE"}