{"CorrPlaca":0.100000001,"TensPlaca":18.01499939,"CorrRede":1.355999947,"TensRede":0,"ConsDiaPlaca":4821.191895,"ConsMesPlaca":4821.191895,"ConsDiaRede":1499.355469,"ConsMesRede":1499.355469,"Status":"REDE"}