{"CorrPlaca":0.666999996,"TensPlaca":18.05200005,"CorrRede":1.618999958,"TensRede":0,"ConsDiaPlaca":2809.977783,"ConsMesPlaca":2809.977783,"ConsDiaRede":1113.28418,"ConsMesRede":1113.28418,"Status":"REDE"}