{"CorrPlaca":0.111000001,"TensPlaca":6.574999809,"CorrRede":0.976000011,"TensRede":0.145999998,"ConsDiaPlaca":29.86820793,"ConsMesPlaca":29.86820793,"ConsDiaRede":9.525099754,"ConsMesRede":9.525099754,"Status":"REDE"}