{"CorrPlaca":5,"TensPlaca":25,"CorrRede":1.873999953,"TensRede":5.737999916,"ConsDiaPlaca":27187.35547,"ConsMesPlaca":27187.35547,"ConsDiaRede":1100.744141,"ConsMesRede":1100.744141,"Status":"REDE"}