{"CorrPlaca":2.473999977,"TensPlaca":18.05800056,"CorrRede":3.124000072,"TensRede":7.947999954,"ConsDiaPlaca":4846.583984,"ConsMesPlaca":4846.583984,"ConsDiaRede":1901.894165,"ConsMesRede":1901.894165,"Status":"REDE"}