{"CorrPlaca":0.223000005,"TensPlaca":18.16799927,"CorrRede":1.465000033,"TensRede":0.097000003,"ConsDiaPlaca":5004.038086,"ConsMesPlaca":5004.038086,"ConsDiaRede":1556.644287,"ConsMesRede":1556.644287,"Status":"REDE"}