{"Corrente":0,"Tensao":0.224999994,"Consumo":0.07707084,"Status":"REDE"}