{"CorrPlaca":0.351999998,"TensPlaca":18.125,"CorrRede":1.613999963,"TensRede":0.683000028,"ConsDiaPlaca":530.7009277,"ConsMesPlaca":530.7009277,"ConsDiaRede":242.4285431,"ConsMesRede":242.4285431,"Status":"REDE"}