{"CorrPlaca":4.165999889,"TensPlaca":20.80500031,"CorrRede":4.122000217,"TensRede":1.177999973,"ConsDiaPlaca":93.60086823,"ConsMesPlaca":93.60086823,"ConsDiaRede":6.298321247,"ConsMesRede":6.298321247,"Status":"REDE"}