{"CorrPlaca":5,"TensPlaca":18.06999969,"CorrRede":1.488000035,"TensRede":0,"ConsDiaPlaca":9347.791016,"ConsMesPlaca":9347.791016,"ConsDiaRede":530.5975342,"ConsMesRede":530.5975342,"Status":"REDE"}