{"CorrPlaca":3.282000065,"TensPlaca":18.11300087,"CorrRede":3.826999903,"TensRede":9.82199955,"ConsDiaPlaca":371.2055969,"ConsMesPlaca":371.2055969,"ConsDiaRede":169.2472534,"ConsMesRede":169.2472534,"Status":"REDE"}