{"Corrente":-3.332999945,"Tensao":0,"Consumo":0.073366687,"Status":"REDE"}