{"CorrPlaca":0.017999999,"TensPlaca":6.538000107,"CorrRede":0.957000017,"TensRede":0.194999993,"ConsDiaPlaca":61.28803253,"ConsMesPlaca":61.28803253,"ConsDiaRede":22.83628464,"ConsMesRede":22.83628464,"Status":"REDE"}