{"CorrPlaca":0,"TensPlaca":6.506999969,"CorrRede":0.800000012,"TensRede":0.029999999,"ConsDiaPlaca":85.61839294,"ConsMesPlaca":85.61839294,"ConsDiaRede":38.85381317,"ConsMesRede":38.85381317,"Status":"REDE"}