{"CorrPlaca":0.111000001,"TensPlaca":6.684000015,"CorrRede":0.970000029,"TensRede":0.280000001,"ConsDiaPlaca":25.07146835,"ConsMesPlaca":25.07146835,"ConsDiaRede":8.047306061,"ConsMesRede":8.047306061,"Status":"REDE"}