{"CorrPlaca":5,"TensPlaca":3.266000032,"CorrRede":0.442000002,"TensRede":0.103,"ConsDiaPlaca":6672.878418,"ConsMesPlaca":6672.878418,"ConsDiaRede":508.1787109,"ConsMesRede":508.1787109,"Status":"REDE"}