{"CorrPlaca":0,"TensPlaca":6.56799984,"CorrRede":0.834999979,"TensRede":0.017999999,"ConsDiaPlaca":86.25170135,"ConsMesPlaca":86.25170135,"ConsDiaRede":39.95064926,"ConsMesRede":39.95064926,"Status":"REDE"}