{"Corrente":1.985000014,"Tensao":0,"Consumo":0.149639666,"Status":"REDE"}