{"CorrPlaca":0.046,"TensPlaca":6.556000233,"CorrRede":0.962000012,"TensRede":0.170000002,"ConsDiaPlaca":51.94020462,"ConsMesPlaca":51.94020462,"ConsDiaRede":18.09431076,"ConsMesRede":18.09431076,"Status":"REDE"}