{"CorrPlaca":0.683000028,"TensPlaca":6.152999878,"CorrRede":1.488000035,"TensRede":3.973999977,"ConsDiaPlaca":41.87062454,"ConsMesPlaca":41.87062454,"ConsDiaRede":35.0105896,"ConsMesRede":35.0105896,"Status":"REDE"}