{"CorrPlaca":5,"TensPlaca":25,"CorrRede":0.748000026,"TensRede":0.836000025,"ConsDiaPlaca":24131.82031,"ConsMesPlaca":24131.82031,"ConsDiaRede":969.6616211,"ConsMesRede":969.6616211,"Status":"REDE"}