{"CorrPlaca":0,"TensPlaca":6.574999809,"CorrRede":0.760999978,"TensRede":0.128000006,"ConsDiaPlaca":1.533571362,"ConsMesPlaca":1.533571362,"ConsDiaRede":15.69496536,"ConsMesRede":15.69496536,"Status":"REDE"}