{"CorrPlaca":2.950999975,"TensPlaca":18.10700035,"CorrRede":3.427000046,"TensRede":8.69299984,"ConsDiaPlaca":1992.105957,"ConsMesPlaca":1992.105957,"ConsDiaRede":797.9609985,"ConsMesRede":797.9609985,"Status":"REDE"}