{"Corrente":0,"Tensao":1.042999983,"Consumo":8.655833881e-6,"Status":"REDE"}