{"Corrente":13.6619997,"Tensao":0,"Consumo":0.146355033,"Status":"REDE"}