{"corrente":0.712000012,"tensao":0,"consumo":0.00478192}