{"CorrPlaca":0.003,"TensPlaca":0.81099999,"CorrRede":0.488999993,"TensRede":0.787,"ConsDiaPlaca":0.015044723,"ConsMesPlaca":0.015044723,"ConsDiaRede":0.593403876,"ConsMesRede":0.593403876,"Status":"REDE"}