{"CorrPlaca":0.023,"TensPlaca":3.22300005,"CorrRede":0.527999997,"TensRede":0.409000009,"ConsDiaPlaca":181.4038239,"ConsMesPlaca":181.4038239,"ConsDiaRede":167.0287628,"ConsMesRede":167.0287628,"Status":"REDE"}