{"corrente":0.625,"tensao":0.640999973,"consumo":0.006238655}