{"CorrPlaca":0.84799999,"TensPlaca":18.0890007,"CorrRede":1.970000029,"TensRede":3.321000099,"ConsDiaPlaca":2278.443359,"ConsMesPlaca":2278.443359,"ConsDiaRede":902.0944824,"ConsMesRede":902.0944824,"Status":"REDE"}