{"CorrPlaca":5,"TensPlaca":25,"CorrRede":2.371999979,"TensRede":7.118000031,"ConsDiaPlaca":27985.96289,"ConsMesPlaca":27985.96289,"ConsDiaRede":1140.407959,"ConsMesRede":1140.407959,"Status":"REDE"}