{"Corrente":0,"Tensao":0.934000015,"Consumo":8.655833881e-6,"Status":"REDE"}