{"CorrPlaca":5,"TensPlaca":0.763000011,"CorrRede":0.513999999,"TensRede":0,"ConsDiaPlaca":6838.881348,"ConsMesPlaca":6838.881348,"ConsDiaRede":525.7354126,"ConsMesRede":525.7354126,"Status":"REDE"}