{"Corrente":14.52099991,"Tensao":17.18600082,"Consumo":2.763411045,"Status":"PLACA"}