{"CorrPlaca":2.871000051,"TensPlaca":18.0890007,"CorrRede":3.378999949,"TensRede":8.491999626,"ConsDiaPlaca":3055.899414,"ConsMesPlaca":3055.899414,"ConsDiaRede":1212.025024,"ConsMesRede":1212.025024,"Status":"REDE"}