{"CorrPlaca":0.105999999,"TensPlaca":6.727000237,"CorrRede":0.920000017,"TensRede":0.238000005,"ConsDiaPlaca":72.48780823,"ConsMesPlaca":72.48780823,"ConsDiaRede":27.9356842,"ConsMesRede":27.9356842,"Status":"REDE"}