{"CorrPlaca":0,"TensPlaca":0,"CorrRede":0.588999987,"TensRede":0.029999999,"ConsDiaPlaca":1.587435603,"ConsMesPlaca":1.587435603,"ConsDiaRede":21.45153236,"ConsMesRede":21.45153236,"Status":"REDE"}