{"CorrPlaca":5,"TensPlaca":25,"CorrRede":0.605000019,"TensRede":0.586000025,"ConsDiaPlaca":11909.67578,"ConsMesPlaca":11909.67578,"ConsDiaRede":361.2752075,"ConsMesRede":361.2752075,"Status":"REDE"}