{"Corrente":15.15999985,"Tensao":0,"Consumo":0.792368889,"Status":"REDE"}