{"CorrPlaca":0.469999999,"TensPlaca":18.1439991,"CorrRede":1.659000039,"TensRede":0,"ConsDiaPlaca":674.7330322,"ConsMesPlaca":674.7330322,"ConsDiaRede":217.4875183,"ConsMesRede":217.4875183,"Status":"REDE"}