{"Corrente":2.346999884,"Tensao":0,"Consumo":0.070479967,"Status":"REDE"}