{"CorrPlaca":0.395999998,"TensPlaca":18.06399918,"CorrRede":1.656000018,"TensRede":1.58099997,"ConsDiaPlaca":1626.060425,"ConsMesPlaca":1626.060425,"ConsDiaRede":736.0739136,"ConsMesRede":736.0739136,"Status":"REDE"}