{"CorrPlaca":4.782000065,"TensPlaca":24.0170002,"CorrRede":4.802000046,"TensRede":1.537999988,"ConsDiaPlaca":69.52485657,"ConsMesPlaca":69.52485657,"ConsDiaRede":4.949511051,"ConsMesRede":4.949511051,"Status":"REDE"}