{"CorrPlaca":0.326000005,"TensPlaca":18.18600082,"CorrRede":1.547000051,"TensRede":0.586000025,"ConsDiaPlaca":5463.773438,"ConsMesPlaca":5463.773438,"ConsDiaRede":1720.461792,"ConsMesRede":1720.461792,"Status":"REDE"}