{"CorrPlaca":0.075000003,"TensPlaca":18.05800056,"CorrRede":1.235999942,"TensRede":0,"ConsDiaPlaca":4671.089844,"ConsMesPlaca":4671.089844,"ConsDiaRede":1826.7323,"ConsMesRede":1826.7323,"Status":"REDE"}