{"CorrPlaca":0.472000003,"TensPlaca":18.08300018,"CorrRede":1.521999955,"TensRede":0,"ConsDiaPlaca":1313.352783,"ConsMesPlaca":1313.352783,"ConsDiaRede":531.5819092,"ConsMesRede":531.5819092,"Status":"REDE"}