{"CorrPlaca":1.31099999,"TensPlaca":18.13100052,"CorrRede":2.345000029,"TensRede":4.603000164,"ConsDiaPlaca":946.7683716,"ConsMesPlaca":946.7683716,"ConsDiaRede":384.6979065,"ConsMesRede":384.6979065,"Status":"REDE"}