{"CorrPlaca":0,"TensPlaca":6.684000015,"CorrRede":0.818000019,"TensRede":0,"ConsDiaPlaca":86.47319794,"ConsMesPlaca":86.47319794,"ConsDiaRede":40.60044098,"ConsMesRede":40.60044098,"Status":"REDE"}