{"CorrPlaca":0.056000002,"TensPlaca":6.684000015,"CorrRede":0.88499999,"TensRede":0.218999997,"ConsDiaPlaca":82.8144989,"ConsMesPlaca":82.8144989,"ConsDiaRede":33.30603027,"ConsMesRede":33.30603027,"Status":"REDE"}