{"CorrPlaca":0.081,"TensPlaca":6.592999935,"CorrRede":0.90200001,"TensRede":0.134000003,"ConsDiaPlaca":71.96685791,"ConsMesPlaca":71.96685791,"ConsDiaRede":27.83501053,"ConsMesRede":27.83501053,"Status":"REDE"}