{"CorrPlaca":0.713999987,"TensPlaca":6.482999802,"CorrRede":1.536999941,"TensRede":4.169000149,"ConsDiaPlaca":53.32070541,"ConsMesPlaca":53.32070541,"ConsDiaRede":46.33798599,"ConsMesRede":46.33798599,"Status":"REDE"}