{"CorrPlaca":1.213999987,"TensPlaca":18.13699913,"CorrRede":2.023999929,"TensRede":1.013000011,"ConsDiaPlaca":229.6176453,"ConsMesPlaca":229.6176453,"ConsDiaRede":102.2580338,"ConsMesRede":102.2580338,"Status":"REDE"}