{"CorrPlaca":0,"TensPlaca":25,"CorrRede":1.845999956,"TensRede":0.84799999,"ConsDiaPlaca":13589.81934,"ConsMesPlaca":13589.81934,"ConsDiaRede":595.9899292,"ConsMesRede":595.9899292,"Status":"REDE"}