{"Corrente":168.5449982,"Tensao":24.05500031,"Consumo":16.62702179,"Status":"PLACA"}