{"CorrPlaca":5,"TensPlaca":25,"CorrRede":2.434000015,"TensRede":5.835999966,"ConsDiaPlaca":18506.85547,"ConsMesPlaca":18506.85547,"ConsDiaRede":688.9775391,"ConsMesRede":688.9775391,"Status":"REDE"}