{"CorrPlaca":0,"TensPlaca":0.799000025,"CorrRede":0.391000003,"TensRede":0.384000003,"ConsDiaPlaca":0,"ConsMesPlaca":0,"ConsDiaRede":0.260579973,"ConsMesRede":0.260579973,"Status":"REDE"}