{"Corrente":14.47200012,"Tensao":26.82099915,"Consumo":2.887297153,"Status":"PLACA"}