{"CorrPlaca":5,"TensPlaca":25,"CorrRede":2.285000086,"TensRede":3.723999977,"ConsDiaPlaca":486.111084,"ConsMesPlaca":486.111084,"ConsDiaRede":20.09144592,"ConsMesRede":20.09144592,"Status":"REDE"}