{"CorrPlaca":0.017999999,"TensPlaca":6.690999985,"CorrRede":0.860000014,"TensRede":0.097000003,"ConsDiaPlaca":81.47332001,"ConsMesPlaca":81.47332001,"ConsDiaRede":32.00583267,"ConsMesRede":32.00583267,"Status":"REDE"}