{"CorrPlaca":2.601000071,"TensPlaca":18.13699913,"CorrRede":3.279999971,"TensRede":8.307999611,"ConsDiaPlaca":740.3942261,"ConsMesPlaca":740.3942261,"ConsDiaRede":296.6253662,"ConsMesRede":296.6253662,"Status":"REDE"}