{"Corrente":14.46199989,"Tensao":26.83799934,"Consumo":6.421298981,"Status":"PLACA"}