{"Corrente":-2.187000036,"Tensao":13.49199963,"Consumo":0.077838309,"Status":"REDE"}