{"CorrPlaca":0,"TensPlaca":0.792999983,"CorrRede":0.449000001,"TensRede":0.372000009,"ConsDiaPlaca":0.058678329,"ConsMesPlaca":0.058678329,"ConsDiaRede":1.336826205,"ConsMesRede":1.336826205,"Status":"REDE"}