{"Corrente":0,"Tensao":0.360000014,"Consumo":0.07707084,"Status":"REDE"}