{"CorrPlaca":0,"TensPlaca":0.671000004,"CorrRede":0.372999996,"TensRede":0.389999986,"ConsDiaPlaca":0.045552503,"ConsMesPlaca":0.045552503,"ConsDiaRede":0.956047118,"ConsMesRede":0.956047118,"Status":"REDE"}