{"CorrPlaca":0.941999972,"TensPlaca":17.95400047,"CorrRede":1.970000029,"TensRede":0,"ConsDiaPlaca":542.6122437,"ConsMesPlaca":542.6122437,"ConsDiaRede":170.7114563,"ConsMesRede":170.7114563,"Status":"REDE"}