{"CorrPlaca":3.713000059,"TensPlaca":25,"CorrRede":1.572999954,"TensRede":0,"ConsDiaPlaca":13136.91309,"ConsMesPlaca":13136.91309,"ConsDiaRede":568.3356934,"ConsMesRede":568.3356934,"Status":"REDE"}