{"CorrPlaca":1.621000051,"TensPlaca":18.07600021,"CorrRede":2.578000069,"TensRede":4.284999847,"ConsDiaPlaca":1309.276611,"ConsMesPlaca":1309.276611,"ConsDiaRede":417.2184143,"ConsMesRede":417.2184143,"Status":"REDE"}