{"Corrente":14.81400013,"Tensao":10.15499973,"Consumo":0.041787826,"Status":"PLACA"}