{"CorrPlaca":0,"TensPlaca":0,"CorrRede":0.589999974,"TensRede":0.079000004,"ConsDiaPlaca":1.587435603,"ConsMesPlaca":1.587435603,"ConsDiaRede":21.3948288,"ConsMesRede":21.3948288,"Status":"REDE"}