{"Corrente":3.586999893,"Tensao":0,"Consumo":0.057277199,"Status":"REDE"}