{"CorrPlaca":5,"TensPlaca":25,"CorrRede":2.578000069,"TensRede":6.995999813,"ConsDiaPlaca":17742.97266,"ConsMesPlaca":17742.97266,"ConsDiaRede":644.4301758,"ConsMesRede":644.4301758,"Status":"REDE"}