{"Corrente":0,"Tensao":0.372000009,"Consumo":8.655833881e-6,"Status":"REDE"}