{"CorrPlaca":1.506000042,"TensPlaca":18.0340004,"CorrRede":2.519999981,"TensRede":5.237999916,"ConsDiaPlaca":1010.344177,"ConsMesPlaca":1010.344177,"ConsDiaRede":446.7976685,"ConsMesRede":446.7976685,"Status":"REDE"}