{"CorrPlaca":0.108999997,"TensPlaca":18.13100052,"CorrRede":1.383999944,"TensRede":0,"ConsDiaPlaca":4701.854004,"ConsMesPlaca":4701.854004,"ConsDiaRede":1462.920044,"ConsMesRede":1462.920044,"Status":"REDE"}