{"CorrPlaca":0.73299998,"TensPlaca":18.10099983,"CorrRede":1.738000035,"TensRede":0,"ConsDiaPlaca":1904.69397,"ConsMesPlaca":1904.69397,"ConsDiaRede":584.3711548,"ConsMesRede":584.3711548,"Status":"REDE"}