{"CorrPlaca":0,"TensPlaca":3.217000008,"CorrRede":0.367000014,"TensRede":0,"ConsDiaPlaca":181.0592041,"ConsMesPlaca":181.0592041,"ConsDiaRede":166.5891266,"ConsMesRede":166.5891266,"Status":"REDE"}