{"CorrPlaca":2.311000109,"TensPlaca":18.07600021,"CorrRede":3.000999928,"TensRede":7.539000034,"ConsDiaPlaca":4908.253418,"ConsMesPlaca":4908.253418,"ConsDiaRede":1929.783447,"ConsMesRede":1929.783447,"Status":"REDE"}