{"corrente":0.760999978,"tensao":3.335000038,"consumo":0.074630119}