{"CorrPlaca":5,"TensPlaca":0,"CorrRede":0.326000005,"TensRede":0,"ConsDiaPlaca":6236.48877,"ConsMesPlaca":6236.48877,"ConsDiaRede":493.3577881,"ConsMesRede":493.3577881,"Status":"REDE"}