{"Corrente":2.214999914,"Tensao":0,"Consumo":0.070479967,"Status":"REDE"}