{"CorrPlaca":0,"TensPlaca":0.799000025,"CorrRede":0.472000003,"TensRede":0.879000008,"ConsDiaPlaca":0.014104721,"ConsMesPlaca":0.014104721,"ConsDiaRede":1.164083719,"ConsMesRede":1.164083719,"Status":"REDE"}