{"CorrPlaca":0.090999998,"TensPlaca":6.580999851,"CorrRede":0.980000019,"TensRede":0.140000001,"ConsDiaPlaca":29.01471519,"ConsMesPlaca":29.01471519,"ConsDiaRede":9.253829002,"ConsMesRede":9.253829002,"Status":"REDE"}