{"Corrente":2.036999941,"Tensao":0,"Consumo":0.070479967,"Status":"REDE"}