{"CorrPlaca":0.449000001,"TensPlaca":18.01499939,"CorrRede":1.657999992,"TensRede":0,"ConsDiaPlaca":1051.158081,"ConsMesPlaca":1051.158081,"ConsDiaRede":328.5897217,"ConsMesRede":328.5897217,"Status":"REDE"}