{"CorrPlaca":0.527999997,"TensPlaca":3.118999958,"CorrRede":0.859000027,"TensRede":0.824000001,"ConsDiaPlaca":163.0272064,"ConsMesPlaca":163.0272064,"ConsDiaRede":152.6186523,"ConsMesRede":152.6186523,"Status":"REDE"}