{"CorrPlaca":0,"TensPlaca":0.787,"CorrRede":0.510999978,"TensRede":0.25,"ConsDiaPlaca":0.004216944,"ConsMesPlaca":0.004216944,"ConsDiaRede":0.511215806,"ConsMesRede":0.511215806,"Status":"REDE"}