{"CorrPlaca":0.552999973,"TensPlaca":18.05200005,"CorrRede":1.657999992,"TensRede":0,"ConsDiaPlaca":5443.647949,"ConsMesPlaca":5443.647949,"ConsDiaRede":1716.569702,"ConsMesRede":1716.569702,"Status":"REDE"}