{"CorrPlaca":0.186000004,"TensPlaca":3.22300005,"CorrRede":0.587000012,"TensRede":0,"ConsDiaPlaca":143.9941864,"ConsMesPlaca":143.9941864,"ConsDiaRede":137.963974,"ConsMesRede":137.963974,"Status":"REDE"}