{"Corrente":2.789000034,"Tensao":7.068999767,"Consumo":0.088858604,"Status":"PLACA"}