{"corrente":-2.730000019,"tensao":0,"consumo":0.104655862}