{"corrente":0.002,"tensao":0.836000025,"consumo":1.383605838}