{"CorrPlaca":0.623000026,"TensPlaca":3.191999912,"CorrRede":0.643999994,"TensRede":2.868999958,"ConsDiaPlaca":4892.496582,"ConsMesPlaca":4892.496582,"ConsDiaRede":443.0421143,"ConsMesRede":443.0421143,"Status":"REDE"}