{"Corrente":0,"Tensao":7.031000137,"Consumo":0.195497811,"Status":"REDE"}