{"CorrPlaca":5,"TensPlaca":25,"CorrRede":2.299000025,"TensRede":7.045000076,"ConsDiaPlaca":14861.0459,"ConsMesPlaca":14861.0459,"ConsDiaRede":501.3643799,"ConsMesRede":501.3643799,"Status":"REDE"}