{"CorrPlaca":0,"TensPlaca":0,"CorrRede":0.623000026,"TensRede":0.067000002,"ConsDiaPlaca":1.587435603,"ConsMesPlaca":1.587435603,"ConsDiaRede":187.7336731,"ConsMesRede":187.7336731,"Status":"REDE"}