{"CorrPlaca":0.024,"TensPlaca":0.781000018,"CorrRede":0.574999988,"TensRede":0.640999973,"ConsDiaPlaca":0.005421944,"ConsMesPlaca":0.005421944,"ConsDiaRede":0.674698353,"ConsMesRede":0.674698353,"Status":"REDE"}