{"CorrPlaca":0.018999999,"TensPlaca":6.532000065,"CorrRede":0.802999973,"TensRede":0.108999997,"ConsDiaPlaca":87.88683319,"ConsMesPlaca":87.88683319,"ConsDiaRede":44.57296371,"ConsMesRede":44.57296371,"Status":"REDE"}