{"CorrPlaca":5,"TensPlaca":25,"CorrRede":1.873999953,"TensRede":2.49000001,"ConsDiaPlaca":33610.92969,"ConsMesPlaca":33610.92969,"ConsDiaRede":1385.966553,"ConsMesRede":1385.966553,"Status":"REDE"}