{"CorrPlaca":3.395999908,"TensPlaca":25,"CorrRede":0.964999974,"TensRede":0,"ConsDiaPlaca":16326.95313,"ConsMesPlaca":16326.95313,"ConsDiaRede":633.9458618,"ConsMesRede":633.9458618,"Status":"REDE"}