{"CorrPlaca":0.787,"TensPlaca":18.125,"CorrRede":1.957000017,"TensRede":2.441999912,"ConsDiaPlaca":3836.033936,"ConsMesPlaca":3836.033936,"ConsDiaRede":1192.206055,"ConsMesRede":1192.206055,"Status":"REDE"}