{"CorrPlaca":2.388000011,"TensPlaca":18.02799988,"CorrRede":2.967999935,"TensRede":5.456999779,"ConsDiaPlaca":3583.174561,"ConsMesPlaca":3583.174561,"ConsDiaRede":1397.137939,"ConsMesRede":1397.137939,"Status":"REDE"}