{"Corrente":5,"Tensao":3.101000071,"Consumo":0.06229445,"Status":"REDE"}