{"CorrPlaca":1.633999944,"TensPlaca":18.02799988,"CorrRede":2.528000116,"TensRede":5.708000183,"ConsDiaPlaca":4532.409668,"ConsMesPlaca":4532.409668,"ConsDiaRede":1766.662964,"ConsMesRede":1766.662964,"Status":"REDE"}