{"CorrPlaca":0.736999989,"TensPlaca":3.180000067,"CorrRede":1.014999986,"TensRede":1.562000036,"ConsDiaPlaca":124.5933609,"ConsMesPlaca":124.5933609,"ConsDiaRede":120.9729004,"ConsMesRede":120.9729004,"Status":"REDE"}