{"CorrPlaca":5,"TensPlaca":25,"CorrRede":1.427999973,"TensRede":0,"ConsDiaPlaca":12465.22754,"ConsMesPlaca":12465.22754,"ConsDiaRede":389.8383179,"ConsMesRede":389.8383179,"Status":"REDE"}