{"CorrPlaca":1.925999999,"TensPlaca":18.06999969,"CorrRede":2.736999989,"TensRede":6.361000061,"ConsDiaPlaca":1142.127441,"ConsMesPlaca":1142.127441,"ConsDiaRede":476.1644592,"ConsMesRede":476.1644592,"Status":"REDE"}