{"Corrente":15.61600018,"Tensao":0.275999993,"Consumo":0.80188942,"Status":"REDE"}