{"CorrPlaca":0,"TensPlaca":0,"CorrRede":0.460000008,"TensRede":0.273999989,"ConsDiaPlaca":11.20844173,"ConsMesPlaca":11.20844173,"ConsDiaRede":1.956056595,"ConsMesRede":1.956056595,"Status":"REDE"}