{"CorrPlaca":0.112000003,"TensPlaca":6.586999893,"CorrRede":0.973999977,"TensRede":0.108999997,"ConsDiaPlaca":12.19059658,"ConsMesPlaca":12.19059658,"ConsDiaRede":4.486992836,"ConsMesRede":4.486992836,"Status":"REDE"}