{"CorrPlaca":5,"TensPlaca":15.62199974,"CorrRede":1.085000038,"TensRede":0,"ConsDiaPlaca":5953.134766,"ConsMesPlaca":5953.134766,"ConsDiaRede":488.7629395,"ConsMesRede":488.7629395,"Status":"REDE"}