{"CorrPlaca":0,"TensPlaca":0.781000018,"CorrRede":0.393000007,"TensRede":0.389999986,"ConsDiaPlaca":0.014104721,"ConsMesPlaca":0.014104721,"ConsDiaRede":0.953236222,"ConsMesRede":0.953236222,"Status":"REDE"}