{"CorrPlaca":0.375999987,"TensPlaca":3.118999958,"CorrRede":0.727999985,"TensRede":0.218999997,"ConsDiaPlaca":152.1923981,"ConsMesPlaca":152.1923981,"ConsDiaRede":143.4536591,"ConsMesRede":143.4536591,"Status":"REDE"}