{"CorrPlaca":0,"TensPlaca":0.781000018,"CorrRede":0.428000003,"TensRede":0.145999998,"ConsDiaPlaca":0.007955277,"ConsMesPlaca":0.007955277,"ConsDiaRede":0.652762234,"ConsMesRede":0.652762234,"Status":"REDE"}