{"CorrPlaca":0.94599998,"TensPlaca":18.11300087,"CorrRede":1.863000035,"TensRede":0,"ConsDiaPlaca":509.8966675,"ConsMesPlaca":509.8966675,"ConsDiaRede":210.3313141,"ConsMesRede":210.3313141,"Status":"REDE"}