{"CorrPlaca":5,"TensPlaca":25,"CorrRede":0.772000015,"TensRede":0.720000029,"ConsDiaPlaca":25729.03125,"ConsMesPlaca":25729.03125,"ConsDiaRede":1036.851685,"ConsMesRede":1036.851685,"Status":"REDE"}