{"CorrPlaca":0.057999998,"TensPlaca":6.709000111,"CorrRede":0.934000015,"TensRede":0.280000001,"ConsDiaPlaca":69.43643188,"ConsMesPlaca":69.43643188,"ConsDiaRede":26.97054672,"ConsMesRede":26.97054672,"Status":"REDE"}