{"corrente":0.134000003,"tensao":3.809000015,"consumo":0.384720773}