{"corrente":0.663999975,"tensao":0.666000009,"consumo":0.01235245}