{"CorrPlaca":0.757000029,"TensPlaca":18.01499939,"CorrRede":1.738999963,"TensRede":0,"ConsDiaPlaca":3519.365967,"ConsMesPlaca":3519.365967,"ConsDiaRede":1098.630005,"ConsMesRede":1098.630005,"Status":"REDE"}