{"CorrPlaca":0.716000021,"TensPlaca":2.46600008,"CorrRede":0.754000008,"TensRede":1.659999967,"ConsDiaPlaca":39.21432114,"ConsMesPlaca":39.21432114,"ConsDiaRede":32.17258453,"ConsMesRede":32.17258453,"Status":"REDE"}