{"CorrPlaca":0.583999991,"TensPlaca":18.06999969,"CorrRede":1.741999984,"TensRede":2.227999926,"ConsDiaPlaca":1695.907471,"ConsMesPlaca":1695.907471,"ConsDiaRede":679.8145142,"ConsMesRede":679.8145142,"Status":"REDE"}