{"CorrPlaca":1.174000025,"TensPlaca":18.04599953,"CorrRede":2.257999897,"TensRede":3.680999994,"ConsDiaPlaca":4751.924805,"ConsMesPlaca":4751.924805,"ConsDiaRede":1476.612061,"ConsMesRede":1476.612061,"Status":"REDE"}