{"CorrPlaca":0.004,"TensPlaca":6.538000107,"CorrRede":0.809000015,"TensRede":0.122000001,"ConsDiaPlaca":86.47319794,"ConsMesPlaca":86.47319794,"ConsDiaRede":40.39242172,"ConsMesRede":40.39242172,"Status":"REDE"}