{"CorrPlaca":2.726999998,"TensPlaca":18.0890007,"CorrRede":3.301000118,"TensRede":7.326000214,"ConsDiaPlaca":4144.468262,"ConsMesPlaca":4144.468262,"ConsDiaRede":1296.509644,"ConsMesRede":1296.509644,"Status":"REDE"}