{"CorrPlaca":0,"TensPlaca":6.732999802,"CorrRede":0.792999983,"TensRede":0.224999994,"ConsDiaPlaca":1.533571362,"ConsMesPlaca":1.533571362,"ConsDiaRede":7.284935474,"ConsMesRede":7.284935474,"Status":"REDE"}