{"CorrPlaca":5,"TensPlaca":25,"CorrRede":2.398999929,"TensRede":7.051000118,"ConsDiaPlaca":28645.67969,"ConsMesPlaca":28645.67969,"ConsDiaRede":1171.785645,"ConsMesRede":1171.785645,"Status":"REDE"}