{"CorrPlaca":0,"TensPlaca":6.727000237,"CorrRede":0.813000023,"TensRede":0.134000003,"ConsDiaPlaca":86.64099121,"ConsMesPlaca":86.64099121,"ConsDiaRede":41.13522339,"ConsMesRede":41.13522339,"Status":"REDE"}