{"CorrPlaca":0.108999997,"TensPlaca":18.06999969,"CorrRede":1.230999947,"TensRede":0,"ConsDiaPlaca":3417.835938,"ConsMesPlaca":3417.835938,"ConsDiaRede":1339.32373,"ConsMesRede":1339.32373,"Status":"REDE"}