{"CorrPlaca":0.623000026,"TensPlaca":18.13100052,"CorrRede":1.809999943,"TensRede":2.515000105,"ConsDiaPlaca":4137.612305,"ConsMesPlaca":4137.612305,"ConsDiaRede":1608.009277,"ConsMesRede":1608.009277,"Status":"REDE"}