{"CorrPlaca":0,"TensPlaca":0.873000026,"CorrRede":0.409999996,"TensRede":1.54400003,"ConsDiaPlaca":0,"ConsMesPlaca":0,"ConsDiaRede":0.175844446,"ConsMesRede":0.175844446,"Status":"REDE"}