{"CorrPlaca":5,"TensPlaca":25,"CorrRede":2.421000004,"TensRede":5.31099987,"ConsDiaPlaca":12291.61816,"ConsMesPlaca":12291.61816,"ConsDiaRede":386.4665833,"ConsMesRede":386.4665833,"Status":"REDE"}