{"CorrPlaca":5,"TensPlaca":25,"CorrRede":0.815999985,"TensRede":0.989000022,"ConsDiaPlaca":32812.32031,"ConsMesPlaca":32812.32031,"ConsDiaRede":1350.547241,"ConsMesRede":1350.547241,"Status":"REDE"}