{"CorrPlaca":0.148000002,"TensPlaca":6.677999973,"CorrRede":1.013000011,"TensRede":0.389999986,"ConsDiaPlaca":8.784801483,"ConsMesPlaca":8.784801483,"ConsDiaRede":3.143367052,"ConsMesRede":3.143367052,"Status":"REDE"}