{"CorrPlaca":5,"TensPlaca":25,"CorrRede":2.655999899,"TensRede":7.001999855,"ConsDiaPlaca":694.4445801,"ConsMesPlaca":694.4445801,"ConsDiaRede":29.26972771,"ConsMesRede":29.26972771,"Status":"REDE"}