{"CorrPlaca":0.703000009,"TensPlaca":0,"CorrRede":0.226999998,"TensRede":0.029999999,"ConsDiaPlaca":75.58492279,"ConsMesPlaca":75.58492279,"ConsDiaRede":68.08649445,"ConsMesRede":68.08649445,"Status":"REDE"}