{"CorrPlaca":0,"TensPlaca":3.186000109,"CorrRede":0.300000012,"TensRede":0,"ConsDiaPlaca":134.3380585,"ConsMesPlaca":134.3380585,"ConsDiaRede":130.3123627,"ConsMesRede":130.3123627,"Status":"REDE"}