{"CorrPlaca":1.718999982,"TensPlaca":18.0890007,"CorrRede":2.437000036,"TensRede":1.648000002,"ConsDiaPlaca":1947.008789,"ConsMesPlaca":1947.008789,"ConsDiaRede":598.7646484,"ConsMesRede":598.7646484,"Status":"REDE"}