{"CorrPlaca":1.5,"TensPlaca":7.796000004,"CorrRede":3.058000088,"TensRede":3.229000092,"ConsDiaPlaca":35328.67188,"ConsMesPlaca":35328.67188,"ConsDiaRede":1445.487305,"ConsMesRede":1445.487305,"Status":"REDE"}