{"CorrPlaca":0.046999998,"TensPlaca":6.684000015,"CorrRede":0.964999974,"TensRede":0.188999996,"ConsDiaPlaca":61.06367493,"ConsMesPlaca":61.06367493,"ConsDiaRede":22.64626694,"ConsMesRede":22.64626694,"Status":"REDE"}