{"CorrPlaca":0.293000013,"TensPlaca":0.818000019,"CorrRede":0.741999984,"TensRede":1.855000019,"ConsDiaPlaca":0.106222503,"ConsMesPlaca":0.106222503,"ConsDiaRede":1.31381619,"ConsMesRede":1.31381619,"Status":"REDE"}