{"CorrPlaca":1.427999973,"TensPlaca":18.06399918,"CorrRede":2.171999931,"TensRede":1.166000009,"ConsDiaPlaca":1745.693481,"ConsMesPlaca":1745.693481,"ConsDiaRede":697.4976807,"ConsMesRede":697.4976807,"Status":"REDE"}