{"CorrPlaca":2.499000072,"TensPlaca":18.13699913,"CorrRede":2.993000031,"TensRede":7.019999981,"ConsDiaPlaca":4683.680176,"ConsMesPlaca":4683.680176,"ConsDiaRede":1832.568604,"ConsMesRede":1832.568604,"Status":"REDE"}