{"CorrPlaca":0,"TensPlaca":0,"CorrRede":0.620999992,"TensRede":0.372000009,"ConsDiaPlaca":1.587435603,"ConsMesPlaca":1.587435603,"ConsDiaRede":16.9231472,"ConsMesRede":16.9231472,"Status":"REDE"}