{"CorrPlaca":0.090999998,"TensPlaca":18.1439991,"CorrRede":1.368999958,"TensRede":0,"ConsDiaPlaca":4828.677734,"ConsMesPlaca":4828.677734,"ConsDiaRede":1499.721436,"ConsMesRede":1499.721436,"Status":"REDE"}