{"CorrPlaca":5,"TensPlaca":25,"CorrRede":0.720000029,"TensRede":0.713999987,"ConsDiaPlaca":13715.21973,"ConsMesPlaca":13715.21973,"ConsDiaRede":468.3551331,"ConsMesRede":468.3551331,"Status":"REDE"}