{"CorrPlaca":0,"TensPlaca":6.721000195,"CorrRede":0.851000011,"TensRede":0.549000025,"ConsDiaPlaca":1.410824776,"ConsMesPlaca":1.410824776,"ConsDiaRede":3.065645695,"ConsMesRede":3.065645695,"Status":"REDE"}