{"Corrente":178.9819946,"Tensao":1.057000041,"Consumo":9.716936111,"Status":"REDE"}