{"Corrente":3.619999886,"Tensao":0,"Consumo":0.057277199,"Status":"REDE"}