{"Corrente":2.00999999,"Tensao":2.178999901,"Consumo":0.070479967,"Status":"REDE"}