{"CorrPlaca":0.057999998,"TensPlaca":6.738999844,"CorrRede":0.912,"TensRede":0.280000001,"ConsDiaPlaca":73.94320679,"ConsMesPlaca":73.94320679,"ConsDiaRede":28.40076256,"ConsMesRede":28.40076256,"Status":"REDE"}