{"Corrente":14.15999985,"Tensao":1.529000044,"Consumo":4.382746696,"Status":"REDE"}