{"CorrPlaca":0.691999972,"TensPlaca":0.145999998,"CorrRede":0.246000007,"TensRede":0.224999994,"ConsDiaPlaca":51.7410965,"ConsMesPlaca":51.7410965,"ConsDiaRede":44.55805588,"ConsMesRede":44.55805588,"Status":"REDE"}