{"Corrente":2.940000057,"Tensao":0,"Consumo":0.099550068,"Status":"REDE"}