{"Corrente":0,"Tensao":0.347000003,"Consumo":0.07707084,"Status":"REDE"}