{"CorrPlaca":3.194000006,"TensPlaca":18.10700035,"CorrRede":3.631999969,"TensRede":9.296999931,"ConsDiaPlaca":361.8101196,"ConsMesPlaca":361.8101196,"ConsDiaRede":141.4093933,"ConsMesRede":141.4093933,"Status":"REDE"}