{"CorrPlaca":0.105999999,"TensPlaca":6.732999802,"CorrRede":0.995000005,"TensRede":0.372000009,"ConsDiaPlaca":49.73809814,"ConsMesPlaca":49.73809814,"ConsDiaRede":17.04918289,"ConsMesRede":17.04918289,"Status":"REDE"}