{"CorrPlaca":0,"TensPlaca":0,"CorrRede":0.654999971,"TensRede":6.684000015,"ConsDiaPlaca":1.587435603,"ConsMesPlaca":1.587435603,"ConsDiaRede":64.5834198,"ConsMesRede":64.5834198,"Status":"REDE"}