{"CorrPlaca":0.409000009,"TensPlaca":18.16200066,"CorrRede":1.577999949,"TensRede":0.256000012,"ConsDiaPlaca":2330.654541,"ConsMesPlaca":2330.654541,"ConsDiaRede":727.9039917,"ConsMesRede":727.9039917,"Status":"REDE"}