{"CorrPlaca":0.090999998,"TensPlaca":6.550000191,"CorrRede":0.897000015,"TensRede":0.182999998,"ConsDiaPlaca":73.83463287,"ConsMesPlaca":73.83463287,"ConsDiaRede":28.32982826,"ConsMesRede":28.32982826,"Status":"REDE"}