{"CorrPlaca":5,"TensPlaca":25,"CorrRede":2.563999891,"TensRede":6.971000195,"ConsDiaPlaca":17777.69336,"ConsMesPlaca":17777.69336,"ConsDiaRede":649.3950806,"ConsMesRede":649.3950806,"Status":"REDE"}