{"Corrente":0.287999988,"Tensao":0,"Consumo":0.053693287,"Status":"REDE"}