{"CorrPlaca":5,"TensPlaca":18.10700035,"CorrRede":1.621000051,"TensRede":0.694999993,"ConsDiaPlaca":9448.435547,"ConsMesPlaca":9448.435547,"ConsDiaRede":531.6564941,"ConsMesRede":531.6564941,"Status":"REDE"}