{"Corrente":14.60400009,"Tensao":0,"Consumo":1.197687745,"Status":"REDE"}