{"CorrPlaca":2.782000065,"TensPlaca":18.02799988,"CorrRede":3.239000082,"TensRede":7.30700016,"ConsDiaPlaca":3974.931396,"ConsMesPlaca":3974.931396,"ConsDiaRede":1547.38208,"ConsMesRede":1547.38208,"Status":"REDE"}