{"CorrPlaca":2.671999931,"TensPlaca":18.13100052,"CorrRede":3.198999882,"TensRede":6.361000061,"ConsDiaPlaca":4414.338867,"ConsMesPlaca":4414.338867,"ConsDiaRede":1378.856323,"ConsMesRede":1378.856323,"Status":"REDE"}