{"CorrPlaca":2.112999916,"TensPlaca":18.125,"CorrRede":2.839999914,"TensRede":6.909999847,"ConsDiaPlaca":2675.619385,"ConsMesPlaca":2675.619385,"ConsDiaRede":1060.279663,"ConsMesRede":1060.279663,"Status":"REDE"}