{"CorrPlaca":0.111000001,"TensPlaca":18.13100052,"CorrRede":1.32099998,"TensRede":0,"ConsDiaPlaca":1466.747559,"ConsMesPlaca":1466.747559,"ConsDiaRede":664.2957153,"ConsMesRede":664.2957153,"Status":"REDE"}