{"CorrPlaca":5,"TensPlaca":0,"CorrRede":1.218999982,"TensRede":2.532999992,"ConsDiaPlaca":6734.087891,"ConsMesPlaca":6734.087891,"ConsDiaRede":519.0886841,"ConsMesRede":519.0886841,"Status":"REDE"}