{"CorrPlaca":2.371999979,"TensPlaca":18.07600021,"CorrRede":2.961999893,"TensRede":5.525000095,"ConsDiaPlaca":1927.067505,"ConsMesPlaca":1927.067505,"ConsDiaRede":775.5853882,"ConsMesRede":775.5853882,"Status":"REDE"}