{"Corrente":2.148999929,"Tensao":6.971000195,"Consumo":0.126399651,"Status":"PLACA"}