{"CorrPlaca":2.125,"TensPlaca":25,"CorrRede":3.512000084,"TensRede":2.27699995,"ConsDiaPlaca":1098.662231,"ConsMesPlaca":1098.662231,"ConsDiaRede":297.840332,"ConsMesRede":297.840332,"Status":"REDE"}