{"CorrPlaca":5,"TensPlaca":25,"CorrRede":1.57099998,"TensRede":0.293000013,"ConsDiaPlaca":10902.73828,"ConsMesPlaca":10902.73828,"ConsDiaRede":327.8634033,"ConsMesRede":327.8634033,"Status":"REDE"}