{"Corrente":0.513999999,"Tensao":0,"Consumo":0.005563721,"Status":"REDE"}