{"CorrPlaca":2.523000002,"TensPlaca":25,"CorrRede":3.836999893,"TensRede":3.582999945,"ConsDiaPlaca":408.3429565,"ConsMesPlaca":408.3429565,"ConsDiaRede":192.9386597,"ConsMesRede":192.9386597,"Status":"REDE"}