{"CorrPlaca":0.028000001,"TensPlaca":0,"CorrRede":0.36500001,"TensRede":0.421000004,"ConsDiaPlaca":4909.9375,"ConsMesPlaca":4909.9375,"ConsDiaRede":474.0735474,"ConsMesRede":474.0735474,"Status":"REDE"}