{"CorrPlaca":0,"TensPlaca":0,"CorrRede":0.657999992,"TensRede":6.690999985,"ConsDiaPlaca":1.587435603,"ConsMesPlaca":1.587435603,"ConsDiaRede":112.8693237,"ConsMesRede":112.8693237,"Status":"REDE"}