{"CorrPlaca":0.603999972,"TensPlaca":18.07600021,"CorrRede":1.838000059,"TensRede":2.539000034,"ConsDiaPlaca":1554.192993,"ConsMesPlaca":1554.192993,"ConsDiaRede":706.0625,"ConsMesRede":706.0625,"Status":"REDE"}