{"CorrPlaca":0.391000003,"TensPlaca":18.11300087,"CorrRede":1.422000051,"TensRede":0,"ConsDiaPlaca":3244.367188,"ConsMesPlaca":3244.367188,"ConsDiaRede":1276.890259,"ConsMesRede":1276.890259,"Status":"REDE"}