{"CorrPlaca":5,"TensPlaca":25,"CorrRede":0.644999981,"TensRede":0,"ConsDiaPlaca":23263.76953,"ConsMesPlaca":23263.76953,"ConsDiaRede":909.1889038,"ConsMesRede":909.1889038,"Status":"REDE"}