{"CorrPlaca":0.504000008,"TensPlaca":3.118999958,"CorrRede":0.859000027,"TensRede":0.799000025,"ConsDiaPlaca":155.3624878,"ConsMesPlaca":155.3624878,"ConsDiaRede":146.1977997,"ConsMesRede":146.1977997,"Status":"REDE"}