{"CorrPlaca":2.681999922,"TensPlaca":18.10700035,"CorrRede":3.262000084,"TensRede":7.337999821,"ConsDiaPlaca":2685.257324,"ConsMesPlaca":2685.257324,"ConsDiaRede":827.0670166,"ConsMesRede":827.0670166,"Status":"REDE"}