{"Corrente":0.43599999,"Tensao":1.774000049,"Consumo":0.002205831,"Status":"REDE"}