{"CorrPlaca":1.350999951,"TensPlaca":18.13699913,"CorrRede":2.194000006,"TensRede":0.377999991,"ConsDiaPlaca":549.4187012,"ConsMesPlaca":549.4187012,"ConsDiaRede":170.9418335,"ConsMesRede":170.9418335,"Status":"REDE"}