{"CorrPlaca":0,"TensPlaca":6.544000149,"CorrRede":0.842999995,"TensRede":0.097000003,"ConsDiaPlaca":83.75263977,"ConsMesPlaca":83.75263977,"ConsDiaRede":34.81336594,"ConsMesRede":34.81336594,"Status":"REDE"}