{"CorrPlaca":0.119999997,"TensPlaca":6.671999931,"CorrRede":1,"TensRede":0.335000008,"ConsDiaPlaca":16.03577423,"ConsMesPlaca":16.03577423,"ConsDiaRede":5.779401779,"ConsMesRede":5.779401779,"Status":"REDE"}