{"CorrPlaca":5,"TensPlaca":25,"CorrRede":0.460999995,"TensRede":0,"ConsDiaPlaca":5694.4375,"ConsMesPlaca":5694.4375,"ConsDiaRede":196.9493256,"ConsMesRede":196.9493256,"Status":"REDE"}