{"CorrPlaca":0.013,"TensPlaca":6.684000015,"CorrRede":0.801999986,"TensRede":0.177000001,"ConsDiaPlaca":87.71098328,"ConsMesPlaca":87.71098328,"ConsDiaRede":43.97224045,"ConsMesRede":43.97224045,"Status":"REDE"}