{"CorrPlaca":0.173999995,"TensPlaca":3.118999958,"CorrRede":0.652999997,"TensRede":1.006999969,"ConsDiaPlaca":138.8561096,"ConsMesPlaca":138.8561096,"ConsDiaRede":133.7422791,"ConsMesRede":133.7422791,"Status":"REDE"}