{"CorrPlaca":0.079000004,"TensPlaca":6.544000149,"CorrRede":0.97299999,"TensRede":0.194999993,"ConsDiaPlaca":35.00671387,"ConsMesPlaca":35.00671387,"ConsDiaRede":11.25204754,"ConsMesRede":11.25204754,"Status":"REDE"}