{"CorrPlaca":5,"TensPlaca":25,"CorrRede":0.575999975,"TensRede":0,"ConsDiaPlaca":23159.60352,"ConsMesPlaca":23159.60352,"ConsDiaRede":903.9515991,"ConsMesRede":903.9515991,"Status":"REDE"}