{"CorrPlaca":0,"TensPlaca":6.709000111,"CorrRede":0.800000012,"TensRede":0.273999989,"ConsDiaPlaca":1.533571362,"ConsMesPlaca":1.533571362,"ConsDiaRede":9.668158531,"ConsMesRede":9.668158531,"Status":"REDE"}