{"Corrente":14.47200012,"Tensao":0,"Consumo":1.197687745,"Status":"REDE"}