{"Corrente":2.071000099,"Tensao":0,"Consumo":0.149639666,"Status":"REDE"}