{"Corrente":14.45300007,"Tensao":0,"Consumo":1.197687745,"Status":"REDE"}