{"CorrPlaca":0.370999992,"TensPlaca":18.06399918,"CorrRede":1.48300004,"TensRede":0,"ConsDiaPlaca":4150.242188,"ConsMesPlaca":4150.242188,"ConsDiaRede":1296.509644,"ConsMesRede":1296.509644,"Status":"REDE"}