{"Corrente":0.423000008,"Tensao":1.463999987,"Consumo":0.001424989,"Status":"REDE"}