{"CorrPlaca":0,"TensPlaca":0.799000025,"CorrRede":0.426999986,"TensRede":0.194999993,"ConsDiaPlaca":0,"ConsMesPlaca":0,"ConsDiaRede":0.963059127,"ConsMesRede":0.963059127,"Status":"REDE"}