{"CorrPlaca":0.056000002,"TensPlaca":3.118999958,"CorrRede":0.52700001,"TensRede":0.549000025,"ConsDiaPlaca":127.0783615,"ConsMesPlaca":127.0783615,"ConsDiaRede":123.8034363,"ConsMesRede":123.8034363,"Status":"REDE"}