{"Corrente":14.38399982,"Tensao":0,"Consumo":6.471837997,"Status":"REDE"}