{"CorrPlaca":0,"TensPlaca":0.652999997,"CorrRede":0.500999987,"TensRede":0.389999986,"ConsDiaPlaca":0.000215278,"ConsMesPlaca":0.000215278,"ConsDiaRede":0.43229416,"ConsMesRede":0.43229416,"Status":"REDE"}