{"CorrPlaca":0.035,"TensPlaca":18.06999969,"CorrRede":1.27699995,"TensRede":0.328999996,"ConsDiaPlaca":2664.981201,"ConsMesPlaca":2664.981201,"ConsDiaRede":1054.828369,"ConsMesRede":1054.828369,"Status":"REDE"}