{"CorrPlaca":0,"TensPlaca":0.763000011,"CorrRede":0.526000023,"TensRede":0.615999997,"ConsDiaPlaca":0,"ConsMesPlaca":0,"ConsDiaRede":0.937684476,"ConsMesRede":0.937684476,"Status":"REDE"}