{"CorrPlaca":0.388999999,"TensPlaca":3.118999958,"CorrRede":0.740999997,"TensRede":0.293000013,"ConsDiaPlaca":134.6750946,"ConsMesPlaca":134.6750946,"ConsDiaRede":130.3726654,"ConsMesRede":130.3726654,"Status":"REDE"}