{"CorrPlaca":1.42900002,"TensPlaca":18.0890007,"CorrRede":2.319000006,"TensRede":0.781000018,"ConsDiaPlaca":420.3699951,"ConsMesPlaca":420.3699951,"ConsDiaRede":164.088501,"ConsMesRede":164.088501,"Status":"REDE"}