{"CorrPlaca":0.862999976,"TensPlaca":17.99099922,"CorrRede":1.756999969,"TensRede":0,"ConsDiaPlaca":3214.928955,"ConsMesPlaca":3214.928955,"ConsDiaRede":1268.274658,"ConsMesRede":1268.274658,"Status":"REDE"}