{"CorrPlaca":0,"TensPlaca":0.84799999,"CorrRede":0.462000012,"TensRede":1.44599998,"ConsDiaPlaca":0,"ConsMesPlaca":0,"ConsDiaRede":0.185570002,"ConsMesRede":0.185570002,"Status":"REDE"}