{"CorrPlaca":0,"TensPlaca":0.792999983,"CorrRede":0.467999995,"TensRede":0.134000003,"ConsDiaPlaca":0.004695833,"ConsMesPlaca":0.004695833,"ConsDiaRede":0.488687813,"ConsMesRede":0.488687813,"Status":"REDE"}