{"CorrPlaca":0.199000001,"TensPlaca":18.07600021,"CorrRede":1.470000029,"TensRede":0.103,"ConsDiaPlaca":4702.853027,"ConsMesPlaca":4702.853027,"ConsDiaRede":1462.962036,"ConsMesRede":1462.962036,"Status":"REDE"}