{"CorrPlaca":0.754000008,"TensPlaca":18.0890007,"CorrRede":1.768000007,"TensRede":0,"ConsDiaPlaca":81.75603485,"ConsMesPlaca":81.75603485,"ConsDiaRede":34.58667755,"ConsMesRede":34.58667755,"Status":"REDE"}