{"corrente":0,"tensao":0.122000001,"consumo":0.077996299}