{"CorrPlaca":5,"TensPlaca":25,"CorrRede":2.482000113,"TensRede":6.244999886,"ConsDiaPlaca":20729.06445,"ConsMesPlaca":20729.06445,"ConsDiaRede":801.0245972,"ConsMesRede":801.0245972,"Status":"REDE"}