{"CorrPlaca":1.302000046,"TensPlaca":18.08300018,"CorrRede":2.316999912,"TensRede":4.169000149,"ConsDiaPlaca":5140.474121,"ConsMesPlaca":5140.474121,"ConsDiaRede":1609.279175,"ConsMesRede":1609.279175,"Status":"REDE"}