{"CorrPlaca":0.708000004,"TensPlaca":3.901000023,"CorrRede":0.990999997,"TensRede":1.562000036,"ConsDiaPlaca":49.75564575,"ConsMesPlaca":49.75564575,"ConsDiaRede":42.60666656,"ConsMesRede":42.60666656,"Status":"REDE"}