{"CorrPlaca":0.939999998,"TensPlaca":18.0890007,"CorrRede":2.035000086,"TensRede":3.582999945,"ConsDiaPlaca":1931.790771,"ConsMesPlaca":1931.790771,"ConsDiaRede":777.6107788,"ConsMesRede":777.6107788,"Status":"REDE"}