{"CorrPlaca":1.661000013,"TensPlaca":18.05800056,"CorrRede":2.38499999,"TensRede":2.282999992,"ConsDiaPlaca":1522.779297,"ConsMesPlaca":1522.779297,"ConsDiaRede":616.7843018,"ConsMesRede":616.7843018,"Status":"REDE"}