{"CorrPlaca":3.572999954,"TensPlaca":25,"CorrRede":0.934000015,"TensRede":0.43900001,"ConsDiaPlaca":20959.87891,"ConsMesPlaca":20959.87891,"ConsDiaRede":713.8760986,"ConsMesRede":713.8760986,"Status":"REDE"}