{"CorrPlaca":0,"TensPlaca":6.550000191,"CorrRede":0.852999985,"TensRede":0,"ConsDiaPlaca":84.95557404,"ConsMesPlaca":84.95557404,"ConsDiaRede":36.94466782,"ConsMesRede":36.94466782,"Status":"REDE"}