{"CorrPlaca":0,"TensPlaca":6.617000103,"CorrRede":0.774999976,"TensRede":0.158000007,"ConsDiaPlaca":1.533571362,"ConsMesPlaca":1.533571362,"ConsDiaRede":12.33810234,"ConsMesRede":12.33810234,"Status":"REDE"}