{"CorrPlaca":0.140000001,"TensPlaca":6.611000061,"CorrRede":0.887000024,"TensRede":0.140000001,"ConsDiaPlaca":75.50544739,"ConsMesPlaca":75.50544739,"ConsDiaRede":28.75611877,"ConsMesRede":28.75611877,"Status":"REDE"}