{"CorrPlaca":5,"TensPlaca":25,"CorrRede":0.813000023,"TensRede":0,"ConsDiaPlaca":33472.03906,"ConsMesPlaca":33472.03906,"ConsDiaRede":1384.405396,"ConsMesRede":1384.405396,"Status":"REDE"}