{"CorrPlaca":0,"TensPlaca":17.96699905,"CorrRede":1.184999943,"TensRede":0,"ConsDiaPlaca":2522.154297,"ConsMesPlaca":2522.154297,"ConsDiaRede":1001.958374,"ConsMesRede":1001.958374,"Status":"REDE"}