{"corrente":0.119000003,"tensao":1.48300004,"consumo":0.091394991}