{"CorrPlaca":0.360000014,"TensPlaca":18.125,"CorrRede":1.472000003,"TensRede":0,"ConsDiaPlaca":2577.14917,"ConsMesPlaca":2577.14917,"ConsDiaRede":799.3243408,"ConsMesRede":799.3243408,"Status":"REDE"}