{"CorrPlaca":5,"TensPlaca":25,"CorrRede":2.457000017,"TensRede":5.506000042,"ConsDiaPlaca":1909.723267,"ConsMesPlaca":1909.723267,"ConsDiaRede":103.3260269,"ConsMesRede":103.3260269,"Status":"REDE"}