{"CorrPlaca":0,"TensPlaca":18.06999969,"CorrRede":1.282999992,"TensRede":0.40200001,"ConsDiaPlaca":4237.879883,"ConsMesPlaca":4237.879883,"ConsDiaRede":1654.909668,"ConsMesRede":1654.909668,"Status":"REDE"}