{"Corrente":3.019999981,"Tensao":27.63500023,"Consumo":0.479069948,"Status":"PLACA"}