{"CorrPlaca":5,"TensPlaca":25,"CorrRede":0.52700001,"TensRede":0,"ConsDiaPlaca":17812.41602,"ConsMesPlaca":17812.41602,"ConsDiaRede":649.3950806,"ConsMesRede":649.3950806,"Status":"REDE"}