{"CorrPlaca":0.057999998,"TensPlaca":6.703000069,"CorrRede":0.970000029,"TensRede":0.293000013,"ConsDiaPlaca":56.96752167,"ConsMesPlaca":56.96752167,"ConsDiaRede":20.61747932,"ConsMesRede":20.61747932,"Status":"REDE"}