{"CorrPlaca":2.832000017,"TensPlaca":18.0340004,"CorrRede":3.348999977,"TensRede":7.422999859,"ConsDiaPlaca":2374.558105,"ConsMesPlaca":2374.558105,"ConsDiaRede":745.9940186,"ConsMesRede":745.9940186,"Status":"REDE"}