{"CorrPlaca":3.390000105,"TensPlaca":25,"CorrRede":0.81099999,"TensRede":0,"ConsDiaPlaca":33000.90625,"ConsMesPlaca":33000.90625,"ConsDiaRede":809.1258545,"ConsMesRede":809.1258545,"Status":"REDE"}