{"CorrPlaca":0.36500001,"TensPlaca":18.05200005,"CorrRede":1.478000045,"TensRede":0,"ConsDiaPlaca":5465.604004,"ConsMesPlaca":5465.604004,"ConsDiaRede":1720.461792,"ConsMesRede":1720.461792,"Status":"REDE"}