{"Corrente":-3.332999945,"Tensao":0.519999981,"Consumo":0.479625434,"Status":"REDE"}