{"Corrente":17.26000023,"Tensao":3.894000053,"Consumo":0.51940304,"Status":"REDE"}