{"CorrPlaca":5,"TensPlaca":18.06999969,"CorrRede":2.71600008,"TensRede":0.824000001,"ConsDiaPlaca":3368.023193,"ConsMesPlaca":3368.023193,"ConsDiaRede":384.7568665,"ConsMesRede":384.7568665,"Status":"REDE"}