{"CorrPlaca":0,"TensPlaca":6.598999977,"CorrRede":0.773999989,"TensRede":0.207000002,"ConsDiaPlaca":1.533571362,"ConsMesPlaca":1.533571362,"ConsDiaRede":11.49617863,"ConsMesRede":11.49617863,"Status":"REDE"}