{"CorrPlaca":0,"TensPlaca":0.665000021,"CorrRede":0.388999999,"TensRede":0.170000002,"ConsDiaPlaca":0,"ConsMesPlaca":0,"ConsDiaRede":0.194213897,"ConsMesRede":0.194213897,"Status":"REDE"}