{"CorrPlaca":0,"TensPlaca":0,"CorrRede":0.609000027,"TensRede":0,"ConsDiaPlaca":1.587435603,"ConsMesPlaca":1.587435603,"ConsDiaRede":187.3239136,"ConsMesRede":187.3239136,"Status":"REDE"}