{"Corrente":3.50999999,"Tensao":0,"Consumo":0.018828619,"Status":"REDE"}