{"CorrPlaca":3.006999969,"TensPlaca":18.14999962,"CorrRede":3.562000036,"TensRede":8.961999893,"ConsDiaPlaca":650.0261841,"ConsMesPlaca":650.0261841,"ConsDiaRede":267.940155,"ConsMesRede":267.940155,"Status":"REDE"}