{"Corrente":15.20499992,"Tensao":23.12000084,"Consumo":0.572566211,"Status":"PLACA"}