{"CorrPlaca":5,"TensPlaca":25,"CorrRede":0.643999994,"TensRede":0.389999986,"ConsDiaPlaca":26215.14063,"ConsMesPlaca":26215.14063,"ConsDiaRede":1045.362061,"ConsMesRede":1045.362061,"Status":"REDE"}