{"CorrPlaca":2.717000008,"TensPlaca":18.01499939,"CorrRede":3.236000061,"TensRede":6.80700016,"ConsDiaPlaca":5222.921387,"ConsMesPlaca":5222.921387,"ConsDiaRede":1643.071899,"ConsMesRede":1643.071899,"Status":"REDE"}