{"CorrPlaca":0,"TensPlaca":0,"CorrRede":0.549000025,"TensRede":0.054000001,"ConsDiaPlaca":1.587435603,"ConsMesPlaca":1.587435603,"ConsDiaRede":188.2782898,"ConsMesRede":188.2782898,"Status":"REDE"}