{"CorrPlaca":0,"TensPlaca":6.684000015,"CorrRede":0.791999996,"TensRede":0.293000013,"ConsDiaPlaca":1.533571362,"ConsMesPlaca":1.533571362,"ConsDiaRede":10.94666958,"ConsMesRede":10.94666958,"Status":"REDE"}