{"Corrente":14.34500027,"Tensao":27.16300011,"Consumo":4.73860693,"Status":"PLACA"}