{"Corrente":2.954999924,"Tensao":0,"Consumo":0.099550068,"Status":"REDE"}