{"CorrPlaca":0,"TensPlaca":0.763000011,"CorrRede":0.435000002,"TensRede":0.286000013,"ConsDiaPlaca":0.000201667,"ConsMesPlaca":0.000201667,"ConsDiaRede":0.834107339,"ConsMesRede":0.834107339,"Status":"REDE"}