{"CorrPlaca":3.210000038,"TensPlaca":18.05800056,"CorrRede":3.559999943,"TensRede":9.296999931,"ConsDiaPlaca":33.70119858,"ConsMesPlaca":33.70119858,"ConsDiaRede":18.13022995,"ConsMesRede":18.13022995,"Status":"REDE"}