{"corrente":0.663999975,"tensao":0.666000009,"consumo":0.092681289}