{"CorrPlaca":0.870999992,"TensPlaca":18.10099983,"CorrRede":1.916000009,"TensRede":0.444999993,"ConsDiaPlaca":607.812561,"ConsMesPlaca":607.812561,"ConsDiaRede":274.0526733,"ConsMesRede":274.0526733,"Status":"REDE"}