{"Corrente":3.686000109,"Tensao":5.842000008,"Consumo":0.053693287,"Status":"PLACA"}