{"CorrPlaca":0,"TensPlaca":0.737999976,"CorrRede":0.568000019,"TensRede":0.621999979,"ConsDiaPlaca":0.000650833,"ConsMesPlaca":0.000650833,"ConsDiaRede":0.586417496,"ConsMesRede":0.586417496,"Status":"REDE"}