{"CorrPlaca":0.890999973,"TensPlaca":18.13100052,"CorrRede":2.089999914,"TensRede":2.007999897,"ConsDiaPlaca":1186.906738,"ConsMesPlaca":1186.906738,"ConsDiaRede":371.359314,"ConsMesRede":371.359314,"Status":"REDE"}