{"Corrente":177.7969971,"Tensao":16.34000015,"Consumo":0.807000816,"Status":"PLACA"}