{"Corrente":0.449000001,"Tensao":0,"Consumo":0.006886377,"Status":"REDE"}