{"CorrPlaca":5,"TensPlaca":0,"CorrRede":0.561999977,"TensRede":0.634000003,"ConsDiaPlaca":6236.48877,"ConsMesPlaca":6236.48877,"ConsDiaRede":493.6982727,"ConsMesRede":493.6982727,"Status":"REDE"}