{"CorrPlaca":0.216000006,"TensPlaca":18.16799927,"CorrRede":1.338999987,"TensRede":0,"ConsDiaPlaca":1698.852661,"ConsMesPlaca":1698.852661,"ConsDiaRede":763.331665,"ConsMesRede":763.331665,"Status":"REDE"}