{"CorrPlaca":0.702000022,"TensPlaca":0,"CorrRede":0.061000001,"TensRede":0,"ConsDiaPlaca":29.34606171,"ConsMesPlaca":29.34606171,"ConsDiaRede":23.81149483,"ConsMesRede":23.81149483,"Status":"REDE"}