{"CorrPlaca":5,"TensPlaca":25,"CorrRede":0.465999991,"TensRede":0,"ConsDiaPlaca":5763.881348,"ConsMesPlaca":5763.881348,"ConsDiaRede":197.1246185,"ConsMesRede":197.1246185,"Status":"REDE"}