{"CorrPlaca":5,"TensPlaca":25,"CorrRede":2.509000063,"TensRede":6.446000099,"ConsDiaPlaca":28992.90039,"ConsMesPlaca":28992.90039,"ConsDiaRede":1183.419922,"ConsMesRede":1183.419922,"Status":"REDE"}