{"Corrente":14.08600044,"Tensao":26.70700073,"Consumo":4.565881729,"Status":"PLACA"}