{"CorrPlaca":0,"TensPlaca":18.08300018,"CorrRede":1.212000012,"TensRede":0.097000003,"ConsDiaPlaca":3037.232178,"ConsMesPlaca":3037.232178,"ConsDiaRede":1203.943481,"ConsMesRede":1203.943481,"Status":"REDE"}