{"CorrPlaca":5,"TensPlaca":25,"CorrRede":0.643999994,"TensRede":0.395999998,"ConsDiaPlaca":28402.62695,"ConsMesPlaca":28402.62695,"ConsDiaRede":1158.928589,"ConsMesRede":1158.928589,"Status":"REDE"}