{"Corrente":0.507000029,"Tensao":0,"Consumo":0.005563721,"Status":"REDE"}