{"CorrPlaca":0.057999998,"TensPlaca":6.538000107,"CorrRede":0.879000008,"TensRede":0.781000018,"ConsDiaPlaca":0.539625525,"ConsMesPlaca":0.539625525,"ConsDiaRede":0.867242515,"ConsMesRede":0.867242515,"Status":"REDE"}