{"CorrPlaca":0,"TensPlaca":6.561999798,"CorrRede":0.788999975,"TensRede":0.151999995,"ConsDiaPlaca":86.64099121,"ConsMesPlaca":86.64099121,"ConsDiaRede":41.01519394,"ConsMesRede":41.01519394,"Status":"REDE"}