{"CorrPlaca":0.002,"TensPlaca":6.697000027,"CorrRede":0.801999986,"TensRede":0.194999993,"ConsDiaPlaca":87.779953,"ConsMesPlaca":87.779953,"ConsDiaRede":44.31499863,"ConsMesRede":44.31499863,"Status":"REDE"}