{"Corrente":2.260999918,"Tensao":0,"Consumo":0.149639666,"Status":"REDE"}