{"CorrPlaca":0,"TensPlaca":18.10700035,"CorrRede":1.243999958,"TensRede":0.097000003,"ConsDiaPlaca":2778.571289,"ConsMesPlaca":2778.571289,"ConsDiaRede":1098.866821,"ConsMesRede":1098.866821,"Status":"REDE"}