{"CorrPlaca":0.056000002,"TensPlaca":6.513999939,"CorrRede":0.925999999,"TensRede":0.067000002,"ConsDiaPlaca":65.8642807,"ConsMesPlaca":65.8642807,"ConsDiaRede":25.11545563,"ConsMesRede":25.11545563,"Status":"REDE"}