{"CorrPlaca":0,"TensPlaca":6.697000027,"CorrRede":0.787999988,"TensRede":0.151999995,"ConsDiaPlaca":1.533571362,"ConsMesPlaca":1.533571362,"ConsDiaRede":13.60177326,"ConsMesRede":13.60177326,"Status":"REDE"}