{"CorrPlaca":2.00999999,"TensPlaca":18.08300018,"CorrRede":2.85800004,"TensRede":6.561999798,"ConsDiaPlaca":789.3455811,"ConsMesPlaca":789.3455811,"ConsDiaRede":314.2694702,"ConsMesRede":314.2694702,"Status":"REDE"}