{"CorrPlaca":0,"TensPlaca":0,"CorrRede":0.623000026,"TensRede":0.097000003,"ConsDiaPlaca":1.587435603,"ConsMesPlaca":1.587435603,"ConsDiaRede":188.0358429,"ConsMesRede":188.0358429,"Status":"REDE"}