{"CorrPlaca":5,"TensPlaca":25,"CorrRede":2.404999971,"TensRede":4.883999825,"ConsDiaPlaca":13437.44434,"ConsMesPlaca":13437.44434,"ConsDiaRede":460.6227722,"ConsMesRede":460.6227722,"Status":"REDE"}