{"CorrPlaca":2.479000092,"TensPlaca":18.11300087,"CorrRede":3.062000036,"TensRede":5.566999912,"ConsDiaPlaca":5283.621582,"ConsMesPlaca":5283.621582,"ConsDiaRede":1665.043091,"ConsMesRede":1665.043091,"Status":"REDE"}