{"Corrente":0,"Tensao":5.683000088,"Consumo":0.057277199,"Status":"REDE"}