{"Corrente":4.204999924,"Tensao":29.42499924,"Consumo":0.153720006,"Status":"PLACA"}