{"CorrPlaca":0.048,"TensPlaca":6.671999931,"CorrRede":0.901000023,"TensRede":0.280000001,"ConsDiaPlaca":79.91490173,"ConsMesPlaca":79.91490173,"ConsDiaRede":30.53111076,"ConsMesRede":30.53111076,"Status":"REDE"}