{"Corrente":14.42700005,"Tensao":0,"Consumo":0.792368889,"Status":"REDE"}