{"Corrente":14.54500008,"Tensao":25.76300049,"Consumo":7.466193199,"Status":"PLACA"}