{"CorrPlaca":0.944999993,"TensPlaca":3.118999958,"CorrRede":1.190999985,"TensRede":2.753000021,"ConsDiaPlaca":122.885643,"ConsMesPlaca":122.885643,"ConsDiaRede":119.6792679,"ConsMesRede":119.6792679,"Status":"REDE"}