{"CorrPlaca":2.930000067,"TensPlaca":18.05200005,"CorrRede":3.421999931,"TensRede":7.520999908,"ConsDiaPlaca":1961.701172,"ConsMesPlaca":1961.701172,"ConsDiaRede":605.9137573,"ConsMesRede":605.9137573,"Status":"REDE"}