{"CorrPlaca":0.270999998,"TensPlaca":18.14999962,"CorrRede":1.503999949,"TensRede":0.134000003,"ConsDiaPlaca":3902.440918,"ConsMesPlaca":3902.440918,"ConsDiaRede":1215.811279,"ConsMesRede":1215.811279,"Status":"REDE"}