{"CorrPlaca":0,"TensPlaca":0,"CorrRede":0.564999998,"TensRede":0.079000004,"ConsDiaPlaca":1.587435603,"ConsMesPlaca":1.587435603,"ConsDiaRede":17.6884594,"ConsMesRede":17.6884594,"Status":"REDE"}