{"CorrPlaca":0,"TensPlaca":0.781000018,"CorrRede":0.398000002,"TensRede":0.261999995,"ConsDiaPlaca":0.007644444,"ConsMesPlaca":0.007644444,"ConsDiaRede":0.559354484,"ConsMesRede":0.559354484,"Status":"REDE"}