{"CorrPlaca":5,"TensPlaca":25,"CorrRede":2.219000101,"TensRede":4.217999935,"ConsDiaPlaca":23819.32227,"ConsMesPlaca":23819.32227,"ConsDiaRede":950.3046265,"ConsMesRede":950.3046265,"Status":"REDE"}