{"CorrPlaca":2.545000076,"TensPlaca":18.19199944,"CorrRede":3.092000008,"TensRede":5.671000004,"ConsDiaPlaca":4621.113281,"ConsMesPlaca":4621.113281,"ConsDiaRede":1441.446533,"ConsMesRede":1441.446533,"Status":"REDE"}