{"CorrPlaca":0.006,"TensPlaca":0,"CorrRede":0.400000006,"TensRede":0.372000009,"ConsDiaPlaca":4893.407227,"ConsMesPlaca":4893.407227,"ConsDiaRede":444.1898804,"ConsMesRede":444.1898804,"Status":"REDE"}