{"CorrPlaca":0.064999998,"TensPlaca":6.738999844,"CorrRede":0.958999991,"TensRede":0,"ConsDiaPlaca":55.1781311,"ConsMesPlaca":55.1781311,"ConsDiaRede":19.62965012,"ConsMesRede":19.62965012,"Status":"REDE"}