{"CorrPlaca":2.237999916,"TensPlaca":18.05800056,"CorrRede":2.83100009,"TensRede":4.791999817,"ConsDiaPlaca":4043.700195,"ConsMesPlaca":4043.700195,"ConsDiaRede":1569.502441,"ConsMesRede":1569.502441,"Status":"REDE"}