{"CorrPlaca":0.116999999,"TensPlaca":6.738999844,"CorrRede":0.962000012,"TensRede":0.085000001,"ConsDiaPlaca":23.77062416,"ConsMesPlaca":23.77062416,"ConsDiaRede":7.707125664,"ConsMesRede":7.707125664,"Status":"REDE"}