{"CorrPlaca":2.90899992,"TensPlaca":18.10099983,"CorrRede":3.36500001,"TensRede":7.611999989,"ConsDiaPlaca":2949.746582,"ConsMesPlaca":2949.746582,"ConsDiaRede":1170.463379,"ConsMesRede":1170.463379,"Status":"REDE"}