{"CorrPlaca":5,"TensPlaca":25,"CorrRede":0.518000007,"TensRede":0,"ConsDiaPlaca":31284.55273,"ConsMesPlaca":31284.55273,"ConsDiaRede":1296.120361,"ConsMesRede":1296.120361,"Status":"REDE"}