{"CorrPlaca":2.296999931,"TensPlaca":18.16200066,"CorrRede":3.051000118,"TensRede":7.545000076,"ConsDiaPlaca":1399.870483,"ConsMesPlaca":1399.870483,"ConsDiaRede":562.2088623,"ConsMesRede":562.2088623,"Status":"REDE"}