{"CorrPlaca":0.565999985,"TensPlaca":3.118999958,"CorrRede":0.962000012,"TensRede":2.289000034,"ConsDiaPlaca":119.3968582,"ConsMesPlaca":119.3968582,"ConsDiaRede":115.9566803,"ConsMesRede":115.9566803,"Status":"REDE"}