{"CorrPlaca":0.057999998,"TensPlaca":6.561999798,"CorrRede":0.976000011,"TensRede":0.256000012,"ConsDiaPlaca":57.073246,"ConsMesPlaca":57.073246,"ConsDiaRede":20.68688202,"ConsMesRede":20.68688202,"Status":"REDE"}