{"CorrPlaca":0.018999999,"TensPlaca":6.671999931,"CorrRede":0.841000021,"TensRede":0.213,"ConsDiaPlaca":84.5947113,"ConsMesPlaca":84.5947113,"ConsDiaRede":36.47585678,"ConsMesRede":36.47585678,"Status":"REDE"}