{"CorrPlaca":0,"TensPlaca":6.738999844,"CorrRede":0.781000018,"TensRede":0.238000005,"ConsDiaPlaca":1.587435603,"ConsMesPlaca":1.587435603,"ConsDiaRede":19.87696457,"ConsMesRede":19.87696457,"Status":"REDE"}