{"CorrPlaca":2.747999907,"TensPlaca":17.98500061,"CorrRede":3.217999935,"TensRede":6.459000111,"ConsDiaPlaca":3810.368164,"ConsMesPlaca":3810.368164,"ConsDiaRede":1184.962036,"ConsMesRede":1184.962036,"Status":"REDE"}