{"CorrPlaca":0.025,"TensPlaca":6.684000015,"CorrRede":0.829999983,"TensRede":0.145999998,"ConsDiaPlaca":84.86306763,"ConsMesPlaca":84.86306763,"ConsDiaRede":36.82479477,"ConsMesRede":36.82479477,"Status":"REDE"}