{"CorrPlaca":0.003,"TensPlaca":0.768999994,"CorrRede":0.481999993,"TensRede":0.56099999,"ConsDiaPlaca":0.000640833,"ConsMesPlaca":0.000640833,"ConsDiaRede":0.745593369,"ConsMesRede":0.745593369,"Status":"REDE"}