{"CorrPlaca":0.114,"TensPlaca":6.544000149,"CorrRede":0.99000001,"TensRede":0.201000005,"ConsDiaPlaca":7.536007404,"ConsMesPlaca":7.536007404,"ConsDiaRede":2.774637461,"ConsMesRede":2.774637461,"Status":"REDE"}