{"CorrPlaca":0,"TensPlaca":6.550000191,"CorrRede":0.802999973,"TensRede":0.115000002,"ConsDiaPlaca":86.64099121,"ConsMesPlaca":86.64099121,"ConsDiaRede":41.08040619,"ConsMesRede":41.08040619,"Status":"REDE"}