{"CorrPlaca":0,"TensPlaca":0,"CorrRede":0.349000007,"TensRede":0.335000008,"ConsDiaPlaca":4909.9375,"ConsMesPlaca":4909.9375,"ConsDiaRede":473.8152161,"ConsMesRede":473.8152161,"Status":"REDE"}