{"CorrPlaca":0.097000003,"TensPlaca":6.671999931,"CorrRede":0.978999972,"TensRede":0.293000013,"ConsDiaPlaca":48.14128876,"ConsMesPlaca":48.14128876,"ConsDiaRede":16.3552742,"ConsMesRede":16.3552742,"Status":"REDE"}