{"CorrPlaca":0.708999991,"TensPlaca":1.207999945,"CorrRede":0.49000001,"TensRede":1.001000047,"ConsDiaPlaca":94.90329742,"ConsMesPlaca":94.90329742,"ConsDiaRede":84.49627686,"ConsMesRede":84.49627686,"Status":"REDE"}