{"Corrente":0.38499999,"Tensao":0,"Consumo":0.053693287,"Status":"REDE"}