{"Corrente":0.289999992,"Tensao":25,"Consumo":0.045747224,"Status":"REDE"}