{"CorrPlaca":0.488999993,"TensPlaca":18.06399918,"CorrRede":1.700000048,"TensRede":0.603999972,"ConsDiaPlaca":1839.029297,"ConsMesPlaca":1839.029297,"ConsDiaRede":566.6162109,"ConsMesRede":566.6162109,"Status":"REDE"}