{"CorrPlaca":5,"TensPlaca":25,"CorrRede":0.917999983,"TensRede":0,"ConsDiaPlaca":32360.93359,"ConsMesPlaca":32360.93359,"ConsDiaRede":1328.030273,"ConsMesRede":1328.030273,"Status":"REDE"}