{"Corrente":0.045000002,"Tensao":0,"Consumo":0.014868441,"Status":"REDE"}