{"CorrPlaca":0,"TensPlaca":6.703000069,"CorrRede":0.80400002,"TensRede":0.207000002,"ConsDiaPlaca":87.71098328,"ConsMesPlaca":87.71098328,"ConsDiaRede":44.06031799,"ConsMesRede":44.06031799,"Status":"REDE"}