{"CorrPlaca":5,"TensPlaca":25,"CorrRede":2.362999916,"TensRede":5.335000038,"ConsDiaPlaca":23715.15625,"ConsMesPlaca":23715.15625,"ConsDiaRede":943.0147705,"ConsMesRede":943.0147705,"Status":"REDE"}