{"CorrPlaca":0,"TensPlaca":25,"CorrRede":1.753000021,"TensRede":0.456999987,"ConsDiaPlaca":13447.36328,"ConsMesPlaca":13447.36328,"ConsDiaRede":573.3716431,"ConsMesRede":573.3716431,"Status":"REDE"}