{"CorrPlaca":0.114,"TensPlaca":6.684000015,"CorrRede":0.995999992,"TensRede":0.293000013,"ConsDiaPlaca":9.174139023,"ConsMesPlaca":9.174139023,"ConsDiaRede":3.313793421,"ConsMesRede":3.313793421,"Status":"REDE"}