{"Corrente":14.36200047,"Tensao":0,"Consumo":0.792368889,"Status":"REDE"}