{"CorrPlaca":0.550000012,"TensPlaca":18.11300087,"CorrRede":1.565000057,"TensRede":0,"ConsDiaPlaca":4538.563965,"ConsMesPlaca":4538.563965,"ConsDiaRede":1767.926025,"ConsMesRede":1767.926025,"Status":"REDE"}