{"CorrPlaca":5,"TensPlaca":25,"CorrRede":2.296999931,"TensRede":7.124000072,"ConsDiaPlaca":18958.24219,"ConsMesPlaca":18958.24219,"ConsDiaRede":720.7271729,"ConsMesRede":720.7271729,"Status":"REDE"}