{"CorrPlaca":1.855000019,"TensPlaca":25,"CorrRede":3.631999969,"TensRede":2.642999887,"ConsDiaPlaca":993.4122314,"ConsMesPlaca":993.4122314,"ConsDiaRede":282.3815002,"ConsMesRede":282.3815002,"Status":"REDE"}