{"CorrPlaca":2.530999899,"TensPlaca":18.05200005,"CorrRede":3.065000057,"TensRede":6.244999886,"ConsDiaPlaca":4388.400391,"ConsMesPlaca":4388.400391,"ConsDiaRede":1706.800171,"ConsMesRede":1706.800171,"Status":"REDE"}