{"CorrPlaca":5,"TensPlaca":3.191999912,"CorrRede":0.467999995,"TensRede":0,"ConsDiaPlaca":6258.37793,"ConsMesPlaca":6258.37793,"ConsDiaRede":495.311615,"ConsMesRede":495.311615,"Status":"REDE"}