{"CorrPlaca":0.841000021,"TensPlaca":18.06999969,"CorrRede":1.975999951,"TensRede":2.387000084,"ConsDiaPlaca":2881.008789,"ConsMesPlaca":2881.008789,"ConsDiaRede":896.6763306,"ConsMesRede":896.6763306,"Status":"REDE"}