{"CorrPlaca":2.203000069,"TensPlaca":25,"CorrRede":3.632999897,"TensRede":3.278000116,"ConsDiaPlaca":898.8497925,"ConsMesPlaca":898.8497925,"ConsDiaRede":264.1282349,"ConsMesRede":264.1282349,"Status":"REDE"}