{"CorrPlaca":5,"TensPlaca":0,"CorrRede":1.266000032,"TensRede":2.832000017,"ConsDiaPlaca":6734.087891,"ConsMesPlaca":6734.087891,"ConsDiaRede":521.581665,"ConsMesRede":521.581665,"Status":"REDE"}