{"CorrPlaca":0.032000002,"TensPlaca":6.697000027,"CorrRede":0.88499999,"TensRede":0.194999993,"ConsDiaPlaca":79.31439209,"ConsMesPlaca":79.31439209,"ConsDiaRede":30.03821754,"ConsMesRede":30.03821754,"Status":"REDE"}