{"Corrente":2.102999926,"Tensao":0,"Consumo":0.149639666,"Status":"REDE"}