{"CorrPlaca":2.105000019,"TensPlaca":18.11300087,"CorrRede":2.930000067,"TensRede":5.566999912,"ConsDiaPlaca":798.3492432,"ConsMesPlaca":798.3492432,"ConsDiaRede":254.1279907,"ConsMesRede":254.1279907,"Status":"REDE"}