{"Corrente":2.072999954,"Tensao":0,"Consumo":0.149639666,"Status":"REDE"}