{"CorrPlaca":0.078000002,"TensPlaca":6.665999889,"CorrRede":0.995999992,"TensRede":0.31099999,"ConsDiaPlaca":50.44274902,"ConsMesPlaca":50.44274902,"ConsDiaRede":17.39019394,"ConsMesRede":17.39019394,"Status":"REDE"}