{"CorrPlaca":0.157000005,"TensPlaca":6.738999844,"CorrRede":0.996999979,"TensRede":0.335000008,"ConsDiaPlaca":22.85821152,"ConsMesPlaca":22.85821152,"ConsDiaRede":7.491295815,"ConsMesRede":7.491295815,"Status":"REDE"}