{"CorrPlaca":5,"TensPlaca":3.112999916,"CorrRede":0.774999976,"TensRede":0.31099999,"ConsDiaPlaca":6284.497559,"ConsMesPlaca":6284.497559,"ConsDiaRede":497.2772217,"ConsMesRede":497.2772217,"Status":"REDE"}