{"CorrPlaca":0.025,"TensPlaca":6.721000195,"CorrRede":0.827000022,"TensRede":0.280000001,"ConsDiaPlaca":85.86203766,"ConsMesPlaca":85.86203766,"ConsDiaRede":39.21675491,"ConsMesRede":39.21675491,"Status":"REDE"}