{"CorrPlaca":0.432999998,"TensPlaca":18.01499939,"CorrRede":1.65199995,"TensRede":0.713999987,"ConsDiaPlaca":3708.162842,"ConsMesPlaca":3708.162842,"ConsDiaRede":1161.565674,"ConsMesRede":1161.565674,"Status":"REDE"}