{"CorrPlaca":5,"TensPlaca":25,"CorrRede":0.519999981,"TensRede":0.097000003,"ConsDiaPlaca":798.6113281,"ConsMesPlaca":798.6113281,"ConsDiaRede":39.20261765,"ConsMesRede":39.20261765,"Status":"REDE"}