{"CorrPlaca":2.832000017,"TensPlaca":18.0340004,"CorrRede":3.461999893,"TensRede":8.887999535,"ConsDiaPlaca":1358.666992,"ConsMesPlaca":1358.666992,"ConsDiaRede":612.6503296,"ConsMesRede":612.6503296,"Status":"REDE"}