{"Corrente":0.476999998,"Tensao":0,"Consumo":0.000573213,"Status":"REDE"}