{"CorrPlaca":0,"TensPlaca":0,"CorrRede":0.595000029,"TensRede":0.029999999,"ConsDiaPlaca":1.587435603,"ConsMesPlaca":1.587435603,"ConsDiaRede":188.5889435,"ConsMesRede":188.5889435,"Status":"REDE"}