{"CorrPlaca":0,"TensPlaca":6.647999763,"CorrRede":0.813000023,"TensRede":0.194999993,"ConsDiaPlaca":87.26049042,"ConsMesPlaca":87.26049042,"ConsDiaRede":42.89316177,"ConsMesRede":42.89316177,"Status":"REDE"}