{"CorrPlaca":0,"TensPlaca":0.781000018,"CorrRede":0.426999986,"TensRede":0.012,"ConsDiaPlaca":0,"ConsMesPlaca":0,"ConsDiaRede":0.366274744,"ConsMesRede":0.366274744,"Status":"REDE"}