{"CorrPlaca":5,"TensPlaca":3.210999966,"CorrRede":1.021000028,"TensRede":0,"ConsDiaPlaca":6610.709473,"ConsMesPlaca":6610.709473,"ConsDiaRede":503.6856079,"ConsMesRede":503.6856079,"Status":"REDE"}