{"CorrPlaca":0,"TensPlaca":0,"CorrRede":0.614000022,"TensRede":0.067000002,"ConsDiaPlaca":1.587435603,"ConsMesPlaca":1.587435603,"ConsDiaRede":187.7800751,"ConsMesRede":187.7800751,"Status":"REDE"}