{"CorrPlaca":0.130999997,"TensPlaca":6.745999813,"CorrRede":0.99000001,"TensRede":0.293000013,"ConsDiaPlaca":24.01610374,"ConsMesPlaca":24.01610374,"ConsDiaRede":7.787700653,"ConsMesRede":7.787700653,"Status":"REDE"}