{"CorrPlaca":2.000999928,"TensPlaca":25,"CorrRede":3.440000057,"TensRede":1.965000033,"ConsDiaPlaca":1237.544189,"ConsMesPlaca":1237.544189,"ConsDiaRede":314.8480225,"ConsMesRede":314.8480225,"Status":"REDE"}