{"CorrPlaca":0,"TensPlaca":18.11300087,"CorrRede":1.141000032,"TensRede":0,"ConsDiaPlaca":3698.912109,"ConsMesPlaca":3698.912109,"ConsDiaRede":1444.784912,"ConsMesRede":1444.784912,"Status":"REDE"}