{"CorrPlaca":0.128000006,"TensPlaca":6.703000069,"CorrRede":0.996999979,"TensRede":0.261999995,"ConsDiaPlaca":32.83134079,"ConsMesPlaca":32.83134079,"ConsDiaRede":10.52583122,"ConsMesRede":10.52583122,"Status":"REDE"}