{"CorrPlaca":0.42899999,"TensPlaca":18.18000031,"CorrRede":1.523000002,"TensRede":0,"ConsDiaPlaca":697.3898315,"ConsMesPlaca":697.3898315,"ConsDiaRede":280.5639038,"ConsMesRede":280.5639038,"Status":"REDE"}