{"CorrPlaca":0,"TensPlaca":0.640999973,"CorrRede":0.486999989,"TensRede":0.444999993,"ConsDiaPlaca":0,"ConsMesPlaca":0,"ConsDiaRede":0.391961128,"ConsMesRede":0.391961128,"Status":"REDE"}