{"CorrPlaca":5,"TensPlaca":25,"CorrRede":1.631999969,"TensRede":1.256999969,"ConsDiaPlaca":24756.81641,"ConsMesPlaca":24756.81641,"ConsDiaRede":1013.253845,"ConsMesRede":1013.253845,"Status":"REDE"}