{"CorrPlaca":0.064999998,"TensPlaca":6.721000195,"CorrRede":0.973999977,"TensRede":0.244000003,"ConsDiaPlaca":61.81044769,"ConsMesPlaca":61.81044769,"ConsDiaRede":23.09339523,"ConsMesRede":23.09339523,"Status":"REDE"}