{"CorrPlaca":2.285000086,"TensPlaca":25,"CorrRede":3.742000103,"TensRede":3.240999937,"ConsDiaPlaca":1261.474731,"ConsMesPlaca":1261.474731,"ConsDiaRede":318.2168884,"ConsMesRede":318.2168884,"Status":"REDE"}