{"CorrPlaca":5,"TensPlaca":25,"CorrRede":0.70599997,"TensRede":0,"ConsDiaPlaca":27013.74609,"ConsMesPlaca":27013.74609,"ConsDiaRede":1088.374023,"ConsMesRede":1088.374023,"Status":"REDE"}