{"CorrPlaca":0,"TensPlaca":0,"CorrRede":0.654999971,"TensRede":6.709000111,"ConsDiaPlaca":1.587435603,"ConsMesPlaca":1.587435603,"ConsDiaRede":82.67892456,"ConsMesRede":82.67892456,"Status":"REDE"}