{"Corrente":3.529000044,"Tensao":0,"Consumo":0.057277199,"Status":"REDE"}