{"CorrPlaca":0.007,"TensPlaca":0.781000018,"CorrRede":0.521000028,"TensRede":0.726000011,"ConsDiaPlaca":0.019817501,"ConsMesPlaca":0.019817501,"ConsDiaRede":0.943256974,"ConsMesRede":0.943256974,"Status":"REDE"}