{"CorrPlaca":0.002,"TensPlaca":6.709000111,"CorrRede":0.806999981,"TensRede":0.177000001,"ConsDiaPlaca":87.26049042,"ConsMesPlaca":87.26049042,"ConsDiaRede":42.84912109,"ConsMesRede":42.84912109,"Status":"REDE"}