{"CorrPlaca":0.007,"TensPlaca":6.605000019,"CorrRede":0.806999981,"TensRede":0.041999999,"ConsDiaPlaca":85.7891922,"ConsMesPlaca":85.7891922,"ConsDiaRede":39.06079865,"ConsMesRede":39.06079865,"Status":"REDE"}