{"Corrente":0.43599999,"Tensao":1.904000044,"Consumo":0.006222752,"Status":"REDE"}