{"CorrPlaca":0,"TensPlaca":18.06999969,"CorrRede":1.248999953,"TensRede":0,"ConsDiaPlaca":1045.36853,"ConsMesPlaca":1045.36853,"ConsDiaRede":459.8208008,"ConsMesRede":459.8208008,"Status":"REDE"}