{"CorrPlaca":0.003,"TensPlaca":0.781000018,"CorrRede":0.555000007,"TensRede":0.444999993,"ConsDiaPlaca":0.000650833,"ConsMesPlaca":0.000650833,"ConsDiaRede":0.4882797,"ConsMesRede":0.4882797,"Status":"REDE"}