{"Corrente":14.58399963,"Tensao":3.888999939,"Consumo":5.759404182,"Status":"REDE"}