{"Corrente":0,"Tensao":0.261999995,"Consumo":0.07707084,"Status":"REDE"}