{"Corrente":176.1690063,"Tensao":1.855000019,"Consumo":2.74857235,"Status":"REDE"}