{"CorrPlaca":1.041000009,"TensPlaca":18.23500061,"CorrRede":1.873999953,"TensRede":0.293000013,"ConsDiaPlaca":1411.608765,"ConsMesPlaca":1411.608765,"ConsDiaRede":565.3047485,"ConsMesRede":565.3047485,"Status":"REDE"}