{"CorrPlaca":0,"TensPlaca":0,"CorrRede":0.583999991,"TensRede":0.090999998,"ConsDiaPlaca":1.587435603,"ConsMesPlaca":1.587435603,"ConsDiaRede":17.67605972,"ConsMesRede":17.67605972,"Status":"REDE"}