{"Corrente":-3.332999945,"Tensao":7.551000118,"Consumo":0.073366687,"Status":"REDE"}