{"CorrPlaca":0.36500001,"TensPlaca":18.0890007,"CorrRede":1.463000059,"TensRede":0,"ConsDiaPlaca":3974.196777,"ConsMesPlaca":3974.196777,"ConsDiaRede":1237.889038,"ConsMesRede":1237.889038,"Status":"REDE"}