{"CorrPlaca":0.032000002,"TensPlaca":6.671999931,"CorrRede":0.824000001,"TensRede":0.231000006,"ConsDiaPlaca":87.14485931,"ConsMesPlaca":87.14485931,"ConsDiaRede":42.44489288,"ConsMesRede":42.44489288,"Status":"REDE"}