{"CorrPlaca":0,"TensPlaca":6.697000027,"CorrRede":0.828999996,"TensRede":0.238000005,"ConsDiaPlaca":86.47319794,"ConsMesPlaca":86.47319794,"ConsDiaRede":40.47156906,"ConsMesRede":40.47156906,"Status":"REDE"}