{"CorrPlaca":0.144999996,"TensPlaca":6.697000027,"CorrRede":0.985000014,"TensRede":0.256000012,"ConsDiaPlaca":18.24217987,"ConsMesPlaca":18.24217987,"ConsDiaRede":6.389019966,"ConsMesRede":6.389019966,"Status":"REDE"}