{"CorrPlaca":2.132999897,"TensPlaca":25,"CorrRede":3.829999924,"TensRede":4.090000153,"ConsDiaPlaca":1154.342773,"ConsMesPlaca":1154.342773,"ConsDiaRede":308.90802,"ConsMesRede":308.90802,"Status":"REDE"}