{"CorrPlaca":0,"TensPlaca":18.05800056,"CorrRede":1.172999978,"TensRede":0,"ConsDiaPlaca":4238.166016,"ConsMesPlaca":4238.166016,"ConsDiaRede":1655.096191,"ConsMesRede":1655.096191,"Status":"REDE"}