{"Corrente":0,"Tensao":0.451000005,"Consumo":0.07707084,"Status":"REDE"}