{"CorrPlaca":0.879999995,"TensPlaca":18.0890007,"CorrRede":1.97300005,"TensRede":3.25999999,"ConsDiaPlaca":2123.669189,"ConsMesPlaca":2123.669189,"ConsDiaRede":850.3241577,"ConsMesRede":850.3241577,"Status":"REDE"}