{"CorrPlaca":0.097000003,"TensPlaca":18.0890007,"CorrRede":1.340000033,"TensRede":0.261999995,"ConsDiaPlaca":917.8544922,"ConsMesPlaca":917.8544922,"ConsDiaRede":374.1902161,"ConsMesRede":374.1902161,"Status":"REDE"}