{"Corrente":14.50599957,"Tensao":23.12700081,"Consumo":5.001332283,"Status":"PLACA"}