{"CorrPlaca":0.105999999,"TensPlaca":6.665999889,"CorrRede":1.003999949,"TensRede":0.256000012,"ConsDiaPlaca":40.9648056,"ConsMesPlaca":40.9648056,"ConsDiaRede":13.21624565,"ConsMesRede":13.21624565,"Status":"REDE"}