{"corrente":0.595000029,"tensao":0,"consumo":0.0090743}