{"corrente":0.750999987,"tensao":3.11500001,"consumo":0.053421266}