{"CorrPlaca":0,"TensPlaca":6.697000027,"CorrRede":0.782999992,"TensRede":0.108999997,"ConsDiaPlaca":1.539162278,"ConsMesPlaca":1.539162278,"ConsDiaRede":16.54146194,"ConsMesRede":16.54146194,"Status":"REDE"}