{"CorrPlaca":0.097000003,"TensPlaca":6.709000111,"CorrRede":0.981000006,"TensRede":0.261999995,"ConsDiaPlaca":50.6235199,"ConsMesPlaca":50.6235199,"ConsDiaRede":17.46158791,"ConsMesRede":17.46158791,"Status":"REDE"}