{"Corrente":2.105000019,"Tensao":0,"Consumo":0.070479967,"Status":"REDE"}