{"CorrPlaca":3.523000002,"TensPlaca":25,"CorrRede":2.154999971,"TensRede":2.605999947,"ConsDiaPlaca":16059.18066,"ConsMesPlaca":16059.18066,"ConsDiaRede":609.2267456,"ConsMesRede":609.2267456,"Status":"REDE"}