{"CorrPlaca":5,"TensPlaca":18.22299957,"CorrRede":1.692999959,"TensRede":1.031000018,"ConsDiaPlaca":9850.912109,"ConsMesPlaca":9850.912109,"ConsDiaRede":534.991333,"ConsMesRede":534.991333,"Status":"REDE"}