{"CorrPlaca":5,"TensPlaca":25,"CorrRede":0.870999992,"TensRede":1.305999994,"ConsDiaPlaca":27048.46875,"ConsMesPlaca":27048.46875,"ConsDiaRede":1088.689941,"ConsMesRede":1088.689941,"Status":"REDE"}