{"Corrente":-0.018999999,"Tensao":12.8409996,"Consumo":0.195173398,"Status":"REDE"}