{"Corrente":3.808000088,"Tensao":25.69799995,"Consumo":0.318653256,"Status":"PLACA"}