{"CorrPlaca":5,"TensPlaca":25,"CorrRede":2.362999916,"TensRede":5.274000168,"ConsDiaPlaca":26145.69531,"ConsMesPlaca":26145.69531,"ConsDiaRede":1043.714233,"ConsMesRede":1043.714233,"Status":"REDE"}