{"CorrPlaca":0,"TensPlaca":18.1439991,"CorrRede":1.202999949,"TensRede":0,"ConsDiaPlaca":3214.928955,"ConsMesPlaca":3214.928955,"ConsDiaRede":1268.274658,"ConsMesRede":1268.274658,"Status":"REDE"}