{"CorrPlaca":0.201000005,"TensPlaca":3.217000008,"CorrRede":0.721000016,"TensRede":0.68900001,"ConsDiaPlaca":125.0856552,"ConsMesPlaca":125.0856552,"ConsDiaRede":121.5390244,"ConsMesRede":121.5390244,"Status":"REDE"}