{"CorrPlaca":5,"TensPlaca":25,"CorrRede":3.548000097,"TensRede":9.498999596,"ConsDiaPlaca":12897.61035,"ConsMesPlaca":12897.61035,"ConsDiaRede":552.7484741,"ConsMesRede":552.7484741,"Status":"REDE"}