{"CorrPlaca":0.085000001,"TensPlaca":6.732999802,"CorrRede":0.975000024,"TensRede":0.238000005,"ConsDiaPlaca":35.37767029,"ConsMesPlaca":35.37767029,"ConsDiaRede":11.37919331,"ConsMesRede":11.37919331,"Status":"REDE"}