{"CorrPlaca":3.5,"TensPlaca":18.13699913,"CorrRede":3.743999958,"TensRede":11.53800011,"ConsDiaPlaca":463.3961487,"ConsMesPlaca":463.3961487,"ConsDiaRede":187.6193542,"ConsMesRede":187.6193542,"Status":"REDE"}