{"CorrPlaca":0.312999994,"TensPlaca":18.13699913,"CorrRede":1.550999999,"TensRede":0.488000005,"ConsDiaPlaca":3664.364502,"ConsMesPlaca":3664.364502,"ConsDiaRede":1148.055908,"ConsMesRede":1148.055908,"Status":"REDE"}