{"CorrPlaca":0.907000005,"TensPlaca":18.05200005,"CorrRede":1.817999959,"TensRede":0.108999997,"ConsDiaPlaca":2903.353516,"ConsMesPlaca":2903.353516,"ConsDiaRede":1151.185303,"ConsMesRede":1151.185303,"Status":"REDE"}