{"CorrPlaca":5,"TensPlaca":0,"CorrRede":1.213999987,"TensRede":2.631000042,"ConsDiaPlaca":6734.087891,"ConsMesPlaca":6734.087891,"ConsDiaRede":519.9758911,"ConsMesRede":519.9758911,"Status":"REDE"}