{"Corrente":0.046,"Tensao":5.866000175,"Consumo":0.003398867,"Status":"REDE"}