{"CorrPlaca":0,"TensPlaca":6.574999809,"CorrRede":0.805000007,"TensRede":0.158000007,"ConsDiaPlaca":86.80936432,"ConsMesPlaca":86.80936432,"ConsDiaRede":41.51631546,"ConsMesRede":41.51631546,"Status":"REDE"}