{"Corrente":0,"Tensao":6.15899992,"Consumo":0.054755248,"Status":"REDE"}