{"CorrPlaca":0,"TensPlaca":6.538000107,"CorrRede":0.802999973,"TensRede":0.317000002,"ConsDiaPlaca":1.533571362,"ConsMesPlaca":1.533571362,"ConsDiaRede":7.76343441,"ConsMesRede":7.76343441,"Status":"REDE"}