{"CorrPlaca":0,"TensPlaca":18.1439991,"CorrRede":1.177999973,"TensRede":0,"ConsDiaPlaca":2480.997803,"ConsMesPlaca":2480.997803,"ConsDiaRede":986.5224609,"ConsMesRede":986.5224609,"Status":"REDE"}