{"CorrPlaca":0.697000027,"TensPlaca":0,"CorrRede":0.224999994,"TensRede":0.029999999,"ConsDiaPlaca":115.3445816,"ConsMesPlaca":115.3445816,"ConsDiaRede":99.63838196,"ConsMesRede":99.63838196,"Status":"REDE"}