{"Corrente":0.86500001,"Tensao":5.927000046,"Consumo":0.014855118,"Status":"PLACA"}