{"CorrPlaca":3.480999947,"TensPlaca":25,"CorrRede":0.79400003,"TensRede":0,"ConsDiaPlaca":29772.14063,"ConsMesPlaca":29772.14063,"ConsDiaRede":753.3363037,"ConsMesRede":753.3363037,"Status":"REDE"}