{"CorrPlaca":0,"TensPlaca":6.677999973,"CorrRede":0.781000018,"TensRede":0.273999989,"ConsDiaPlaca":1.533571362,"ConsMesPlaca":1.533571362,"ConsDiaRede":13.06226254,"ConsMesRede":13.06226254,"Status":"REDE"}