{"CorrPlaca":0.605000019,"TensPlaca":18.10099983,"CorrRede":1.659000039,"TensRede":0,"ConsDiaPlaca":1427.393799,"ConsMesPlaca":1427.393799,"ConsDiaRede":452.6239624,"ConsMesRede":452.6239624,"Status":"REDE"}