{"CorrPlaca":0,"TensPlaca":6.703000069,"CorrRede":0.824999988,"TensRede":0,"ConsDiaPlaca":1.533571362,"ConsMesPlaca":1.533571362,"ConsDiaRede":8.121044159,"ConsMesRede":8.121044159,"Status":"REDE"}