{"Corrente":0,"Tensao":0.939999998,"Consumo":8.655833881e-6,"Status":"REDE"}