{"CorrPlaca":5,"TensPlaca":25,"CorrRede":1.258000016,"TensRede":1.715000033,"ConsDiaPlaca":10069.41016,"ConsMesPlaca":10069.41016,"ConsDiaRede":291.182251,"ConsMesRede":291.182251,"Status":"REDE"}