{"CorrPlaca":5,"TensPlaca":25,"CorrRede":2.404000044,"TensRede":7.136000156,"ConsDiaPlaca":19236.01758,"ConsMesPlaca":19236.01758,"ConsDiaRede":733.067688,"ConsMesRede":733.067688,"Status":"REDE"}