{"corrente":0.507000029,"tensao":0.666000009,"consumo":0.06274274}