{"CorrPlaca":0,"TensPlaca":6.703000069,"CorrRede":0.833000004,"TensRede":0.188999996,"ConsDiaPlaca":85.11689758,"ConsMesPlaca":85.11689758,"ConsDiaRede":37.46446609,"ConsMesRede":37.46446609,"Status":"REDE"}