{"CorrPlaca":0.916000009,"TensPlaca":18.04000092,"CorrRede":1.824000001,"TensRede":0.041999999,"ConsDiaPlaca":2198.599854,"ConsMesPlaca":2198.599854,"ConsDiaRede":875.4896851,"ConsMesRede":875.4896851,"Status":"REDE"}