{"CorrPlaca":1.207999945,"TensPlaca":25,"CorrRede":3.065000057,"TensRede":1.019000053,"ConsDiaPlaca":318.349884,"ConsMesPlaca":318.349884,"ConsDiaRede":182.3198547,"ConsMesRede":182.3198547,"Status":"REDE"}