{"Corrente":0,"Tensao":6.903999805,"Consumo":0.005270754,"Status":"REDE"}