{"CorrPlaca":0,"TensPlaca":0.640999973,"CorrRede":0.416000009,"TensRede":0.145999998,"ConsDiaPlaca":0,"ConsMesPlaca":0,"ConsDiaRede":0.613688052,"ConsMesRede":0.613688052,"Status":"REDE"}