{"CorrPlaca":3.124000072,"TensPlaca":18.19199944,"CorrRede":3.592999935,"TensRede":9.279000282,"ConsDiaPlaca":1958.90332,"ConsMesPlaca":1958.90332,"ConsDiaRede":894.1947021,"ConsMesRede":894.1947021,"Status":"REDE"}