{"CorrPlaca":2.34100008,"TensPlaca":25,"CorrRede":3.730999947,"TensRede":3.118999958,"ConsDiaPlaca":915.1067505,"ConsMesPlaca":915.1067505,"ConsDiaRede":267.3607483,"ConsMesRede":267.3607483,"Status":"REDE"}