{"CorrPlaca":5,"TensPlaca":25,"CorrRede":0.936999977,"TensRede":1.465000033,"ConsDiaPlaca":14722.1582,"ConsMesPlaca":14722.1582,"ConsDiaRede":495.7207642,"ConsMesRede":495.7207642,"Status":"REDE"}