{"Corrente":14.99499989,"Tensao":23.02199936,"Consumo":1.197687745,"Status":"PLACA"}