{"CorrPlaca":5,"TensPlaca":2.026000023,"CorrRede":0.758000016,"TensRede":0.671000004,"ConsDiaPlaca":6821.258301,"ConsMesPlaca":6821.258301,"ConsDiaRede":525.3240967,"ConsMesRede":525.3240967,"Status":"REDE"}