{"CorrPlaca":0,"TensPlaca":6.738999844,"CorrRede":0.875999987,"TensRede":0.164000005,"ConsDiaPlaca":81.43986511,"ConsMesPlaca":81.43986511,"ConsDiaRede":31.98266029,"ConsMesRede":31.98266029,"Status":"REDE"}