{"CorrPlaca":0.026000001,"TensPlaca":6.732999802,"CorrRede":0.875999987,"TensRede":0.194999993,"ConsDiaPlaca":82.67682648,"ConsMesPlaca":82.67682648,"ConsDiaRede":33.18822098,"ConsMesRede":33.18822098,"Status":"REDE"}