{"CorrPlaca":2.85800004,"TensPlaca":18.09499931,"CorrRede":3.351999998,"TensRede":8.357000351,"ConsDiaPlaca":4449.535645,"ConsMesPlaca":4449.535645,"ConsDiaRede":1733.146362,"ConsMesRede":1733.146362,"Status":"REDE"}