{"CorrPlaca":5,"TensPlaca":3.118999958,"CorrRede":0.293000013,"TensRede":0,"ConsDiaPlaca":6729.595215,"ConsMesPlaca":6729.595215,"ConsDiaRede":512.7352295,"ConsMesRede":512.7352295,"Status":"REDE"}