{"CorrPlaca":0,"TensPlaca":6.671999931,"CorrRede":0.839999974,"TensRede":0.231000006,"ConsDiaPlaca":83.92759705,"ConsMesPlaca":83.92759705,"ConsDiaRede":35.21654892,"ConsMesRede":35.21654892,"Status":"REDE"}