{"CorrPlaca":5,"TensPlaca":25,"CorrRede":0.663999975,"TensRede":0.469999999,"ConsDiaPlaca":18784.63281,"ConsMesPlaca":18784.63281,"ConsDiaRede":703.7810669,"ConsMesRede":703.7810669,"Status":"REDE"}