{"Corrente":0,"Tensao":1.105000019,"Consumo":0.00001544,"Status":"REDE"}