{"corrente":0.123999998,"tensao":0,"consumo":0.270220995}