{"Corrente":176.0950012,"Tensao":19.31800079,"Consumo":25.44415665,"Status":"PLACA"}