{"CorrPlaca":0,"TensPlaca":25,"CorrRede":2.125,"TensRede":2.325999975,"ConsDiaPlaca":13586.93066,"ConsMesPlaca":13586.93066,"ConsDiaRede":589.62323,"ConsMesRede":589.62323,"Status":"REDE"}