{"CorrPlaca":5,"TensPlaca":25,"CorrRede":0.800000012,"TensRede":0,"ConsDiaPlaca":16388.81445,"ConsMesPlaca":16388.81445,"ConsDiaRede":574.5696411,"ConsMesRede":574.5696411,"Status":"REDE"}