{"CorrPlaca":3.634000063,"TensPlaca":25,"CorrRede":1.56099999,"TensRede":0,"ConsDiaPlaca":13188.09961,"ConsMesPlaca":13188.09961,"ConsDiaRede":568.3356934,"ConsMesRede":568.3356934,"Status":"REDE"}