{"CorrPlaca":0,"TensPlaca":0.634000003,"CorrRede":0.432000011,"TensRede":0.145999998,"ConsDiaPlaca":0,"ConsMesPlaca":0,"ConsDiaRede":0.246210009,"ConsMesRede":0.246210009,"Status":"REDE"}