{"CorrPlaca":1.873999953,"TensPlaca":18.06999969,"CorrRede":2.539999962,"TensRede":3.009000063,"ConsDiaPlaca":634.800354,"ConsMesPlaca":634.800354,"ConsDiaRede":259.0256958,"ConsMesRede":259.0256958,"Status":"REDE"}