{"CorrPlaca":2.765000105,"TensPlaca":18.1439991,"CorrRede":3.217000008,"TensRede":6.348999977,"ConsDiaPlaca":3298.954102,"ConsMesPlaca":3298.954102,"ConsDiaRede":1019.284851,"ConsMesRede":1019.284851,"Status":"REDE"}