{"Corrente":0.519999981,"Tensao":0,"Consumo":0.004195239,"Status":"REDE"}