{"CorrPlaca":1.523000002,"TensPlaca":7.581999779,"CorrRede":1.641000032,"TensRede":3.95600009,"ConsDiaPlaca":8.510231972,"ConsMesPlaca":8.510231972,"ConsDiaRede":4.885682583,"ConsMesRede":4.885682583,"Status":"REDE"}