{"CorrPlaca":2.285000086,"TensPlaca":18.06999969,"CorrRede":3.029000044,"TensRede":6.073999882,"ConsDiaPlaca":320.5542603,"ConsMesPlaca":320.5542603,"ConsDiaRede":98.68611908,"ConsMesRede":98.68611908,"Status":"REDE"}