{"Corrente":2.66899991,"Tensao":0,"Consumo":0.099550068,"Status":"REDE"}