{"CorrPlaca":0,"TensPlaca":3.198999882,"CorrRede":0.238000005,"TensRede":0,"ConsDiaPlaca":4882.104004,"ConsMesPlaca":4882.104004,"ConsDiaRede":428.9160767,"ConsMesRede":428.9160767,"Status":"REDE"}