{"Corrente":0.477999985,"Tensao":0.414999992,"Consumo":0.000284777,"Status":"REDE"}