{"CorrPlaca":0,"TensPlaca":6.738999844,"CorrRede":0.75999999,"TensRede":0.207000002,"ConsDiaPlaca":1.587435603,"ConsMesPlaca":1.587435603,"ConsDiaRede":19.92066383,"ConsMesRede":19.92066383,"Status":"REDE"}