{"CorrPlaca":0.050000001,"TensPlaca":18.1439991,"CorrRede":1.286000013,"TensRede":0.280000001,"ConsDiaPlaca":2424.360107,"ConsMesPlaca":2424.360107,"ConsDiaRede":961.4385986,"ConsMesRede":961.4385986,"Status":"REDE"}