{"Corrente":14.45300007,"Tensao":2.864000082,"Consumo":7.477691174,"Status":"REDE"}