{"CorrPlaca":2.303999901,"TensPlaca":18.10099983,"CorrRede":2.994999886,"TensRede":7.343999863,"ConsDiaPlaca":3090.186768,"ConsMesPlaca":3090.186768,"ConsDiaRede":1227.431763,"ConsMesRede":1227.431763,"Status":"REDE"}