{"CorrPlaca":5,"TensPlaca":25,"CorrRede":0.477999985,"TensRede":0,"ConsDiaPlaca":20972.11719,"ConsMesPlaca":20972.11719,"ConsDiaRede":802.1385498,"ConsMesRede":802.1385498,"Status":"REDE"}