{"CorrPlaca":2.150000095,"TensPlaca":18.09499931,"CorrRede":2.83100009,"TensRede":4.255000114,"ConsDiaPlaca":5416.288086,"ConsMesPlaca":5416.288086,"ConsDiaRede":1706.904175,"ConsMesRede":1706.904175,"Status":"REDE"}