{"CorrPlaca":0,"TensPlaca":3.210999966,"CorrRede":0.246000007,"TensRede":0,"ConsDiaPlaca":146.62323,"ConsMesPlaca":146.62323,"ConsDiaRede":140.278244,"ConsMesRede":140.278244,"Status":"REDE"}