{"CorrPlaca":5,"TensPlaca":25,"CorrRede":0.552999973,"TensRede":0.024,"ConsDiaPlaca":1979.167725,"ConsMesPlaca":1979.167725,"ConsDiaRede":104.0628052,"ConsMesRede":104.0628052,"Status":"REDE"}