{"Corrente":14.58899975,"Tensao":25.5189991,"Consumo":0.501082182,"Status":"PLACA"}