{"CorrPlaca":5,"TensPlaca":25,"CorrRede":2.084000111,"TensRede":6.903999805,"ConsDiaPlaca":21562.39258,"ConsMesPlaca":21562.39258,"ConsDiaRede":834.0042114,"ConsMesRede":834.0042114,"Status":"REDE"}