{"CorrPlaca":5,"TensPlaca":18.08300018,"CorrRede":2.648999929,"TensRede":0.757000029,"ConsDiaPlaca":3167.039795,"ConsMesPlaca":3167.039795,"ConsDiaRede":382.0011292,"ConsMesRede":382.0011292,"Status":"REDE"}