{"CorrPlaca":2.552999973,"TensPlaca":18.11300087,"CorrRede":3.230000019,"TensRede":8.246999741,"ConsDiaPlaca":1530.352051,"ConsMesPlaca":1530.352051,"ConsDiaRede":694.6077881,"ConsMesRede":694.6077881,"Status":"REDE"}