{"CorrPlaca":5,"TensPlaca":25,"CorrRede":0.467000008,"TensRede":0,"ConsDiaPlaca":12673.55957,"ConsMesPlaca":12673.55957,"ConsDiaRede":400.0112,"ConsMesRede":400.0112,"Status":"REDE"}