{"CorrPlaca":0.333000004,"TensPlaca":18.11300087,"CorrRede":1.468000054,"TensRede":0,"ConsDiaPlaca":2219.469971,"ConsMesPlaca":2219.469971,"ConsDiaRede":697.411438,"ConsMesRede":697.411438,"Status":"REDE"}