{"CorrPlaca":0.768999994,"TensPlaca":4.072000027,"CorrRede":0.980000019,"TensRede":2.721999884,"ConsDiaPlaca":5.302625179,"ConsMesPlaca":5.302625179,"ConsDiaRede":3.082406282,"ConsMesRede":3.082406282,"Status":"REDE"}