{"CorrPlaca":0,"TensPlaca":0,"CorrRede":0.65200001,"TensRede":6.745999813,"ConsDiaPlaca":1.587435603,"ConsMesPlaca":1.587435603,"ConsDiaRede":158.8020935,"ConsMesRede":158.8020935,"Status":"REDE"}