{"CorrPlaca":0.703999996,"TensPlaca":2.289000034,"CorrRede":0.699000001,"TensRede":1.873999953,"ConsDiaPlaca":48.9884491,"ConsMesPlaca":48.9884491,"ConsDiaRede":42.17668533,"ConsMesRede":42.17668533,"Status":"REDE"}