{"CorrPlaca":0.704999983,"TensPlaca":0,"CorrRede":0.035999998,"TensRede":0,"ConsDiaPlaca":72.6997757,"ConsMesPlaca":72.6997757,"ConsDiaRede":65.41631317,"ConsMesRede":65.41631317,"Status":"REDE"}