{"CorrPlaca":2.030999899,"TensPlaca":18.10700035,"CorrRede":2.815999985,"TensRede":6.06799984,"ConsDiaPlaca":5098.311035,"ConsMesPlaca":5098.311035,"ConsDiaRede":1591.422119,"ConsMesRede":1591.422119,"Status":"REDE"}