{"CorrPlaca":2.301000118,"TensPlaca":18.07600021,"CorrRede":2.950999975,"TensRede":4.755000114,"ConsDiaPlaca":635.9353027,"ConsMesPlaca":635.9353027,"ConsDiaRede":286.9967957,"ConsMesRede":286.9967957,"Status":"REDE"}