{"CorrPlaca":0,"TensPlaca":0,"CorrRede":0.649999976,"TensRede":6.671999931,"ConsDiaPlaca":1.587435603,"ConsMesPlaca":1.587435603,"ConsDiaRede":124.8523331,"ConsMesRede":124.8523331,"Status":"REDE"}