{"CorrPlaca":5,"TensPlaca":25,"CorrRede":0.809000015,"TensRede":0,"ConsDiaPlaca":11840.23242,"ConsMesPlaca":11840.23242,"ConsDiaRede":361.1767578,"ConsMesRede":361.1767578,"Status":"REDE"}