{"Corrente":0.474000007,"Tensao":5.975999832,"Consumo":0.00195684,"Status":"PLACA"}