{"CorrPlaca":0,"TensPlaca":0.621999979,"CorrRede":0.365999997,"TensRede":0.323000014,"ConsDiaPlaca":0.019817501,"ConsMesPlaca":0.019817501,"ConsDiaRede":1.043059826,"ConsMesRede":1.043059826,"Status":"REDE"}