{"CorrPlaca":0,"TensPlaca":0,"CorrRede":0.654999971,"TensRede":6.727000237,"ConsDiaPlaca":1.587435603,"ConsMesPlaca":1.587435603,"ConsDiaRede":68.24044037,"ConsMesRede":68.24044037,"Status":"REDE"}