{"CorrPlaca":5,"TensPlaca":25,"CorrRede":2.575000048,"TensRede":6.15899992,"ConsDiaPlaca":12812.44824,"ConsMesPlaca":12812.44824,"ConsDiaRede":414.5253296,"ConsMesRede":414.5253296,"Status":"REDE"}