{"CorrPlaca":0,"TensPlaca":6.630000114,"CorrRede":0.777999997,"TensRede":0.213,"ConsDiaPlaca":1.587435603,"ConsMesPlaca":1.587435603,"ConsDiaRede":20.14891815,"ConsMesRede":20.14891815,"Status":"REDE"}