{"CorrPlaca":0,"TensPlaca":6.513999939,"CorrRede":0.713,"TensRede":0.067000002,"ConsDiaPlaca":1.539162278,"ConsMesPlaca":1.539162278,"ConsDiaRede":16.4145565,"ConsMesRede":16.4145565,"Status":"REDE"}