{"CorrPlaca":5,"TensPlaca":25,"CorrRede":2.086999893,"TensRede":3.240999937,"ConsDiaPlaca":12326.33984,"ConsMesPlaca":12326.33984,"ConsDiaRede":388.345459,"ConsMesRede":388.345459,"Status":"REDE"}