{"Corrente":14.17399979,"Tensao":0,"Consumo":1.197687745,"Status":"REDE"}