{"CorrPlaca":0.100000001,"TensPlaca":6.690999985,"CorrRede":0.995999992,"TensRede":0.293000013,"ConsDiaPlaca":36.71401596,"ConsMesPlaca":36.71401596,"ConsDiaRede":11.78424644,"ConsMesRede":11.78424644,"Status":"REDE"}