{"CorrPlaca":0,"TensPlaca":0,"CorrRede":0.605000019,"TensRede":0.012,"ConsDiaPlaca":1.587435603,"ConsMesPlaca":1.587435603,"ConsDiaRede":21.46561432,"ConsMesRede":21.46561432,"Status":"REDE"}