{"CorrPlaca":0.312000006,"TensPlaca":18.10099983,"CorrRede":1.559000015,"TensRede":0.578999996,"ConsDiaPlaca":315.3348389,"ConsMesPlaca":315.3348389,"ConsDiaRede":142.857605,"ConsMesRede":142.857605,"Status":"REDE"}