{"CorrPlaca":5,"TensPlaca":25,"CorrRede":1.116999984,"TensRede":2.270999908,"ConsDiaPlaca":31597.05078,"ConsMesPlaca":31597.05078,"ConsDiaRede":1308.898315,"ConsMesRede":1308.898315,"Status":"REDE"}