{"CorrPlaca":5,"TensPlaca":25,"CorrRede":1.730999947,"TensRede":2.404999971,"ConsDiaPlaca":12361.06152,"ConsMesPlaca":12361.06152,"ConsDiaRede":389.5018616,"ConsMesRede":389.5018616,"Status":"REDE"}