{"CorrPlaca":0.472000003,"TensPlaca":18.05200005,"CorrRede":1.735999942,"TensRede":1.404000044,"ConsDiaPlaca":670.2770386,"ConsMesPlaca":670.2770386,"ConsDiaRede":299.0457153,"ConsMesRede":299.0457153,"Status":"REDE"}