{"CorrPlaca":0.018999999,"TensPlaca":6.440000057,"CorrRede":0.819999993,"TensRede":0.085000001,"ConsDiaPlaca":86.24983215,"ConsMesPlaca":86.24983215,"ConsDiaRede":39.85282516,"ConsMesRede":39.85282516,"Status":"REDE"}