{"Corrente":14.19400024,"Tensao":1.024999976,"Consumo":3.662788391,"Status":"REDE"}