{"CorrPlaca":0.050999999,"TensPlaca":6.642000198,"CorrRede":0.939999998,"TensRede":0.128000006,"ConsDiaPlaca":60.67427063,"ConsMesPlaca":60.67427063,"ConsDiaRede":22.47467995,"ConsMesRede":22.47467995,"Status":"REDE"}