{"CorrPlaca":1.228999972,"TensPlaca":18.16799927,"CorrRede":2.285000086,"TensRede":3.809000015,"ConsDiaPlaca":4627.315918,"ConsMesPlaca":4627.315918,"ConsDiaRede":1443.864136,"ConsMesRede":1443.864136,"Status":"REDE"}