{"CorrPlaca":5,"TensPlaca":25,"CorrRede":0.463,"TensRede":0,"ConsDiaPlaca":12395.78418,"ConsMesPlaca":12395.78418,"ConsDiaRede":389.5018616,"ConsMesRede":389.5018616,"Status":"REDE"}