{"CorrPlaca":0,"TensPlaca":6.586999893,"CorrRede":0.81099999,"TensRede":0.108999997,"ConsDiaPlaca":86.64099121,"ConsMesPlaca":86.64099121,"ConsDiaRede":41.1049614,"ConsMesRede":41.1049614,"Status":"REDE"}