{"CorrPlaca":2.157000065,"TensPlaca":18.11300087,"CorrRede":2.815000057,"TensRede":4.541999817,"ConsDiaPlaca":5044.129395,"ConsMesPlaca":5044.129395,"ConsDiaRede":1983.559448,"ConsMesRede":1983.559448,"Status":"REDE"}