{"CorrPlaca":0.214000002,"TensPlaca":18.13100052,"CorrRede":1.43900001,"TensRede":0,"ConsDiaPlaca":3328.924805,"ConsMesPlaca":3328.924805,"ConsDiaRede":1030.318359,"ConsMesRede":1030.318359,"Status":"REDE"}