{"CorrPlaca":0.691999972,"TensPlaca":18.10700035,"CorrRede":1.873999953,"TensRede":0.88499999,"ConsDiaPlaca":870.9473267,"ConsMesPlaca":870.9473267,"ConsDiaRede":272.4663391,"ConsMesRede":272.4663391,"Status":"REDE"}