{"CorrPlaca":1.853999972,"TensPlaca":18.10700035,"CorrRede":2.548000097,"TensRede":2.246000051,"ConsDiaPlaca":2261.458984,"ConsMesPlaca":2261.458984,"ConsDiaRede":706.6740112,"ConsMesRede":706.6740112,"Status":"REDE"}