{"CorrPlaca":0,"TensPlaca":3.210999966,"CorrRede":0.333000004,"TensRede":0,"ConsDiaPlaca":171.4649506,"ConsMesPlaca":171.4649506,"ConsDiaRede":158.84935,"ConsMesRede":158.84935,"Status":"REDE"}