{"CorrPlaca":1.743999958,"TensPlaca":18.04000092,"CorrRede":2.451999903,"TensRede":1.616999984,"ConsDiaPlaca":1643.487549,"ConsMesPlaca":1643.487549,"ConsDiaRede":507.2340088,"ConsMesRede":507.2340088,"Status":"REDE"}