{"Corrente":2.056999922,"Tensao":17.41399956,"Consumo":0.081170537,"Status":"PLACA"}