{"CorrPlaca":0.039000001,"TensPlaca":6.738999844,"CorrRede":0.856999993,"TensRede":0.108999997,"ConsDiaPlaca":83.82564545,"ConsMesPlaca":83.82564545,"ConsDiaRede":34.83931732,"ConsMesRede":34.83931732,"Status":"REDE"}