{"CorrPlaca":0.048,"TensPlaca":6.532000065,"CorrRede":0.959999979,"TensRede":0.268000007,"ConsDiaPlaca":58.81664658,"ConsMesPlaca":58.81664658,"ConsDiaRede":21.59818268,"ConsMesRede":21.59818268,"Status":"REDE"}