{"CorrPlaca":0.714999974,"TensPlaca":0.054000001,"CorrRede":0.234999999,"TensRede":0.182999998,"ConsDiaPlaca":75.58492279,"ConsMesPlaca":75.58492279,"ConsDiaRede":68.08460236,"ConsMesRede":68.08460236,"Status":"REDE"}