{"CorrPlaca":0.44600001,"TensPlaca":18.10099983,"CorrRede":1.491999984,"TensRede":0,"ConsDiaPlaca":4247.209961,"ConsMesPlaca":4247.209961,"ConsDiaRede":1658.061646,"ConsMesRede":1658.061646,"Status":"REDE"}