{"CorrPlaca":0,"TensPlaca":0,"CorrRede":0.602999985,"TensRede":0.115000002,"ConsDiaPlaca":1.587435603,"ConsMesPlaca":1.587435603,"ConsDiaRede":22.15961838,"ConsMesRede":22.15961838,"Status":"REDE"}