{"CorrPlaca":0.860000014,"TensPlaca":18.11300087,"CorrRede":1.807999969,"TensRede":0,"ConsDiaPlaca":2429.605713,"ConsMesPlaca":2429.605713,"ConsDiaRede":760.3544312,"ConsMesRede":760.3544312,"Status":"REDE"}