{"CorrPlaca":0,"TensPlaca":6.684000015,"CorrRede":0.744000018,"TensRede":0.097000003,"ConsDiaPlaca":1.587435603,"ConsMesPlaca":1.587435603,"ConsDiaRede":19.45842743,"ConsMesRede":19.45842743,"Status":"REDE"}