{"CorrPlaca":1.978999972,"TensPlaca":18.13100052,"CorrRede":2.796000004,"TensRede":6.550000191,"ConsDiaPlaca":972.180603,"ConsMesPlaca":972.180603,"ConsDiaRede":398.5267334,"ConsMesRede":398.5267334,"Status":"REDE"}