{"CorrPlaca":5,"TensPlaca":25,"CorrRede":1.014000058,"TensRede":0,"ConsDiaPlaca":1006.944824,"ConsMesPlaca":1006.944824,"ConsDiaRede":55.09449768,"ConsMesRede":55.09449768,"Status":"REDE"}