{"CorrPlaca":0.902999997,"TensPlaca":3.118999958,"CorrRede":1.148000002,"TensRede":2.344000101,"ConsDiaPlaca":132.6382904,"ConsMesPlaca":132.6382904,"ConsDiaRede":128.5455475,"ConsMesRede":128.5455475,"Status":"REDE"}