{"CorrPlaca":2.630000114,"TensPlaca":18.06399918,"CorrRede":3.167000055,"TensRede":5.902999878,"ConsDiaPlaca":3077.643311,"ConsMesPlaca":3077.643311,"ConsDiaRede":948.1856079,"ConsMesRede":948.1856079,"Status":"REDE"}