{"CorrPlaca":0.123999998,"TensPlaca":6.665999889,"CorrRede":0.995999992,"TensRede":0.354000002,"ConsDiaPlaca":5.590332985,"ConsMesPlaca":5.590332985,"ConsDiaRede":2.139881849,"ConsMesRede":2.139881849,"Status":"REDE"}