{"CorrPlaca":0.462000012,"TensPlaca":18.10700035,"CorrRede":1.555999994,"TensRede":0.879000008,"ConsDiaPlaca":116.2507401,"ConsMesPlaca":116.2507401,"ConsDiaRede":55.59490585,"ConsMesRede":55.59490585,"Status":"REDE"}