{"CorrPlaca":0.018999999,"TensPlaca":6.684000015,"CorrRede":0.839999974,"TensRede":0.244000003,"ConsDiaPlaca":86.02345276,"ConsMesPlaca":86.02345276,"ConsDiaRede":39.47403336,"ConsMesRede":39.47403336,"Status":"REDE"}