{"CorrPlaca":0.720000029,"TensPlaca":3.167999983,"CorrRede":1.031999946,"TensRede":1.575000048,"ConsDiaPlaca":182.0374146,"ConsMesPlaca":182.0374146,"ConsDiaRede":167.4802704,"ConsMesRede":167.4802704,"Status":"REDE"}