{"CorrPlaca":0.046999998,"TensPlaca":6.544000149,"CorrRede":0.957000017,"TensRede":0.231000006,"ConsDiaPlaca":55.81682587,"ConsMesPlaca":55.81682587,"ConsDiaRede":19.95161438,"ConsMesRede":19.95161438,"Status":"REDE"}