{"CorrPlaca":0,"TensPlaca":0,"CorrRede":0.432000011,"TensRede":0.140000001,"ConsDiaPlaca":168.0245667,"ConsMesPlaca":168.0245667,"ConsDiaRede":10.72395325,"ConsMesRede":10.72395325,"Status":"REDE"}