{"CorrPlaca":0,"TensPlaca":3.204999924,"CorrRede":0.367000014,"TensRede":0,"ConsDiaPlaca":118.9064865,"ConsMesPlaca":118.9064865,"ConsDiaRede":115.3450089,"ConsMesRede":115.3450089,"Status":"REDE"}