{"Corrente":14.51099968,"Tensao":1.855000019,"Consumo":3.670265675,"Status":"REDE"}