{"CorrPlaca":0,"TensPlaca":0.829999983,"CorrRede":0.389999986,"TensRede":0.115000002,"ConsDiaPlaca":0,"ConsMesPlaca":0,"ConsDiaRede":0.218873322,"ConsMesRede":0.218873322,"Status":"REDE"}