{"CorrPlaca":5,"TensPlaca":25,"CorrRede":1.921000004,"TensRede":5.902999878,"ConsDiaPlaca":19305.46289,"ConsMesPlaca":19305.46289,"ConsDiaRede":737.0962524,"ConsMesRede":737.0962524,"Status":"REDE"}