{"CorrPlaca":1.5,"TensPlaca":18.11300087,"CorrRede":2.21600008,"TensRede":1.636000037,"ConsDiaPlaca":1956.984131,"ConsMesPlaca":1956.984131,"ConsDiaRede":781.4627686,"ConsMesRede":781.4627686,"Status":"REDE"}