{"CorrPlaca":0.174999997,"TensPlaca":18.1439991,"CorrRede":1.371000051,"TensRede":0,"ConsDiaPlaca":4965.777832,"ConsMesPlaca":4965.777832,"ConsDiaRede":1542.672852,"ConsMesRede":1542.672852,"Status":"REDE"}