{"CorrPlaca":0.083999999,"TensPlaca":18.125,"CorrRede":1.363000035,"TensRede":0.298999995,"ConsDiaPlaca":505.1369629,"ConsMesPlaca":505.1369629,"ConsDiaRede":210.3313141,"ConsMesRede":210.3313141,"Status":"REDE"}