{"CorrPlaca":0,"TensPlaca":0,"CorrRede":0.52700001,"TensRede":0.035999998,"ConsDiaPlaca":1.587435603,"ConsMesPlaca":1.587435603,"ConsDiaRede":17.23777199,"ConsMesRede":17.23777199,"Status":"REDE"}