{"Corrente":14.73600006,"Tensao":26.47999954,"Consumo":5.919912815,"Status":"PLACA"}