{"Corrente":2.296000004,"Tensao":0,"Consumo":0.070479967,"Status":"REDE"}