{"CorrPlaca":0,"TensPlaca":0.647000015,"CorrRede":0.409999996,"TensRede":0,"ConsDiaPlaca":0.009997778,"ConsMesPlaca":0.009997778,"ConsDiaRede":0.959566355,"ConsMesRede":0.959566355,"Status":"REDE"}