{"CorrPlaca":2.989000082,"TensPlaca":18.05800056,"CorrRede":3.440000057,"TensRede":8.61400032,"ConsDiaPlaca":1794.428955,"ConsMesPlaca":1794.428955,"ConsDiaRede":718.6168823,"ConsMesRede":718.6168823,"Status":"REDE"}