{"CorrPlaca":5,"TensPlaca":25,"CorrRede":1.605000019,"TensRede":0.671000004,"ConsDiaPlaca":13020.78027,"ConsMesPlaca":13020.78027,"ConsDiaRede":426.5319214,"ConsMesRede":426.5319214,"Status":"REDE"}