{"CorrPlaca":0,"TensPlaca":6.732999802,"CorrRede":0.799000025,"TensRede":0.293000013,"ConsDiaPlaca":1.533571362,"ConsMesPlaca":1.533571362,"ConsDiaRede":16.14068604,"ConsMesRede":16.14068604,"Status":"REDE"}