{"CorrPlaca":5,"TensPlaca":18.09499931,"CorrRede":1.503999949,"TensRede":0,"ConsDiaPlaca":8618.796875,"ConsMesPlaca":8618.796875,"ConsDiaRede":529.864502,"ConsMesRede":529.864502,"Status":"REDE"}