{"CorrPlaca":1.664000034,"TensPlaca":18.125,"CorrRede":2.548000097,"TensRede":5.664999962,"ConsDiaPlaca":4564.436035,"ConsMesPlaca":4564.436035,"ConsDiaRede":1778.106445,"ConsMesRede":1778.106445,"Status":"REDE"}