{"CorrPlaca":0,"TensPlaca":6.727000237,"CorrRede":0.800000012,"TensRede":0.293000013,"ConsDiaPlaca":1.533571362,"ConsMesPlaca":1.533571362,"ConsDiaRede":8.900349617,"ConsMesRede":8.900349617,"Status":"REDE"}