{"CorrPlaca":3.813999891,"TensPlaca":25,"CorrRede":1.519999981,"TensRede":0,"ConsDiaPlaca":15776.01953,"ConsMesPlaca":15776.01953,"ConsDiaRede":598.9838257,"ConsMesRede":598.9838257,"Status":"REDE"}