{"CorrPlaca":0,"TensPlaca":6.561999798,"CorrRede":0.800000012,"TensRede":0.177000001,"ConsDiaPlaca":86.83493805,"ConsMesPlaca":86.83493805,"ConsDiaRede":41.66164398,"ConsMesRede":41.66164398,"Status":"REDE"}