{"Corrente":176.5390015,"Tensao":17.4470005,"Consumo":9.664384842,"Status":"PLACA"}