{"CorrPlaca":0.377000004,"TensPlaca":3.191999912,"CorrRede":0.809000015,"TensRede":0.469999999,"ConsDiaPlaca":4907.225586,"ConsMesPlaca":4907.225586,"ConsDiaRede":471.2583923,"ConsMesRede":471.2583923,"Status":"REDE"}