{"CorrPlaca":2.851999998,"TensPlaca":18.10700035,"CorrRede":3.35800004,"TensRede":8.467000008,"ConsDiaPlaca":4207.945313,"ConsMesPlaca":4207.945313,"ConsDiaRede":1643.859131,"ConsMesRede":1643.859131,"Status":"REDE"}