{"CorrPlaca":0.052999999,"TensPlaca":18.17399979,"CorrRede":1.389000058,"TensRede":0.377999991,"ConsDiaPlaca":1045.36853,"ConsMesPlaca":1045.36853,"ConsDiaRede":459.8208008,"ConsMesRede":459.8208008,"Status":"REDE"}