{"CorrPlaca":0.02,"TensPlaca":18.0340004,"CorrRede":1.167999983,"TensRede":0,"ConsDiaPlaca":3431.827393,"ConsMesPlaca":3431.827393,"ConsDiaRede":1345.269287,"ConsMesRede":1345.269287,"Status":"REDE"}