{"CorrPlaca":2.394999981,"TensPlaca":18.05800056,"CorrRede":3.118000031,"TensRede":8.027999878,"ConsDiaPlaca":1799.925171,"ConsMesPlaca":1799.925171,"ConsDiaRede":812.9769287,"ConsMesRede":812.9769287,"Status":"REDE"}