{"CorrPlaca":0,"TensPlaca":0,"CorrRede":0.414999992,"TensRede":0.115000002,"ConsDiaPlaca":168.0245667,"ConsMesPlaca":168.0245667,"ConsDiaRede":10.76159286,"ConsMesRede":10.76159286,"Status":"REDE"}