{"CorrPlaca":0,"TensPlaca":6.709000111,"CorrRede":0.757000029,"TensRede":0,"ConsDiaPlaca":1.587435603,"ConsMesPlaca":1.587435603,"ConsDiaRede":22.25712585,"ConsMesRede":22.25712585,"Status":"REDE"}