{"CorrPlaca":0,"TensPlaca":0.787,"CorrRede":0.474000007,"TensRede":0.041999999,"ConsDiaPlaca":0.004695833,"ConsMesPlaca":0.004695833,"ConsDiaRede":0.520525634,"ConsMesRede":0.520525634,"Status":"REDE"}