{"CorrPlaca":0.035999998,"TensPlaca":6.727000237,"CorrRede":0.860000014,"TensRede":0.256000012,"ConsDiaPlaca":84.77375793,"ConsMesPlaca":84.77375793,"ConsDiaRede":36.75520325,"ConsMesRede":36.75520325,"Status":"REDE"}