{"CorrPlaca":1.36500001,"TensPlaca":18.14999962,"CorrRede":2.362999916,"TensRede":4.473999977,"ConsDiaPlaca":5290.503418,"ConsMesPlaca":5290.503418,"ConsDiaRede":1667.979736,"ConsMesRede":1667.979736,"Status":"REDE"}