{"corrente":0.513999999,"tensao":3.174000025,"consumo":1.311558366}