{"CorrPlaca":5,"TensPlaca":3.210999966,"CorrRede":0.759000003,"TensRede":1.281999946,"ConsDiaPlaca":6624.04541,"ConsMesPlaca":6624.04541,"ConsDiaRede":504.2592773,"ConsMesRede":504.2592773,"Status":"REDE"}