{"CorrPlaca":0.703999996,"TensPlaca":3.948999882,"CorrRede":1.039000034,"TensRede":2.996999979,"ConsDiaPlaca":30.22988701,"ConsMesPlaca":30.22988701,"ConsDiaRede":24.67646027,"ConsMesRede":24.67646027,"Status":"REDE"}