{"CorrPlaca":3.01699996,"TensPlaca":18.07600021,"CorrRede":3.605000019,"TensRede":9.07199955,"ConsDiaPlaca":422.6997986,"ConsMesPlaca":422.6997986,"ConsDiaRede":199.7770691,"ConsMesRede":199.7770691,"Status":"REDE"}