{"Corrente":0,"Tensao":0.512000024,"Consumo":8.655833881e-6,"Status":"REDE"}