{"CorrPlaca":1.161999941,"TensPlaca":18.06999969,"CorrRede":2.164000034,"TensRede":4.107999802,"ConsDiaPlaca":3798.040283,"ConsMesPlaca":3798.040283,"ConsDiaRede":1482.801758,"ConsMesRede":1482.801758,"Status":"REDE"}