{"CorrPlaca":1.927000046,"TensPlaca":18.13699913,"CorrRede":2.576999903,"TensRede":3.411999941,"ConsDiaPlaca":3674.026367,"ConsMesPlaca":3674.026367,"ConsDiaRede":1433.591797,"ConsMesRede":1433.591797,"Status":"REDE"}