{"CorrPlaca":0,"TensPlaca":0,"CorrRede":0.577000022,"TensRede":0.029999999,"ConsDiaPlaca":1.587435603,"ConsMesPlaca":1.587435603,"ConsDiaRede":21.17490387,"ConsMesRede":21.17490387,"Status":"REDE"}