{"Corrente":0,"Tensao":5.671000004,"Consumo":0.055576172,"Status":"REDE"}