{"Corrente":2.171000004,"Tensao":0,"Consumo":0.070479967,"Status":"REDE"}