{"CorrPlaca":0.663999975,"TensPlaca":18.0890007,"CorrRede":1.809999943,"TensRede":2.447999954,"ConsDiaPlaca":3372.433105,"ConsMesPlaca":3372.433105,"ConsDiaRede":1319.800781,"ConsMesRede":1319.800781,"Status":"REDE"}