{"CorrPlaca":0,"TensPlaca":0,"CorrRede":0.648000002,"TensRede":6.703000069,"ConsDiaPlaca":1.587435603,"ConsMesPlaca":1.587435603,"ConsDiaRede":63.36730194,"ConsMesRede":63.36730194,"Status":"REDE"}