{"Corrente":15.09500027,"Tensao":0,"Consumo":0.146355033,"Status":"REDE"}