{"CorrPlaca":0,"TensPlaca":6.776000023,"CorrRede":0.847000003,"TensRede":0.244000003,"ConsDiaPlaca":84.19606018,"ConsMesPlaca":84.19606018,"ConsDiaRede":35.91492462,"ConsMesRede":35.91492462,"Status":"REDE"}