{"CorrPlaca":0.086999997,"TensPlaca":6.703000069,"CorrRede":0.992999971,"TensRede":0.328999996,"ConsDiaPlaca":47.4551506,"ConsMesPlaca":47.4551506,"ConsDiaRede":16.02729988,"ConsMesRede":16.02729988,"Status":"REDE"}