{"corrente":0.722000003,"tensao":0.671000004,"consumo":0.001345728}