{"CorrPlaca":0.007,"TensPlaca":0.781000018,"CorrRede":0.561999977,"TensRede":0.676999986,"ConsDiaPlaca":0.007955277,"ConsMesPlaca":0.007955277,"ConsDiaRede":0.599247217,"ConsMesRede":0.599247217,"Status":"REDE"}