{"corrente":0.61500001,"tensao":0.666000009,"consumo":0.0134902}