{"CorrPlaca":1.210999966,"TensPlaca":18.05200005,"CorrRede":2.101999998,"TensRede":0.194999993,"ConsDiaPlaca":1022.939819,"ConsMesPlaca":1022.939819,"ConsDiaRede":316.1463013,"ConsMesRede":316.1463013,"Status":"REDE"}