{"CorrPlaca":0.917999983,"TensPlaca":3.22300005,"CorrRede":1.152999997,"TensRede":2.374000072,"ConsDiaPlaca":153.5398712,"ConsMesPlaca":153.5398712,"ConsDiaRede":144.8169556,"ConsMesRede":144.8169556,"Status":"REDE"}