{"CorrPlaca":1.432999969,"TensPlaca":18.13100052,"CorrRede":2.207999945,"TensRede":1.220999956,"ConsDiaPlaca":4689.849121,"ConsMesPlaca":4689.849121,"ConsDiaRede":1458.990479,"ConsMesRede":1458.990479,"Status":"REDE"}