{"CorrPlaca":0,"TensPlaca":25,"CorrRede":1.679999948,"TensRede":0.323000014,"ConsDiaPlaca":13447.36328,"ConsMesPlaca":13447.36328,"ConsDiaRede":573.5223999,"ConsMesRede":573.5223999,"Status":"REDE"}