{"CorrPlaca":0,"TensPlaca":0.75,"CorrRede":0.470999986,"TensRede":0.182999998,"ConsDiaPlaca":0,"ConsMesPlaca":0,"ConsDiaRede":0.788545251,"ConsMesRede":0.788545251,"Status":"REDE"}