{"CorrPlaca":0.155000001,"TensPlaca":18.10700035,"CorrRede":1.297000051,"TensRede":0,"ConsDiaPlaca":117.0303497,"ConsMesPlaca":117.0303497,"ConsDiaRede":55.59490585,"ConsMesRede":55.59490585,"Status":"REDE"}