{"Corrente":14.49699974,"Tensao":0,"Consumo":1.197687745,"Status":"REDE"}