{"CorrPlaca":0.418000013,"TensPlaca":18.06999969,"CorrRede":1.625,"TensRede":0.592000008,"ConsDiaPlaca":2597.718262,"ConsMesPlaca":2597.718262,"ConsDiaRede":801.2252197,"ConsMesRede":801.2252197,"Status":"REDE"}