{"CorrPlaca":0.652999997,"TensPlaca":3.809000015,"CorrRede":0.967999995,"TensRede":1.970999956,"ConsDiaPlaca":1.884009719,"ConsMesPlaca":1.884009719,"ConsDiaRede":0.923534989,"ConsMesRede":0.923534989,"Status":"REDE"}