{"CorrPlaca":0,"TensPlaca":6.598999977,"CorrRede":0.768999994,"TensRede":0.097000003,"ConsDiaPlaca":87.96134949,"ConsMesPlaca":87.96134949,"ConsDiaRede":44.66082764,"ConsMesRede":44.66082764,"Status":"REDE"}