{"Corrente":2.811000109,"Tensao":0,"Consumo":0.099550068,"Status":"REDE"}