{"CorrPlaca":5,"TensPlaca":1.781999946,"CorrRede":0.708000004,"TensRede":0.360000014,"ConsDiaPlaca":6837.821777,"ConsMesPlaca":6837.821777,"ConsDiaRede":525.7354126,"ConsMesRede":525.7354126,"Status":"REDE"}