{"CorrPlaca":0,"TensPlaca":6.574999809,"CorrRede":0.808000028,"TensRede":0.164000005,"ConsDiaPlaca":86.64099121,"ConsMesPlaca":86.64099121,"ConsDiaRede":41.05200577,"ConsMesRede":41.05200577,"Status":"REDE"}