{"CorrPlaca":5,"TensPlaca":25,"CorrRede":1.425999999,"TensRede":0,"ConsDiaPlaca":18680.4668,"ConsMesPlaca":18680.4668,"ConsDiaRede":703.4515381,"ConsMesRede":703.4515381,"Status":"REDE"}