{"Corrente":-3.332999945,"Tensao":0.878000021,"Consumo":0.080357656,"Status":"REDE"}