{"CorrPlaca":0.384000003,"TensPlaca":18.13100052,"CorrRede":1.610000014,"TensRede":0.531000018,"ConsDiaPlaca":2798.926025,"ConsMesPlaca":2798.926025,"ConsDiaRede":868.8172607,"ConsMesRede":868.8172607,"Status":"REDE"}