{"CorrPlaca":0.381999999,"TensPlaca":18.06399918,"CorrRede":1.585999966,"TensRede":1.48300004,"ConsDiaPlaca":1961.464966,"ConsMesPlaca":1961.464966,"ConsDiaRede":783.020874,"ConsMesRede":783.020874,"Status":"REDE"}