{"CorrPlaca":5,"TensPlaca":25,"CorrRede":0.569999993,"TensRede":0,"ConsDiaPlaca":2569.446045,"ConsMesPlaca":2569.446045,"ConsDiaRede":122.7628479,"ConsMesRede":122.7628479,"Status":"REDE"}