{"CorrPlaca":0,"TensPlaca":6.738999844,"CorrRede":0.781000018,"TensRede":0.293000013,"ConsDiaPlaca":1.587435603,"ConsMesPlaca":1.587435603,"ConsDiaRede":20.71137238,"ConsMesRede":20.71137238,"Status":"REDE"}