{"CorrPlaca":5,"TensPlaca":3.118999958,"CorrRede":0.991999984,"TensRede":0.787,"ConsDiaPlaca":6275.841797,"ConsMesPlaca":6275.841797,"ConsDiaRede":496.0242615,"ConsMesRede":496.0242615,"Status":"REDE"}