{"Corrente":3.697000027,"Tensao":5.554999828,"Consumo":0.047711726,"Status":"PLACA"}