{"CorrPlaca":0.057999998,"TensPlaca":6.697000027,"CorrRede":0.943000019,"TensRede":0.298999995,"ConsDiaPlaca":66.31319427,"ConsMesPlaca":66.31319427,"ConsDiaRede":25.34307671,"ConsMesRede":25.34307671,"Status":"REDE"}