{"CorrPlaca":0.122000001,"TensPlaca":6.659999847,"CorrRede":0.995999992,"TensRede":0.31099999,"ConsDiaPlaca":9.860244751,"ConsMesPlaca":9.860244751,"ConsDiaRede":3.611493587,"ConsMesRede":3.611493587,"Status":"REDE"}