{"CorrPlaca":5,"TensPlaca":25,"CorrRede":1.179999948,"TensRede":1.672000051,"ConsDiaPlaca":34722.09766,"ConsMesPlaca":34722.09766,"ConsDiaRede":1404.820679,"ConsMesRede":1404.820679,"Status":"REDE"}