{"CorrPlaca":0.395999998,"TensPlaca":18.10700035,"CorrRede":1.633999944,"TensRede":1.355000019,"ConsDiaPlaca":710.3488159,"ConsMesPlaca":710.3488159,"ConsDiaRede":282.2337036,"ConsMesRede":282.2337036,"Status":"REDE"}