{"CorrPlaca":0.017999999,"TensPlaca":6.715000153,"CorrRede":0.815999985,"TensRede":0.134000003,"ConsDiaPlaca":87.17843628,"ConsMesPlaca":87.17843628,"ConsDiaRede":42.51099777,"ConsMesRede":42.51099777,"Status":"REDE"}