{"CorrPlaca":2.644000053,"TensPlaca":18.13699913,"CorrRede":3.279999971,"TensRede":8.295999527,"ConsDiaPlaca":1109.989868,"ConsMesPlaca":1109.989868,"ConsDiaRede":461.5202026,"ConsMesRede":461.5202026,"Status":"REDE"}