{"Corrente":15.37100029,"Tensao":4.090000153,"Consumo":0.303248525,"Status":"REDE"}