{"CorrPlaca":0,"TensPlaca":18.08300018,"CorrRede":1.284999967,"TensRede":0,"ConsDiaPlaca":1328.682739,"ConsMesPlaca":1328.682739,"ConsDiaRede":598.1864624,"ConsMesRede":598.1864624,"Status":"REDE"}