{"CorrPlaca":0.041000001,"TensPlaca":18.06399918,"CorrRede":1.238000035,"TensRede":0,"ConsDiaPlaca":4804.053711,"ConsMesPlaca":4804.053711,"ConsDiaRede":1879.852417,"ConsMesRede":1879.852417,"Status":"REDE"}