{"Corrente":14.11600018,"Tensao":13.88199997,"Consumo":0.838798642,"Status":"PLACA"}