{"CorrPlaca":0,"TensPlaca":6.630000114,"CorrRede":0.754000008,"TensRede":0,"ConsDiaPlaca":1.587435603,"ConsMesPlaca":1.587435603,"ConsDiaRede":22.42467117,"ConsMesRede":22.42467117,"Status":"REDE"}