{"CorrPlaca":5,"TensPlaca":15.62199974,"CorrRede":2.165999889,"TensRede":1.335999966,"ConsDiaPlaca":5624.970703,"ConsMesPlaca":5624.970703,"ConsDiaRede":479.7016907,"ConsMesRede":479.7016907,"Status":"REDE"}