{"Corrente":2.77699995,"Tensao":0,"Consumo":0.099550068,"Status":"REDE"}