{"CorrPlaca":0.135000005,"TensPlaca":6.727000237,"CorrRede":0.907000005,"TensRede":0.177000001,"ConsDiaPlaca":76.30787659,"ConsMesPlaca":76.30787659,"ConsDiaRede":28.90346527,"ConsMesRede":28.90346527,"Status":"REDE"}