{"CorrPlaca":0.305000007,"TensPlaca":18.06999969,"CorrRede":1.503999949,"TensRede":0,"ConsDiaPlaca":2277.153809,"ConsMesPlaca":2277.153809,"ConsDiaRede":711.3457642,"ConsMesRede":711.3457642,"Status":"REDE"}