{"CorrPlaca":0,"TensPlaca":0.621999979,"CorrRede":0.426999986,"TensRede":0.488000005,"ConsDiaPlaca":0.027280556,"ConsMesPlaca":0.027280556,"ConsDiaRede":0.528879702,"ConsMesRede":0.528879702,"Status":"REDE"}