{"CorrPlaca":0.173999995,"TensPlaca":18.15600014,"CorrRede":1.307000041,"TensRede":0,"ConsDiaPlaca":3806.936035,"ConsMesPlaca":3806.936035,"ConsDiaRede":1484.024536,"ConsMesRede":1484.024536,"Status":"REDE"}