{"CorrPlaca":2.272000074,"TensPlaca":18.11300087,"CorrRede":2.947000027,"TensRede":4.632999897,"ConsDiaPlaca":4682.631836,"ConsMesPlaca":4682.631836,"ConsDiaRede":1458.241577,"ConsMesRede":1458.241577,"Status":"REDE"}