{"CorrPlaca":5,"TensPlaca":25,"CorrRede":2.381999969,"TensRede":5.183000088,"ConsDiaPlaca":16597.14648,"ConsMesPlaca":16597.14648,"ConsDiaRede":586.8759766,"ConsMesRede":586.8759766,"Status":"REDE"}