{"CorrPlaca":0,"TensPlaca":0,"CorrRede":0.65200001,"TensRede":6.659999847,"ConsDiaPlaca":1.587435603,"ConsMesPlaca":1.587435603,"ConsDiaRede":146.6531067,"ConsMesRede":146.6531067,"Status":"REDE"}