{"corrente":0,"tensao":2.099999905,"consumo":0.379429787}