{"corrente":3.47300005,"tensao":3.717000008,"consumo":0.043199159}