{"CorrPlaca":0.057,"TensPlaca":18.06999969,"CorrRede":1.343999982,"TensRede":0.5,"ConsDiaPlaca":4238.166016,"ConsMesPlaca":4238.166016,"ConsDiaRede":1655.096191,"ConsMesRede":1655.096191,"Status":"REDE"}