{"Corrente":2.584000111,"Tensao":5.714000225,"Consumo":0.013605237,"Status":"PLACA"}