{"CorrPlaca":0,"TensPlaca":0,"CorrRede":0.589999974,"TensRede":0.151999995,"ConsDiaPlaca":1.587435603,"ConsMesPlaca":1.587435603,"ConsDiaRede":21.35053444,"ConsMesRede":21.35053444,"Status":"REDE"}