{"Corrente":3.539999962,"Tensao":37.47499847,"Consumo":0.264494896,"Status":"PLACA"}