{"CorrPlaca":5,"TensPlaca":3.118999958,"CorrRede":0.393999994,"TensRede":0,"ConsDiaPlaca":6703.475098,"ConsMesPlaca":6703.475098,"ConsDiaRede":510.1662598,"ConsMesRede":510.1662598,"Status":"REDE"}