{"CorrPlaca":0.382999986,"TensPlaca":7.051000118,"CorrRede":1.095000029,"TensRede":0.524999976,"ConsDiaPlaca":15.45528221,"ConsMesPlaca":15.45528221,"ConsDiaRede":3.651009321,"ConsMesRede":3.651009321,"Status":"REDE"}