{"Corrente":0,"Tensao":0.298999995,"Consumo":0.00001544,"Status":"REDE"}