{"CorrPlaca":5,"TensPlaca":25,"CorrRede":2.457000017,"TensRede":5.633999825,"ConsDiaPlaca":29999.83789,"ConsMesPlaca":29999.83789,"ConsDiaRede":1242.923828,"ConsMesRede":1242.923828,"Status":"REDE"}