{"CorrPlaca":2.187999964,"TensPlaca":18.13100052,"CorrRede":3.007999897,"TensRede":7.068999767,"ConsDiaPlaca":771.5054932,"ConsMesPlaca":771.5054932,"ConsDiaRede":343.0684814,"ConsMesRede":343.0684814,"Status":"REDE"}