{"CorrPlaca":2.625,"TensPlaca":18.07600021,"CorrRede":3.22300005,"TensRede":7.222000122,"ConsDiaPlaca":4951.448242,"ConsMesPlaca":4951.448242,"ConsDiaRede":1537.551392,"ConsMesRede":1537.551392,"Status":"REDE"}