{"CorrPlaca":5,"TensPlaca":25,"CorrRede":0.800000012,"TensRede":1.019000053,"ConsDiaPlaca":18472.13477,"ConsMesPlaca":18472.13477,"ConsDiaRede":685.0317383,"ConsMesRede":685.0317383,"Status":"REDE"}