{"CorrPlaca":0,"TensPlaca":0,"CorrRede":0.589999974,"TensRede":0.097000003,"ConsDiaPlaca":1.587435603,"ConsMesPlaca":1.587435603,"ConsDiaRede":21.66919518,"ConsMesRede":21.66919518,"Status":"REDE"}