{"CorrPlaca":0.037,"TensPlaca":6.611000061,"CorrRede":0.964999974,"TensRede":0.224999994,"ConsDiaPlaca":60.45475388,"ConsMesPlaca":60.45475388,"ConsDiaRede":22.37277794,"ConsMesRede":22.37277794,"Status":"REDE"}