{"CorrPlaca":0,"TensPlaca":6.703000069,"CorrRede":0.721000016,"TensRede":0.006,"ConsDiaPlaca":1.539162278,"ConsMesPlaca":1.539162278,"ConsDiaRede":16.54266357,"ConsMesRede":16.54266357,"Status":"REDE"}