{"CorrPlaca":0.722000003,"TensPlaca":0,"CorrRede":0.191,"TensRede":0.029999999,"ConsDiaPlaca":70.3671875,"ConsMesPlaca":70.3671875,"ConsDiaRede":62.14099884,"ConsMesRede":62.14099884,"Status":"REDE"}