{"CorrPlaca":0,"TensPlaca":6.738999844,"CorrRede":0.771000028,"TensRede":0,"ConsDiaPlaca":1.587435603,"ConsMesPlaca":1.587435603,"ConsDiaRede":22.40946198,"ConsMesRede":22.40946198,"Status":"REDE"}