{"CorrPlaca":0,"TensPlaca":0.658999979,"CorrRede":0.49000001,"TensRede":0.182999998,"ConsDiaPlaca":0,"ConsMesPlaca":0,"ConsDiaRede":0.246185005,"ConsMesRede":0.246185005,"Status":"REDE"}