{"CorrPlaca":0.389999986,"TensPlaca":18.06999969,"CorrRede":1.498999953,"TensRede":0,"ConsDiaPlaca":4820.691406,"ConsMesPlaca":4820.691406,"ConsDiaRede":1499.355469,"ConsMesRede":1499.355469,"Status":"REDE"}