{"CorrPlaca":5,"TensPlaca":25,"CorrRede":2.362999916,"TensRede":7.063000202,"ConsDiaPlaca":13159.66797,"ConsMesPlaca":13159.66797,"ConsDiaRede":435.2904053,"ConsMesRede":435.2904053,"Status":"REDE"}