{"CorrPlaca":0.039000001,"TensPlaca":18.10700035,"CorrRede":1.210000038,"TensRede":0,"ConsDiaPlaca":3278.670898,"ConsMesPlaca":3278.670898,"ConsDiaRede":1285.886108,"ConsMesRede":1285.886108,"Status":"REDE"}