{"CorrPlaca":0,"TensPlaca":0,"CorrRede":0.610000014,"TensRede":0.158000007,"ConsDiaPlaca":1.587435603,"ConsMesPlaca":1.587435603,"ConsDiaRede":187.3239136,"ConsMesRede":187.3239136,"Status":"REDE"}