{"CorrPlaca":0.111000001,"TensPlaca":6.598999977,"CorrRede":0.977999985,"TensRede":0.140000001,"ConsDiaPlaca":30.20933533,"ConsMesPlaca":30.20933533,"ConsDiaRede":9.627591133,"ConsMesRede":9.627591133,"Status":"REDE"}