{"CorrPlaca":1.317000031,"TensPlaca":18.04000092,"CorrRede":2.144000053,"TensRede":0.108999997,"ConsDiaPlaca":2410.38208,"ConsMesPlaca":2410.38208,"ConsDiaRede":755.2175293,"ConsMesRede":755.2175293,"Status":"REDE"}