{"CorrPlaca":2.767999887,"TensPlaca":18.13699913,"CorrRede":3.299000025,"TensRede":7.478000164,"ConsDiaPlaca":2822.769775,"ConsMesPlaca":2822.769775,"ConsDiaRede":878.3633423,"ConsMesRede":878.3633423,"Status":"REDE"}