{"CorrPlaca":0.072999999,"TensPlaca":6.580999851,"CorrRede":0.981999993,"TensRede":0.213,"ConsDiaPlaca":48.41289139,"ConsMesPlaca":48.41289139,"ConsDiaRede":16.47058868,"ConsMesRede":16.47058868,"Status":"REDE"}