{"CorrPlaca":1.001000047,"TensPlaca":18.11300087,"CorrRede":1.937999964,"TensRede":0.041999999,"ConsDiaPlaca":1344.480225,"ConsMesPlaca":1344.480225,"ConsDiaRede":604.1030273,"ConsMesRede":604.1030273,"Status":"REDE"}