{"CorrPlaca":0,"TensPlaca":0.792999983,"CorrRede":0.504000008,"TensRede":0,"ConsDiaPlaca":0.007955277,"ConsMesPlaca":0.007955277,"ConsDiaRede":0.652762234,"ConsMesRede":0.652762234,"Status":"REDE"}