{"CorrPlaca":0,"TensPlaca":25,"CorrRede":1.542000055,"TensRede":0.456999987,"ConsDiaPlaca":13597.06152,"ConsMesPlaca":13597.06152,"ConsDiaRede":596.5217285,"ConsMesRede":596.5217285,"Status":"REDE"}