{"CorrPlaca":3.390000105,"TensPlaca":25,"CorrRede":2.285000086,"TensRede":3.53399992,"ConsDiaPlaca":29967.63477,"ConsMesPlaca":29967.63477,"ConsDiaRede":765.0062866,"ConsMesRede":765.0062866,"Status":"REDE"}