{"CorrPlaca":0.100000001,"TensPlaca":6.684000015,"CorrRede":0.991999984,"TensRede":0.280000001,"ConsDiaPlaca":41.15047455,"ConsMesPlaca":41.15047455,"ConsDiaRede":13.29340172,"ConsMesRede":13.29340172,"Status":"REDE"}