{"CorrPlaca":0,"TensPlaca":0,"CorrRede":0.592000008,"TensRede":0.048,"ConsDiaPlaca":1.587435603,"ConsMesPlaca":1.587435603,"ConsDiaRede":17.96596336,"ConsMesRede":17.96596336,"Status":"REDE"}