{"CorrPlaca":3.49000001,"TensPlaca":25,"CorrRede":1.105999947,"TensRede":0.981999993,"ConsDiaPlaca":29919.45313,"ConsMesPlaca":29919.45313,"ConsDiaRede":760.864624,"ConsMesRede":760.864624,"Status":"REDE"}