{"CorrPlaca":5,"TensPlaca":3.253000021,"CorrRede":0.409999996,"TensRede":0.347000003,"ConsDiaPlaca":4021.304688,"ConsMesPlaca":4021.304688,"ConsDiaRede":409.4813843,"ConsMesRede":409.4813843,"Status":"REDE"}