{"CorrPlaca":1.228999972,"TensPlaca":18.10700035,"CorrRede":2.25,"TensRede":4.455999851,"ConsDiaPlaca":3489.775391,"ConsMesPlaca":3489.775391,"ConsDiaRede":1367.14856,"ConsMesRede":1367.14856,"Status":"REDE"}