{"CorrPlaca":5,"TensPlaca":25,"CorrRede":2.553999901,"TensRede":6.855000019,"ConsDiaPlaca":18576.30078,"ConsMesPlaca":18576.30078,"ConsDiaRede":698.4779663,"ConsMesRede":698.4779663,"Status":"REDE"}