{"CorrPlaca":0.037,"TensPlaca":0.640999973,"CorrRede":0.526000023,"TensRede":1.055999994,"ConsDiaPlaca":0.017495278,"ConsMesPlaca":0.017495278,"ConsDiaRede":0.553834975,"ConsMesRede":0.553834975,"Status":"REDE"}