{"CorrPlaca":5,"TensPlaca":15.62199974,"CorrRede":1.659000039,"TensRede":1.562000036,"ConsDiaPlaca":6105.294922,"ConsMesPlaca":6105.294922,"ConsDiaRede":491.794342,"ConsMesRede":491.794342,"Status":"REDE"}