{"CorrPlaca":0,"TensPlaca":0,"CorrRede":0.644999981,"TensRede":6.751999855,"ConsDiaPlaca":1.587435603,"ConsMesPlaca":1.587435603,"ConsDiaRede":83.88865662,"ConsMesRede":83.88865662,"Status":"REDE"}