{"CorrPlaca":1.871000051,"TensPlaca":18.09499931,"CorrRede":2.746000051,"TensRede":4.364999771,"ConsDiaPlaca":283.9551086,"ConsMesPlaca":283.9551086,"ConsDiaRede":99.46817017,"ConsMesRede":99.46817017,"Status":"REDE"}