{"corrente":2.355000019,"tensao":11.92300034,"consumo":0.077996299}