{"CorrPlaca":0.023,"TensPlaca":18.00300026,"CorrRede":1.307999969,"TensRede":0.305000007,"ConsDiaPlaca":3039.920166,"ConsMesPlaca":3039.920166,"ConsDiaRede":1204.054321,"ConsMesRede":1204.054321,"Status":"REDE"}