{"CorrPlaca":0.018999999,"TensPlaca":6.561999798,"CorrRede":0.82099998,"TensRede":0.097000003,"ConsDiaPlaca":86.77402496,"ConsMesPlaca":86.77402496,"ConsDiaRede":41.35947418,"ConsMesRede":41.35947418,"Status":"REDE"}