{"CorrPlaca":0.018999999,"TensPlaca":6.727000237,"CorrRede":0.815999985,"TensRede":0.231000006,"ConsDiaPlaca":87.25676727,"ConsMesPlaca":87.25676727,"ConsDiaRede":42.72252274,"ConsMesRede":42.72252274,"Status":"REDE"}