{"corrente":0.661000013,"tensao":0,"consumo":0.850360632}