{"Corrente":0,"Tensao":0.915000021,"Consumo":8.655833881e-6,"Status":"REDE"}