{"CorrPlaca":0.045000002,"TensPlaca":6.715000153,"CorrRede":0.977999985,"TensRede":0.231000006,"ConsDiaPlaca":46.81164932,"ConsMesPlaca":46.81164932,"ConsDiaRede":15.6417017,"ConsMesRede":15.6417017,"Status":"REDE"}