{"CorrPlaca":3.571000099,"TensPlaca":25,"CorrRede":2.322000027,"TensRede":1.470999956,"ConsDiaPlaca":30700.17383,"ConsMesPlaca":30700.17383,"ConsDiaRede":802.390625,"ConsMesRede":802.390625,"Status":"REDE"}