{"CorrPlaca":5,"TensPlaca":25,"CorrRede":0.976000011,"TensRede":0,"ConsDiaPlaca":34756.82031,"ConsMesPlaca":34756.82031,"ConsDiaRede":1404.820679,"ConsMesRede":1404.820679,"Status":"REDE"}