{"CorrPlaca":0,"TensPlaca":0,"CorrRede":0.602999985,"TensRede":0.090999998,"ConsDiaPlaca":1.587435603,"ConsMesPlaca":1.587435603,"ConsDiaRede":188.4542694,"ConsMesRede":188.4542694,"Status":"REDE"}