{"Corrente":19.4260006,"Tensao":3.674999952,"Consumo":0.386312395,"Status":"REDE"}