{"Corrente":16.04000092,"Tensao":2.75,"Consumo":0.616105318,"Status":"REDE"}