{"CorrPlaca":2.323999882,"TensPlaca":18.07600021,"CorrRede":3.029999971,"TensRede":6.80700016,"ConsDiaPlaca":5168.289551,"ConsMesPlaca":5168.289551,"ConsDiaRede":1622.28833,"ConsMesRede":1622.28833,"Status":"REDE"}