{"CorrPlaca":0,"TensPlaca":0.768999994,"CorrRede":0.48300001,"TensRede":0.75,"ConsDiaPlaca":0,"ConsMesPlaca":0,"ConsDiaRede":0.544076979,"ConsMesRede":0.544076979,"Status":"REDE"}