{"CorrPlaca":1.626999974,"TensPlaca":18.06999969,"CorrRede":2.335999966,"TensRede":1.855000019,"ConsDiaPlaca":2060.289063,"ConsMesPlaca":2060.289063,"ConsDiaRede":824.312439,"ConsMesRede":824.312439,"Status":"REDE"}