{"Corrente":15.66899967,"Tensao":16.42099953,"Consumo":0.876495123,"Status":"PLACA"}