{"CorrPlaca":0.419999987,"TensPlaca":18.07600021,"CorrRede":1.449000001,"TensRede":0,"ConsDiaPlaca":2583.003662,"ConsMesPlaca":2583.003662,"ConsDiaRede":1025.340454,"ConsMesRede":1025.340454,"Status":"REDE"}