{"CorrPlaca":0.156000003,"TensPlaca":18.10099983,"CorrRede":1.347000003,"TensRede":0,"ConsDiaPlaca":473.708374,"ConsMesPlaca":473.708374,"ConsDiaRede":221.1103821,"ConsMesRede":221.1103821,"Status":"REDE"}