{"CorrPlaca":5,"TensPlaca":25,"CorrRede":1.932000041,"TensRede":2.387000084,"ConsDiaPlaca":16180.48242,"ConsMesPlaca":16180.48242,"ConsDiaRede":569.0614014,"ConsMesRede":569.0614014,"Status":"REDE"}