{"CorrPlaca":0,"TensPlaca":0,"CorrRede":0.578000009,"TensRede":0.097000003,"ConsDiaPlaca":1.587435603,"ConsMesPlaca":1.587435603,"ConsDiaRede":17.66129875,"ConsMesRede":17.66129875,"Status":"REDE"}