{"CorrPlaca":0.017000001,"TensPlaca":3.118999958,"CorrRede":0.495999992,"TensRede":0.456999987,"ConsDiaPlaca":139.9620209,"ConsMesPlaca":139.9620209,"ConsDiaRede":134.2092285,"ConsMesRede":134.2092285,"Status":"REDE"}