{"CorrPlaca":0.157000005,"TensPlaca":18.15600014,"CorrRede":1.406000018,"TensRede":0.744000018,"ConsDiaPlaca":3056.691162,"ConsMesPlaca":3056.691162,"ConsDiaRede":1212.315674,"ConsMesRede":1212.315674,"Status":"REDE"}