{"CorrPlaca":1.279999971,"TensPlaca":18.10700035,"CorrRede":2.085999966,"TensRede":0.360000014,"ConsDiaPlaca":2493.646729,"ConsMesPlaca":2493.646729,"ConsDiaRede":775.4016113,"ConsMesRede":775.4016113,"Status":"REDE"}