{"CorrPlaca":0.007,"TensPlaca":6.677999973,"CorrRede":0.801999986,"TensRede":0.194999993,"ConsDiaPlaca":85.98818207,"ConsMesPlaca":85.98818207,"ConsDiaRede":39.37648773,"ConsMesRede":39.37648773,"Status":"REDE"}