{"CorrPlaca":2.288000107,"TensPlaca":18.05800056,"CorrRede":3.040999889,"TensRede":6.915999889,"ConsDiaPlaca":5323.902832,"ConsMesPlaca":5323.902832,"ConsDiaRede":1678.667236,"ConsMesRede":1678.667236,"Status":"REDE"}