{"Corrente":2.233999968,"Tensao":6.934999943,"Consumo":0.079055972,"Status":"PLACA"}