{"CorrPlaca":0,"TensPlaca":0.737999976,"CorrRede":0.50999999,"TensRede":0.261999995,"ConsDiaPlaca":0,"ConsMesPlaca":0,"ConsDiaRede":0.556848049,"ConsMesRede":0.556848049,"Status":"REDE"}