{"CorrPlaca":5,"TensPlaca":25,"CorrRede":2.183000088,"TensRede":7.063000202,"ConsDiaPlaca":19999.90234,"ConsMesPlaca":19999.90234,"ConsDiaRede":771.8609619,"ConsMesRede":771.8609619,"Status":"REDE"}