{"CorrPlaca":1.101999998,"TensPlaca":18.10099983,"CorrRede":2.085000038,"TensRede":2.509000063,"ConsDiaPlaca":5.54091692,"ConsMesPlaca":5.54091692,"ConsDiaRede":1.453129172,"ConsMesRede":1.453129172,"Status":"REDE"}