{"CorrPlaca":1.01699996,"TensPlaca":18.04000092,"CorrRede":2.101000071,"TensRede":2.832000017,"ConsDiaPlaca":2831.100342,"ConsMesPlaca":2831.100342,"ConsDiaRede":880.8303223,"ConsMesRede":880.8303223,"Status":"REDE"}