{"CorrPlaca":0,"TensPlaca":0.683000028,"CorrRede":0.488999993,"TensRede":0.628000021,"ConsDiaPlaca":0,"ConsMesPlaca":0,"ConsDiaRede":1.126217961,"ConsMesRede":1.126217961,"Status":"REDE"}