{"CorrPlaca":0.094999999,"TensPlaca":6.732999802,"CorrRede":0.995999992,"TensRede":0.323000014,"ConsDiaPlaca":8.962478638,"ConsMesPlaca":8.962478638,"ConsDiaRede":3.23273015,"ConsMesRede":3.23273015,"Status":"REDE"}