{"CorrPlaca":2.483999968,"TensPlaca":18.04000092,"CorrRede":3.124000072,"TensRede":7.019999981,"ConsDiaPlaca":4479.567383,"ConsMesPlaca":4479.567383,"ConsDiaRede":1399.967163,"ConsMesRede":1399.967163,"Status":"REDE"}