{"CorrPlaca":5,"TensPlaca":15.79300022,"CorrRede":1.682999969,"TensRede":0,"ConsDiaPlaca":5537.816895,"ConsMesPlaca":5537.816895,"ConsDiaRede":477.8475037,"ConsMesRede":477.8475037,"Status":"REDE"}