{"CorrPlaca":0,"TensPlaca":0,"CorrRede":0.578999996,"TensRede":0.103,"ConsDiaPlaca":1.587435603,"ConsMesPlaca":1.587435603,"ConsDiaRede":17.58134079,"ConsMesRede":17.58134079,"Status":"REDE"}