{"CorrPlaca":1.991999984,"TensPlaca":18.21100044,"CorrRede":2.694000006,"TensRede":3.296000004,"ConsDiaPlaca":4400.881836,"ConsMesPlaca":4400.881836,"ConsDiaRede":1373.203857,"ConsMesRede":1373.203857,"Status":"REDE"}