{"Corrente":15.32299995,"Tensao":0,"Consumo":0.792368889,"Status":"REDE"}