{"CorrPlaca":2.638999939,"TensPlaca":18.08300018,"CorrRede":3.262000084,"TensRede":7.289000034,"ConsDiaPlaca":5440.875,"ConsMesPlaca":5440.875,"ConsDiaRede":1716.569702,"ConsMesRede":1716.569702,"Status":"REDE"}