{"CorrPlaca":0.815999985,"TensPlaca":25,"CorrRede":2.709000111,"TensRede":0,"ConsDiaPlaca":1352.266235,"ConsMesPlaca":1352.266235,"ConsDiaRede":327.523468,"ConsMesRede":327.523468,"Status":"REDE"}