{"corrente":3.470000029,"tensao":3.742000103,"consumo":0.103743449}