{"Corrente":15.35499954,"Tensao":0,"Consumo":0.792368889,"Status":"REDE"}