{"CorrPlaca":0.169,"TensPlaca":6.738999844,"CorrRede":0.898999989,"TensRede":0.140000001,"ConsDiaPlaca":76.62423706,"ConsMesPlaca":76.62423706,"ConsDiaRede":28.93842506,"ConsMesRede":28.93842506,"Status":"REDE"}