{"Corrente":17.19499969,"Tensao":4.546000004,"Consumo":0.083996266,"Status":"REDE"}