{"CorrPlaca":5,"TensPlaca":25,"CorrRede":1.156000018,"TensRede":0,"ConsDiaPlaca":28958.17773,"ConsMesPlaca":28958.17773,"ConsDiaRede":1178.927368,"ConsMesRede":1178.927368,"Status":"REDE"}