{"CorrPlaca":0.680999994,"TensPlaca":1.281999946,"CorrRede":0.455000013,"TensRede":0.981999993,"ConsDiaPlaca":17.50552177,"ConsMesPlaca":17.50552177,"ConsDiaRede":13.28419209,"ConsMesRede":13.28419209,"Status":"REDE"}