{"Corrente":0.500999987,"Tensao":0,"Consumo":0.006886377,"Status":"REDE"}