{"CorrPlaca":0,"TensPlaca":0.787,"CorrRede":0.560000002,"TensRede":0.426999986,"ConsDiaPlaca":0,"ConsMesPlaca":0,"ConsDiaRede":0.241532221,"ConsMesRede":0.241532221,"Status":"REDE"}