{"Corrente":3.680999994,"Tensao":0,"Consumo":0.057277199,"Status":"REDE"}