{"CorrPlaca":2.427999973,"TensPlaca":18.10099983,"CorrRede":2.989000082,"TensRede":5.578999996,"ConsDiaPlaca":2501.344482,"ConsMesPlaca":2501.344482,"ConsDiaRede":992.4558716,"ConsMesRede":992.4558716,"Status":"REDE"}