{"CorrPlaca":0,"TensPlaca":6.738999844,"CorrRede":0.806999981,"TensRede":0.231000006,"ConsDiaPlaca":87.08555603,"ConsMesPlaca":87.08555603,"ConsDiaRede":42.39202118,"ConsMesRede":42.39202118,"Status":"REDE"}