{"CorrPlaca":1.735000014,"TensPlaca":18.06999969,"CorrRede":2.625999928,"TensRede":5.823999882,"ConsDiaPlaca":4556.058105,"ConsMesPlaca":4556.058105,"ConsDiaRede":1774.097046,"ConsMesRede":1774.097046,"Status":"REDE"}