{"CorrPlaca":0.136000007,"TensPlaca":6.684000015,"CorrRede":0.995999992,"TensRede":0.293000013,"ConsDiaPlaca":36.36107254,"ConsMesPlaca":36.36107254,"ConsDiaRede":11.65015316,"ConsMesRede":11.65015316,"Status":"REDE"}