{"CorrPlaca":0,"TensPlaca":6.721000195,"CorrRede":0.791999996,"TensRede":0.268000007,"ConsDiaPlaca":1.533571362,"ConsMesPlaca":1.533571362,"ConsDiaRede":12.8030529,"ConsMesRede":12.8030529,"Status":"REDE"}