{"CorrPlaca":2.375999928,"TensPlaca":25,"CorrRede":3.790999889,"TensRede":3.619999886,"ConsDiaPlaca":812.1067505,"ConsMesPlaca":812.1067505,"ConsDiaRede":252.6586914,"ConsMesRede":252.6586914,"Status":"REDE"}