{"CorrPlaca":0.5,"TensPlaca":18.06999969,"CorrRede":1.718999982,"TensRede":1.085999966,"ConsDiaPlaca":2884.759277,"ConsMesPlaca":2884.759277,"ConsDiaRede":897.1948853,"ConsMesRede":897.1948853,"Status":"REDE"}