{"CorrPlaca":0.865999997,"TensPlaca":18.10700035,"CorrRede":1.983999968,"TensRede":1.38499999,"ConsDiaPlaca":42.88128281,"ConsMesPlaca":42.88128281,"ConsDiaRede":7.756009579,"ConsMesRede":7.756009579,"Status":"REDE"}