{"CorrPlaca":0.017999999,"TensPlaca":6.738999844,"CorrRede":0.879000008,"TensRede":0.261999995,"ConsDiaPlaca":82.71052551,"ConsMesPlaca":82.71052551,"ConsDiaRede":33.25219345,"ConsMesRede":33.25219345,"Status":"REDE"}