{"corrente":0.683000028,"tensao":4.022999763,"consumo":0.328648597}