{"CorrPlaca":5,"TensPlaca":25,"CorrRede":0.838,"TensRede":1.172000051,"ConsDiaPlaca":21215.17188,"ConsMesPlaca":21215.17188,"ConsDiaRede":807.5458984,"ConsMesRede":807.5458984,"Status":"REDE"}