{"Corrente":14.5010004,"Tensao":5.493000031,"Consumo":0.146988794,"Status":"PLACA"}