{"Corrente":3.234999895,"Tensao":27.34199905,"Consumo":0.273234516,"Status":"PLACA"}