{"CorrPlaca":0.703000009,"TensPlaca":5.46999979,"CorrRede":1.343999982,"TensRede":1.629999995,"ConsDiaPlaca":38.72385788,"ConsMesPlaca":38.72385788,"ConsDiaRede":31.8249073,"ConsMesRede":31.8249073,"Status":"REDE"}