{"CorrPlaca":0.370999992,"TensPlaca":18.15600014,"CorrRede":1.620000005,"TensRede":1.562000036,"ConsDiaPlaca":4642.120605,"ConsMesPlaca":4642.120605,"ConsDiaRede":1811.150635,"ConsMesRede":1811.150635,"Status":"REDE"}