{"CorrPlaca":0.192000002,"TensPlaca":18.10099983,"CorrRede":1.399000049,"TensRede":0,"ConsDiaPlaca":3360.545898,"ConsMesPlaca":3360.545898,"ConsDiaRede":1044.131714,"ConsMesRede":1044.131714,"Status":"REDE"}