{"CorrPlaca":0.006,"TensPlaca":6.690999985,"CorrRede":0.810000002,"TensRede":0.188999996,"ConsDiaPlaca":88.00974274,"ConsMesPlaca":88.00974274,"ConsDiaRede":44.7553215,"ConsMesRede":44.7553215,"Status":"REDE"}