{"CorrPlaca":0,"TensPlaca":6.574999809,"CorrRede":0.81400001,"TensRede":0.328999996,"ConsDiaPlaca":1.533571362,"ConsMesPlaca":1.533571362,"ConsDiaRede":5.745782375,"ConsMesRede":5.745782375,"Status":"REDE"}