{"CorrPlaca":0.418000013,"TensPlaca":18.07600021,"CorrRede":1.679999948,"TensRede":1.343000054,"ConsDiaPlaca":1027.145752,"ConsMesPlaca":1027.145752,"ConsDiaRede":454.5466003,"ConsMesRede":454.5466003,"Status":"REDE"}