{"CorrPlaca":0.68900001,"TensPlaca":3.191999912,"CorrRede":1.019999981,"TensRede":1.636000037,"ConsDiaPlaca":166.7702332,"ConsMesPlaca":166.7702332,"ConsDiaRede":155.3540192,"ConsMesRede":155.3540192,"Status":"REDE"}