{"corrente":-1.442999959,"tensao":0,"consumo":0.043199159}