{"corrente":0.001,"tensao":0.456999987,"consumo":1.311559677}