{"CorrPlaca":0,"TensPlaca":0.787,"CorrRede":0.437999994,"TensRede":0.451000005,"ConsDiaPlaca":0,"ConsMesPlaca":0,"ConsDiaRede":0.491917223,"ConsMesRede":0.491917223,"Status":"REDE"}