{"Corrente":14.13000011,"Tensao":0,"Consumo":1.197687745,"Status":"REDE"}