{"CorrPlaca":1.720000029,"TensPlaca":18.0890007,"CorrRede":2.59800005,"TensRede":5.230999947,"ConsDiaPlaca":5354.026855,"ConsMesPlaca":5354.026855,"ConsDiaRede":1688.907227,"ConsMesRede":1688.907227,"Status":"REDE"}