{"CorrPlaca":3.118000031,"TensPlaca":18.06399918,"CorrRede":3.596999884,"TensRede":7.46600008,"ConsDiaPlaca":690.378479,"ConsMesPlaca":690.378479,"ConsDiaRede":224.9472961,"ConsMesRede":224.9472961,"Status":"REDE"}