{"corrente":0.848999977,"tensao":0.708000004,"consumo":0.0016697}