{"CorrPlaca":0.528999984,"TensPlaca":18.17399979,"CorrRede":1.64199996,"TensRede":0,"ConsDiaPlaca":873.6178589,"ConsMesPlaca":873.6178589,"ConsDiaRede":272.4663391,"ConsMesRede":272.4663391,"Status":"REDE"}