{"CorrPlaca":0.246999994,"TensPlaca":18.04599953,"CorrRede":1.485000014,"TensRede":0.108999997,"ConsDiaPlaca":3382.287842,"ConsMesPlaca":3382.287842,"ConsDiaRede":1048.724976,"ConsMesRede":1048.724976,"Status":"REDE"}