{"Corrente":0.455000013,"Tensao":1.562000036,"Consumo":0.005992157,"Status":"REDE"}