{"CorrPlaca":0.116999999,"TensPlaca":6.732999802,"CorrRede":0.996999979,"TensRede":0.268000007,"ConsDiaPlaca":31.58306885,"ConsMesPlaca":31.58306885,"ConsDiaRede":10.11006927,"ConsMesRede":10.11006927,"Status":"REDE"}