{"CorrPlaca":0.460000008,"TensPlaca":18.06999969,"CorrRede":1.674999952,"TensRede":0.995000005,"ConsDiaPlaca":3331.233643,"ConsMesPlaca":3331.233643,"ConsDiaRede":1030.781372,"ConsMesRede":1030.781372,"Status":"REDE"}