{"CorrPlaca":0.116999999,"TensPlaca":6.738999844,"CorrRede":0.985000014,"TensRede":0.213,"ConsDiaPlaca":16.70052528,"ConsMesPlaca":16.70052528,"ConsDiaRede":5.966656208,"ConsMesRede":5.966656208,"Status":"REDE"}