{"CorrPlaca":5,"TensPlaca":25,"CorrRede":1.026000023,"TensRede":2.056999922,"ConsDiaPlaca":2256.945801,"ConsMesPlaca":2256.945801,"ConsDiaRede":112.433136,"ConsMesRede":112.433136,"Status":"REDE"}