{"CorrPlaca":0.101999998,"TensPlaca":6.830999851,"CorrRede":0.985000014,"TensRede":0.377999991,"ConsDiaPlaca":56.08166504,"ConsMesPlaca":56.08166504,"ConsDiaRede":20.10937881,"ConsMesRede":20.10937881,"Status":"REDE"}