{"CorrPlaca":2.092000008,"TensPlaca":18.125,"CorrRede":2.749000072,"TensRede":3.357000113,"ConsDiaPlaca":2949.114258,"ConsMesPlaca":2949.114258,"ConsDiaRede":912.4906006,"ConsMesRede":912.4906006,"Status":"REDE"}