{"CorrPlaca":1.268000007,"TensPlaca":18.08300018,"CorrRede":2.349999905,"TensRede":4.217999935,"ConsDiaPlaca":197.9396667,"ConsMesPlaca":197.9396667,"ConsDiaRede":89.33589172,"ConsMesRede":89.33589172,"Status":"REDE"}