{"CorrPlaca":0.006,"TensPlaca":18.05800056,"CorrRede":1.202000022,"TensRede":0,"ConsDiaPlaca":4724.866211,"ConsMesPlaca":4724.866211,"ConsDiaRede":1844.893799,"ConsMesRede":1844.893799,"Status":"REDE"}