{"CorrPlaca":0.542999983,"TensPlaca":3.118999958,"CorrRede":0.862999976,"TensRede":0.879000008,"ConsDiaPlaca":148.4710999,"ConsMesPlaca":148.4710999,"ConsDiaRede":141.9299469,"ConsMesRede":141.9299469,"Status":"REDE"}