{"CorrPlaca":0.42899999,"TensPlaca":18.10099983,"CorrRede":1.465000033,"TensRede":0,"ConsDiaPlaca":4253.536621,"ConsMesPlaca":4253.536621,"ConsDiaRede":1659.813354,"ConsMesRede":1659.813354,"Status":"REDE"}