{"CorrPlaca":5,"TensPlaca":25,"CorrRede":1.873999953,"TensRede":2.08100009,"ConsDiaPlaca":1354.167236,"ConsMesPlaca":1354.167236,"ConsDiaRede":77.47142792,"ConsMesRede":77.47142792,"Status":"REDE"}