{"Corrente":2.789000034,"Tensao":7.074999809,"Consumo":0.044400319,"Status":"PLACA"}