{"CorrPlaca":0,"TensPlaca":3.118999958,"CorrRede":0.256999999,"TensRede":0,"ConsDiaPlaca":138.2971802,"ConsMesPlaca":138.2971802,"ConsDiaRede":133.2889099,"ConsMesRede":133.2889099,"Status":"REDE"}