{"CorrPlaca":5,"TensPlaca":15.88500023,"CorrRede":1.621000051,"TensRede":0.097000003,"ConsDiaPlaca":5559.879395,"ConsMesPlaca":5559.879395,"ConsDiaRede":477.8911743,"ConsMesRede":477.8911743,"Status":"REDE"}