{"CorrPlaca":0,"TensPlaca":0,"CorrRede":0.377000004,"TensRede":0.59799999,"ConsDiaPlaca":116.909935,"ConsMesPlaca":116.909935,"ConsDiaRede":113.2550354,"ConsMesRede":113.2550354,"Status":"REDE"}