{"CorrPlaca":0.199000001,"TensPlaca":18.07600021,"CorrRede":1.465000033,"TensRede":0.939999998,"ConsDiaPlaca":3600.381592,"ConsMesPlaca":3600.381592,"ConsDiaRede":1404.384521,"ConsMesRede":1404.384521,"Status":"REDE"}