{"Corrente":2.210000038,"Tensao":0,"Consumo":0.149639666,"Status":"REDE"}