{"CorrPlaca":2.948999882,"TensPlaca":18.10099983,"CorrRede":3.421000004,"TensRede":6.738999844,"ConsDiaPlaca":1289.981079,"ConsMesPlaca":1289.981079,"ConsDiaRede":411.2520447,"ConsMesRede":411.2520447,"Status":"REDE"}