{"CorrPlaca":1.667000055,"TensPlaca":18.10099983,"CorrRede":2.411000013,"TensRede":2.344000101,"ConsDiaPlaca":370.1918945,"ConsMesPlaca":370.1918945,"ConsDiaRede":142.9792175,"ConsMesRede":142.9792175,"Status":"REDE"}