{"CorrPlaca":1.45599997,"TensPlaca":18.10099983,"CorrRede":2.219000101,"TensRede":0.970000029,"ConsDiaPlaca":3264.68457,"ConsMesPlaca":3264.68457,"ConsDiaRede":1007.673889,"ConsMesRede":1007.673889,"Status":"REDE"}