{"CorrPlaca":0.123999998,"TensPlaca":6.709000111,"CorrRede":0.995999992,"TensRede":0.293000013,"ConsDiaPlaca":46.15148163,"ConsMesPlaca":46.15148163,"ConsDiaRede":15.34316254,"ConsMesRede":15.34316254,"Status":"REDE"}