{"CorrPlaca":0.703000009,"TensPlaca":18.13100052,"CorrRede":1.771999955,"TensRede":0,"ConsDiaPlaca":507.1512146,"ConsMesPlaca":507.1512146,"ConsDiaRede":232.5360107,"ConsMesRede":232.5360107,"Status":"REDE"}