{"CorrPlaca":0,"TensPlaca":0,"CorrRede":0.593999982,"TensRede":0.140000001,"ConsDiaPlaca":1.587435603,"ConsMesPlaca":1.587435603,"ConsDiaRede":17.62792206,"ConsMesRede":17.62792206,"Status":"REDE"}