{"CorrPlaca":5,"TensPlaca":25,"CorrRede":0.488000005,"TensRede":0,"ConsDiaPlaca":22881.82813,"ConsMesPlaca":22881.82813,"ConsDiaRede":894.2518921,"ConsMesRede":894.2518921,"Status":"REDE"}