{"Corrente":0.825999975,"Tensao":23.25699997,"Consumo":0.331859112,"Status":"PLACA"}