{"CorrPlaca":5,"TensPlaca":3.118999958,"CorrRede":0.842999995,"TensRede":0,"ConsDiaPlaca":6725.263184,"ConsMesPlaca":6725.263184,"ConsDiaRede":512.7352295,"ConsMesRede":512.7352295,"Status":"REDE"}