{"Corrente":2.161000013,"Tensao":0,"Consumo":0.149639666,"Status":"REDE"}