{"CorrPlaca":0,"TensPlaca":0.694999993,"CorrRede":0.467999995,"TensRede":0.897000015,"ConsDiaPlaca":0.039646391,"ConsMesPlaca":0.039646391,"ConsDiaRede":0.93147999,"ConsMesRede":0.93147999,"Status":"REDE"}