{"CorrPlaca":0.004,"TensPlaca":6.642000198,"CorrRede":0.818000019,"TensRede":0.170000002,"ConsDiaPlaca":87.31825256,"ConsMesPlaca":87.31825256,"ConsDiaRede":43.03953552,"ConsMesRede":43.03953552,"Status":"REDE"}