{"CorrPlaca":0.765999973,"TensPlaca":18.07600021,"CorrRede":1.738999963,"TensRede":0,"ConsDiaPlaca":550.9576416,"ConsMesPlaca":550.9576416,"ConsDiaRede":225.5814972,"ConsMesRede":225.5814972,"Status":"REDE"}