{"CorrPlaca":5,"TensPlaca":18.04000092,"CorrRede":2.325999975,"TensRede":0.128000006,"ConsDiaPlaca":2915.420166,"ConsMesPlaca":2915.420166,"ConsDiaRede":372.3129578,"ConsMesRede":372.3129578,"Status":"REDE"}