{"CorrPlaca":0,"TensPlaca":6.665999889,"CorrRede":0.788999975,"TensRede":0.298999995,"ConsDiaPlaca":1.533571362,"ConsMesPlaca":1.533571362,"ConsDiaRede":14.75499344,"ConsMesRede":14.75499344,"Status":"REDE"}