{"CorrPlaca":5,"TensPlaca":25,"CorrRede":3.007999897,"TensRede":0.097000003,"ConsDiaPlaca":2666.565918,"ConsMesPlaca":2666.565918,"ConsDiaRede":359.7495117,"ConsMesRede":359.7495117,"Status":"REDE"}