{"CorrPlaca":2.165999889,"TensPlaca":25,"CorrRede":3.575999975,"TensRede":2.680000067,"ConsDiaPlaca":1113.703857,"ConsMesPlaca":1113.703857,"ConsDiaRede":300.5024719,"ConsMesRede":300.5024719,"Status":"REDE"}