{"CorrPlaca":5,"TensPlaca":25,"CorrRede":0.552999973,"TensRede":0.090999998,"ConsDiaPlaca":13854.1084,"ConsMesPlaca":13854.1084,"ConsDiaRede":469.3616943,"ConsMesRede":469.3616943,"Status":"REDE"}