{"CorrPlaca":0.5,"TensPlaca":18.10700035,"CorrRede":1.710000038,"TensRede":1.074000001,"ConsDiaPlaca":4177.837402,"ConsMesPlaca":4177.837402,"ConsDiaRede":1302.258545,"ConsMesRede":1302.258545,"Status":"REDE"}