{"CorrPlaca":0,"TensPlaca":0.671000004,"CorrRede":0.432999998,"TensRede":0.731999993,"ConsDiaPlaca":0.014104721,"ConsMesPlaca":0.014104721,"ConsDiaRede":0.853592277,"ConsMesRede":0.853592277,"Status":"REDE"}