{"CorrPlaca":0,"TensPlaca":18.02799988,"CorrRede":1.217000008,"TensRede":0.024,"ConsDiaPlaca":3740.112793,"ConsMesPlaca":3740.112793,"ConsDiaRede":1465.271362,"ConsMesRede":1465.271362,"Status":"REDE"}