{"CorrPlaca":0.024,"TensPlaca":0.787,"CorrRede":0.505999982,"TensRede":1.09800005,"ConsDiaPlaca":0.014104721,"ConsMesPlaca":0.014104721,"ConsDiaRede":0.74500227,"ConsMesRede":0.74500227,"Status":"REDE"}