{"CorrPlaca":5,"TensPlaca":25,"CorrRede":1,"TensRede":1.746000051,"ConsDiaPlaca":21979.05664,"ConsMesPlaca":21979.05664,"ConsDiaRede":855.1009521,"ConsMesRede":855.1009521,"Status":"REDE"}