{"CorrPlaca":0,"TensPlaca":0,"CorrRede":0.586000025,"TensRede":0.201000005,"ConsDiaPlaca":1.587435603,"ConsMesPlaca":1.587435603,"ConsDiaRede":17.85104942,"ConsMesRede":17.85104942,"Status":"REDE"}