{"CorrPlaca":2.089999914,"TensPlaca":18.05800056,"CorrRede":2.757999897,"TensRede":4.084000111,"ConsDiaPlaca":5377.560547,"ConsMesPlaca":5377.560547,"ConsDiaRede":1693.357666,"ConsMesRede":1693.357666,"Status":"REDE"}