{"CorrPlaca":5,"TensPlaca":25,"CorrRede":2.272000074,"TensRede":5.879000187,"ConsDiaPlaca":29374.8418,"ConsMesPlaca":29374.8418,"ConsDiaRede":1208.859253,"ConsMesRede":1208.859253,"Status":"REDE"}