{"CorrPlaca":5,"TensPlaca":25,"CorrRede":0.730000019,"TensRede":0.512000024,"ConsDiaPlaca":25867.91992,"ConsMesPlaca":25867.91992,"ConsDiaRede":1037.04126,"ConsMesRede":1037.04126,"Status":"REDE"}