{"CorrPlaca":5,"TensPlaca":25,"CorrRede":1.952999949,"TensRede":2.648999929,"ConsDiaPlaca":22291.55469,"ConsMesPlaca":22291.55469,"ConsDiaRede":863.4077759,"ConsMesRede":863.4077759,"Status":"REDE"}