{"Corrente":2.224999905,"Tensao":0,"Consumo":0.149639666,"Status":"REDE"}