{"CorrPlaca":5,"TensPlaca":25,"CorrRede":1.123999953,"TensRede":2.24000001,"ConsDiaPlaca":31909.54883,"ConsMesPlaca":31909.54883,"ConsDiaRede":1316.514038,"ConsMesRede":1316.514038,"Status":"REDE"}