{"Corrente":16.65800095,"Tensao":4.248000145,"Consumo":0.103652708,"Status":"REDE"}