{"CorrPlaca":0,"TensPlaca":0,"CorrRede":0.588,"TensRede":0,"ConsDiaPlaca":1.587435603,"ConsMesPlaca":1.587435603,"ConsDiaRede":21.35053444,"ConsMesRede":21.35053444,"Status":"REDE"}