{"CorrPlaca":0.150999993,"TensPlaca":18.11300087,"CorrRede":1.333999991,"TensRede":0,"ConsDiaPlaca":2004.445923,"ConsMesPlaca":2004.445923,"ConsDiaRede":912.4584961,"ConsMesRede":912.4584961,"Status":"REDE"}