{"CorrPlaca":0,"TensPlaca":6.636000156,"CorrRede":0.836000025,"TensRede":0.213,"ConsDiaPlaca":85.28662872,"ConsMesPlaca":85.28662872,"ConsDiaRede":38.06529236,"ConsMesRede":38.06529236,"Status":"REDE"}