{"CorrPlaca":0.275000006,"TensPlaca":17.99699974,"CorrRede":1.506999969,"TensRede":0.293000013,"ConsDiaPlaca":4117.097168,"ConsMesPlaca":4117.097168,"ConsDiaRede":1286.626587,"ConsMesRede":1286.626587,"Status":"REDE"}