{"CorrPlaca":1.378999949,"TensPlaca":18.06999969,"CorrRede":2.346999884,"TensRede":3.894000053,"ConsDiaPlaca":2729.3479,"ConsMesPlaca":2729.3479,"ConsDiaRede":844.9283447,"ConsMesRede":844.9283447,"Status":"REDE"}