{"CorrPlaca":1.940999985,"TensPlaca":18.00300026,"CorrRede":2.621999979,"TensRede":3.063999891,"ConsDiaPlaca":4463.787109,"ConsMesPlaca":4463.787109,"ConsDiaRede":1393.875366,"ConsMesRede":1393.875366,"Status":"REDE"}