{"CorrPlaca":5,"TensPlaca":25,"CorrRede":3.368000031,"TensRede":1.105000019,"ConsDiaPlaca":1555.453979,"ConsMesPlaca":1555.453979,"ConsDiaRede":340.5657043,"ConsMesRede":340.5657043,"Status":"REDE"}