{"CorrPlaca":5,"TensPlaca":25,"CorrRede":0.500999987,"TensRede":0,"ConsDiaPlaca":29270.67578,"ConsMesPlaca":29270.67578,"ConsDiaRede":1198.628296,"ConsMesRede":1198.628296,"Status":"REDE"}