{"CorrPlaca":0,"TensPlaca":0,"CorrRede":0.58099997,"TensRede":0.090999998,"ConsDiaPlaca":1.587435603,"ConsMesPlaca":1.587435603,"ConsDiaRede":18.07147408,"ConsMesRede":18.07147408,"Status":"REDE"}