{"Corrente":-3.332999945,"Tensao":0,"Consumo":0.500808179,"Status":"REDE"}