{"CorrPlaca":0.029999999,"TensPlaca":6.538000107,"CorrRede":0.95599997,"TensRede":0.201000005,"ConsDiaPlaca":58.94208908,"ConsMesPlaca":58.94208908,"ConsDiaRede":21.68213081,"ConsMesRede":21.68213081,"Status":"REDE"}