{"corrente":1.853000045,"tensao":2.387000084,"consumo":0.05548558}