{"CorrPlaca":2.388000011,"TensPlaca":18.18000031,"CorrRede":3.078999996,"TensRede":6.623000145,"ConsDiaPlaca":1753.649536,"ConsMesPlaca":1753.649536,"ConsDiaRede":544.6342773,"ConsMesRede":544.6342773,"Status":"REDE"}