{"CorrPlaca":0.722000003,"TensPlaca":0.731999993,"CorrRede":0.409000009,"TensRede":0,"ConsDiaPlaca":94.66539001,"ConsMesPlaca":94.66539001,"ConsDiaRede":84.3600235,"ConsMesRede":84.3600235,"Status":"REDE"}