{"CorrPlaca":0.681999981,"TensPlaca":18.11300087,"CorrRede":1.682999969,"TensRede":0,"ConsDiaPlaca":4021.717285,"ConsMesPlaca":4021.717285,"ConsDiaRede":1255.776123,"ConsMesRede":1255.776123,"Status":"REDE"}