{"CorrPlaca":0.268000007,"TensPlaca":18.06999969,"CorrRede":1.483999968,"TensRede":1.062000036,"ConsDiaPlaca":2740.861084,"ConsMesPlaca":2740.861084,"ConsDiaRede":1087.569214,"ConsMesRede":1087.569214,"Status":"REDE"}