{"Corrente":0,"Tensao":0.335000008,"Consumo":0.07707084,"Status":"REDE"}