{"CorrPlaca":0.037,"TensPlaca":6.745999813,"CorrRede":0.990999997,"TensRede":0,"ConsDiaPlaca":52.00953674,"ConsMesPlaca":52.00953674,"ConsDiaRede":18.09431076,"ConsMesRede":18.09431076,"Status":"REDE"}