{"Corrente":0,"Tensao":0.531000018,"Consumo":8.655833881e-6,"Status":"REDE"}