{"CorrPlaca":0.305999994,"TensPlaca":18.10099983,"CorrRede":1.519999981,"TensRede":0.372000009,"ConsDiaPlaca":3791.454102,"ConsMesPlaca":3791.454102,"ConsDiaRede":1179.185181,"ConsMesRede":1179.185181,"Status":"REDE"}