{"CorrPlaca":0,"TensPlaca":6.703000069,"CorrRede":0.841000021,"TensRede":0.493999988,"ConsDiaPlaca":1.533571362,"ConsMesPlaca":1.533571362,"ConsDiaRede":5.861186028,"ConsMesRede":5.861186028,"Status":"REDE"}