{"CorrPlaca":5,"TensPlaca":25,"CorrRede":1.465000033,"TensRede":3.961999893,"ConsDiaPlaca":24860.98242,"ConsMesPlaca":24860.98242,"ConsDiaRede":1015.388916,"ConsMesRede":1015.388916,"Status":"REDE"}