{"CorrPlaca":0.338,"TensPlaca":3.174000025,"CorrRede":0.782000005,"TensRede":1.465000033,"ConsDiaPlaca":159.5373535,"ConsMesPlaca":159.5373535,"ConsDiaRede":149.4050446,"ConsMesRede":149.4050446,"Status":"REDE"}