{"CorrPlaca":0.085000001,"TensPlaca":6.636000156,"CorrRede":0.978999972,"TensRede":0.128000006,"ConsDiaPlaca":27.50949478,"ConsMesPlaca":27.50949478,"ConsDiaRede":8.655282974,"ConsMesRede":8.655282974,"Status":"REDE"}