{"CorrPlaca":0.002,"TensPlaca":6.482999802,"CorrRede":0.865999997,"TensRede":0.194999993,"ConsDiaPlaca":80.62675476,"ConsMesPlaca":80.62675476,"ConsDiaRede":30.93104935,"ConsMesRede":30.93104935,"Status":"REDE"}