{"CorrPlaca":5,"TensPlaca":15.62199974,"CorrRede":1.559000015,"TensRede":0.335000008,"ConsDiaPlaca":5690.249023,"ConsMesPlaca":5690.249023,"ConsDiaRede":481.3001099,"ConsMesRede":481.3001099,"Status":"REDE"}