{"CorrPlaca":0.291000009,"TensPlaca":18.13100052,"CorrRede":1.437999964,"TensRede":0,"ConsDiaPlaca":4806.476563,"ConsMesPlaca":4806.476563,"ConsDiaRede":1493.314331,"ConsMesRede":1493.314331,"Status":"REDE"}