{"CorrPlaca":2.426000118,"TensPlaca":18.05800056,"CorrRede":2.95600009,"TensRede":5.5,"ConsDiaPlaca":3259.740967,"ConsMesPlaca":3259.740967,"ConsDiaRede":1281.406372,"ConsMesRede":1281.406372,"Status":"REDE"}