{"Corrente":16.13699913,"Tensao":3.809000015,"Consumo":0.691840231,"Status":"REDE"}