{"CorrPlaca":5,"TensPlaca":25,"CorrRede":1.730000019,"TensRede":1.519999981,"ConsDiaPlaca":2187.501221,"ConsMesPlaca":2187.501221,"ConsDiaRede":106.4852982,"ConsMesRede":106.4852982,"Status":"REDE"}