{"CorrPlaca":5,"TensPlaca":25,"CorrRede":1.902999997,"TensRede":2.161000013,"ConsDiaPlaca":15416.59766,"ConsMesPlaca":15416.59766,"ConsDiaRede":529.3200684,"ConsMesRede":529.3200684,"Status":"REDE"}