{"CorrPlaca":0.623000026,"TensPlaca":18.06999969,"CorrRede":1.799000025,"TensRede":2.637000084,"ConsDiaPlaca":4104.860352,"ConsMesPlaca":4104.860352,"ConsDiaRede":1595.005981,"ConsMesRede":1595.005981,"Status":"REDE"}