{"CorrPlaca":1.100000024,"TensPlaca":5.731999874,"CorrRede":1.343999982,"TensRede":2.637000084,"ConsDiaPlaca":10.26167679,"ConsMesPlaca":10.26167679,"ConsDiaRede":5.870162487,"ConsMesRede":5.870162487,"Status":"REDE"}