{"CorrPlaca":0,"TensPlaca":6.611000061,"CorrRede":0.851000011,"TensRede":0.140000001,"ConsDiaPlaca":84.10515594,"ConsMesPlaca":84.10515594,"ConsDiaRede":35.62472916,"ConsMesRede":35.62472916,"Status":"REDE"}