{"CorrPlaca":0.119000003,"TensPlaca":6.665999889,"CorrRede":0.995999992,"TensRede":0.293000013,"ConsDiaPlaca":18.64410591,"ConsMesPlaca":18.64410591,"ConsDiaRede":6.546383381,"ConsMesRede":6.546383381,"Status":"REDE"}