{"CorrPlaca":1.771000028,"TensPlaca":18.13699913,"CorrRede":2.512000084,"TensRede":2.71600008,"ConsDiaPlaca":438.1173096,"ConsMesPlaca":438.1173096,"ConsDiaRede":204.5180969,"ConsMesRede":204.5180969,"Status":"REDE"}