{"CorrPlaca":0.828999996,"TensPlaca":18.10700035,"CorrRede":1.952999949,"TensRede":3.229000092,"ConsDiaPlaca":4251.379395,"ConsMesPlaca":4251.379395,"ConsDiaRede":1659.813354,"ConsMesRede":1659.813354,"Status":"REDE"}