{"CorrPlaca":0.108999997,"TensPlaca":18.06999969,"CorrRede":1.256000042,"TensRede":0,"ConsDiaPlaca":4401.041016,"ConsMesPlaca":4401.041016,"ConsDiaRede":1711.390015,"ConsMesRede":1711.390015,"Status":"REDE"}