{"CorrPlaca":0.925000012,"TensPlaca":18.07600021,"CorrRede":1.873999953,"TensRede":0,"ConsDiaPlaca":4780.032227,"ConsMesPlaca":4780.032227,"ConsDiaRede":1486.084961,"ConsMesRede":1486.084961,"Status":"REDE"}