{"CorrPlaca":1.797000051,"TensPlaca":25,"CorrRede":2.38499999,"TensRede":2.380000114,"ConsDiaPlaca":12.58539009,"ConsMesPlaca":12.58539009,"ConsDiaRede":2.921246052,"ConsMesRede":2.921246052,"Status":"REDE"}