{"CorrPlaca":5,"TensPlaca":25,"CorrRede":0.730000019,"TensRede":0.726000011,"ConsDiaPlaca":11666.62207,"ConsMesPlaca":11666.62207,"ConsDiaRede":355.3888855,"ConsMesRede":355.3888855,"Status":"REDE"}