{"CorrPlaca":0.64200002,"TensPlaca":18.06399918,"CorrRede":1.654000044,"TensRede":0,"ConsDiaPlaca":1580.384766,"ConsMesPlaca":1580.384766,"ConsDiaRede":491.5986938,"ConsMesRede":491.5986938,"Status":"REDE"}