{"CorrPlaca":0.037,"TensPlaca":6.574999809,"CorrRede":0.976000011,"TensRede":0.231000006,"ConsDiaPlaca":47.2931633,"ConsMesPlaca":47.2931633,"ConsDiaRede":15.93655205,"ConsMesRede":15.93655205,"Status":"REDE"}