{"CorrPlaca":1.152999997,"TensPlaca":17.97299957,"CorrRede":1.975999951,"TensRede":0.488000005,"ConsDiaPlaca":1361.117676,"ConsMesPlaca":1361.117676,"ConsDiaRede":548.0857544,"ConsMesRede":548.0857544,"Status":"REDE"}