{"CorrPlaca":0,"TensPlaca":0.781000018,"CorrRede":0.486999989,"TensRede":0.097000003,"ConsDiaPlaca":0.002766667,"ConsMesPlaca":0.002766667,"ConsDiaRede":0.707960486,"ConsMesRede":0.707960486,"Status":"REDE"}