{"CorrPlaca":2.00999999,"TensPlaca":18.18000031,"CorrRede":2.796999931,"TensRede":6.653999805,"ConsDiaPlaca":380.6137695,"ConsMesPlaca":380.6137695,"ConsDiaRede":148.4866028,"ConsMesRede":148.4866028,"Status":"REDE"}