{"CorrPlaca":0.272000015,"TensPlaca":3.118999958,"CorrRede":0.666000009,"TensRede":0.067000002,"ConsDiaPlaca":159.2393646,"ConsMesPlaca":159.2393646,"ConsDiaRede":149.0868073,"ConsMesRede":149.0868073,"Status":"REDE"}