{"CorrPlaca":0.55400002,"TensPlaca":18.06999969,"CorrRede":1.820000052,"TensRede":1.330000043,"ConsDiaPlaca":5066.022461,"ConsMesPlaca":5066.022461,"ConsDiaRede":1582.061035,"ConsMesRede":1582.061035,"Status":"REDE"}