{"CorrPlaca":0,"TensPlaca":6.677999973,"CorrRede":0.824000001,"TensRede":0.194999993,"ConsDiaPlaca":86.80936432,"ConsMesPlaca":86.80936432,"ConsDiaRede":41.56094742,"ConsMesRede":41.56094742,"Status":"REDE"}