{"corrente":1.202000022,"tensao":6.611000061,"consumo":1.383601189}