{"CorrPlaca":1.595000029,"TensPlaca":18.10700035,"CorrRede":2.566999912,"TensRede":5.927000046,"ConsDiaPlaca":1710.815308,"ConsMesPlaca":1710.815308,"ConsDiaRede":767.5579224,"ConsMesRede":767.5579224,"Status":"REDE"}