{"CorrPlaca":0,"TensPlaca":3.204999924,"CorrRede":0.252999991,"TensRede":0,"ConsDiaPlaca":158.9222412,"ConsMesPlaca":158.9222412,"ConsDiaRede":149.0744171,"ConsMesRede":149.0744171,"Status":"REDE"}