{"CorrPlaca":1.623000026,"TensPlaca":18.10700035,"CorrRede":2.377000093,"TensRede":1.269000053,"ConsDiaPlaca":1135.971558,"ConsMesPlaca":1135.971558,"ConsDiaRede":354.7128296,"ConsMesRede":354.7128296,"Status":"REDE"}