{"CorrPlaca":2.305000067,"TensPlaca":18.0340004,"CorrRede":2.924000025,"TensRede":4.693999767,"ConsDiaPlaca":3530.912842,"ConsMesPlaca":3530.912842,"ConsDiaRede":1102.442627,"ConsMesRede":1102.442627,"Status":"REDE"}