{"CorrPlaca":0.939999998,"TensPlaca":3.191999912,"CorrRede":1.101999998,"TensRede":1.54400003,"ConsDiaPlaca":4881.198242,"ConsMesPlaca":4881.198242,"ConsDiaRede":428.1767578,"ConsMesRede":428.1767578,"Status":"REDE"}