{"corrente":2.772000074,"tensao":5,"consumo":0.046953321}