{"CorrPlaca":0,"TensPlaca":18.06999969,"CorrRede":1.226999998,"TensRede":0,"ConsDiaPlaca":81.75603485,"ConsMesPlaca":81.75603485,"ConsDiaRede":34.58667755,"ConsMesRede":34.58667755,"Status":"REDE"}