{"Corrente":176.4649963,"Tensao":2.864000082,"Consumo":22.84268188,"Status":"REDE"}