{"CorrPlaca":5,"TensPlaca":25,"CorrRede":0.623000026,"TensRede":0.372000009,"ConsDiaPlaca":25833.19727,"ConsMesPlaca":25833.19727,"ConsDiaRede":1036.9375,"ConsMesRede":1036.9375,"Status":"REDE"}