{"CorrPlaca":0,"TensPlaca":0,"CorrRede":0.64200002,"TensRede":6.677999973,"ConsDiaPlaca":1.587435603,"ConsMesPlaca":1.587435603,"ConsDiaRede":51.27697372,"ConsMesRede":51.27697372,"Status":"REDE"}