{"CorrPlaca":0.101999998,"TensPlaca":6.703000069,"CorrRede":1.006999969,"TensRede":0.188999996,"ConsDiaPlaca":34.86310959,"ConsMesPlaca":34.86310959,"ConsDiaRede":11.19934368,"ConsMesRede":11.19934368,"Status":"REDE"}