{"CorrPlaca":0.300999999,"TensPlaca":18.06999969,"CorrRede":1.449000001,"TensRede":0,"ConsDiaPlaca":3770.413086,"ConsMesPlaca":3770.413086,"ConsDiaRede":1172.118164,"ConsMesRede":1172.118164,"Status":"REDE"}