{"Corrente":0.565999985,"Tensao":0,"Consumo":0.002813442,"Status":"REDE"}