{"CorrPlaca":0.064000003,"TensPlaca":6.684000015,"CorrRede":0.88499999,"TensRede":0.218999997,"ConsDiaPlaca":82.96064758,"ConsMesPlaca":82.96064758,"ConsDiaRede":33.40433502,"ConsMesRede":33.40433502,"Status":"REDE"}