{"CorrPlaca":0.035,"TensPlaca":6.653999805,"CorrRede":0.851000011,"TensRede":0.231000006,"ConsDiaPlaca":85.03120422,"ConsMesPlaca":85.03120422,"ConsDiaRede":37.0233345,"ConsMesRede":37.0233345,"Status":"REDE"}