{"CorrPlaca":0,"TensPlaca":6.684000015,"CorrRede":0.841000021,"TensRede":0.194999993,"ConsDiaPlaca":86.29821777,"ConsMesPlaca":86.29821777,"ConsDiaRede":40.11541367,"ConsMesRede":40.11541367,"Status":"REDE"}