{"CorrPlaca":0.252999991,"TensPlaca":18.13100052,"CorrRede":1.55400002,"TensRede":0.067000002,"ConsDiaPlaca":2857.887695,"ConsMesPlaca":2857.887695,"ConsDiaRede":889.0784912,"ConsMesRede":889.0784912,"Status":"REDE"}