{"CorrPlaca":3.089999914,"TensPlaca":18.1439991,"CorrRede":3.553999901,"TensRede":8.699000359,"ConsDiaPlaca":616.4522705,"ConsMesPlaca":616.4522705,"ConsDiaRede":255.1429596,"ConsMesRede":255.1429596,"Status":"REDE"}