{"CorrPlaca":0.377999991,"TensPlaca":18.0890007,"CorrRede":1.588999987,"TensRede":1.506999969,"ConsDiaPlaca":2620.227783,"ConsMesPlaca":2620.227783,"ConsDiaRede":1035.228394,"ConsMesRede":1035.228394,"Status":"REDE"}