{"CorrPlaca":5,"TensPlaca":25,"CorrRede":1.786000013,"TensRede":5.268000126,"ConsDiaPlaca":10590.24023,"ConsMesPlaca":10590.24023,"ConsDiaRede":322.6584167,"ConsMesRede":322.6584167,"Status":"REDE"}