{"CorrPlaca":0.694999993,"TensPlaca":1.062000036,"CorrRede":0.433999985,"TensRede":0.976000011,"ConsDiaPlaca":48.54082489,"ConsMesPlaca":48.54082489,"ConsDiaRede":41.81281662,"ConsMesRede":41.81281662,"Status":"REDE"}