{"CorrPlaca":3.431999922,"TensPlaca":25,"CorrRede":2.374000072,"TensRede":4.272999763,"ConsDiaPlaca":30039.3418,"ConsMesPlaca":30039.3418,"ConsDiaRede":769.9893188,"ConsMesRede":769.9893188,"Status":"REDE"}