{"CorrPlaca":0.328999996,"TensPlaca":18.15600014,"CorrRede":1.521999955,"TensRede":0,"ConsDiaPlaca":1794.66748,"ConsMesPlaca":1794.66748,"ConsDiaRede":552.1855469,"ConsMesRede":552.1855469,"Status":"REDE"}