{"Corrente":2.737999916,"Tensao":7.074999809,"Consumo":0.099550068,"Status":"PLACA"}