{"CorrPlaca":5,"TensPlaca":25,"CorrRede":2.489000082,"TensRede":5.5,"ConsDiaPlaca":20242.95508,"ConsMesPlaca":20242.95508,"ConsDiaRede":776.2283936,"ConsMesRede":776.2283936,"Status":"REDE"}