{"CorrPlaca":0,"TensPlaca":0.781000018,"CorrRede":0.507000029,"TensRede":0.298999995,"ConsDiaPlaca":0,"ConsMesPlaca":0,"ConsDiaRede":0.61119163,"ConsMesRede":0.61119163,"Status":"REDE"}