{"CorrPlaca":0.449000001,"TensPlaca":18.01499939,"CorrRede":1.542999983,"TensRede":0,"ConsDiaPlaca":880.1713257,"ConsMesPlaca":880.1713257,"ConsDiaRede":356.2983398,"ConsMesRede":356.2983398,"Status":"REDE"}