{"CorrPlaca":5,"TensPlaca":25,"CorrRede":0.524999976,"TensRede":0,"ConsDiaPlaca":25763.75391,"ConsMesPlaca":25763.75391,"ConsDiaRede":1036.851685,"ConsMesRede":1036.851685,"Status":"REDE"}