{"CorrPlaca":0.177000001,"TensPlaca":6.642000198,"CorrRede":1,"TensRede":0.328999996,"ConsDiaPlaca":20.30348396,"ConsMesPlaca":20.30348396,"ConsDiaRede":7.06544733,"ConsMesRede":7.06544733,"Status":"REDE"}