{"CorrPlaca":0.697000027,"TensPlaca":4.822000027,"CorrRede":1.279999971,"TensRede":3.663000107,"ConsDiaPlaca":93.35044098,"ConsMesPlaca":93.35044098,"ConsDiaRede":83.23259735,"ConsMesRede":83.23259735,"Status":"REDE"}