{"Corrente":2.76699996,"Tensao":0,"Consumo":0.099550068,"Status":"REDE"}