{"CorrPlaca":0.052000001,"TensPlaca":18.10099983,"CorrRede":1.388000011,"TensRede":0.140000001,"ConsDiaPlaca":167.5886078,"ConsMesPlaca":167.5886078,"ConsDiaRede":59.14099121,"ConsMesRede":59.14099121,"Status":"REDE"}