{"CorrPlaca":0.97299999,"TensPlaca":18.06999969,"CorrRede":2.112999916,"TensRede":2.002000093,"ConsDiaPlaca":892.8259277,"ConsMesPlaca":892.8259277,"ConsDiaRede":278.459259,"ConsMesRede":278.459259,"Status":"REDE"}