{"CorrPlaca":0.316000015,"TensPlaca":3.22300005,"CorrRede":0.768999994,"TensRede":1.422000051,"ConsDiaPlaca":118.0669556,"ConsMesPlaca":118.0669556,"ConsDiaRede":114.5182648,"ConsMesRede":114.5182648,"Status":"REDE"}