{"CorrPlaca":0.528999984,"TensPlaca":18.06999969,"CorrRede":1.519999981,"TensRede":0,"ConsDiaPlaca":2906.008789,"ConsMesPlaca":2906.008789,"ConsDiaRede":1151.185303,"ConsMesRede":1151.185303,"Status":"REDE"}