{"Corrente":14.54500008,"Tensao":7.811999798,"Consumo":0.258578777,"Status":"PLACA"}