{"CorrPlaca":0.328000009,"TensPlaca":18.05200005,"CorrRede":1.503999949,"TensRede":0,"ConsDiaPlaca":1768.251587,"ConsMesPlaca":1768.251587,"ConsDiaRede":546.4329834,"ConsMesRede":546.4329834,"Status":"REDE"}