{"CorrPlaca":0.123000003,"TensPlaca":6.763999939,"CorrRede":0.991999984,"TensRede":0.261999995,"ConsDiaPlaca":34.36601257,"ConsMesPlaca":34.36601257,"ConsDiaRede":11.03069496,"ConsMesRede":11.03069496,"Status":"REDE"}