{"corrente":3.411999941,"tensao":2.086999893,"consumo":0.261065692}