{"CorrPlaca":2.907000065,"TensPlaca":18.125,"CorrRede":3.325999975,"TensRede":7.820000172,"ConsDiaPlaca":3713.548096,"ConsMesPlaca":3713.548096,"ConsDiaRede":1452.009644,"ConsMesRede":1452.009644,"Status":"REDE"}