{"CorrPlaca":0,"TensPlaca":0,"CorrRede":0.453999996,"TensRede":0.182999998,"ConsDiaPlaca":11.38347912,"ConsMesPlaca":11.38347912,"ConsDiaRede":2.186021328,"ConsMesRede":2.186021328,"Status":"REDE"}