{"CorrPlaca":0,"TensPlaca":0,"CorrRede":0.583000004,"TensRede":0,"ConsDiaPlaca":1.587435603,"ConsMesPlaca":1.587435603,"ConsDiaRede":17.47901535,"ConsMesRede":17.47901535,"Status":"REDE"}