{"Corrente":14.06200027,"Tensao":14.23999977,"Consumo":4.367664337,"Status":"PLACA"}