{"Corrente":0.476000011,"Tensao":0,"Consumo":0.000573213,"Status":"REDE"}