{"CorrPlaca":0.279000014,"TensPlaca":6.506999969,"CorrRede":1,"TensRede":0.384000003,"ConsDiaPlaca":10.48225975,"ConsMesPlaca":10.48225975,"ConsDiaRede":3.995336771,"ConsMesRede":3.995336771,"Status":"REDE"}