{"CorrPlaca":5,"TensPlaca":25,"CorrRede":2.367000103,"TensRede":5.170000076,"ConsDiaPlaca":20312.40039,"ConsMesPlaca":20312.40039,"ConsDiaRede":783.4046021,"ConsMesRede":783.4046021,"Status":"REDE"}