{"CorrPlaca":0.001,"TensPlaca":6.703000069,"CorrRede":0.875,"TensRede":0.194999993,"ConsDiaPlaca":81.0842514,"ConsMesPlaca":81.0842514,"ConsDiaRede":31.39336014,"ConsMesRede":31.39336014,"Status":"REDE"}