{"CorrPlaca":5,"TensPlaca":25,"CorrRede":1.042999983,"TensRede":0,"ConsDiaPlaca":20867.95117,"ConsMesPlaca":20867.95117,"ConsDiaRede":801.9970703,"ConsMesRede":801.9970703,"Status":"REDE"}