{"CorrPlaca":0.547999978,"TensPlaca":18.10700035,"CorrRede":1.718999982,"TensRede":0.897000015,"ConsDiaPlaca":2439.277832,"ConsMesPlaca":2439.277832,"ConsDiaRede":761.019104,"ConsMesRede":761.019104,"Status":"REDE"}