{"CorrPlaca":1.338999987,"TensPlaca":18.0890007,"CorrRede":2.167999983,"TensRede":1.092000008,"ConsDiaPlaca":981.1633911,"ConsMesPlaca":981.1633911,"ConsDiaRede":399.2961121,"ConsMesRede":399.2961121,"Status":"REDE"}