{"CorrPlaca":0,"TensPlaca":0,"CorrRede":0.611000001,"TensRede":0.017999999,"ConsDiaPlaca":1.587435603,"ConsMesPlaca":1.587435603,"ConsDiaRede":187.6973877,"ConsMesRede":187.6973877,"Status":"REDE"}