{"CorrPlaca":2.073999882,"TensPlaca":25,"CorrRede":3.782000065,"TensRede":3.980000019,"ConsDiaPlaca":980.5303345,"ConsMesPlaca":980.5303345,"ConsDiaRede":279.7149963,"ConsMesRede":279.7149963,"Status":"REDE"}