{"CorrPlaca":0,"TensPlaca":0,"CorrRede":0.574999988,"TensRede":0.006,"ConsDiaPlaca":1.587435603,"ConsMesPlaca":1.587435603,"ConsDiaRede":22.11230659,"ConsMesRede":22.11230659,"Status":"REDE"}