{"CorrPlaca":5,"TensPlaca":25,"CorrRede":1.212000012,"TensRede":2.582000017,"ConsDiaPlaca":26527.63867,"ConsMesPlaca":26527.63867,"ConsDiaRede":1066.023315,"ConsMesRede":1066.023315,"Status":"REDE"}