{"CorrPlaca":5,"TensPlaca":25,"CorrRede":2.483999968,"TensRede":5.952000141,"ConsDiaPlaca":16458.25781,"ConsMesPlaca":16458.25781,"ConsDiaRede":578.6765137,"ConsMesRede":578.6765137,"Status":"REDE"}