{"Corrente":0,"Tensao":1.080000043,"Consumo":8.655833881e-6,"Status":"REDE"}