{"Corrente":0.388000011,"Tensao":0,"Consumo":0.057277199,"Status":"REDE"}