{"corrente":0.781000018,"tensao":3.262000084,"consumo":0.015122328}