{"CorrPlaca":5,"TensPlaca":25,"CorrRede":2.559999943,"TensRede":7.05700016,"ConsDiaPlaca":18090.19141,"ConsMesPlaca":18090.19141,"ConsDiaRede":668.4865112,"ConsMesRede":668.4865112,"Status":"REDE"}