{"CorrPlaca":5,"TensPlaca":25,"CorrRede":0.615999997,"TensRede":0.372000009,"ConsDiaPlaca":10833.29395,"ConsMesPlaca":10833.29395,"ConsDiaRede":327.7002869,"ConsMesRede":327.7002869,"Status":"REDE"}