{"CorrPlaca":0.169,"TensPlaca":18.06999969,"CorrRede":1.32099998,"TensRede":0,"ConsDiaPlaca":4896.649414,"ConsMesPlaca":4896.649414,"ConsDiaRede":1923.498901,"ConsMesRede":1923.498901,"Status":"REDE"}