{"CorrPlaca":0.136000007,"TensPlaca":6.550000191,"CorrRede":0.95599997,"TensRede":0.213,"ConsDiaPlaca":11.98566818,"ConsMesPlaca":11.98566818,"ConsDiaRede":4.457501888,"ConsMesRede":4.457501888,"Status":"REDE"}