{"CorrPlaca":5,"TensPlaca":25,"CorrRede":0.623000026,"TensRede":0.389999986,"ConsDiaPlaca":32291.49023,"ConsMesPlaca":32291.49023,"ConsDiaRede":1328.030273,"ConsMesRede":1328.030273,"Status":"REDE"}