{"CorrPlaca":0.708000004,"TensPlaca":1.807000041,"CorrRede":0.578000009,"TensRede":1.470999956,"ConsDiaPlaca":23.14518929,"ConsMesPlaca":23.14518929,"ConsDiaRede":17.07654381,"ConsMesRede":17.07654381,"Status":"REDE"}