{"Corrente":16.29999924,"Tensao":4.231999874,"Consumo":0.573617697,"Status":"REDE"}