{"Corrente":14.05700016,"Tensao":26.72400093,"Consumo":7.145010471,"Status":"PLACA"}