{"Corrente":175.4290009,"Tensao":11.71800041,"Consumo":2.657796383,"Status":"PLACA"}