{"CorrPlaca":0.178000003,"TensPlaca":0,"CorrRede":0.024,"TensRede":0,"ConsDiaPlaca":182.0374146,"ConsMesPlaca":182.0374146,"ConsDiaRede":167.7514343,"ConsMesRede":167.7514343,"Status":"REDE"}