{"CorrPlaca":0.021,"TensPlaca":6.738999844,"CorrRede":0.875,"TensRede":0.201000005,"ConsDiaPlaca":82.40834045,"ConsMesPlaca":82.40834045,"ConsDiaRede":32.9916954,"ConsMesRede":32.9916954,"Status":"REDE"}