{"CorrPlaca":2.737999916,"TensPlaca":18.0890007,"CorrRede":3.282000065,"TensRede":8.381999969,"ConsDiaPlaca":3078.602051,"ConsMesPlaca":3078.602051,"ConsDiaRede":1221.322021,"ConsMesRede":1221.322021,"Status":"REDE"}