{"CorrPlaca":0,"TensPlaca":6.709000111,"CorrRede":0.759000003,"TensRede":0.103,"ConsDiaPlaca":1.587435603,"ConsMesPlaca":1.587435603,"ConsDiaRede":22.30200386,"ConsMesRede":22.30200386,"Status":"REDE"}