{"CorrPlaca":5,"TensPlaca":25,"CorrRede":2.200999975,"TensRede":1.654000044,"ConsDiaPlaca":18263.80273,"ConsMesPlaca":18263.80273,"ConsDiaRede":673.015564,"ConsMesRede":673.015564,"Status":"REDE"}