{"Corrente":16.1439991,"Tensao":26.62599945,"Consumo":0.995897949,"Status":"PLACA"}