{"CorrPlaca":0.126000002,"TensPlaca":6.659999847,"CorrRede":0.99000001,"TensRede":0.273999989,"ConsDiaPlaca":8.510261536,"ConsMesPlaca":8.510261536,"ConsDiaRede":3.033625126,"ConsMesRede":3.033625126,"Status":"REDE"}