{"CorrPlaca":0.662999988,"TensPlaca":18.06399918,"CorrRede":1.707999945,"TensRede":0,"ConsDiaPlaca":4723.443359,"ConsMesPlaca":4723.443359,"ConsDiaRede":1467.738037,"ConsMesRede":1467.738037,"Status":"REDE"}