{"Corrente":0,"Tensao":5.860000134,"Consumo":0.018012863,"Status":"REDE"}