{"CorrPlaca":0.206,"TensPlaca":18.15600014,"CorrRede":1.40199995,"TensRede":0,"ConsDiaPlaca":3729.432861,"ConsMesPlaca":3729.432861,"ConsDiaRede":1164.91272,"ConsMesRede":1164.91272,"Status":"REDE"}