{"Corrente":0,"Tensao":0.061000001,"Consumo":8.655833881e-6,"Status":"REDE"}