{"CorrPlaca":2.832000017,"TensPlaca":18.0890007,"CorrRede":3.267999887,"TensRede":7.495999813,"ConsDiaPlaca":2738.615234,"ConsMesPlaca":2738.615234,"ConsDiaRede":1086.825317,"ConsMesRede":1086.825317,"Status":"REDE"}