{"CorrPlaca":0,"TensPlaca":6.623000145,"CorrRede":0.827000022,"TensRede":0,"ConsDiaPlaca":84.70648193,"ConsMesPlaca":84.70648193,"ConsDiaRede":36.64276505,"ConsMesRede":36.64276505,"Status":"REDE"}