{"CorrPlaca":0.722000003,"TensPlaca":3.118999958,"CorrRede":0.970000029,"TensRede":1.54400003,"ConsDiaPlaca":131.855957,"ConsMesPlaca":131.855957,"ConsDiaRede":127.7980728,"ConsMesRede":127.7980728,"Status":"REDE"}