{"CorrPlaca":5,"TensPlaca":25,"CorrRede":1.149999976,"TensRede":2.246000051,"ConsDiaPlaca":16770.75586,"ConsMesPlaca":16770.75586,"ConsDiaRede":591.9182129,"ConsMesRede":591.9182129,"Status":"REDE"}