{"Corrente":0,"Tensao":6.000999928,"Consumo":0.016032126,"Status":"REDE"}