{"CorrPlaca":0,"TensPlaca":0.836000025,"CorrRede":0.409999996,"TensRede":1.879999995,"ConsDiaPlaca":0,"ConsMesPlaca":0,"ConsDiaRede":0.21411112,"ConsMesRede":0.21411112,"Status":"REDE"}