{"Corrente":14.14000034,"Tensao":2.928999901,"Consumo":1.59607625,"Status":"REDE"}