{"Corrente":14.53100014,"Tensao":16.87700081,"Consumo":6.658376694,"Status":"PLACA"}