{"CorrPlaca":5,"TensPlaca":25,"CorrRede":2.365999937,"TensRede":5.316999912,"ConsDiaPlaca":26423.47266,"ConsMesPlaca":26423.47266,"ConsDiaRede":1055.861694,"ConsMesRede":1055.861694,"Status":"REDE"}