{"CorrPlaca":5,"TensPlaca":25,"CorrRede":2.128999949,"TensRede":6.665999889,"ConsDiaPlaca":12013.8418,"ConsMesPlaca":12013.8418,"ConsDiaRede":365.4370117,"ConsMesRede":365.4370117,"Status":"REDE"}