{"CorrPlaca":0.412999988,"TensPlaca":18.06399918,"CorrRede":1.629999995,"TensRede":0.879000008,"ConsDiaPlaca":4570.557617,"ConsMesPlaca":4570.557617,"ConsDiaRede":1424.802979,"ConsMesRede":1424.802979,"Status":"REDE"}