{"Corrente":0.345999986,"Tensao":0,"Consumo":0.053693287,"Status":"REDE"}