{"CorrPlaca":0.116999999,"TensPlaca":6.738999844,"CorrRede":1,"TensRede":0.298999995,"ConsDiaPlaca":41.65387344,"ConsMesPlaca":41.65387344,"ConsDiaRede":13.48298931,"ConsMesRede":13.48298931,"Status":"REDE"}