{"CorrPlaca":5,"TensPlaca":25,"CorrRede":2.404000044,"TensRede":7.368000031,"ConsDiaPlaca":10486.07422,"ConsMesPlaca":10486.07422,"ConsDiaRede":313.8489685,"ConsMesRede":313.8489685,"Status":"REDE"}