{"CorrPlaca":0,"TensPlaca":3.217000008,"CorrRede":0.423000008,"TensRede":0,"ConsDiaPlaca":139.076889,"ConsMesPlaca":139.076889,"ConsDiaRede":133.7422791,"ConsMesRede":133.7422791,"Status":"REDE"}