{"CorrPlaca":0,"TensPlaca":0,"CorrRede":0.648000002,"TensRede":6.738999844,"ConsDiaPlaca":1.587435603,"ConsMesPlaca":1.587435603,"ConsDiaRede":126.065361,"ConsMesRede":126.065361,"Status":"REDE"}