{"CorrPlaca":0.564999998,"TensPlaca":18.10099983,"CorrRede":1.516000032,"TensRede":0,"ConsDiaPlaca":36.94986343,"ConsMesPlaca":36.94986343,"ConsDiaRede":18.13022995,"ConsMesRede":18.13022995,"Status":"REDE"}