{"CorrPlaca":0,"TensPlaca":0,"CorrRede":0.609000027,"TensRede":0.097000003,"ConsDiaPlaca":35324.91406,"ConsMesPlaca":35324.91406,"ConsDiaRede":1416.480469,"ConsMesRede":1416.480469,"Status":"REDE"}