{"CorrPlaca":0,"TensPlaca":0.787,"CorrRede":0.513999999,"TensRede":0.555000007,"ConsDiaPlaca":0.009997778,"ConsMesPlaca":0.009997778,"ConsDiaRede":0.81841749,"ConsMesRede":0.81841749,"Status":"REDE"}