{"CorrPlaca":5,"TensPlaca":25,"CorrRede":0.49000001,"TensRede":0,"ConsDiaPlaca":20138.78906,"ConsMesPlaca":20138.78906,"ConsDiaRede":771.9658203,"ConsMesRede":771.9658203,"Status":"REDE"}