{"CorrPlaca":5,"TensPlaca":25,"CorrRede":0.774999976,"TensRede":0.68900001,"ConsDiaPlaca":1666.66748,"ConsMesPlaca":1666.66748,"ConsDiaRede":92.11737823,"ConsMesRede":92.11737823,"Status":"REDE"}