{"CorrPlaca":0.379999995,"TensPlaca":18.08300018,"CorrRede":1.442999959,"TensRede":0,"ConsDiaPlaca":3433.736328,"ConsMesPlaca":3433.736328,"ConsDiaRede":1345.269287,"ConsMesRede":1345.269287,"Status":"REDE"}