{"Corrente":14.375,"Tensao":27.55400085,"Consumo":5.720226765,"Status":"PLACA"}