{"CorrPlaca":0.037,"TensPlaca":6.544000149,"CorrRede":0.957000017,"TensRede":0.164000005,"ConsDiaPlaca":59.00934601,"ConsMesPlaca":59.00934601,"ConsDiaRede":21.72572708,"ConsMesRede":21.72572708,"Status":"REDE"}