{"Corrente":179.2779999,"Tensao":4.426000118,"Consumo":20.06876564,"Status":"REDE"}