{"CorrPlaca":0.984000027,"TensPlaca":25,"CorrRede":2.835000038,"TensRede":0.512000024,"ConsDiaPlaca":740.0720825,"ConsMesPlaca":740.0720825,"ConsDiaRede":236.607193,"ConsMesRede":236.607193,"Status":"REDE"}