{"CorrPlaca":0.156000003,"TensPlaca":6.738999844,"CorrRede":1.026000023,"TensRede":0.273999989,"ConsDiaPlaca":6.177597046,"ConsMesPlaca":6.177597046,"ConsDiaRede":2.303032875,"ConsMesRede":2.303032875,"Status":"REDE"}