{"corrente":0.742999971,"tensao":0,"consumo":0.007096325}