{"CorrPlaca":0,"TensPlaca":0.694999993,"CorrRede":0.460000008,"TensRede":0.158000007,"ConsDiaPlaca":0,"ConsMesPlaca":0,"ConsDiaRede":0.674819171,"ConsMesRede":0.674819171,"Status":"REDE"}