{"CorrPlaca":0.703000009,"TensPlaca":0,"CorrRede":0.195999995,"TensRede":0,"ConsDiaPlaca":30.22988701,"ConsMesPlaca":30.22988701,"ConsDiaRede":24.67646027,"ConsMesRede":24.67646027,"Status":"REDE"}