{"CorrPlaca":0,"TensPlaca":6.684000015,"CorrRede":0.809000015,"TensRede":0.067000002,"ConsDiaPlaca":86.90729523,"ConsMesPlaca":86.90729523,"ConsDiaRede":41.84664154,"ConsMesRede":41.84664154,"Status":"REDE"}