{"CorrPlaca":2.088999987,"TensPlaca":18.07600021,"CorrRede":2.851000071,"TensRede":6.073999882,"ConsDiaPlaca":4207.800293,"ConsMesPlaca":4207.800293,"ConsDiaRede":1313.632446,"ConsMesRede":1313.632446,"Status":"REDE"}