{"CorrPlaca":3.029000044,"TensPlaca":18.10700035,"CorrRede":3.634000063,"TensRede":9.37100029,"ConsDiaPlaca":244.8526764,"ConsMesPlaca":244.8526764,"ConsDiaRede":111.7175369,"ConsMesRede":111.7175369,"Status":"REDE"}