{"CorrPlaca":0,"TensPlaca":6.647999763,"CorrRede":0.782000005,"TensRede":0.305000007,"ConsDiaPlaca":1.533571362,"ConsMesPlaca":1.533571362,"ConsDiaRede":16.07565689,"ConsMesRede":16.07565689,"Status":"REDE"}