{"Corrente":2.125,"Tensao":2.203000069,"Consumo":0.149639666,"Status":"REDE"}