{"CorrPlaca":0.112000003,"TensPlaca":6.697000027,"CorrRede":0.995000005,"TensRede":0.286000013,"ConsDiaPlaca":44.14083481,"ConsMesPlaca":44.14083481,"ConsDiaRede":14.62513065,"ConsMesRede":14.62513065,"Status":"REDE"}