{"Corrente":-0.624000013,"Tensao":17.90200043,"Consumo":0.292963386,"Status":"REDE"}