{"CorrPlaca":0.045000002,"TensPlaca":6.721000195,"CorrRede":0.977999985,"TensRede":0.256000012,"ConsDiaPlaca":42.75387573,"ConsMesPlaca":42.75387573,"ConsDiaRede":13.92272377,"ConsMesRede":13.92272377,"Status":"REDE"}