{"CorrPlaca":0,"TensPlaca":6.544000149,"CorrRede":0.792999983,"TensRede":0.207000002,"ConsDiaPlaca":87.6868515,"ConsMesPlaca":87.6868515,"ConsDiaRede":43.93280792,"ConsMesRede":43.93280792,"Status":"REDE"}