{"CorrPlaca":0.074000001,"TensPlaca":6.697000027,"CorrRede":0.897000015,"TensRede":0.25,"ConsDiaPlaca":79.14541626,"ConsMesPlaca":79.14541626,"ConsDiaRede":29.93649673,"ConsMesRede":29.93649673,"Status":"REDE"}