{"CorrPlaca":0.916000009,"TensPlaca":18.1439991,"CorrRede":1.907999992,"TensRede":0,"ConsDiaPlaca":117.1718903,"ConsMesPlaca":117.1718903,"ConsDiaRede":44.46495056,"ConsMesRede":44.46495056,"Status":"REDE"}