{"CorrPlaca":5,"TensPlaca":3.118999958,"CorrRede":1.065000057,"TensRede":0.781000018,"ConsDiaPlaca":6681.424316,"ConsMesPlaca":6681.424316,"ConsDiaRede":508.582428,"ConsMesRede":508.582428,"Status":"REDE"}