{"CorrPlaca":2.940999985,"TensPlaca":18.07600021,"CorrRede":3.470999956,"TensRede":8.631999969,"ConsDiaPlaca":182.3556976,"ConsMesPlaca":182.3556976,"ConsDiaRede":67.46367645,"ConsMesRede":67.46367645,"Status":"REDE"}