{"CorrPlaca":0,"TensPlaca":3.118999958,"CorrRede":0.286000013,"TensRede":0,"ConsDiaPlaca":135.3993378,"ConsMesPlaca":135.3993378,"ConsDiaRede":131.1472931,"ConsMesRede":131.1472931,"Status":"REDE"}