{"CorrPlaca":0.037,"TensPlaca":6.738999844,"CorrRede":0.846000016,"TensRede":0.213,"ConsDiaPlaca":86.17098999,"ConsMesPlaca":86.17098999,"ConsDiaRede":39.70810699,"ConsMesRede":39.70810699,"Status":"REDE"}