{"Corrente":16.93499947,"Tensao":4.361999989,"Consumo":0.205605835,"Status":"REDE"}