{"CorrPlaca":0,"TensPlaca":6.738999844,"CorrRede":0.75,"TensRede":0.207000002,"ConsDiaPlaca":1.539162278,"ConsMesPlaca":1.539162278,"ConsDiaRede":16.40128708,"ConsMesRede":16.40128708,"Status":"REDE"}