{"CorrPlaca":0.097000003,"TensPlaca":6.738999844,"CorrRede":0.981000006,"TensRede":0.280000001,"ConsDiaPlaca":18.42375755,"ConsMesPlaca":18.42375755,"ConsDiaRede":6.465319633,"ConsMesRede":6.465319633,"Status":"REDE"}