{"CorrPlaca":2.670000076,"TensPlaca":18.0890007,"CorrRede":3.187999964,"TensRede":6.818999767,"ConsDiaPlaca":4193.600586,"ConsMesPlaca":4193.600586,"ConsDiaRede":1635.961304,"ConsMesRede":1635.961304,"Status":"REDE"}