{"CorrPlaca":0,"TensPlaca":0,"CorrRede":0.60799998,"TensRede":0.067000002,"ConsDiaPlaca":1.587435603,"ConsMesPlaca":1.587435603,"ConsDiaRede":187.2527771,"ConsMesRede":187.2527771,"Status":"REDE"}