{"CorrPlaca":5,"TensPlaca":25,"CorrRede":3.055999994,"TensRede":0,"ConsDiaPlaca":2354.065674,"ConsMesPlaca":2354.065674,"ConsDiaRede":353.4382935,"ConsMesRede":353.4382935,"Status":"REDE"}