{"corrente":0.731999993,"tensao":0,"consumo":0.022059431}