{"CorrPlaca":0.116999999,"TensPlaca":6.703000069,"CorrRede":0.99000001,"TensRede":0.213,"ConsDiaPlaca":32.40698242,"ConsMesPlaca":32.40698242,"ConsDiaRede":10.38071156,"ConsMesRede":10.38071156,"Status":"REDE"}