{"CorrPlaca":0.059,"TensPlaca":6.738999844,"CorrRede":0.995999992,"TensRede":0.286000013,"ConsDiaPlaca":42.33868027,"ConsMesPlaca":42.33868027,"ConsDiaRede":13.71315765,"ConsMesRede":13.71315765,"Status":"REDE"}