{"CorrPlaca":2.424000025,"TensPlaca":18.0890007,"CorrRede":3.003000021,"TensRede":5.829999924,"ConsDiaPlaca":4336.956055,"ConsMesPlaca":4336.956055,"ConsDiaRede":1689.352051,"ConsMesRede":1689.352051,"Status":"REDE"}