{"CorrPlaca":5,"TensPlaca":18.10099983,"CorrRede":1.458999991,"TensRede":0.177000001,"ConsDiaPlaca":12617.40527,"ConsMesPlaca":12617.40527,"ConsDiaRede":540.9993896,"ConsMesRede":540.9993896,"Status":"REDE"}