{"CorrPlaca":0.467999995,"TensPlaca":3.191999912,"CorrRede":0.827000022,"TensRede":0.555000007,"ConsDiaPlaca":125.500618,"ConsMesPlaca":125.500618,"ConsDiaRede":121.6665192,"ConsMesRede":121.6665192,"Status":"REDE"}