{"CorrPlaca":1.682999969,"TensPlaca":18.06999969,"CorrRede":2.59800005,"TensRede":4.236000061,"ConsDiaPlaca":1074.745361,"ConsMesPlaca":1074.745361,"ConsDiaRede":339.2097778,"ConsMesRede":339.2097778,"Status":"REDE"}