{"CorrPlaca":0,"TensPlaca":6.659999847,"CorrRede":0.800000012,"TensRede":0.134000003,"ConsDiaPlaca":87.85235596,"ConsMesPlaca":87.85235596,"ConsDiaRede":44.47294235,"ConsMesRede":44.47294235,"Status":"REDE"}