{"CorrPlaca":0.330000013,"TensPlaca":3.22300005,"CorrRede":0.825999975,"TensRede":1.378999949,"ConsDiaPlaca":4903.362305,"ConsMesPlaca":4903.362305,"ConsDiaRede":467.6638489,"ConsMesRede":467.6638489,"Status":"REDE"}