{"Corrente":0.097000003,"Tensao":0,"Consumo":0.053693287,"Status":"REDE"}