{"CorrPlaca":1.855000019,"TensPlaca":25,"CorrRede":3.509000063,"TensRede":2.838000059,"ConsDiaPlaca":696.9400635,"ConsMesPlaca":696.9400635,"ConsDiaRede":231.5604095,"ConsMesRede":231.5604095,"Status":"REDE"}