{"CorrPlaca":0,"TensPlaca":0.81099999,"CorrRede":0.381999999,"TensRede":0.067000002,"ConsDiaPlaca":0.027197776,"ConsMesPlaca":0.027197776,"ConsDiaRede":0.701050818,"ConsMesRede":0.701050818,"Status":"REDE"}