{"CorrPlaca":1.018000007,"TensPlaca":18.06999969,"CorrRede":2.122999907,"TensRede":3.430999994,"ConsDiaPlaca":4724.835938,"ConsMesPlaca":4724.835938,"ConsDiaRede":1844.893799,"ConsMesRede":1844.893799,"Status":"REDE"}