{"CorrPlaca":2.323999882,"TensPlaca":18.05800056,"CorrRede":2.930000067,"TensRede":4.889999866,"ConsDiaPlaca":3789.915527,"ConsMesPlaca":3789.915527,"ConsDiaRede":1179.027954,"ConsMesRede":1179.027954,"Status":"REDE"}