{"CorrPlaca":5,"TensPlaca":0,"CorrRede":0.722000003,"TensRede":0.177000001,"ConsDiaPlaca":6477.845703,"ConsMesPlaca":6477.845703,"ConsDiaRede":499.8099365,"ConsMesRede":499.8099365,"Status":"REDE"}