{"CorrPlaca":0,"TensPlaca":0,"CorrRede":0.644999981,"TensRede":6.636000156,"ConsDiaPlaca":1.587435603,"ConsMesPlaca":1.587435603,"ConsDiaRede":140.6828766,"ConsMesRede":140.6828766,"Status":"REDE"}