{"CorrPlaca":4.09100008,"TensPlaca":20.42099953,"CorrRede":4.073999882,"TensRede":1.146999955,"ConsDiaPlaca":116.8070602,"ConsMesPlaca":116.8070602,"ConsDiaRede":7.596342564,"ConsMesRede":7.596342564,"Status":"REDE"}