{"CorrPlaca":5,"TensPlaca":15.62199974,"CorrRede":2.311000109,"TensRede":2.263999939,"ConsDiaPlaca":5646.66748,"ConsMesPlaca":5646.66748,"ConsDiaRede":481.1550598,"ConsMesRede":481.1550598,"Status":"REDE"}