{"CorrPlaca":0.902999997,"TensPlaca":3.118999958,"CorrRede":1.172000051,"TensRede":2.796000004,"ConsDiaPlaca":160.3197021,"ConsMesPlaca":160.3197021,"ConsDiaRede":150.3152924,"ConsMesRede":150.3152924,"Status":"REDE"}