{"CorrPlaca":0,"TensPlaca":18.10099983,"CorrRede":1.223999977,"TensRede":0,"ConsDiaPlaca":814.1987305,"ConsMesPlaca":814.1987305,"ConsDiaRede":328.0719604,"ConsMesRede":328.0719604,"Status":"REDE"}