{"Corrente":0.462000012,"Tensao":1.610999942,"Consumo":0.003338752,"Status":"REDE"}