{"CorrPlaca":2.940999985,"TensPlaca":18.0890007,"CorrRede":3.493999958,"TensRede":8.772000313,"ConsDiaPlaca":962.213623,"ConsMesPlaca":962.213623,"ConsDiaRede":393.4395752,"ConsMesRede":393.4395752,"Status":"REDE"}