{"CorrPlaca":1.679999948,"TensPlaca":18.11300087,"CorrRede":2.559000015,"TensRede":5.68900013,"ConsDiaPlaca":2935.120117,"ConsMesPlaca":2935.120117,"ConsDiaRede":1163.348267,"ConsMesRede":1163.348267,"Status":"REDE"}