{"CorrPlaca":2.772000074,"TensPlaca":18.11300087,"CorrRede":3.263000011,"TensRede":7.190999985,"ConsDiaPlaca":4760.210938,"ConsMesPlaca":4760.210938,"ConsDiaRede":1860.39856,"ConsMesRede":1860.39856,"Status":"REDE"}