{"Corrente":2.374000072,"Tensao":6.532000065,"Consumo":0.035534151,"Status":"PLACA"}