{"CorrPlaca":0.32100001,"TensPlaca":18.06999969,"CorrRede":1.590000033,"TensRede":1.476999998,"ConsDiaPlaca":1805.421265,"ConsMesPlaca":1805.421265,"ConsDiaRede":813.7316284,"ConsMesRede":813.7316284,"Status":"REDE"}