{"CorrPlaca":2.792999983,"TensPlaca":18.08300018,"CorrRede":3.318000078,"TensRede":8.619999886,"ConsDiaPlaca":2641.450684,"ConsMesPlaca":2641.450684,"ConsDiaRede":1044.515991,"ConsMesRede":1044.515991,"Status":"REDE"}