{"CorrPlaca":5,"TensPlaca":0,"CorrRede":0.735000014,"TensRede":1.64199996,"ConsDiaPlaca":6734.087891,"ConsMesPlaca":6734.087891,"ConsDiaRede":514.0224609,"ConsMesRede":514.0224609,"Status":"REDE"}