{"CorrPlaca":0.041000001,"TensPlaca":6.721000195,"CorrRede":0.957000017,"TensRede":0.293000013,"ConsDiaPlaca":63.80368042,"ConsMesPlaca":63.80368042,"ConsDiaRede":24.15495872,"ConsMesRede":24.15495872,"Status":"REDE"}