{"CorrPlaca":2.582000017,"TensPlaca":18.07600021,"CorrRede":3.10800004,"TensRede":5.195000172,"ConsDiaPlaca":1555.295044,"ConsMesPlaca":1555.295044,"ConsDiaRede":484.4987488,"ConsMesRede":484.4987488,"Status":"REDE"}