{"Corrente":1.235999942,"Tensao":23.80999947,"Consumo":0.326522917,"Status":"PLACA"}