{"CorrPlaca":0.008,"TensPlaca":6.721000195,"CorrRede":0.85799998,"TensRede":0.683000028,"ConsDiaPlaca":1.522501469,"ConsMesPlaca":1.522501469,"ConsDiaRede":4.080918789,"ConsMesRede":4.080918789,"Status":"REDE"}