{"CorrPlaca":3.496000051,"TensPlaca":25,"CorrRede":1.072999954,"TensRede":0.879000008,"ConsDiaPlaca":16424.70313,"ConsMesPlaca":16424.70313,"ConsDiaRede":634.6419678,"ConsMesRede":634.6419678,"Status":"REDE"}