{"Corrente":0,"Tensao":0.340999991,"Consumo":0.07707084,"Status":"REDE"}