{"CorrPlaca":0,"TensPlaca":0,"CorrRede":0.565999985,"TensRede":0.103,"ConsDiaPlaca":1.587435603,"ConsMesPlaca":1.587435603,"ConsDiaRede":21.16736221,"ConsMesRede":21.16736221,"Status":"REDE"}