{"CorrPlaca":0,"TensPlaca":6.738999844,"CorrRede":0.797999978,"TensRede":0.293000013,"ConsDiaPlaca":1.533571362,"ConsMesPlaca":1.533571362,"ConsDiaRede":12.54167366,"ConsMesRede":12.54167366,"Status":"REDE"}