{"CorrPlaca":0,"TensPlaca":3.22300005,"CorrRede":0.476999998,"TensRede":0.061000001,"ConsDiaPlaca":161.7339172,"ConsMesPlaca":161.7339172,"ConsDiaRede":151.8214874,"ConsMesRede":151.8214874,"Status":"REDE"}