{"Corrente":0,"Tensao":0.426999986,"Consumo":0.00001544,"Status":"REDE"}