{"CorrPlaca":0.018999999,"TensPlaca":0.768999994,"CorrRede":0.559000015,"TensRede":0.88499999,"ConsDiaPlaca":0.041084167,"ConsMesPlaca":0.041084167,"ConsDiaRede":1.364948034,"ConsMesRede":1.364948034,"Status":"REDE"}