{"CorrPlaca":0,"TensPlaca":6.580999851,"CorrRede":0.819000006,"TensRede":0.041999999,"ConsDiaPlaca":84.50713348,"ConsMesPlaca":84.50713348,"ConsDiaRede":36.37240982,"ConsMesRede":36.37240982,"Status":"REDE"}