{"CorrPlaca":0,"TensPlaca":3.198999882,"CorrRede":0.307999998,"TensRede":0,"ConsDiaPlaca":156.1915131,"ConsMesPlaca":156.1915131,"ConsDiaRede":147.0897064,"ConsMesRede":147.0897064,"Status":"REDE"}