{"CorrPlaca":5,"TensPlaca":3.101000071,"CorrRede":1.110999942,"TensRede":2.24000001,"ConsDiaPlaca":6249.612305,"ConsMesPlaca":6249.612305,"ConsDiaRede":495.311615,"ConsMesRede":495.311615,"Status":"REDE"}