{"CorrPlaca":1.264000058,"TensPlaca":18.10099983,"CorrRede":2.296000004,"TensRede":3.832999945,"ConsDiaPlaca":4018.285645,"ConsMesPlaca":4018.285645,"ConsDiaRede":1255.776123,"ConsMesRede":1255.776123,"Status":"REDE"}