{"CorrPlaca":0.086000003,"TensPlaca":6.677999973,"CorrRede":1,"TensRede":0.280000001,"ConsDiaPlaca":31.0641613,"ConsMesPlaca":31.0641613,"ConsDiaRede":9.958936691,"ConsMesRede":9.958936691,"Status":"REDE"}