{"CorrPlaca":0.367000014,"TensPlaca":18.0890007,"CorrRede":1.639000058,"TensRede":1.506999969,"ConsDiaPlaca":1582.905518,"ConsMesPlaca":1582.905518,"ConsDiaRede":720.0878296,"ConsMesRede":720.0878296,"Status":"REDE"}