{"CorrPlaca":2.997999907,"TensPlaca":18.08300018,"CorrRede":3.536000013,"TensRede":7.991000175,"ConsDiaPlaca":262.0011597,"ConsMesPlaca":262.0011597,"ConsDiaRede":84.30609131,"ConsMesRede":84.30609131,"Status":"REDE"}