{"CorrPlaca":0,"TensPlaca":6.738999844,"CorrRede":0.781000018,"TensRede":0.218999997,"ConsDiaPlaca":1.587435603,"ConsMesPlaca":1.587435603,"ConsDiaRede":20.25587273,"ConsMesRede":20.25587273,"Status":"REDE"}