{"CorrPlaca":1.942000031,"TensPlaca":18.15600014,"CorrRede":2.697999954,"TensRede":6.379000187,"ConsDiaPlaca":3142.684814,"ConsMesPlaca":3142.684814,"ConsDiaRede":1239.775757,"ConsMesRede":1239.775757,"Status":"REDE"}