{"CorrPlaca":2.832000017,"TensPlaca":18.06999969,"CorrRede":3.348999977,"TensRede":8.437000275,"ConsDiaPlaca":3006.062256,"ConsMesPlaca":3006.062256,"ConsDiaRede":1188.188477,"ConsMesRede":1188.188477,"Status":"REDE"}