{"Corrente":14.29599953,"Tensao":15.55900002,"Consumo":4.068079472,"Status":"PLACA"}