{"CorrPlaca":0.716000021,"TensPlaca":5.646999836,"CorrRede":1.425999999,"TensRede":3.809000015,"ConsDiaPlaca":87.61139679,"ConsMesPlaca":87.61139679,"ConsDiaRede":77.97691345,"ConsMesRede":77.97691345,"Status":"REDE"}