{"CorrPlaca":0.708000004,"TensPlaca":3.582999945,"CorrRede":0.915000021,"TensRede":1.172000051,"ConsDiaPlaca":61.373806,"ConsMesPlaca":61.373806,"ConsDiaRede":53.50684357,"ConsMesRede":53.50684357,"Status":"REDE"}