{"CorrPlaca":0.51700002,"TensPlaca":18.13699913,"CorrRede":1.671000004,"TensRede":0.072999999,"ConsDiaPlaca":246.9420471,"ConsMesPlaca":246.9420471,"ConsDiaRede":76.45715332,"ConsMesRede":76.45715332,"Status":"REDE"}