{"CorrPlaca":0.052999999,"TensPlaca":6.544000149,"CorrRede":0.920000017,"TensRede":0.115000002,"ConsDiaPlaca":64.43106842,"ConsMesPlaca":64.43106842,"ConsDiaRede":24.49279213,"ConsMesRede":24.49279213,"Status":"REDE"}