{"CorrPlaca":1.307000041,"TensPlaca":18.11300087,"CorrRede":2.338999987,"TensRede":4.603000164,"ConsDiaPlaca":88.33205414,"ConsMesPlaca":88.33205414,"ConsDiaRede":37.5773468,"ConsMesRede":37.5773468,"Status":"REDE"}