{"CorrPlaca":0,"TensPlaca":0.665000021,"CorrRede":0.481999993,"TensRede":0.207000002,"ConsDiaPlaca":0.005104722,"ConsMesPlaca":0.005104722,"ConsDiaRede":0.568699479,"ConsMesRede":0.568699479,"Status":"REDE"}