{"CorrPlaca":5,"TensPlaca":25,"CorrRede":1.261999965,"TensRede":0,"ConsDiaPlaca":19201.29688,"ConsMesPlaca":19201.29688,"ConsDiaRede":728.3024292,"ConsMesRede":728.3024292,"Status":"REDE"}