{"CorrPlaca":1.093999982,"TensPlaca":18.10700035,"CorrRede":2.190000057,"TensRede":4.113999844,"ConsDiaPlaca":1643.043457,"ConsMesPlaca":1643.043457,"ConsDiaRede":742.447937,"ConsMesRede":742.447937,"Status":"REDE"}