{"CorrPlaca":5,"TensPlaca":15.62199974,"CorrRede":1.430999994,"TensRede":0,"ConsDiaPlaca":6170.854492,"ConsMesPlaca":6170.854492,"ConsDiaRede":492.3759155,"ConsMesRede":492.3759155,"Status":"REDE"}