{"CorrPlaca":0,"TensPlaca":25,"CorrRede":1.835999966,"TensRede":0.658999979,"ConsDiaPlaca":13597.06152,"ConsMesPlaca":13597.06152,"ConsDiaRede":596.3259888,"ConsMesRede":596.3259888,"Status":"REDE"}