{"CorrPlaca":1.77699995,"TensPlaca":18.07600021,"CorrRede":2.473999977,"TensRede":2.124000072,"ConsDiaPlaca":3625.901367,"ConsMesPlaca":3625.901367,"ConsDiaRede":1132.896973,"ConsMesRede":1132.896973,"Status":"REDE"}