{"CorrPlaca":5,"TensPlaca":25,"CorrRede":0.572000027,"TensRede":0.261999995,"ConsDiaPlaca":14513.82617,"ConsMesPlaca":14513.82617,"ConsDiaRede":487.8692322,"ConsMesRede":487.8692322,"Status":"REDE"}