{"corrente":0.781000018,"tensao":0.666000009,"consumo":0.090008043}