{"CorrPlaca":2.47300005,"TensPlaca":18.06999969,"CorrRede":3.089999914,"TensRede":7.81400013,"ConsDiaPlaca":3555.868896,"ConsMesPlaca":3555.868896,"ConsDiaRede":1388.473633,"ConsMesRede":1388.473633,"Status":"REDE"}