{"CorrPlaca":0,"TensPlaca":6.544000149,"CorrRede":0.809000015,"TensRede":0.103,"ConsDiaPlaca":86.47319794,"ConsMesPlaca":86.47319794,"ConsDiaRede":40.57680893,"ConsMesRede":40.57680893,"Status":"REDE"}