{"CorrPlaca":0.078000002,"TensPlaca":6.677999973,"CorrRede":0.944999993,"TensRede":0.115000002,"ConsDiaPlaca":63.02273178,"ConsMesPlaca":63.02273178,"ConsDiaRede":23.75093079,"ConsMesRede":23.75093079,"Status":"REDE"}