{"CorrPlaca":2.095999956,"TensPlaca":18.0340004,"CorrRede":2.871000051,"TensRede":6.782000065,"ConsDiaPlaca":1286.379028,"ConsMesPlaca":1286.379028,"ConsDiaRede":521.3208008,"ConsMesRede":521.3208008,"Status":"REDE"}