{"Corrente":0.479000002,"Tensao":0,"Consumo":0.000573213,"Status":"REDE"}