{"CorrPlaca":0.716000021,"TensPlaca":1.226999998,"CorrRede":0.467000008,"TensRede":0.708000004,"ConsDiaPlaca":56.36948776,"ConsMesPlaca":56.36948776,"ConsDiaRede":48.41227722,"ConsMesRede":48.41227722,"Status":"REDE"}