{"CorrPlaca":0,"TensPlaca":18.13699913,"CorrRede":1.207000017,"TensRede":0,"ConsDiaPlaca":1119.6875,"ConsMesPlaca":1119.6875,"ConsDiaRede":463.993866,"ConsMesRede":463.993866,"Status":"REDE"}