{"CorrPlaca":0.839999974,"TensPlaca":18.11300087,"CorrRede":1.945000052,"TensRede":3.204999924,"ConsDiaPlaca":2778.571289,"ConsMesPlaca":2778.571289,"ConsDiaRede":1098.833374,"ConsMesRede":1098.833374,"Status":"REDE"}