{"CorrPlaca":0.013,"TensPlaca":6.561999798,"CorrRede":0.839999974,"TensRede":0.194999993,"ConsDiaPlaca":85.36230469,"ConsMesPlaca":85.36230469,"ConsDiaRede":38.33317947,"ConsMesRede":38.33317947,"Status":"REDE"}