{"CorrPlaca":0.916000009,"TensPlaca":3.191999912,"CorrRede":1.174000025,"TensRede":2.947999954,"ConsDiaPlaca":137.989151,"ConsMesPlaca":137.989151,"ConsDiaRede":132.8917389,"ConsMesRede":132.8917389,"Status":"REDE"}