{"CorrPlaca":0,"TensPlaca":18.08300018,"CorrRede":1.18900001,"TensRede":0,"ConsDiaPlaca":4532.409668,"ConsMesPlaca":4532.409668,"ConsDiaRede":1766.720581,"ConsMesRede":1766.720581,"Status":"REDE"}