{"CorrPlaca":3.157000065,"TensPlaca":18.10099983,"CorrRede":3.65199995,"TensRede":9.364999771,"ConsDiaPlaca":1496.471802,"ConsMesPlaca":1496.471802,"ConsDiaRede":675.5473022,"ConsMesRede":675.5473022,"Status":"REDE"}