{"Corrente":14.19900036,"Tensao":26.34900093,"Consumo":3.134571552,"Status":"PLACA"}