{"CorrPlaca":3.585999966,"TensPlaca":25,"CorrRede":0.90200001,"TensRede":0,"ConsDiaPlaca":16595.75195,"ConsMesPlaca":16595.75195,"ConsDiaRede":641.8260498,"ConsMesRede":641.8260498,"Status":"REDE"}