{"Corrente":3.772000074,"Tensao":5.34100008,"Consumo":0.042007051,"Status":"PLACA"}