{"corrente":0.750999987,"tensao":0,"consumo":0.053421266}