{"Corrente":177.279007,"Tensao":0.308999985,"Consumo":5.168387413,"Status":"REDE"}