{"Corrente":13.4989996,"Tensao":0,"Consumo":0.792368889,"Status":"REDE"}