{"Corrente":0,"Tensao":0.305000007,"Consumo":8.655833881e-6,"Status":"REDE"}