{"Corrente":-0.136000007,"Tensao":21.77599907,"Consumo":0.59558028,"Status":"REDE"}