{"CorrPlaca":2.29399991,"TensPlaca":18.10099983,"CorrRede":2.897000074,"TensRede":4.315999985,"ConsDiaPlaca":3063.474854,"ConsMesPlaca":3063.474854,"ConsDiaRede":942.9926147,"ConsMesRede":942.9926147,"Status":"REDE"}