{"CorrPlaca":0,"TensPlaca":0.824000001,"CorrRede":0.400999993,"TensRede":0.298999995,"ConsDiaPlaca":0.006364445,"ConsMesPlaca":0.006364445,"ConsDiaRede":0.981358647,"ConsMesRede":0.981358647,"Status":"REDE"}