{"CorrPlaca":3.237999916,"TensPlaca":18.0890007,"CorrRede":3.655999899,"TensRede":8.986000061,"ConsDiaPlaca":282.8650818,"ConsMesPlaca":282.8650818,"ConsDiaRede":130.7060242,"ConsMesRede":130.7060242,"Status":"REDE"}