{"CorrPlaca":5,"TensPlaca":25,"CorrRede":3.263999939,"TensRede":0,"ConsDiaPlaca":1486.009521,"ConsMesPlaca":1486.009521,"ConsDiaRede":338.352356,"ConsMesRede":338.352356,"Status":"REDE"}