{"CorrPlaca":0.718999982,"TensPlaca":2.252000093,"CorrRede":0.769999981,"TensRede":1.159000039,"ConsDiaPlaca":113.0856171,"ConsMesPlaca":113.0856171,"ConsDiaRede":97.41954041,"ConsMesRede":97.41954041,"Status":"REDE"}