{"CorrPlaca":0.389999986,"TensPlaca":18.0890007,"CorrRede":1.529000044,"TensRede":0,"ConsDiaPlaca":1490.367065,"ConsMesPlaca":1490.367065,"ConsDiaRede":466.1228027,"ConsMesRede":466.1228027,"Status":"REDE"}