{"CorrPlaca":0,"TensPlaca":0,"CorrRede":0.657999992,"TensRede":6.732999802,"ConsDiaPlaca":1.587435603,"ConsMesPlaca":1.587435603,"ConsDiaRede":87.51402283,"ConsMesRede":87.51402283,"Status":"REDE"}