{"CorrPlaca":0.014,"TensPlaca":18.16200066,"CorrRede":1.282999992,"TensRede":0.335000008,"ConsDiaPlaca":4538.634277,"ConsMesPlaca":4538.634277,"ConsDiaRede":1768.04541,"ConsMesRede":1768.04541,"Status":"REDE"}