{"CorrPlaca":0.039000001,"TensPlaca":6.544000149,"CorrRede":0.986999989,"TensRede":0.128000006,"ConsDiaPlaca":55.6086998,"ConsMesPlaca":55.6086998,"ConsDiaRede":19.83358383,"ConsMesRede":19.83358383,"Status":"REDE"}