{"CorrPlaca":0,"TensPlaca":0.781000018,"CorrRede":0.409000009,"TensRede":0.323000014,"ConsDiaPlaca":0.021109167,"ConsMesPlaca":0.021109167,"ConsDiaRede":1.17897594,"ConsMesRede":1.17897594,"Status":"REDE"}