{"Corrente":4.178999901,"Tensao":29.65299988,"Consumo":0.596066475,"Status":"PLACA"}