{"CorrPlaca":5,"TensPlaca":11.61100006,"CorrRede":2.29399991,"TensRede":4.132999897,"ConsDiaPlaca":12913.73633,"ConsMesPlaca":12913.73633,"ConsDiaRede":555.3821411,"ConsMesRede":555.3821411,"Status":"REDE"}