{"CorrPlaca":5,"TensPlaca":25,"CorrRede":1.062999964,"TensRede":1.92900002,"ConsDiaPlaca":28367.9043,"ConsMesPlaca":28367.9043,"ConsDiaRede":1158.857788,"ConsMesRede":1158.857788,"Status":"REDE"}