{"CorrPlaca":0.925999999,"TensPlaca":18.06999969,"CorrRede":1.873999953,"TensRede":0,"ConsDiaPlaca":4835.779785,"ConsMesPlaca":4835.779785,"ConsDiaRede":1500.249756,"ConsMesRede":1500.249756,"Status":"REDE"}