{"CorrPlaca":5,"TensPlaca":25,"CorrRede":1.067000031,"TensRede":1.952999949,"ConsDiaPlaca":16944.36523,"ConsMesPlaca":16944.36523,"ConsDiaRede":600.4784546,"ConsMesRede":600.4784546,"Status":"REDE"}