{"CorrPlaca":0.703999996,"TensPlaca":5.652999878,"CorrRede":1.383999944,"TensRede":1.567999959,"ConsDiaPlaca":83.62377167,"ConsMesPlaca":83.62377167,"ConsDiaRede":74.42720032,"ConsMesRede":74.42720032,"Status":"REDE"}