{"CorrPlaca":5,"TensPlaca":25,"CorrRede":2.499000072,"TensRede":6.995999813,"ConsDiaPlaca":26770.69141,"ConsMesPlaca":26770.69141,"ConsDiaRede":1078.201294,"ConsMesRede":1078.201294,"Status":"REDE"}