{"CorrPlaca":5,"TensPlaca":25,"CorrRede":2.029999971,"TensRede":3.437000036,"ConsDiaPlaca":19513.79492,"ConsMesPlaca":19513.79492,"ConsDiaRede":750.1730957,"ConsMesRede":750.1730957,"Status":"REDE"}