{"Corrente":0,"Tensao":0.799000025,"Consumo":8.655833881e-6,"Status":"REDE"}