{"CorrPlaca":0.018999999,"TensPlaca":6.697000027,"CorrRede":0.861999989,"TensRede":0.224999994,"ConsDiaPlaca":84.40406036,"ConsMesPlaca":84.40406036,"ConsDiaRede":36.24991226,"ConsMesRede":36.24991226,"Status":"REDE"}