{"Corrente":14.52600002,"Tensao":4.230999947,"Consumo":5.116153717,"Status":"REDE"}