{"Corrente":14.64299965,"Tensao":22.83399963,"Consumo":1.88281405,"Status":"PLACA"}