{"CorrPlaca":0.122000001,"TensPlaca":6.671999931,"CorrRede":0.991999984,"TensRede":0.224999994,"ConsDiaPlaca":38.16244888,"ConsMesPlaca":38.16244888,"ConsDiaRede":12.29282284,"ConsMesRede":12.29282284,"Status":"REDE"}