{"CorrPlaca":5,"TensPlaca":25,"CorrRede":2.362999916,"TensRede":5.316999912,"ConsDiaPlaca":30173.44727,"ConsMesPlaca":30173.44727,"ConsDiaRede":1253.206543,"ConsMesRede":1253.206543,"Status":"REDE"}