{"corrente":0.672999978,"tensao":0.621999979,"consumo":0.002585711}