{"CorrPlaca":5,"TensPlaca":25,"CorrRede":1.65199995,"TensRede":4.705999851,"ConsDiaPlaca":29097.06641,"ConsMesPlaca":29097.06641,"ConsDiaRede":1185.579346,"ConsMesRede":1185.579346,"Status":"REDE"}