{"Corrente":2.859999895,"Tensao":7.093999863,"Consumo":0.055835173,"Status":"PLACA"}