{"Corrente":14.80200005,"Tensao":0,"Consumo":0.792368889,"Status":"REDE"}