{"CorrPlaca":0.090999998,"TensPlaca":6.703000069,"CorrRede":0.978999972,"TensRede":0.238000005,"ConsDiaPlaca":57.97515488,"ConsMesPlaca":57.97515488,"ConsDiaRede":21.116436,"ConsMesRede":21.116436,"Status":"REDE"}