{"CorrPlaca":0,"TensPlaca":6.738999844,"CorrRede":0.768000007,"TensRede":0.218999997,"ConsDiaPlaca":1.587435603,"ConsMesPlaca":1.587435603,"ConsDiaRede":19.20059013,"ConsMesRede":19.20059013,"Status":"REDE"}