{"CorrPlaca":3.303999901,"TensPlaca":18.0340004,"CorrRede":3.809000015,"TensRede":9.505000114,"ConsDiaPlaca":753.328125,"ConsMesPlaca":753.328125,"ConsDiaRede":336.5224304,"ConsMesRede":336.5224304,"Status":"REDE"}