{"CorrPlaca":5,"TensPlaca":25,"CorrRede":0.55400002,"TensRede":0.097000003,"ConsDiaPlaca":23992.93164,"ConsMesPlaca":23992.93164,"ConsDiaRede":959.8239746,"ConsMesRede":959.8239746,"Status":"REDE"}