{"Corrente":14.63799953,"Tensao":6.038000107,"Consumo":5.944464207,"Status":"PLACA"}