{"CorrPlaca":0.465000004,"TensPlaca":18.1439991,"CorrRede":1.577000022,"TensRede":0,"ConsDiaPlaca":1739.832031,"ConsMesPlaca":1739.832031,"ConsDiaRede":538.9697266,"ConsMesRede":538.9697266,"Status":"REDE"}