{"CorrPlaca":2.517999887,"TensPlaca":18.06999969,"CorrRede":3.151000023,"TensRede":8.027999878,"ConsDiaPlaca":328.6033936,"ConsMesPlaca":328.6033936,"ConsDiaRede":122.5644455,"ConsMesRede":122.5644455,"Status":"REDE"}