{"CorrPlaca":0,"TensPlaca":18.04000092,"CorrRede":1.266000032,"TensRede":0.164000005,"ConsDiaPlaca":4532.409668,"ConsMesPlaca":4532.409668,"ConsDiaRede":1766.720581,"ConsMesRede":1766.720581,"Status":"REDE"}