{"CorrPlaca":0.090000004,"TensPlaca":6.630000114,"CorrRede":0.981999993,"TensRede":0.140000001,"ConsDiaPlaca":37.05664825,"ConsMesPlaca":37.05664825,"ConsDiaRede":11.87140465,"ConsMesRede":11.87140465,"Status":"REDE"}