{"CorrPlaca":0.211999997,"TensPlaca":18.18000031,"CorrRede":1.425999999,"TensRede":0.012,"ConsDiaPlaca":3730.503174,"ConsMesPlaca":3730.503174,"ConsDiaRede":1164.91748,"ConsMesRede":1164.91748,"Status":"REDE"}