{"CorrPlaca":1.781000018,"TensPlaca":18.04599953,"CorrRede":2.687000036,"TensRede":4.986999989,"ConsDiaPlaca":1527.780884,"ConsMesPlaca":1527.780884,"ConsDiaRede":476.5712891,"ConsMesRede":476.5712891,"Status":"REDE"}