{"CorrPlaca":5,"TensPlaca":3.118999958,"CorrRede":0.462000012,"TensRede":0,"ConsDiaPlaca":6253.944336,"ConsMesPlaca":6253.944336,"ConsDiaRede":495.311615,"ConsMesRede":495.311615,"Status":"REDE"}