{"CorrPlaca":1.266000032,"TensPlaca":18.14999962,"CorrRede":2.069999933,"TensRede":1.38499999,"ConsDiaPlaca":155.070694,"ConsMesPlaca":155.070694,"ConsDiaRede":69.97267914,"ConsMesRede":69.97267914,"Status":"REDE"}