{"CorrPlaca":1.095999956,"TensPlaca":18.13100052,"CorrRede":2.217999935,"TensRede":3.997999907,"ConsDiaPlaca":1130.762329,"ConsMesPlaca":1130.762329,"ConsDiaRede":498.3139648,"ConsMesRede":498.3139648,"Status":"REDE"}