{"CorrPlaca":5,"TensPlaca":3.204999924,"CorrRede":0.347000003,"TensRede":0,"ConsDiaPlaca":6668.342285,"ConsMesPlaca":6668.342285,"ConsDiaRede":508.1660767,"ConsMesRede":508.1660767,"Status":"REDE"}