{"CorrPlaca":0.312000006,"TensPlaca":18.06399918,"CorrRede":1.519999981,"TensRede":1.19599998,"ConsDiaPlaca":2756.600342,"ConsMesPlaca":2756.600342,"ConsDiaRede":1090.486572,"ConsMesRede":1090.486572,"Status":"REDE"}