{"CorrPlaca":5,"TensPlaca":25,"CorrRede":1.241999984,"TensRede":2.642999887,"ConsDiaPlaca":25555.42188,"ConsMesPlaca":25555.42188,"ConsDiaRede":1030.888916,"ConsMesRede":1030.888916,"Status":"REDE"}