{"CorrPlaca":0.071999997,"TensPlaca":18.10099983,"CorrRede":1.289000034,"TensRede":0,"ConsDiaPlaca":1027.507813,"ConsMesPlaca":1027.507813,"ConsDiaRede":454.5466003,"ConsMesRede":454.5466003,"Status":"REDE"}