{"CorrPlaca":0,"TensPlaca":0,"CorrRede":0.623000026,"TensRede":0.194999993,"ConsDiaPlaca":1.587435603,"ConsMesPlaca":1.587435603,"ConsDiaRede":188.0025787,"ConsMesRede":188.0025787,"Status":"REDE"}