{"CorrPlaca":0,"TensPlaca":0.603999972,"CorrRede":0.400999993,"TensRede":0,"ConsDiaPlaca":0.009997778,"ConsMesPlaca":0.009997778,"ConsDiaRede":0.959566355,"ConsMesRede":0.959566355,"Status":"REDE"}