{"CorrPlaca":0,"TensPlaca":0.799000025,"CorrRede":0.416999996,"TensRede":0.224999994,"ConsDiaPlaca":0.000201667,"ConsMesPlaca":0.000201667,"ConsDiaRede":0.594096959,"ConsMesRede":0.594096959,"Status":"REDE"}