{"CorrPlaca":0,"TensPlaca":6.671999931,"CorrRede":0.785000026,"TensRede":0.293000013,"ConsDiaPlaca":1.533571362,"ConsMesPlaca":1.533571362,"ConsDiaRede":13.26981735,"ConsMesRede":13.26981735,"Status":"REDE"}