{"Corrente":14.36999989,"Tensao":0,"Consumo":1.197687745,"Status":"REDE"}