{"Corrente":14.22299957,"Tensao":1.074000001,"Consumo":6.76526165,"Status":"REDE"}