{"CorrPlaca":5,"TensPlaca":25,"CorrRede":2.414999962,"TensRede":5.512000084,"ConsDiaPlaca":18402.68945,"ConsMesPlaca":18402.68945,"ConsDiaRede":684.8052979,"ConsMesRede":684.8052979,"Status":"REDE"}