{"CorrPlaca":0,"TensPlaca":0,"CorrRede":0.587000012,"TensRede":0.140000001,"ConsDiaPlaca":1.587435603,"ConsMesPlaca":1.587435603,"ConsDiaRede":21.54470825,"ConsMesRede":21.54470825,"Status":"REDE"}