{"CorrPlaca":3.066999912,"TensPlaca":18.17399979,"CorrRede":3.296000004,"TensRede":7.703999996,"ConsDiaPlaca":3181.483643,"ConsMesPlaca":3181.483643,"ConsDiaRede":1257.204956,"ConsMesRede":1257.204956,"Status":"REDE"}