{"CorrPlaca":5,"TensPlaca":25,"CorrRede":2.368000031,"TensRede":5.145999908,"ConsDiaPlaca":18923.51953,"ConsMesPlaca":18923.51953,"ConsDiaRede":716.1817017,"ConsMesRede":716.1817017,"Status":"REDE"}