{"CorrPlaca":1.034999967,"TensPlaca":18.08300018,"CorrRede":2.130000114,"TensRede":4.078000069,"ConsDiaPlaca":5028.302734,"ConsMesPlaca":5028.302734,"ConsDiaRede":1979.938843,"ConsMesRede":1979.938843,"Status":"REDE"}