{"Corrente":176.5390015,"Tensao":2.604000092,"Consumo":9.844633102,"Status":"REDE"}