{"CorrPlaca":0,"TensPlaca":0.829999983,"CorrRede":0.500999987,"TensRede":0.164000005,"ConsDiaPlaca":0,"ConsMesPlaca":0,"ConsDiaRede":1.01441884,"ConsMesRede":1.01441884,"Status":"REDE"}