{"CorrPlaca":0.052000001,"TensPlaca":6.574999809,"CorrRede":0.976000011,"TensRede":0.224999994,"ConsDiaPlaca":57.80571747,"ConsMesPlaca":57.80571747,"ConsDiaRede":21.05171204,"ConsMesRede":21.05171204,"Status":"REDE"}