{"CorrPlaca":0.448000014,"TensPlaca":3.118999958,"CorrRede":0.787,"TensRede":0.5,"ConsDiaPlaca":162.1636505,"ConsMesPlaca":162.1636505,"ConsDiaRede":151.9777679,"ConsMesRede":151.9777679,"Status":"REDE"}