{"CorrPlaca":0.708000004,"TensPlaca":18.06399918,"CorrRede":1.710999966,"TensRede":0,"ConsDiaPlaca":3629.453857,"ConsMesPlaca":3629.453857,"ConsDiaRede":1132.896973,"ConsMesRede":1132.896973,"Status":"REDE"}