{"CorrPlaca":0.028000001,"TensPlaca":6.732999802,"CorrRede":0.859000027,"TensRede":0.224999994,"ConsDiaPlaca":84.55950165,"ConsMesPlaca":84.55950165,"ConsDiaRede":36.42609787,"ConsMesRede":36.42609787,"Status":"REDE"}