{"CorrPlaca":2.348999977,"TensPlaca":25,"CorrRede":3.467999935,"TensRede":0.048,"ConsDiaPlaca":465.238739,"ConsMesPlaca":465.238739,"ConsDiaRede":194.769989,"ConsMesRede":194.769989,"Status":"REDE"}