{"Corrente":17.45599937,"Tensao":4.261000156,"Consumo":0.448439121,"Status":"REDE"}