{"CorrPlaca":0.103,"TensPlaca":6.721000195,"CorrRede":0.986000001,"TensRede":0.293000013,"ConsDiaPlaca":14.60693264,"ConsMesPlaca":14.60693264,"ConsDiaRede":5.314128876,"ConsMesRede":5.314128876,"Status":"REDE"}