{"CorrPlaca":5,"TensPlaca":25,"CorrRede":1.289000034,"TensRede":2.77699995,"ConsDiaPlaca":32951.20703,"ConsMesPlaca":32951.20703,"ConsDiaRede":1361.516113,"ConsMesRede":1361.516113,"Status":"REDE"}