{"CorrPlaca":0.666999996,"TensPlaca":4.945000172,"CorrRede":1.279000044,"TensRede":3.943000078,"ConsDiaPlaca":72.6997757,"ConsMesPlaca":72.6997757,"ConsDiaRede":65.41631317,"ConsMesRede":65.41631317,"Status":"REDE"}