{"Corrente":-3.332999945,"Tensao":0,"Consumo":0.153720006,"Status":"REDE"}