{"CorrPlaca":0.111000001,"TensPlaca":6.738999844,"CorrRede":0.989000022,"TensRede":0.293000013,"ConsDiaPlaca":40.22447205,"ConsMesPlaca":40.22447205,"ConsDiaRede":12.97929287,"ConsMesRede":12.97929287,"Status":"REDE"}