{"CorrPlaca":5,"TensPlaca":25,"CorrRede":2.299000025,"TensRede":4.511000156,"ConsDiaPlaca":17395.75195,"ConsMesPlaca":17395.75195,"ConsDiaRede":620.7901611,"ConsMesRede":620.7901611,"Status":"REDE"}