{"CorrPlaca":5,"TensPlaca":25,"CorrRede":2.578000069,"TensRede":6.488999844,"ConsDiaPlaca":1319.444946,"ConsMesPlaca":1319.444946,"ConsDiaRede":76.38815308,"ConsMesRede":76.38815308,"Status":"REDE"}