{"CorrPlaca":0,"TensPlaca":0.634000003,"CorrRede":0.455000013,"TensRede":0.384000003,"ConsDiaPlaca":0,"ConsMesPlaca":0,"ConsDiaRede":0.596816957,"ConsMesRede":0.596816957,"Status":"REDE"}