{"CorrPlaca":5,"TensPlaca":25,"CorrRede":0.52700001,"TensRede":0,"ConsDiaPlaca":26354.02734,"ConsMesPlaca":26354.02734,"ConsDiaRede":1052.36731,"ConsMesRede":1052.36731,"Status":"REDE"}