{"CorrPlaca":0.293000013,"TensPlaca":18.0890007,"CorrRede":1.511000037,"TensRede":0,"ConsDiaPlaca":4335.418945,"ConsMesPlaca":4335.418945,"ConsDiaRede":1350.896973,"ConsMesRede":1350.896973,"Status":"REDE"}