{"Corrente":0,"Tensao":0.194999993,"Consumo":8.655833881e-6,"Status":"REDE"}