{"CorrPlaca":0.045000002,"TensPlaca":6.721000195,"CorrRede":0.981999993,"TensRede":0.194999993,"ConsDiaPlaca":52.7817955,"ConsMesPlaca":52.7817955,"ConsDiaRede":18.49304771,"ConsMesRede":18.49304771,"Status":"REDE"}