{"Corrente":14.44799995,"Tensao":27.3579998,"Consumo":1.259769082,"Status":"PLACA"}