{"CorrPlaca":0.702000022,"TensPlaca":0.726000011,"CorrRede":0.335000008,"TensRede":0,"ConsDiaPlaca":112.1846237,"ConsMesPlaca":112.1846237,"ConsDiaRede":97.13005066,"ConsMesRede":97.13005066,"Status":"REDE"}