{"Corrente":2.953000069,"Tensao":0,"Consumo":0.099550068,"Status":"REDE"}