{"CorrPlaca":0.134000003,"TensPlaca":6.671999931,"CorrRede":0.995000005,"TensRede":0.273999989,"ConsDiaPlaca":29.39847374,"ConsMesPlaca":29.39847374,"ConsDiaRede":9.383131027,"ConsMesRede":9.383131027,"Status":"REDE"}