{"CorrPlaca":2.367000103,"TensPlaca":18.06999969,"CorrRede":3.066999912,"TensRede":6.665999889,"ConsDiaPlaca":2388.402344,"ConsMesPlaca":2388.402344,"ConsDiaRede":751.6730347,"ConsMesRede":751.6730347,"Status":"REDE"}