{"Corrente":0.474999994,"Tensao":1.154999971,"Consumo":0.000551661,"Status":"REDE"}