{"corrente":0.760999978,"tensao":0.666000009,"consumo":0.042054195}