{"CorrPlaca":0.128000006,"TensPlaca":6.556000233,"CorrRede":1.008000016,"TensRede":0.207000002,"ConsDiaPlaca":0.798695564,"ConsMesPlaca":0.798695564,"ConsDiaRede":0.611714482,"ConsMesRede":0.611714482,"Status":"REDE"}