{"CorrPlaca":0.683000028,"TensPlaca":6.09800005,"CorrRede":1.503000021,"TensRede":3.772000074,"ConsDiaPlaca":74.1492691,"ConsMesPlaca":74.1492691,"ConsDiaRede":67.16074371,"ConsMesRede":67.16074371,"Status":"REDE"}