{"CorrPlaca":2.736999989,"TensPlaca":18.10099983,"CorrRede":3.204999924,"TensRede":6.434000015,"ConsDiaPlaca":3278.446289,"ConsMesPlaca":3278.446289,"ConsDiaRede":1013.401917,"ConsMesRede":1013.401917,"Status":"REDE"}