{"CorrPlaca":0.680000007,"TensPlaca":18.05800056,"CorrRede":1.873999953,"TensRede":1.940999985,"ConsDiaPlaca":600.7281494,"ConsMesPlaca":600.7281494,"ConsDiaRede":273.8158569,"ConsMesRede":273.8158569,"Status":"REDE"}