{"CorrPlaca":1.391000032,"TensPlaca":25,"CorrRede":2.937000036,"TensRede":0,"ConsDiaPlaca":1197.210815,"ConsMesPlaca":1197.210815,"ConsDiaRede":309.3283386,"ConsMesRede":309.3283386,"Status":"REDE"}