{"CorrPlaca":0.097000003,"TensPlaca":6.709000111,"CorrRede":0.99000001,"TensRede":0.273999989,"ConsDiaPlaca":44.52939224,"ConsMesPlaca":44.52939224,"ConsDiaRede":14.78170681,"ConsMesRede":14.78170681,"Status":"REDE"}