{"Corrente":15.69699955,"Tensao":4.361999989,"Consumo":0.243289217,"Status":"REDE"}