{"Corrente":14.39900017,"Tensao":6.769999981,"Consumo":6.116006851,"Status":"PLACA"}