{"CorrPlaca":0,"TensPlaca":0.781000018,"CorrRede":0.449000001,"TensRede":0.293000013,"ConsDiaPlaca":0.000201667,"ConsMesPlaca":0.000201667,"ConsDiaRede":0.630640626,"ConsMesRede":0.630640626,"Status":"REDE"}