{"CorrPlaca":0.079000004,"TensPlaca":6.677999973,"CorrRede":1.006999969,"TensRede":0.218999997,"ConsDiaPlaca":27.16157341,"ConsMesPlaca":27.16157341,"ConsDiaRede":8.555751801,"ConsMesRede":8.555751801,"Status":"REDE"}