{"CorrPlaca":5,"TensPlaca":25,"CorrRede":1.070000052,"TensRede":0,"ConsDiaPlaca":33680.375,"ConsMesPlaca":33680.375,"ConsDiaRede":1388.719604,"ConsMesRede":1388.719604,"Status":"REDE"}