{"CorrPlaca":0,"TensPlaca":0,"CorrRede":0.616999984,"TensRede":0.177000001,"ConsDiaPlaca":1.587435603,"ConsMesPlaca":1.587435603,"ConsDiaRede":187.1560059,"ConsMesRede":187.1560059,"Status":"REDE"}