{"CorrPlaca":0,"TensPlaca":6.738999844,"CorrRede":0.802999973,"TensRede":0.293000013,"ConsDiaPlaca":1.533571362,"ConsMesPlaca":1.533571362,"ConsDiaRede":8.251916885,"ConsMesRede":8.251916885,"Status":"REDE"}