{"Corrente":-3.332999945,"Tensao":0,"Consumo":0.0860347,"Status":"REDE"}