{"CorrPlaca":0,"TensPlaca":0.799000025,"CorrRede":0.495000005,"TensRede":0.603999972,"ConsDiaPlaca":0,"ConsMesPlaca":0,"ConsDiaRede":1.158425093,"ConsMesRede":1.158425093,"Status":"REDE"}