{"CorrPlaca":1.687000036,"TensPlaca":18.05800056,"CorrRede":2.400000095,"TensRede":2.556999922,"ConsDiaPlaca":4020.148682,"ConsMesPlaca":4020.148682,"ConsDiaRede":1561.349243,"ConsMesRede":1561.349243,"Status":"REDE"}