{"CorrPlaca":2.548000097,"TensPlaca":18.07600021,"CorrRede":3.177000046,"TensRede":7.026000023,"ConsDiaPlaca":4938.267578,"ConsMesPlaca":4938.267578,"ConsDiaRede":1531.085571,"ConsMesRede":1531.085571,"Status":"REDE"}