{"CorrPlaca":0.039000001,"TensPlaca":6.738999844,"CorrRede":0.880999982,"TensRede":0.757000029,"ConsDiaPlaca":0.934088945,"ConsMesPlaca":0.934088945,"ConsDiaRede":1.591846585,"ConsMesRede":1.591846585,"Status":"REDE"}