{"CorrPlaca":0.597000003,"TensPlaca":18.05800056,"CorrRede":1.621999979,"TensRede":0,"ConsDiaPlaca":3365.255859,"ConsMesPlaca":3365.255859,"ConsDiaRede":1044.261597,"ConsMesRede":1044.261597,"Status":"REDE"}