{"CorrPlaca":0.057999998,"TensPlaca":6.709000111,"CorrRede":0.902999997,"TensRede":0.323000014,"ConsDiaPlaca":79.82593536,"ConsMesPlaca":79.82593536,"ConsDiaRede":30.46103287,"ConsMesRede":30.46103287,"Status":"REDE"}