{"CorrPlaca":0.841000021,"TensPlaca":18.09499931,"CorrRede":1.75999999,"TensRede":0,"ConsDiaPlaca":4568.663086,"ConsMesPlaca":4568.663086,"ConsDiaRede":1778.106445,"ConsMesRede":1778.106445,"Status":"REDE"}