{"CorrPlaca":0.245000005,"TensPlaca":3.204999924,"CorrRede":0.720000029,"TensRede":1.220999956,"ConsDiaPlaca":163.2453308,"ConsMesPlaca":163.2453308,"ConsDiaRede":152.862854,"ConsMesRede":152.862854,"Status":"REDE"}