{"CorrPlaca":0,"TensPlaca":18.05200005,"CorrRede":1.16900003,"TensRede":0,"ConsDiaPlaca":2614.615723,"ConsMesPlaca":2614.615723,"ConsDiaRede":1033.203613,"ConsMesRede":1033.203613,"Status":"REDE"}