{"Corrente":0.513999999,"Tensao":0,"Consumo":0.004195239,"Status":"REDE"}