{"CorrPlaca":0,"TensPlaca":0.652999997,"CorrRede":0.389999986,"TensRede":0.140000001,"ConsDiaPlaca":0,"ConsMesPlaca":0,"ConsDiaRede":0.437045574,"ConsMesRede":0.437045574,"Status":"REDE"}