{"CorrPlaca":5,"TensPlaca":25,"CorrRede":2.161000013,"TensRede":6.836999893,"ConsDiaPlaca":30694.27734,"ConsMesPlaca":30694.27734,"ConsDiaRede":1275.64978,"ConsMesRede":1275.64978,"Status":"REDE"}