{"Corrente":2.348999977,"Tensao":0,"Consumo":0.149639666,"Status":"REDE"}