{"CorrPlaca":3.032000065,"TensPlaca":18.08300018,"CorrRede":3.484999895,"TensRede":7.063000202,"ConsDiaPlaca":1370.201294,"ConsMesPlaca":1370.201294,"ConsDiaRede":435.8941345,"ConsMesRede":435.8941345,"Status":"REDE"}