{"CorrPlaca":0,"TensPlaca":3.186000109,"CorrRede":0.335000008,"TensRede":0,"ConsDiaPlaca":147.1438599,"ConsMesPlaca":147.1438599,"ConsDiaRede":140.8985138,"ConsMesRede":140.8985138,"Status":"REDE"}