{"CorrPlaca":0.703000009,"TensPlaca":3.180000067,"CorrRede":1.077999949,"TensRede":2.471999884,"ConsDiaPlaca":161.7339172,"ConsMesPlaca":161.7339172,"ConsDiaRede":151.8134003,"ConsMesRede":151.8134003,"Status":"REDE"}