{"CorrPlaca":0.174999997,"TensPlaca":18.10099983,"CorrRede":1.417999983,"TensRede":0.079000004,"ConsDiaPlaca":354.4009399,"ConsMesPlaca":354.4009399,"ConsDiaRede":158.8059235,"ConsMesRede":158.8059235,"Status":"REDE"}