{"CorrPlaca":2.773999929,"TensPlaca":18.13699913,"CorrRede":3.292999983,"TensRede":8.418000221,"ConsDiaPlaca":2515.320068,"ConsMesPlaca":2515.320068,"ConsDiaRede":1000.156006,"ConsMesRede":1000.156006,"Status":"REDE"}