{"Corrente":2.298000097,"Tensao":7.826000214,"Consumo":0.009503854,"Status":"PLACA"}