{"corrente":0.057999998,"tensao":3.644000053,"consumo":0.381159008}