{"CorrPlaca":0,"TensPlaca":0.792999983,"CorrRede":0.527999997,"TensRede":0.665000021,"ConsDiaPlaca":0,"ConsMesPlaca":0,"ConsDiaRede":0.489494443,"ConsMesRede":0.489494443,"Status":"REDE"}