{"CorrPlaca":5,"TensPlaca":25,"CorrRede":2.434000015,"TensRede":7.068999767,"ConsDiaPlaca":26701.24805,"ConsMesPlaca":26701.24805,"ConsDiaRede":1073.344849,"ConsMesRede":1073.344849,"Status":"REDE"}