{"CorrPlaca":5,"TensPlaca":25,"CorrRede":1.797000051,"TensRede":5.43900013,"ConsDiaPlaca":937.5003052,"ConsMesPlaca":937.5003052,"ConsDiaRede":54.0712204,"ConsMesRede":54.0712204,"Status":"REDE"}