{"CorrPlaca":0,"TensPlaca":18.15600014,"CorrRede":1.190999985,"TensRede":0,"ConsDiaPlaca":1805.421265,"ConsMesPlaca":1805.421265,"ConsDiaRede":813.7316284,"ConsMesRede":813.7316284,"Status":"REDE"}