{"CorrPlaca":0,"TensPlaca":0,"CorrRede":0.611999989,"TensRede":0,"ConsDiaPlaca":1.587435603,"ConsMesPlaca":1.587435603,"ConsDiaRede":187.2670593,"ConsMesRede":187.2670593,"Status":"REDE"}