{"CorrPlaca":0,"TensPlaca":3.118999958,"CorrRede":0.323000014,"TensRede":0,"ConsDiaPlaca":174.9079742,"ConsMesPlaca":174.9079742,"ConsDiaRede":162.1099243,"ConsMesRede":162.1099243,"Status":"REDE"}