{"CorrPlaca":0.577000022,"TensPlaca":18.10099983,"CorrRede":1.567999959,"TensRede":0,"ConsDiaPlaca":345.0757446,"ConsMesPlaca":345.0757446,"ConsDiaRede":157.6512299,"ConsMesRede":157.6512299,"Status":"REDE"}