{"CorrPlaca":0,"TensPlaca":0.81099999,"CorrRede":0.449000001,"TensRede":0.456999987,"ConsDiaPlaca":0,"ConsMesPlaca":0,"ConsDiaRede":0.670686126,"ConsMesRede":0.670686126,"Status":"REDE"}