{"CorrPlaca":5,"TensPlaca":25,"CorrRede":0.623000026,"TensRede":0,"ConsDiaPlaca":33576.20313,"ConsMesPlaca":33576.20313,"ConsDiaRede":1384.67041,"ConsMesRede":1384.67041,"Status":"REDE"}