{"CorrPlaca":2.371999979,"TensPlaca":18.06999969,"CorrRede":3.107000113,"TensRede":7.539000034,"ConsDiaPlaca":191.5704346,"ConsMesPlaca":191.5704346,"ConsDiaRede":86.58247375,"ConsMesRede":86.58247375,"Status":"REDE"}