{"CorrPlaca":0.428000003,"TensPlaca":18.08300018,"CorrRede":1.536999941,"TensRede":0,"ConsDiaPlaca":4481.717285,"ConsMesPlaca":4481.717285,"ConsDiaRede":1399.967163,"ConsMesRede":1399.967163,"Status":"REDE"}