{"CorrPlaca":0.100000001,"TensPlaca":6.703000069,"CorrRede":0.991999984,"TensRede":0.293000013,"ConsDiaPlaca":51.52362442,"ConsMesPlaca":51.52362442,"ConsDiaRede":17.91552162,"ConsMesRede":17.91552162,"Status":"REDE"}