{"CorrPlaca":0,"TensPlaca":0,"CorrRede":0.623000026,"TensRede":6.580999851,"ConsDiaPlaca":1.587435603,"ConsMesPlaca":1.587435603,"ConsDiaRede":91.02702332,"ConsMesRede":91.02702332,"Status":"REDE"}