{"CorrPlaca":5,"TensPlaca":18.18000031,"CorrRede":1.092000008,"TensRede":0.432999998,"ConsDiaPlaca":12240.31152,"ConsMesPlaca":12240.31152,"ConsDiaRede":538.538147,"ConsMesRede":538.538147,"Status":"REDE"}