{"corrente":0.683000028,"tensao":0,"consumo":0.136473447}