{"CorrPlaca":0,"TensPlaca":6.684000015,"CorrRede":0.801999986,"TensRede":0.365999997,"ConsDiaPlaca":1.533571362,"ConsMesPlaca":1.533571362,"ConsDiaRede":7.366472244,"ConsMesRede":7.366472244,"Status":"REDE"}