{"CorrPlaca":1.092000008,"TensPlaca":5.927000046,"CorrRede":1.340999961,"TensRede":3.937000036,"ConsDiaPlaca":12.05953312,"ConsMesPlaca":12.05953312,"ConsDiaRede":7.336695194,"ConsMesRede":7.336695194,"Status":"REDE"}