{"CorrPlaca":2.361999989,"TensPlaca":18.11300087,"CorrRede":2.937000036,"TensRede":5.18900013,"ConsDiaPlaca":1708.669556,"ConsMesPlaca":1708.669556,"ConsDiaRede":684.3408203,"ConsMesRede":684.3408203,"Status":"REDE"}