{"CorrPlaca":0,"TensPlaca":6.738999844,"CorrRede":0.79400003,"TensRede":0.201000005,"ConsDiaPlaca":1.587435603,"ConsMesPlaca":1.587435603,"ConsDiaRede":18.69741631,"ConsMesRede":18.69741631,"Status":"REDE"}