{"CorrPlaca":2.013999939,"TensPlaca":18.15600014,"CorrRede":2.680000067,"TensRede":2.599999905,"ConsDiaPlaca":759.8310547,"ConsMesPlaca":759.8310547,"ConsDiaRede":242.1993713,"ConsMesRede":242.1993713,"Status":"REDE"}