{"CorrPlaca":5,"TensPlaca":25,"CorrRede":0.528999984,"TensRede":0,"ConsDiaPlaca":17187.41992,"ConsMesPlaca":17187.41992,"ConsDiaRede":609.286377,"ConsMesRede":609.286377,"Status":"REDE"}