{"CorrPlaca":3.516000032,"TensPlaca":25,"CorrRede":1.077999949,"TensRede":0.879000008,"ConsDiaPlaca":30137.23047,"ConsMesPlaca":30137.23047,"ConsDiaRede":774.8154907,"ConsMesRede":774.8154907,"Status":"REDE"}