{"CorrPlaca":0.703000009,"TensPlaca":6.050000191,"CorrRede":1.504999995,"TensRede":4.278999805,"ConsDiaPlaca":35.89773178,"ConsMesPlaca":35.89773178,"ConsDiaRede":29.43977547,"ConsMesRede":29.43977547,"Status":"REDE"}