{"CorrPlaca":0,"TensPlaca":0,"CorrRede":0.602999985,"TensRede":0.103,"ConsDiaPlaca":1.587435603,"ConsMesPlaca":1.587435603,"ConsDiaRede":21.5218811,"ConsMesRede":21.5218811,"Status":"REDE"}