{"CorrPlaca":5,"TensPlaca":25,"CorrRede":1.815000057,"TensRede":1.873999953,"ConsDiaPlaca":12118.00781,"ConsMesPlaca":12118.00781,"ConsDiaRede":371.5834045,"ConsMesRede":371.5834045,"Status":"REDE"}