{"CorrPlaca":0,"TensPlaca":6.665999889,"CorrRede":0.819999993,"TensRede":0.194999993,"ConsDiaPlaca":86.47319794,"ConsMesPlaca":86.47319794,"ConsDiaRede":40.55366516,"ConsMesRede":40.55366516,"Status":"REDE"}