{"CorrPlaca":5,"TensPlaca":25,"CorrRede":1.699000001,"TensRede":4.217999935,"ConsDiaPlaca":2812.501709,"ConsMesPlaca":2812.501709,"ConsDiaRede":129.7074127,"ConsMesRede":129.7074127,"Status":"REDE"}