{"CorrPlaca":5,"TensPlaca":25,"CorrRede":2.084000111,"TensRede":6.415999889,"ConsDiaPlaca":32708.1543,"ConsMesPlaca":32708.1543,"ConsDiaRede":1343.84375,"ConsMesRede":1343.84375,"Status":"REDE"}