{"CorrPlaca":0,"TensPlaca":6.697000027,"CorrRede":0.808000028,"TensRede":0.395999998,"ConsDiaPlaca":1.533571362,"ConsMesPlaca":1.533571362,"ConsDiaRede":10.02226353,"ConsMesRede":10.02226353,"Status":"REDE"}