{"CorrPlaca":0,"TensPlaca":0,"CorrRede":0.611999989,"TensRede":0,"ConsDiaPlaca":1.587435603,"ConsMesPlaca":1.587435603,"ConsDiaRede":188.38591,"ConsMesRede":188.38591,"Status":"REDE"}