{"CorrPlaca":2.457000017,"TensPlaca":18.125,"CorrRede":3.124000072,"TensRede":7.032000065,"ConsDiaPlaca":4081.413818,"ConsMesPlaca":4081.413818,"ConsDiaRede":1275.039795,"ConsMesRede":1275.039795,"Status":"REDE"}