{"Corrente":0.493999988,"Tensao":1.414999962,"Consumo":0.000194169,"Status":"REDE"}