{"CorrPlaca":0.078000002,"TensPlaca":6.697000027,"CorrRede":0.921000004,"TensRede":0.218999997,"ConsDiaPlaca":69.32834625,"ConsMesPlaca":69.32834625,"ConsDiaRede":26.89790154,"ConsMesRede":26.89790154,"Status":"REDE"}