{"CorrPlaca":2.255000114,"TensPlaca":18.0340004,"CorrRede":2.936000109,"TensRede":4.65199995,"ConsDiaPlaca":485.0046997,"ConsMesPlaca":485.0046997,"ConsDiaRede":224.9043427,"ConsMesRede":224.9043427,"Status":"REDE"}