{"Corrente":14.64299965,"Tensao":0,"Consumo":1.197687745,"Status":"REDE"}