{"CorrPlaca":0.936999977,"TensPlaca":18.05200005,"CorrRede":2.111999989,"TensRede":3.619999886,"ConsDiaPlaca":500.7659302,"ConsMesPlaca":500.7659302,"ConsDiaRede":208.5117035,"ConsMesRede":208.5117035,"Status":"REDE"}