{"CorrPlaca":1.873999953,"TensPlaca":18.13100052,"CorrRede":2.710999966,"TensRede":6.09800005,"ConsDiaPlaca":1244.395874,"ConsMesPlaca":1244.395874,"ConsDiaRede":506.3725281,"ConsMesRede":506.3725281,"Status":"REDE"}