{"CorrPlaca":0.211999997,"TensPlaca":18.06399918,"CorrRede":1.43900001,"TensRede":0,"ConsDiaPlaca":4069.043457,"ConsMesPlaca":4069.043457,"ConsDiaRede":1268.9375,"ConsMesRede":1268.9375,"Status":"REDE"}