{"CorrPlaca":0,"TensPlaca":0,"CorrRede":0.620999992,"TensRede":6.727000237,"ConsDiaPlaca":1.587435603,"ConsMesPlaca":1.587435603,"ConsDiaRede":109.2070847,"ConsMesRede":109.2070847,"Status":"REDE"}