{"CorrPlaca":5,"TensPlaca":18.13699913,"CorrRede":1.011999965,"TensRede":0,"ConsDiaPlaca":12793.24219,"ConsMesPlaca":12793.24219,"ConsDiaRede":541.3414307,"ConsMesRede":541.3414307,"Status":"REDE"}