{"CorrPlaca":0,"TensPlaca":0.610000014,"CorrRede":0.407000005,"TensRede":0.006,"ConsDiaPlaca":0.001762222,"ConsMesPlaca":0.001762222,"ConsDiaRede":0.498993903,"ConsMesRede":0.498993903,"Status":"REDE"}