{"CorrPlaca":5,"TensPlaca":18.11300087,"CorrRede":2.517999887,"TensRede":0.702000022,"ConsDiaPlaca":3393.180176,"ConsMesPlaca":3393.180176,"ConsDiaRede":385.2478638,"ConsMesRede":385.2478638,"Status":"REDE"}