{"CorrPlaca":0.004,"TensPlaca":6.544000149,"CorrRede":0.85799998,"TensRede":0.188999996,"ConsDiaPlaca":83.40145111,"ConsMesPlaca":83.40145111,"ConsDiaRede":34.17629623,"ConsMesRede":34.17629623,"Status":"REDE"}