{"corrente":-4.235000134,"tensao":0,"consumo":0.104655862}