{"CorrPlaca":0.057999998,"TensPlaca":6.721000195,"CorrRede":0.893999994,"TensRede":0.213,"ConsDiaPlaca":78.78547668,"ConsMesPlaca":78.78547668,"ConsDiaRede":29.73407173,"ConsMesRede":29.73407173,"Status":"REDE"}