{"CorrPlaca":0,"TensPlaca":0,"CorrRede":0.603999972,"TensRede":0,"ConsDiaPlaca":1.587435603,"ConsMesPlaca":1.587435603,"ConsDiaRede":187.661087,"ConsMesRede":187.661087,"Status":"REDE"}