{"Corrente":-3.332999945,"Tensao":8.56000042,"Consumo":0.0860347,"Status":"REDE"}