{"CorrPlaca":0,"TensPlaca":0.768999994,"CorrRede":0.504000008,"TensRede":0.360000014,"ConsDiaPlaca":0.000215278,"ConsMesPlaca":0.000215278,"ConsDiaRede":0.572316408,"ConsMesRede":0.572316408,"Status":"REDE"}