{"CorrPlaca":0,"TensPlaca":0.781000018,"CorrRede":0.55400002,"TensRede":0.757000029,"ConsDiaPlaca":0.022247778,"ConsMesPlaca":0.022247778,"ConsDiaRede":0.823646665,"ConsMesRede":0.823646665,"Status":"REDE"}