{"CorrPlaca":5,"TensPlaca":25,"CorrRede":2.440000057,"TensRede":7.422999859,"ConsDiaPlaca":763.8890381,"ConsMesPlaca":763.8890381,"ConsDiaRede":39.18860626,"ConsMesRede":39.18860626,"Status":"REDE"}