{"CorrPlaca":0,"TensPlaca":18.06999969,"CorrRede":1.190999985,"TensRede":0,"ConsDiaPlaca":1683.928223,"ConsMesPlaca":1683.928223,"ConsDiaRede":674.814209,"ConsMesRede":674.814209,"Status":"REDE"}