{"CorrPlaca":5,"TensPlaca":18.06999969,"CorrRede":2.809999943,"TensRede":0,"ConsDiaPlaca":3317.769043,"ConsMesPlaca":3317.769043,"ConsDiaRede":382.4435425,"ConsMesRede":382.4435425,"Status":"REDE"}