{"Corrente":14.44799995,"Tensao":0,"Consumo":1.197687745,"Status":"REDE"}