{"CorrPlaca":0.136000007,"TensPlaca":18.125,"CorrRede":1.38499999,"TensRede":0.488000005,"ConsDiaPlaca":1275.095093,"ConsMesPlaca":1275.095093,"ConsDiaRede":515.62677,"ConsMesRede":515.62677,"Status":"REDE"}