{"CorrPlaca":0,"TensPlaca":6.550000191,"CorrRede":0.797999978,"TensRede":0.360000014,"ConsDiaPlaca":1.533571362,"ConsMesPlaca":1.533571362,"ConsDiaRede":8.835238457,"ConsMesRede":8.835238457,"Status":"REDE"}