{"CorrPlaca":0,"TensPlaca":6.647999763,"CorrRede":0.773999989,"TensRede":0.244000003,"ConsDiaPlaca":1.533571362,"ConsMesPlaca":1.533571362,"ConsDiaRede":15.74742603,"ConsMesRede":15.74742603,"Status":"REDE"}